segment_id,segment_name,year,methodology,projection_method,projection_label,occcd,soctitle,employment,employment_auto,employment_raw,share,share_2024,share_2034,ep_entry_education,ep_work_experience,ep_on_the_job_training,ep_edu_grouped,ep_avg_annual_salary,empl_2021,ep_openings_annual_avg,openings,employment_auto_2024,employment_raw_2024,employment_auto_change,employment_raw_change,employment_auto_pct_change,employment_raw_pct_change
0,0. All Segments,2030,sam_mi_bls_us,bls_us,BLS US,00-0000,All Occupations,446217.69277522794,446217.69277522794,707110.5736127261,0.5000000000000001,0.5,0.040364187734512835,High school diploma or equivalent,Less than 5 years,Moderate-term on-the-job training,HS or less,57129.20172286925,684650.0,66882.7,0.0,458122.05726159737,717160.0,-11904.36448636942,-10049.42638727394,-0.025985137143422408,-0.014012809397169305
0,0. All Segments,2030,sam_mi_bls_us,bls_us,BLS US,11-0000,Management Occupations,28025.950008075783,28025.950008075783,52814.572891789394,0.03140389821139749,0.030925955373994448,0.012198444851464181,Bachelor's degree,5 years or more,Moderate-term on-the-job training,BA+,124875.16334942314,48080.0,7123.1,0.0,28335.72459742938,52655.435701255934,-309.77458935359755,159.13719053345994,-0.010932298141466986,0.003022236705747441
0,0. All Segments,2030,sam_mi_bls_us,bls_us,BLS US,13-0000,Business and Financial Operations Occupations,17630.574823521903,17630.574823521903,37006.351767793385,0.019755575707755397,0.019161687844214834,0.0050853815797312855,Bachelor's degree,Less than 5 years,Moderate-term on-the-job training,BA+,81260.5056967132,31580.0,6576.299999999999,0.0,17556.783711592485,36480.281097033454,73.79111192941855,526.0706707599311,0.004202997151505339,0.014420685777081655
0,0. All Segments,2030,sam_mi_bls_us,bls_us,BLS US,15-0000,Computer and Mathematical Occupations,4843.010205639642,4843.010205639642,18338.14245564322,0.00542673484719845,0.005340537590381067,0.0032987461210334987,Bachelor's degree,Less than 5 years,Moderate-term on-the-job training,BA+,110039.07236292286,12510.0,2050.0,0.0,4893.236135576537,17614.85524396554,-50.22592993689523,723.2872116776816,-0.010264358503307229,0.04106120667244562
0,0. All Segments,2030,sam_mi_bls_us,bls_us,BLS US,17-0000,Architecture and Engineering Occupations,22834.20922443469,22834.20922443469,82827.05335360572,0.025586400532908622,0.025043440639291422,0.01386395131046371,Bachelor's degree,Unreported,Internship/residency,BA+,97089.46361524271,80230.0,805.7,0.0,22945.90509316176,81353.7654291361,-111.69586872707077,1473.2879244696232,-0.004867790931479007,0.018109646390651008
0,0. All Segments,2030,sam_mi_bls_us,bls_us,BLS US,19-0000,"Life, Physical, and Social Science Occupations",953.6503774584612,953.6503774584612,7386.924428477079,0.0010685931921785555,0.0010380743086603201,0.0008554948314758386,Bachelor's degree,Unreported,Moderate-term on-the-job training,BA+,79793.86900401452,6660.0,254.1,0.0,951.1294757477525,7179.916772351964,2.5209017107086993,207.00765612511532,0.0026504295944848456,0.028831484081020164
0,0. All Segments,2030,sam_mi_bls_us,bls_us,BLS US,23-0000,Legal Occupations,167.209918114047,167.209918114047,416.8873590362475,0.00018736361289720897,0.00018200903810614293,0.00019366188359585499,Associate's degree,Unreported,Unreported,SC or associate's,104252.67701814497,270.0,143.20000000000002,0.0,166.76470995478132,411.45431179204576,0.4452081592656896,5.433047244201759,0.002669678491249191,0.01320449704497857
0,0. All Segments,2030,sam_mi_bls_us,bls_us,BLS US,27-0000,"Arts, Design, Entertainment, Sports, and Media Occupations",450.4618437197341,450.4618437197341,3798.32462545447,0.0005047556954970902,0.00048692043630273543,0.00034561817206361445,Bachelor's degree,Less than 5 years,Moderate-term on-the-job training,BA+,70806.34432039707,4460.0,188.79999999999998,0.0,446.13798400344746,3735.368271235882,4.32385971628662,62.95635421858833,0.009691754280785937,0.016854122444467472
0,0. All Segments,2030,sam_mi_bls_us,bls_us,BLS US,29-0000,Healthcare Practitioners and Technical Occupations,92.24872827106199,92.24872827106199,954.7512137967624,0.00010336740313604084,0.00010163281858220261,0.00018180864000169646,Bachelor's degree,Unreported,Unreported,BA+,91314.19425910356,430.0,415.0,0.0,93.12047186834673,930.7118012344204,-0.871743597284734,24.039412562342022,-0.009361460265334576,0.025829061725077627
0,0. All Segments,2030,sam_mi_bls_us,bls_us,BLS US,33-0000,Protective Service Occupations,128.10110554643322,128.10110554643322,238.43067304941897,0.00014354104243347572,0.0001612574478443295,0.00026195665930182487,High school diploma or equivalent,Unreported,Short-term on-the-job training,HS or less,38370.0,140.0,483.0,0.0,147.75118751039795,259.59042304223874,-19.650081963964737,-21.15974999281977,-0.13299440969015472,-0.08151205943902176
0,0. All Segments,2030,sam_mi_bls_us,bls_us,BLS US,35-0000,Food Preparation and Serving Related Occupations,1722.519016035628,1722.519016035628,1722.519016035628,0.0019301330313938364,0.0020453764406418995,0.0023625143432593476,No formal educational credential,Less than 5 years,Short-term on-the-job training,HS or less,31888.094900609638,2090.0,1236.1999999999998,0.0,1874.064125722541,1874.064125722541,-151.54510968691284,-151.54510968691284,-0.08086442059632563,-0.08086442059632563
0,0. All Segments,2030,sam_mi_bls_us,bls_us,BLS US,37-0000,Building and Grounds Cleaning and Maintenance Occupations,1355.5304681202163,1355.5304681202163,2416.6212001309523,0.0015189116098126509,0.0015194385951141838,0.002761857564945044,No formal educational credential,Unreported,Short-term on-the-job training,HS or less,36031.94397938066,2490.0,3829.4,0.0,1392.1766701527622,2441.569612912939,-36.64620203254594,-24.948412781986917,-0.0263229537013609,-0.010218186141423165
0,0. All Segments,2030,sam_mi_bls_us,bls_us,BLS US,41-0000,Sales and Related Occupations,58548.664776582664,58548.664776582664,65958.47768905584,0.06560549449803556,0.06565967988004998,0.02490164523788667,No formal educational credential,Less than 5 years,Short-term on-the-job training,HS or less,43071.07447440259,62520.0,6089.999999999999,0.0,60160.29525157281,67610.77531390781,-1611.6304749901465,-1652.2976248519699,-0.026788938921439426,-0.024438377125252188
0,0. All Segments,2030,sam_mi_bls_us,bls_us,BLS US,43-0000,Office and Administrative Support Occupations,30655.055534587358,30655.055534587358,47906.5202374276,0.034349887992932135,0.035360689492712656,0.009175677759163328,High school diploma or equivalent,Less than 5 years,Short-term on-the-job training,HS or less,47186.583416826594,51090.0,13969.899999999998,0.0,32399.023633180142,50414.66539336824,-1743.9680985927844,-2508.1451559406414,-0.05382779797125647,-0.049750308493975916
0,0. All Segments,2030,sam_mi_bls_us,bls_us,BLS US,47-0000,Construction and Extraction Occupations,5070.683238466826,5070.683238466826,7227.134769987977,0.005681849151845565,0.0056620058402857155,0.005837126399973526,High school diploma or equivalent,Less than 5 years,Apprenticeship,HS or less,61997.27596571233,6440.0,1579.5,0.0,5187.779527557743,7343.14190380297,-117.0962890909168,-116.00713381499281,-0.022571562355126213,-0.015798024242853512
0,0. All Segments,2030,sam_mi_bls_us,bls_us,BLS US,49-0000,"Installation, Maintenance, and Repair Occupations",53836.62168978929,53836.62168978929,61784.3396727205,0.060325512145154095,0.05755340664173174,0.022453553024043636,High school diploma or equivalent,Less than 5 years,Short-term on-the-job training,HS or less,55413.78355166131,55630.0,3288.9,0.0,52732.97010624685,60302.07820681902,1103.6515835424361,1482.261465901487,0.020929061672778703,0.02458060335528986
0,0. All Segments,2030,sam_mi_bls_us,bls_us,BLS US,51-0000,Production Occupations,140496.21276240182,140496.21276240182,228073.21653549312,0.1574301232752481,0.16326994109858609,0.0794276517234918,High school diploma or equivalent,Less than 5 years,Moderate-term on-the-job training,HS or less,46681.34577830846,235530.0,5083.8,0.0,149595.12261012816,238519.21322846191,-9098.909847726347,-10445.996692968794,-0.060823572914470915,-0.04379520019195795
0,0. All Segments,2030,sam_mi_bls_us,bls_us,BLS US,53-0000,Transportation and Material Moving Occupations,79406.98905446225,79406.98905446225,88240.30572322887,0.08897785805017568,0.08648794651350025,0.035605342840295366,No formal educational credential,Less than 5 years,Short-term on-the-job training,HS or less,47133.879136208794,84500.0,13765.8,0.0,79244.07197019146,88033.11316395696,162.91708427078265,207.19255927190534,0.002055889863055822,0.002353575283496112
0,0. All Segments,2030,sam_mi_dtmb_mi,dtmb_mi,DTMB MI,00-0000,All Occupations,451618.99798189435,451618.99798189435,711875.7336765593,0.5,0.5,0.041440396844127744,High school diploma or equivalent,Less than 5 years,Moderate-term on-the-job training,HS or less,57159.82538755885,684650.0,66882.7,0.0,458122.05726159737,717160.0,-6503.059279703011,-5284.266323440708,-0.0141950364026887,-0.007368322722182927
0,0. All Segments,2030,sam_mi_dtmb_mi,dtmb_mi,DTMB MI,11-0000,Management Occupations,28256.84588313226,28256.84588313226,53016.33425029034,0.03128394289146478,0.030925955373994448,0.012013555219621918,Bachelor's degree,5 years or more,Moderate-term on-the-job training,BA+,125015.26583451634,48080.0,7123.1,0.0,28335.72459742938,52655.435701255934,-78.87871429711959,360.89854903440573,-0.002783719683112514,0.006853965677579563
0,0. All Segments,2030,sam_mi_dtmb_mi,dtmb_mi,DTMB MI,13-0000,Business and Financial Operations Occupations,17812.627802052524,17812.627802052524,37170.19346398208,0.019720857494536403,0.019161687844214834,0.005060232467862771,Bachelor's degree,Less than 5 years,Moderate-term on-the-job training,BA+,81286.49535015975,31580.0,6576.299999999999,0.0,17556.783711592485,36480.281097033454,255.8440904600393,689.9123669486289,0.014572378099703376,0.018911925736359855
0,0. All Segments,2030,sam_mi_dtmb_mi,dtmb_mi,DTMB MI,15-0000,Computer and Mathematical Occupations,4932.388439941106,4932.388439941106,18443.96575640884,0.005460784933740596,0.005340537590381067,0.00334779140140633,Bachelor's degree,Less than 5 years,Moderate-term on-the-job training,BA+,110243.00103766813,12510.0,2050.0,0.0,4893.236135576537,17614.85524396554,39.15230436456932,829.1105124433016,0.008001311050556171,0.047068823499264154
0,0. All Segments,2030,sam_mi_dtmb_mi,dtmb_mi,DTMB MI,17-0000,Architecture and Engineering Occupations,23350.968660748404,23350.968660748404,83403.60023560122,0.02585250926676534,0.025043440639291422,0.014131183163489573,Bachelor's degree,Unreported,Internship/residency,BA+,97062.65373739769,80230.0,805.7,0.0,22945.90509316176,81353.7654291361,405.06356758664333,2049.834806465122,0.017652978426523636,0.02519655722943332
0,0. All Segments,2030,sam_mi_dtmb_mi,dtmb_mi,DTMB MI,19-0000,"Life, Physical, and Social Science Occupations",961.8942844757262,961.8942844757262,7394.789851444114,0.001064940014452502,0.0010380743086603201,0.0008615134578797547,Bachelor's degree,Unreported,Moderate-term on-the-job training,BA+,79839.59822594258,6660.0,254.1,0.0,951.1294757477525,7179.916772351964,10.764808727973673,214.87307909214996,0.011317921484360127,0.029926959588107153
0,0. All Segments,2030,sam_mi_dtmb_mi,dtmb_mi,DTMB MI,23-0000,Legal Occupations,167.70168022162625,167.70168022162625,418.0593543331575,0.00018566721171055508,0.00018200903810614293,0.0001899880590044338,Associate's degree,Unreported,Unreported,SC or associate's,104946.98260197892,270.0,143.20000000000002,0.0,166.76470995478132,411.45431179204576,0.9369702668449236,6.605042541111743,0.005618516454104621,0.01605291851808328
0,0. All Segments,2030,sam_mi_dtmb_mi,dtmb_mi,DTMB MI,27-0000,"Arts, Design, Entertainment, Sports, and Media Occupations",456.32130947413026,456.32130947413026,3811.2821872722498,0.0005052060603221396,0.00048692043630273543,0.0003501270191900829,Bachelor's degree,Less than 5 years,Moderate-term on-the-job training,BA+,70961.21343184171,4460.0,188.79999999999998,0.0,446.13798400344746,3735.368271235882,10.183325470682803,75.91391603636794,0.022825506537914764,0.02032300713719215
0,0. All Segments,2030,sam_mi_dtmb_mi,dtmb_mi,DTMB MI,29-0000,Healthcare Practitioners and Technical Occupations,96.65683261201559,96.65683261201559,961.5091612567733,0.00010701147764369582,0.00010163281858220261,0.00019390591333448822,Bachelor's degree,Unreported,Unreported,BA+,91372.13914150943,430.0,415.0,0.0,93.12047186834673,930.7118012344204,3.5363607436688653,30.797360022352905,0.03797619011927426,0.03309011444950606
0,0. All Segments,2030,sam_mi_dtmb_mi,dtmb_mi,DTMB MI,33-0000,Protective Service Occupations,132.81050323296847,132.81050323296847,242.13878851550433,0.00014703821564908227,0.0001612574478443295,0.00027283263225462423,High school diploma or equivalent,Unreported,Short-term on-the-job training,HS or less,38370.0,140.0,483.0,0.0,147.75118751039795,259.59042304223874,-14.940684277429483,-17.45163452673441,-0.10112056985246251,-0.06722757458542607
0,0. All Segments,2030,sam_mi_dtmb_mi,dtmb_mi,DTMB MI,35-0000,Food Preparation and Serving Related Occupations,1706.821312377589,1706.821312377589,1706.821312377589,0.001889669522323789,0.0020453764406418995,0.0022775390129199827,No formal educational credential,Less than 5 years,Short-term on-the-job training,HS or less,31888.094900609638,2090.0,1236.1999999999998,0.0,1874.064125722541,1874.064125722541,-167.24281334495186,-167.24281334495186,-0.08924071009601754,-0.08924071009601754
0,0. All Segments,2030,sam_mi_dtmb_mi,dtmb_mi,DTMB MI,37-0000,Building and Grounds Cleaning and Maintenance Occupations,1366.3977320612576,1366.3977320612576,2423.6578109342945,0.001512777073337421,0.0015194385951141838,0.0027451598340095906,No formal educational credential,Unreported,Short-term on-the-job training,HS or less,36030.2590595924,2490.0,3829.4,0.0,1392.1766701527622,2441.569612912939,-25.778938091504642,-17.91180197864469,-0.018517001932431422,-0.007336183201131355
0,0. All Segments,2030,sam_mi_dtmb_mi,dtmb_mi,DTMB MI,41-0000,Sales and Related Occupations,57997.879440227254,57997.879440227254,65393.75059122179,0.06421107138915402,0.06565967988004998,0.023992830177180305,No formal educational credential,Less than 5 years,Short-term on-the-job training,HS or less,43111.99440388738,62520.0,6089.999999999999,0.0,60160.29525157281,67610.77531390781,-2162.415811345556,-2217.024722686023,-0.03594423535162126,-0.03279099688463374
0,0. All Segments,2030,sam_mi_dtmb_mi,dtmb_mi,DTMB MI,43-0000,Office and Administrative Support Occupations,30675.432527606852,30675.432527606852,47870.821983039044,0.03396162768249692,0.035360689492712656,0.008982695591344396,High school diploma or equivalent,Less than 5 years,Short-term on-the-job training,HS or less,47211.93398124558,51090.0,13969.899999999998,0.0,32399.023633180142,50414.66539336824,-1723.5911055732904,-2543.8434103291947,-0.05319885948069573,-0.05045840115134083
0,0. All Segments,2030,sam_mi_dtmb_mi,dtmb_mi,DTMB MI,47-0000,Construction and Extraction Occupations,5272.17380421656,5272.17380421656,7428.6546287771935,0.005836970795931756,0.0056620058402857155,0.006164482580096966,High school diploma or equivalent,Less than 5 years,Apprenticeship,HS or less,62012.34433808146,6440.0,1579.5,0.0,5187.779527557743,7343.14190380297,84.39427665881703,85.5127249742236,0.016267899630373735,0.011645250234090814
0,0. All Segments,2030,sam_mi_dtmb_mi,dtmb_mi,DTMB MI,49-0000,"Installation, Maintenance, and Repair Occupations",53716.39898879368,53716.39898879368,61620.940752975126,0.05947092486014859,0.05755340664173174,0.02173338112166583,High school diploma or equivalent,Less than 5 years,Short-term on-the-job training,HS or less,55489.38115264709,55630.0,3288.9,0.0,52732.97010624685,60302.07820681902,983.4288825468248,1318.8625461561096,0.018649222309409155,0.021870930246098406
0,0. All Segments,2030,sam_mi_dtmb_mi,dtmb_mi,DTMB MI,51-0000,Production Occupations,145240.29344140785,145240.29344140785,232337.85983840507,0.16079958337717074,0.16326994109858609,0.0836497026960382,High school diploma or equivalent,Less than 5 years,Moderate-term on-the-job training,HS or less,46649.42944470989,235530.0,5083.8,0.0,149595.12261012816,238519.21322846191,-4354.829168720316,-6181.353390056844,-0.02911076974126881,-0.02591553655736794
0,0. All Segments,2030,sam_mi_dtmb_mi,dtmb_mi,DTMB MI,53-0000,Transportation and Material Moving Occupations,79475.38533931258,79475.38533931258,88231.353709725,0.08798941773315168,0.08648794651350025,0.0350768964630013,No formal educational credential,Less than 5 years,Short-term on-the-job training,HS or less,47155.60209445087,84500.0,13765.8,0.0,79244.07197019146,88033.11316395696,231.31336912111146,198.24054576802882,0.0029189990288248004,0.002251886121519029
0,0. All Segments,2030,sam_mi_moodys_mi,moodys_mi,Moody's MI,00-0000,All Occupations,454869.81111707515,454869.81111707515,711110.7116764502,0.5,0.5,0.04201464681567019,High school diploma or equivalent,Less than 5 years,Moderate-term on-the-job training,HS or less,57103.19403313185,684650.0,66882.7,0.0,458122.05726159737,717160.0,-3252.2461445222143,-6049.288323549787,-0.007099082205214828,-0.008435060967635934
0,0. All Segments,2030,sam_mi_moodys_mi,moodys_mi,Moody's MI,11-0000,Management Occupations,28467.79011020836,28467.79011020836,52957.65285827279,0.0312922394655042,0.030925955373994448,0.01204728630416593,Bachelor's degree,5 years or more,Moderate-term on-the-job training,BA+,125107.90353293858,48080.0,7123.1,0.0,28335.72459742938,52655.435701255934,132.0655127789796,302.2171570168575,0.004660742389872063,0.005739524381328955
0,0. All Segments,2030,sam_mi_moodys_mi,moodys_mi,Moody's MI,13-0000,Business and Financial Operations Occupations,17838.12938690977,17838.12938690977,37011.5164419125,0.01960795039695277,0.019161687844214834,0.00499840924043452,Bachelor's degree,Less than 5 years,Moderate-term on-the-job training,BA+,81315.33566994357,31580.0,6576.299999999999,0.0,17556.783711592485,36480.281097033454,281.3456753172868,531.2353448790454,0.01602489840616527,0.014562260182864793
0,0. All Segments,2030,sam_mi_moodys_mi,moodys_mi,Moody's MI,15-0000,Computer and Mathematical Occupations,5008.104506377352,5008.104506377352,18510.273391251987,0.0055049866840782245,0.005340537590381067,0.0034063760111880358,Bachelor's degree,Less than 5 years,Moderate-term on-the-job training,BA+,110362.761584238,12510.0,2050.0,0.0,4893.236135576537,17614.85524396554,114.86837080081477,895.4181472864475,0.023474928987313345,0.05083312550031872
0,0. All Segments,2030,sam_mi_moodys_mi,moodys_mi,Moody's MI,17-0000,Architecture and Engineering Occupations,23764.89187038075,23764.89187038075,83633.88690446844,0.026122740275968878,0.025043440639291422,0.014441254869361753,Bachelor's degree,Unreported,Internship/residency,BA+,97067.09999102513,80230.0,805.7,0.0,22945.90509316176,81353.7654291361,818.98677721899,2280.121475332344,0.03569206679334959,0.028027239591245024
0,0. All Segments,2030,sam_mi_moodys_mi,moodys_mi,Moody's MI,19-0000,"Life, Physical, and Social Science Occupations",937.6317034920496,937.6317034920496,7359.191962739148,0.0010306594113043044,0.0010380743086603201,0.0008180106894767477,Bachelor's degree,Unreported,Moderate-term on-the-job training,BA+,79825.70071767559,6660.0,254.1,0.0,951.1294757477525,7179.916772351964,-13.497772255702898,179.275190387184,-0.014191308964629985,0.024968978899243963
0,0. All Segments,2030,sam_mi_moodys_mi,moodys_mi,Moody's MI,23-0000,Legal Occupations,172.32284723412715,172.32284723412715,423.6600780492562,0.00018941996481469553,0.00018200903810614293,0.00019635044972681626,Associate's degree,Unreported,Unreported,SC or associate's,104983.22851970726,270.0,143.20000000000002,0.0,166.76470995478132,411.45431179204576,5.558137279345829,12.205766257210428,0.033329217439666534,0.02966493704744399
0,0. All Segments,2030,sam_mi_moodys_mi,moodys_mi,Moody's MI,27-0000,"Arts, Design, Entertainment, Sports, and Media Occupations",464.4240767895218,464.4240767895218,3824.1599023716794,0.0005105021980344037,0.00048692043630273543,0.0003583640054610864,Bachelor's degree,Less than 5 years,Moderate-term on-the-job training,BA+,70904.84841660359,4460.0,188.79999999999998,0.0,446.13798400344746,3735.368271235882,18.286092786074335,88.79163113579762,0.04098752727123327,0.023770515967471144
0,0. All Segments,2030,sam_mi_moodys_mi,moodys_mi,Moody's MI,29-0000,Healthcare Practitioners and Technical Occupations,99.44582751530389,99.44582751530389,967.682002487731,0.0001093124066324423,0.00010163281858220261,0.00020417944647226603,Bachelor's degree,Unreported,Unreported,BA+,91496.65237576842,430.0,415.0,0.0,93.12047186834673,930.7118012344204,6.3253556469571635,36.97020125331062,0.06792658499303914,0.03972250185747764
0,0. All Segments,2030,sam_mi_moodys_mi,moodys_mi,Moody's MI,33-0000,Protective Service Occupations,135.4487376141188,135.4487376141188,242.93411007895497,0.00014888736766403783,0.0001612574478443295,0.00028006874966647583,High school diploma or equivalent,Unreported,Short-term on-the-job training,HS or less,38370.0,140.0,483.0,0.0,147.75118751039795,259.59042304223874,-12.302449896279143,-16.656312963283767,-0.08326464310422792,-0.06416381917361245
0,0. All Segments,2030,sam_mi_moodys_mi,moodys_mi,Moody's MI,35-0000,Food Preparation and Serving Related Occupations,1749.7738165668075,1749.7738165668075,1749.7738165668075,0.0019233787050735357,0.0020453764406418995,0.0023372341155799884,No formal educational credential,Less than 5 years,Short-term on-the-job training,HS or less,31888.094900609638,2090.0,1236.1999999999998,0.0,1874.064125722541,1874.064125722541,-124.29030915573344,-124.29030915573344,-0.06632126801307485,-0.06632126801307485
0,0. All Segments,2030,sam_mi_moodys_mi,moodys_mi,Moody's MI,37-0000,Building and Grounds Cleaning and Maintenance Occupations,1376.1625993086482,1376.1625993086482,2410.9193980110194,0.0015126994204441159,0.0015194385951141838,0.002739183263656582,No formal educational credential,Unreported,Short-term on-the-job training,HS or less,36031.967328629915,2490.0,3829.4,0.0,1392.1766701527622,2441.569612912939,-16.01407084411403,-30.650214901919753,-0.01150290131090677,-0.012553488026643732
0,0. All Segments,2030,sam_mi_moodys_mi,moodys_mi,Moody's MI,41-0000,Sales and Related Occupations,59370.10361033322,59370.10361033322,66661.83153130737,0.06526054506071897,0.06565967988004998,0.024607763105271695,No formal educational credential,Less than 5 years,Short-term on-the-job training,HS or less,43044.775544496915,62520.0,6089.999999999999,0.0,60160.29525157281,67610.77531390781,-790.1916412395876,-948.9437826004432,-0.01313476999963575,-0.014035392704707553
0,0. All Segments,2030,sam_mi_moodys_mi,moodys_mi,Moody's MI,43-0000,Office and Administrative Support Occupations,30668.85416204322,30668.85416204322,47555.285579697644,0.0337116834449029,0.035360689492712656,0.008885344666826285,High school diploma or equivalent,Less than 5 years,Short-term on-the-job training,HS or less,47195.376027738675,51090.0,13969.899999999998,0.0,32399.023633180142,50414.66539336824,-1730.1694711369237,-2859.3798136705955,-0.053401901573510414,-0.05671722288266403
0,0. All Segments,2030,sam_mi_moodys_mi,moodys_mi,Moody's MI,47-0000,Construction and Extraction Occupations,5388.2806430879045,5388.2806430879045,7525.568993180265,0.005922882230692882,0.0056620058402857155,0.006432135733478342,High school diploma or equivalent,Less than 5 years,Apprenticeship,HS or less,62052.71259851692,6440.0,1579.5,0.0,5187.779527557743,7343.14190380297,200.50111553016177,182.4270893772955,0.038648734871073426,0.024843192705130426
0,0. All Segments,2030,sam_mi_moodys_mi,moodys_mi,Moody's MI,49-0000,"Installation, Maintenance, and Repair Occupations",54717.74167153195,54717.74167153195,62412.38581107914,0.06014659616248813,0.05755340664173174,0.022272065974481066,High school diploma or equivalent,Less than 5 years,Short-term on-the-job training,HS or less,55445.55069542411,55630.0,3288.9,0.0,52732.97010624685,60302.07820681902,1984.7715652850966,2110.307604260124,0.037638152398512,0.03499560325304823
0,0. All Segments,2030,sam_mi_moodys_mi,moodys_mi,Moody's MI,51-0000,Production Occupations,147532.3854034666,147532.3854034666,232188.36375064764,0.16216990202224527,0.16326994109858609,0.08714218736272103,High school diploma or equivalent,Less than 5 years,Moderate-term on-the-job training,HS or less,46609.92465749661,235530.0,5083.8,0.0,149595.12261012816,238519.21322846191,-2062.737206661579,-6330.849477814278,-0.013788799866406364,-0.026542304043869088
0,0. All Segments,2030,sam_mi_moodys_mi,moodys_mi,Moody's MI,53-0000,Transportation and Material Moving Occupations,77178.32014421548,77178.32014421548,85675.62514432793,0.08483561478248025,0.08648794651350025,0.030908024348779473,No formal educational credential,Less than 5 years,Short-term on-the-job training,HS or less,46771.27865443296,84500.0,13765.8,0.0,79244.07197019146,88033.11316395696,-2065.751825975982,-2357.4880196290324,-0.02606821904297191,-0.026779559814479548
0,0. All Segments,2030,sam_mi_moodys_mi_detail,moodys_mi_detail,Moody's MI (detail),00-0000,All Occupations,458634.79507815477,458634.79507815477,718900.4815054857,0.5,0.5,0.04228699871457732,High school diploma or equivalent,Less than 5 years,Moderate-term on-the-job training,HS or less,57131.31705880688,684650.0,66882.7,0.0,458122.05726159737,717160.0,512.7378165574046,1740.4815054857172,0.0011192166114468933,0.0024269082289666423
0,0. All Segments,2030,sam_mi_moodys_mi_detail,moodys_mi_detail,Moody's MI (detail),11-0000,Management Occupations,28646.65486576431,28646.65486576431,53536.52466742366,0.03123035492856872,0.030925955373994448,0.01200942505303073,Bachelor's degree,5 years or more,Moderate-term on-the-job training,BA+,125239.07765852593,48080.0,7123.1,0.0,28335.72459742938,52655.435701255934,310.9302683349306,881.0889661677284,0.01097308336922283,0.016733105603126037
0,0. All Segments,2030,sam_mi_moodys_mi_detail,moodys_mi_detail,Moody's MI (detail),13-0000,Business and Financial Operations Occupations,17966.15139245693,17966.15139245693,37456.7972833494,0.019586555125407967,0.019161687844214834,0.004988164980981555,Bachelor's degree,Less than 5 years,Moderate-term on-the-job training,BA+,81337.05174509587,31580.0,6576.299999999999,0.0,17556.783711592485,36480.281097033454,409.367680864445,976.5161863159447,0.023316780999822054,0.026768329545447337
0,0. All Segments,2030,sam_mi_moodys_mi_detail,moodys_mi_detail,Moody's MI (detail),15-0000,Computer and Mathematical Occupations,5081.387138157875,5081.387138157875,18824.057587361818,0.0055396877784773925,0.005340537590381067,0.003428379789378008,Bachelor's degree,Less than 5 years,Moderate-term on-the-job training,BA+,110501.79783441784,12510.0,2050.0,0.0,4893.236135576537,17614.85524396554,188.1510025813377,1209.2023433962786,0.03845124113536555,0.06864673746385311
0,0. All Segments,2030,sam_mi_moodys_mi_detail,moodys_mi_detail,Moody's MI (detail),17-0000,Architecture and Engineering Occupations,24214.420082657743,24214.420082657743,85135.1427369521,0.02639836787626572,0.025043440639291422,0.014573573203139626,Bachelor's degree,Unreported,Internship/residency,BA+,97049.47197624846,80230.0,805.7,0.0,22945.90509316176,81353.7654291361,1268.5149894959832,3781.377307816001,0.055282848261846096,0.046480667340589206
0,0. All Segments,2030,sam_mi_moodys_mi_detail,moodys_mi_detail,Moody's MI (detail),19-0000,"Life, Physical, and Social Science Occupations",949.0064514804636,949.0064514804636,7485.618187880531,0.0010345992733921832,0.0010380743086603201,0.0008177654520015625,Bachelor's degree,Unreported,Moderate-term on-the-job training,BA+,79801.59603030942,6660.0,254.1,0.0,951.1294757477525,7179.916772351964,-2.1230242672888835,305.70141552856694,-0.0022321085839757185,0.042577292358839794
0,0. All Segments,2030,sam_mi_moodys_mi_detail,moodys_mi_detail,Moody's MI (detail),23-0000,Legal Occupations,172.71624593401103,172.71624593401103,428.73879066436615,0.00018829387541843495,0.00018200903810614293,0.00019567613914372352,Associate's degree,Unreported,Unreported,SC or associate's,105456.85458169218,270.0,143.20000000000002,0.0,166.76470995478132,411.45431179204576,5.951535979229703,17.284478872320392,0.035688221931627365,0.042008257969249785
0,0. All Segments,2030,sam_mi_moodys_mi_detail,moodys_mi_detail,Moody's MI (detail),27-0000,"Arts, Design, Entertainment, Sports, and Media Occupations",470.3799428380971,470.3799428380971,3891.832547287571,0.0005128044665232398,0.00048692043630273543,0.00036161769725574967,Bachelor's degree,Less than 5 years,Moderate-term on-the-job training,BA+,71039.56212869595,4460.0,188.79999999999998,0.0,446.13798400344746,3735.368271235882,24.241958834649665,156.464276051689,0.05433735683546358,0.041887242352123245
0,0. All Segments,2030,sam_mi_moodys_mi_detail,moodys_mi_detail,Moody's MI (detail),29-0000,Healthcare Practitioners and Technical Occupations,102.59904464736178,102.59904464736178,987.0204820224494,0.0001118526611460848,0.00010163281858220261,0.00020794060817620074,Bachelor's degree,Unreported,Unreported,BA+,91530.91698707784,430.0,415.0,0.0,93.12047186834673,930.7118012344204,9.478572779015053,56.30868078802905,0.10178828123224948,0.060500662732916675
0,0. All Segments,2030,sam_mi_moodys_mi_detail,moodys_mi_detail,Moody's MI (detail),33-0000,Protective Service Occupations,139.46340451337156,139.46340451337156,248.71193728340143,0.0001520418926017224,0.0001612574478443295,0.00028461633052688604,High school diploma or equivalent,Unreported,Short-term on-the-job training,HS or less,38370.0,140.0,483.0,0.0,147.75118751039795,259.59042304223874,-8.287782997026397,-10.878485758837314,-0.056092835101194345,-0.04190634473856242
0,0. All Segments,2030,sam_mi_moodys_mi_detail,moodys_mi_detail,Moody's MI (detail),35-0000,Food Preparation and Serving Related Occupations,1738.6869088931294,1738.6869088931294,1738.6869088931294,0.001895502617280536,0.0020453764406418995,0.0023114606798787947,No formal educational credential,Less than 5 years,Short-term on-the-job training,HS or less,31888.09490060964,2090.0,1236.1999999999998,0.0,1874.064125722541,1874.064125722541,-135.3772168294115,-135.3772168294115,-0.07223723829472332,-0.07223723829472332
0,0. All Segments,2030,sam_mi_moodys_mi_detail,moodys_mi_detail,Moody's MI (detail),37-0000,Building and Grounds Cleaning and Maintenance Occupations,1387.0586776757445,1387.0586776757445,2437.6954684843085,0.0015121603207617288,0.0015194385951141838,0.0027444682190830225,No formal educational credential,Unreported,Short-term on-the-job training,HS or less,36030.55781409221,2490.0,3829.4,0.0,1392.1766701527622,2441.569612912939,-5.117992477017651,-3.8741444286306432,-0.0036762521501355564,-0.001586743383494422
0,0. All Segments,2030,sam_mi_moodys_mi_detail,moodys_mi_detail,Moody's MI (detail),41-0000,Sales and Related Occupations,59003.767818358836,59003.767818358836,66411.3035293903,0.06432543763748251,0.06565967988004998,0.024366723571656434,No formal educational credential,Less than 5 years,Short-term on-the-job training,HS or less,43082.22153183669,62520.0,6089.999999999999,0.0,60160.29525157281,67610.77531390781,-1156.5274332139743,-1199.4717845175182,-0.019224098358854688,-0.017740837595021368
0,0. All Segments,2030,sam_mi_moodys_mi_detail,moodys_mi_detail,Moody's MI (detail),43-0000,Office and Administrative Support Occupations,30655.917982442006,30655.917982442006,47801.44147442091,0.03342083757210136,0.035360689492712656,0.008830533810728689,High school diploma or equivalent,Less than 5 years,Short-term on-the-job training,HS or less,47209.48256187818,51090.0,13969.899999999998,0.0,32399.023633180142,50414.66539336824,-1743.1056507381363,-2613.2239189473257,-0.053801178408135905,-0.0518345980987326
0,0. All Segments,2030,sam_mi_moodys_mi_detail,moodys_mi_detail,Moody's MI (detail),47-0000,Construction and Extraction Occupations,5530.90512145165,5530.90512145165,7704.3304789198555,0.0060297487028967605,0.0056620058402857155,0.006539629015514912,High school diploma or equivalent,5 years or more,Apprenticeship,HS or less,62068.819256694056,6440.0,1579.5,0.0,5187.779527557743,7343.14190380297,343.12559389390753,361.18857511688566,0.0661411287953174,0.04918719804799472
0,0. All Segments,2030,sam_mi_moodys_mi_detail,moodys_mi_detail,Moody's MI (detail),49-0000,"Installation, Maintenance, and Repair Occupations",54634.753081894596,54634.753081894596,62439.56280777944,0.059562372576403004,0.05755340664173174,0.022143270982815676,High school diploma or equivalent,Less than 5 years,Short-term on-the-job training,HS or less,55496.65226698504,55630.0,3288.9,0.0,52732.97010624685,60302.07820681902,1901.782975647744,2137.4846009604225,0.036064400920638735,0.03544628418326574
0,0. All Segments,2030,sam_mi_moodys_mi_detail,moodys_mi_detail,Moody's MI (detail),51-0000,Production Occupations,151398.35659008363,151398.35659008363,237215.992429528,0.1650532822790781,0.16326994109858609,0.08855358834555666,High school diploma or equivalent,Less than 5 years,Moderate-term on-the-job training,HS or less,46595.70302630735,235530.0,5083.8,0.0,149595.12261012816,238519.21322846191,1803.233979955461,-1303.2207989339076,0.012054096072737703,-0.005463797994695035
0,0. All Segments,2030,sam_mi_moodys_mi_detail,moodys_mi_detail,Moody's MI (detail),53-0000,Transportation and Material Moving Occupations,76542.57032890509,76542.57032890509,85157.02418784445,0.08344610041619462,0.08648794651350025,0.030078817741486456,No formal educational credential,Less than 5 years,Short-term on-the-job training,HS or less,46709.607464396446,84500.0,13765.8,0.0,79244.07197019146,88033.11316395696,-2701.501641286377,-2876.0889761125145,-0.0340908988410209,-0.03267053581026894
0,0. All Segments,2030,sam_mi_moodys_us,moodys_us,Moody's US,00-0000,All Occupations,464268.8169958743,464268.8169958743,725500.5587087382,0.5,0.5,0.04239365523581761,High school diploma or equivalent,Less than 5 years,Moderate-term on-the-job training,HS or less,57104.51918975025,684650.0,66882.7,0.0,458122.05726159737,717160.0,6146.759734276915,8340.558708738186,0.0134172970649326,0.011629983140077788
0,0. All Segments,2030,sam_mi_moodys_us,moodys_us,Moody's US,11-0000,Management Occupations,29028.86825619061,29028.86825619061,54059.03962104789,0.03126299591261217,0.030925955373994448,0.011995097588396095,Bachelor's degree,5 years or more,Moderate-term on-the-job training,BA+,125187.88910187854,48080.0,7123.1,0.0,28335.72459742938,52655.435701255934,693.1436587612297,1403.6039197919526,0.02446182932001364,0.026656391711491888
0,0. All Segments,2030,sam_mi_moodys_us,moodys_us,Moody's US,13-0000,Business and Financial Operations Occupations,18177.383170396635,18177.383170396635,37782.01451152687,0.019576355879354877,0.019161687844214834,0.004982460519089286,Bachelor's degree,Less than 5 years,Moderate-term on-the-job training,BA+,81328.59432933353,31580.0,6576.299999999999,0.0,17556.783711592485,36480.281097033454,620.5994588041503,1301.7334144934139,0.035348129190335566,0.035683206799611795
0,0. All Segments,2030,sam_mi_moodys_us,moodys_us,Moody's US,15-0000,Computer and Mathematical Occupations,5130.492430154553,5130.492430154553,19040.002011041448,0.005525346784382619,0.005340537590381067,0.003431459440130025,Bachelor's degree,Less than 5 years,Moderate-term on-the-job training,BA+,110430.36827401633,12510.0,2050.0,0.0,4893.236135576537,17614.85524396554,237.25629457801642,1425.1467670759084,0.04848658188658253,0.08090595961974381
0,0. All Segments,2030,sam_mi_moodys_us,moodys_us,Moody's US,17-0000,Architecture and Engineering Occupations,24397.806191216572,24397.806191216572,85916.09887298226,0.026275516789051743,0.025043440639291422,0.01460024324340051,Bachelor's degree,Unreported,Internship/residency,BA+,97055.97939961468,80230.0,805.7,0.0,22945.90509316176,81353.7654291361,1451.9010980548119,4562.333443846161,0.06327495438336408,0.05608017551222286
0,0. All Segments,2030,sam_mi_moodys_us,moodys_us,Moody's US,19-0000,"Life, Physical, and Social Science Occupations",957.971319824549,957.971319824549,7586.158339104397,0.0010316989691696891,0.0010380743086603201,0.000817660687654264,Bachelor's degree,Unreported,Moderate-term on-the-job training,BA+,79807.56734589928,6660.0,254.1,0.0,951.1294757477525,7179.916772351964,6.841844076796519,406.24156675243285,0.00719338875647571,0.05658026125271618
0,0. All Segments,2030,sam_mi_moodys_us,moodys_us,Moody's US,23-0000,Legal Occupations,175.9329952343524,175.9329952343524,435.8195962995896,0.00018947319827848337,0.00018200903810614293,0.00019608936904133632,Associate's degree,Unreported,Unreported,SC or associate's,105263.4598392756,270.0,143.20000000000002,0.0,166.76470995478132,411.45431179204576,9.16828527957108,24.365284507543834,0.05497737070425202,0.05921747277704641
0,0. All Segments,2030,sam_mi_moodys_us,moodys_us,Moody's US,27-0000,"Arts, Design, Entertainment, Sports, and Media Occupations",475.4980776828761,475.4980776828761,3941.3939067389715,0.0005120934901030642,0.00048692043630273543,0.00036210764606407216,Bachelor's degree,Less than 5 years,Moderate-term on-the-job training,BA+,70944.48073331376,4460.0,188.79999999999998,0.0,446.13798400344746,3735.368271235882,29.360093679428644,206.0256355030897,0.06580944625239928,0.05515537439496539
0,0. All Segments,2030,sam_mi_moodys_us,moodys_us,Moody's US,29-0000,Healthcare Practitioners and Technical Occupations,102.94545618424759,102.94545618424759,1000.7151487350426,0.00011086837239077637,0.00010163281858220261,0.00020932229237912602,Bachelor's degree,Unreported,Unreported,BA+,91505.48342553416,430.0,415.0,0.0,93.12047186834673,930.7118012344204,9.824984315900863,70.00334750062223,0.10550831754580646,0.07521484890142736
0,0. All Segments,2030,sam_mi_moodys_us,moodys_us,Moody's US,33-0000,Protective Service Occupations,140.05419234514184,140.05419234514184,250.72961150496866,0.0001508330812000092,0.0001612574478443295,0.0002864158070207433,High school diploma or equivalent,Unreported,Short-term on-the-job training,HS or less,38370.0,140.0,483.0,0.0,147.75118751039795,259.59042304223874,-7.696995165256112,-8.86081153727008,-0.05209430323336276,-0.03413381523642847
0,0. All Segments,2030,sam_mi_moodys_us,moodys_us,Moody's US,35-0000,Food Preparation and Serving Related Occupations,1785.6712945170962,1785.6712945170962,1785.6712945170962,0.0019231006145012798,0.0020453764406418995,0.002336331991647404,No formal educational credential,Less than 5 years,Short-term on-the-job training,HS or less,31888.094900609638,2090.0,1236.1999999999998,0.0,1874.064125722541,1874.064125722541,-88.39283120544474,-88.39283120544474,-0.047166385606663856,-0.047166385606663856
0,0. All Segments,2030,sam_mi_moodys_us,moodys_us,Moody's US,37-0000,Building and Grounds Cleaning and Maintenance Occupations,1403.749747543914,1403.749747543914,2454.0812579716458,0.0015117855175231256,0.0015194385951141838,0.0027347882258881434,No formal educational credential,Unreported,Short-term on-the-job training,HS or less,36032.02983879128,2490.0,3829.4,0.0,1392.1766701527622,2441.569612912939,11.573077391151855,12.511645058706563,0.008312937315550585,0.005124426922965927
0,0. All Segments,2030,sam_mi_moodys_us,moodys_us,Moody's US,41-0000,Sales and Related Occupations,60415.984469779905,60415.984469779905,67834.22702233773,0.06506573590351297,0.06565967988004998,0.024504823779268266,No formal educational credential,Less than 5 years,Short-term on-the-job training,HS or less,43051.04196270812,62520.0,6089.999999999999,0.0,60160.29525157281,67610.77531390781,255.6892182070951,223.45170842991502,0.004250132369495153,0.0033049718390664585
0,0. All Segments,2030,sam_mi_moodys_us,moodys_us,Moody's US,43-0000,Office and Administrative Support Occupations,31129.751581198758,31129.751581198758,48298.69658927904,0.033525567991652766,0.035360689492712656,0.008802952671751928,High school diploma or equivalent,Less than 5 years,Short-term on-the-job training,HS or less,47200.52828183993,51090.0,13969.899999999998,0.0,32399.023633180142,50414.66539336824,-1269.2720519813847,-2115.9688040891997,-0.0391762439001869,-0.04197129520902351
0,0. All Segments,2030,sam_mi_moodys_us,moodys_us,Moody's US,47-0000,Construction and Extraction Occupations,5555.617531847359,5555.617531847359,7742.015400510286,0.005983190479812829,0.0056620058402857155,0.006572234038987014,High school diploma or equivalent,5 years or more,Apprenticeship,HS or less,62065.77113065517,6440.0,1579.5,0.0,5187.779527557743,7343.14190380297,367.83800428961604,398.873496707316,0.07090471025910841,0.054319186791248274
0,0. All Segments,2030,sam_mi_moodys_us,moodys_us,Moody's US,49-0000,"Installation, Maintenance, and Repair Occupations",55601.62445235786,55601.62445235786,63412.40163401548,0.0598808518006196,0.05755340664173174,0.02200051287097579,High school diploma or equivalent,Less than 5 years,Short-term on-the-job training,HS or less,55470.61765607269,55630.0,3288.9,0.0,52732.97010624685,60302.07820681902,2868.654346111005,3110.323427196461,0.05439963537671432,0.05157904204443725
0,0. All Segments,2030,sam_mi_moodys_us,moodys_us,Moody's US,51-0000,Production Occupations,152018.62578445376,152018.62578445376,237554.83884537822,0.16371832462076025,0.16326994109858609,0.08900208227181536,High school diploma or equivalent,Less than 5 years,Moderate-term on-the-job training,HS or less,46594.982255221556,235530.0,5083.8,0.0,149595.12261012816,238519.21322846191,2423.503174325597,-964.3743830836902,0.016200415709018017,-0.004043172749190562
0,0. All Segments,2030,sam_mi_moodys_us,moodys_us,Moody's US,53-0000,Transportation and Material Moving Occupations,77770.84004494609,77770.84004494609,86406.65504574733,0.08375626059507374,0.08648794651350025,0.029846105598393506,No formal educational credential,Less than 5 years,Short-term on-the-job training,HS or less,46691.270776031495,84500.0,13765.8,0.0,79244.07197019146,88033.11316395696,-1473.2319252453744,-1626.45811820963,-0.018591067932495278,-0.018475526534889646
1,1. Materials & Processing,2030,sam_mi_bls_us,bls_us,BLS US,00-0000,All Occupations,21038.679347233243,21038.679347233243,70941.90007802543,0.5,0.5,0.02291053464790833,High school diploma or equivalent,Less than 5 years,Moderate-term on-the-job training,HS or less,58473.742210610886,70170.0,7143.3,0.0,20928.031757707264,70604.00000000003,110.64758952597913,337.9000780253991,0.005287051874108057,0.004785848932431576
1,1. Materials & Processing,2030,sam_mi_bls_us,bls_us,BLS US,11-0000,Management Occupations,1331.9804480435303,1331.9804480435303,4491.404726096283,0.03165551473217107,0.031141145325344705,0.012169181144961778,Bachelor's degree,5 years or more,Unreported,BA+,129543.20996445045,4610.0,770.4,0.0,1303.4457566803821,4397.378849101274,28.534691363148113,94.02587699500964,0.021891736742325446,0.021382255252859653
1,1. Materials & Processing,2030,sam_mi_bls_us,bls_us,BLS US,13-0000,Business and Financial Operations Occupations,904.1089312841444,904.1089312841444,3048.6326828896204,0.021486827104550223,0.020900097533788388,0.005097062279670955,Bachelor's degree,Less than 5 years,Moderate-term on-the-job training,BA+,80291.97653504326,3200.0,742.2,0.0,874.7958098526053,2951.26097255119,29.313121431539116,97.37171033843015,0.033508529763623465,0.0329932565246028
1,1. Materials & Processing,2030,sam_mi_bls_us,bls_us,BLS US,15-0000,Computer and Mathematical Occupations,158.01847938014083,158.01847938014083,532.8343566461407,0.003755427723673196,0.003692350564302525,0.0012699820411058655,Bachelor's degree,Unreported,Moderate-term on-the-job training,BA+,97857.95487252506,470.0,227.9,0.0,154.54725974062316,521.3894384840308,3.4712196395176704,11.444918162109843,0.022460570606967878,0.021950805515713143
1,1. Materials & Processing,2030,sam_mi_bls_us,bls_us,BLS US,17-0000,Architecture and Engineering Occupations,1208.2022376204434,1208.2022376204434,4074.027699204802,0.028713832690722856,0.02730946077748353,0.011752440106477411,Bachelor's degree,Unreported,Unreported,BA+,94881.43372252793,3540.0,79.7,0.0,1143.0665248740725,3856.314337466895,65.13571274637093,217.71336173790723,0.0569833087829658,0.05645633179397846
1,1. Materials & Processing,2030,sam_mi_bls_us,bls_us,BLS US,19-0000,"Life, Physical, and Social Science Occupations",304.1889205302763,304.1889205302763,1025.7174249836735,0.007229277929231798,0.007106033161487999,0.005731204350130176,Bachelor's degree,Unreported,Moderate-term on-the-job training,BA+,75361.63345604147,900.0,41.9,0.0,297.43057534988355,1003.428730667397,6.758345180392723,22.28869431627652,0.02272242916668039,0.02221253352139114
1,1. Materials & Processing,2030,sam_mi_bls_us,bls_us,BLS US,27-0000,"Arts, Design, Entertainment, Sports, and Media Occupations",32.37130873616378,32.37130873616378,109.15524267723812,0.0007693284402953951,0.0007663369095722053,0.0006281380194422898,Bachelor's degree,Unreported,Unreported,BA+,72735.74095208403,150.0,22.5,0.0,32.0758463612607,108.21290232687193,0.2954623749030816,0.9423403503661945,0.00921136644612201,0.00870820697073373
1,1. Materials & Processing,2030,sam_mi_bls_us,bls_us,BLS US,33-0000,Protective Service Occupations,23.309871766183246,23.309871766183246,78.60030405785074,0.000553976591911143,0.0005573359342343538,0.0007990599294947,High school diploma or equivalent,Unreported,Short-term on-the-job training,HS or less,38370.0,30.0,161.0,0.0,23.327888262736007,78.70029260136461,-0.01801649655276094,-0.09998854351387365,-0.000772315794290755,-0.0012704977352541624
1,1. Materials & Processing,2030,sam_mi_bls_us,bls_us,BLS US,37-0000,Building and Grounds Cleaning and Maintenance Occupations,125.145794896987,125.145794896987,421.9884875014578,0.002974183712568553,0.0029260136547303696,0.003572267920094,No formal educational credential,Unreported,Short-term on-the-job training,HS or less,35930.0,350.0,351.3,0.0,122.47141337936455,413.17653615716597,2.67438151762245,8.811951344291856,0.02183678169319684,0.021327327602504335
1,1. Materials & Processing,2030,sam_mi_bls_us,bls_us,BLS US,41-0000,Sales and Related Occupations,419.6015988925485,419.6015988925485,1414.88608718824,0.009972146824599272,0.010032046816218415,0.016662096879488258,High school diploma or equivalent,Unreported,Moderate-term on-the-job training,HS or less,70251.02055622952,1520.0,825.8,0.0,419.9019887292501,1416.6052668245702,-0.3003898367015836,-1.719179636330182,-0.0007153808383014658,-0.0012135911651548884
1,1. Materials & Processing,2030,sam_mi_bls_us,bls_us,BLS US,43-0000,Office and Administrative Support Occupations,1572.8785807872327,1572.8785807872327,5303.707199080837,0.03738063960260127,0.03901351539640507,0.011688433775390323,High school diploma or equivalent,Less than 5 years,Short-term on-the-job training,HS or less,46944.2755209885,6050.0,1450.1999999999998,0.0,1632.952178391533,5509.020482095565,-60.073597604300176,-205.31328301472786,-0.036788338568171056,-0.03726856410899187
1,1. Materials & Processing,2030,sam_mi_bls_us,bls_us,BLS US,47-0000,Construction and Extraction Occupations,89.30013037019786,89.30013037019786,301.11780407501385,0.0021222846001011358,0.002090009753378814,0.0049823736780258,High school diploma or equivalent,Unreported,Apprenticeship,HS or less,62350.0,170.0,81.0,0.0,87.4795809852595,295.12609725511555,1.82054938493836,5.9917068198982975,0.020811135175020173,0.02030219243782732
1,1. Materials & Processing,2030,sam_mi_bls_us,bls_us,BLS US,49-0000,"Installation, Maintenance, and Repair Occupations",1182.6482968835726,1182.6482968835726,3987.8604507556593,0.02810652411599924,0.026543123867911328,0.023717164614117787,High school diploma or equivalent,Less than 5 years,Long-term on-the-job training,HS or less,60605.82209629643,4070.0,286.3,0.0,1110.9906785128119,3748.1014351400217,71.6576183707607,239.7590156156375,0.06449884752109948,0.06396812353256938
1,1. Materials & Processing,2030,sam_mi_bls_us,bls_us,BLS US,51-0000,Production Occupations,11917.50866333438,11917.50866333438,40185.54087067511,0.2832285350862964,0.28619200222934466,0.02894823319149134,High school diploma or equivalent,Less than 5 years,Moderate-term on-the-job training,HS or less,47500.410235115814,39030.0,668.1999999999999,0.0,11978.870622915105,40412.60025080129,-61.36195958072494,-227.05938012617844,-0.005122516263206144,-0.005618529337806625
1,1. Materials & Processing,2030,sam_mi_bls_us,bls_us,BLS US,53-0000,Transportation and Material Moving Occupations,1769.4160847074463,1769.4160847074463,5966.426742193505,0.042051500845278554,0.04173052807579774,0.02502180484905315,No formal educational credential,Less than 5 years,Short-term on-the-job training,HS or less,43887.23851694329,6080.0,1434.8999999999999,0.0,1746.6756336723793,5892.684408527245,22.740451035067053,73.74233366625958,0.01301927535752894,0.012514217384448382
1,1. Materials & Processing,2030,sam_mi_dtmb_mi,dtmb_mi,DTMB MI,00-0000,All Occupations,20559.294573462234,20559.294573462234,69423.45201552579,0.5,0.5,0.02291053464790833,High school diploma or equivalent,Less than 5 years,Moderate-term on-the-job training,HS or less,58473.742210610886,70170.0,7143.3,0.0,20928.031757707264,70604.00000000003,-368.7371842450302,-1180.5479844742367,-0.017619295904844644,-0.016720695491391935
1,1. Materials & Processing,2030,sam_mi_dtmb_mi,dtmb_mi,DTMB MI,11-0000,Management Occupations,1301.6301045065566,1301.6301045065566,4395.270216071294,0.03165551473217106,0.031141145325344705,0.012169181144961778,Bachelor's degree,5 years or more,Unreported,BA+,129543.20996445043,4610.0,770.4,0.0,1303.4457566803821,4397.378849101274,-1.8156521738255833,-2.108633029979501,-0.0013929633546467552,-0.00047952043759214843
1,1. Materials & Processing,2030,sam_mi_dtmb_mi,dtmb_mi,DTMB MI,13-0000,Business and Financial Operations Occupations,883.508015783001,883.508015783001,2983.3794209172815,0.021486827104550216,0.020900097533788388,0.005097062279670955,Bachelor's degree,Less than 5 years,Moderate-term on-the-job training,BA+,80291.97653504323,3200.0,742.2,0.0,874.7958098526053,2951.26097255119,8.712205930395726,32.11844836609134,0.00995913084204604,0.010882957713606346
1,1. Materials & Processing,2030,sam_mi_dtmb_mi,dtmb_mi,DTMB MI,15-0000,Computer and Mathematical Occupations,154.41788964068786,154.41788964068786,521.4295127444026,0.0037554277236731943,0.003692350564302525,0.0012699820411058655,Bachelor's degree,Unreported,Moderate-term on-the-job training,BA+,97857.95487252506,470.0,227.9,0.0,154.54725974062316,521.3894384840308,-0.1293700999353007,0.040074260371739,-0.0008370908688541141,7.686051426023736e-05
1,1. Materials & Processing,2030,sam_mi_dtmb_mi,dtmb_mi,DTMB MI,17-0000,Architecture and Engineering Occupations,1180.6722892433615,1180.6722892433615,3986.8267719724668,0.02871383269072285,0.02730946077748353,0.011752440106477411,Bachelor's degree,Unreported,Unreported,BA+,94881.43372252792,3540.0,79.7,0.0,1143.0665248740725,3856.314337466895,37.60576436928909,130.51243450557195,0.032899016418516835,0.033843826795328595
1,1. Materials & Processing,2030,sam_mi_dtmb_mi,dtmb_mi,DTMB MI,19-0000,"Life, Physical, and Social Science Occupations",297.2577090010111,297.2577090010111,1003.7628588538464,0.007229277929231796,0.007106033161487999,0.005731204350130176,Bachelor's degree,Unreported,Moderate-term on-the-job training,BA+,75361.63345604147,900.0,41.9,0.0,297.43057534988355,1003.428730667397,-0.17286634887244645,0.33412818644944764,-0.0005811989862477806,0.0003329864655432115
1,1. Materials & Processing,2030,sam_mi_dtmb_mi,dtmb_mi,DTMB MI,27-0000,"Arts, Design, Entertainment, Sports, and Media Occupations",31.63370005555055,31.63370005555055,106.81887211805329,0.0007693284402953948,0.0007663369095722053,0.0006281380194422898,Bachelor's degree,Unreported,Unreported,BA+,72735.74095208403,150.0,22.5,0.0,32.0758463612607,108.21290232687193,-0.44214630571015334,-1.3940302088186343,-0.013784400284575228,-0.012882292026580847
1,1. Materials & Processing,2030,sam_mi_dtmb_mi,dtmb_mi,DTMB MI,33-0000,Protective Service Occupations,22.77873587980772,22.77873587980772,76.91793469253547,0.0005539765919111428,0.0005573359342343538,0.0007990599294947,High school diploma or equivalent,Unreported,Short-term on-the-job training,HS or less,38370.0,30.0,161.0,0.0,23.327888262736007,78.70029260136461,-0.5491523829282876,-1.782357908829141,-0.02354059556284416,-0.022647411463349962
1,1. Materials & Processing,2030,sam_mi_dtmb_mi,dtmb_mi,DTMB MI,37-0000,Building and Grounds Cleaning and Maintenance Occupations,122.29423812458076,122.29423812458076,412.95620050972235,0.0029741837125685515,0.0029260136547303696,0.003572267920094,No formal educational credential,Unreported,Short-term on-the-job training,HS or less,35930.0,350.0,351.3,0.0,122.47141337936455,413.17653615716597,-0.1771752547837906,-0.2203356474436191,-0.0014466662047491583,-0.0005332724106090255
1,1. Materials & Processing,2030,sam_mi_dtmb_mi,dtmb_mi,DTMB MI,41-0000,Sales and Related Occupations,410.04060819350474,410.04060819350474,1384.6017131386902,0.009972146824599269,0.010032046816218415,0.016662096879488258,High school diploma or equivalent,Unreported,Moderate-term on-the-job training,HS or less,70251.02055622952,1520.0,825.8,0.0,419.9019887292501,1416.6052668245702,-9.861380535745354,-32.00355368587998,-0.02348495791979662,-0.022591722927600297
1,1. Materials & Processing,2030,sam_mi_dtmb_mi,dtmb_mi,DTMB MI,43-0000,Office and Administrative Support Occupations,1537.0391618686149,1537.0391618686149,5190.186079521702,0.037380639602601254,0.03901351539640507,0.011688433775390323,High school diploma or equivalent,Less than 5 years,Short-term on-the-job training,HS or less,46944.27552098851,6050.0,1450.1999999999998,0.0,1632.952178391533,5509.020482095565,-95.91301652291804,-318.8344025738634,-0.058735961647935646,-0.05787497135109264
1,1. Materials & Processing,2030,sam_mi_dtmb_mi,dtmb_mi,DTMB MI,47-0000,Construction and Extraction Occupations,87.26534852440348,87.26534852440348,294.672646196821,0.0021222846001011353,0.002090009753378814,0.0049823736780258,High school diploma or equivalent,Unreported,Apprenticeship,HS or less,62349.99999999999,170.0,81.0,0.0,87.4795809852595,295.12609725511555,-0.21423246085602443,-0.45345105829454724,-0.002448942466838325,-0.0015364654719185033
1,1. Materials & Processing,2030,sam_mi_dtmb_mi,dtmb_mi,DTMB MI,49-0000,"Installation, Maintenance, and Repair Occupations",1155.7006174738967,1155.7006174738967,3902.5038565805817,0.02810652411599923,0.026543123867911328,0.023717164614117787,High school diploma or equivalent,Less than 5 years,Long-term on-the-job training,HS or less,60605.822096296426,4070.0,286.3,0.0,1110.9906785128119,3748.1014351400217,44.709938961084845,154.40242144055992,0.04024330701040103,0.04119483533529069
1,1. Materials & Processing,2030,sam_mi_dtmb_mi,dtmb_mi,DTMB MI,51-0000,Production Occupations,11645.957768898701,11645.957768898701,39325.4052299823,0.28322853508629636,0.28619200222934466,0.02894823319149134,High school diploma or equivalent,Less than 5 years,Moderate-term on-the-job training,HS or less,47500.41023511581,39030.0,668.1999999999999,0.0,11978.870622915105,40412.60025080129,-332.9128540164038,-1087.1950208189883,-0.027791672896070412,-0.02690237732964069
1,1. Materials & Processing,2030,sam_mi_dtmb_mi,dtmb_mi,DTMB MI,53-0000,Transportation and Material Moving Occupations,1729.098386268555,1729.098386268555,5838.7207022260745,0.04205150084527853,0.04173052807579774,0.02502180484905315,No formal educational credential,Less than 5 years,Short-term on-the-job training,HS or less,43887.23851694329,6080.0,1434.8999999999999,0.0,1746.6756336723793,5892.684408527245,-17.57724740382423,-53.96370630117053,-0.010063257919770788,-0.00915774586928161
1,1. Materials & Processing,2030,sam_mi_moodys_mi,moodys_mi,Moody's MI,00-0000,All Occupations,19609.79514570158,19609.79514570158,66615.70869296917,0.5,0.5,0.02291053464790833,High school diploma or equivalent,Less than 5 years,Moderate-term on-the-job training,HS or less,58473.74221061087,70170.0,7143.3,0.0,20928.031757707264,70604.00000000003,-1318.2366120056831,-3988.291307030857,-0.06298903916371447,-0.05648817782322326
1,1. Materials & Processing,2030,sam_mi_moodys_mi,moodys_mi,Moody's MI,11-0000,Management Occupations,1241.516318259226,1241.516318259226,4217.509095848602,0.03165551473217106,0.031141145325344705,0.012169181144961778,Bachelor's degree,5 years or more,Unreported,BA+,129543.20996445043,4610.0,770.4,0.0,1303.4457566803821,4397.378849101274,-61.92943842115619,-179.86975325267213,-0.047512094848410256,-0.04090385646199974
1,1. Materials & Processing,2030,sam_mi_moodys_mi,moodys_mi,Moody's MI,13-0000,Business and Financial Operations Occupations,842.7045557026761,842.7045557026761,2862.720430265822,0.02148682710455022,0.020900097533788388,0.005097062279670955,Bachelor's degree,Less than 5 years,Moderate-term on-the-job training,BA+,80291.97653504324,3200.0,742.2,0.0,874.7958098526053,2951.26097255119,-32.09125414992923,-88.54054228536825,-0.03668427967817575,-0.030000919304953976
1,1. Materials & Processing,2030,sam_mi_moodys_mi,moodys_mi,Moody's MI,15-0000,Computer and Mathematical Occupations,147.28633669143952,147.28633669143952,500.34095851542764,0.003755427723673195,0.003692350564302525,0.0012699820411058655,Bachelor's degree,Unreported,Moderate-term on-the-job training,BA+,97857.95487252505,470.0,227.9,0.0,154.54725974062316,521.3894384840308,-7.260923049183646,-21.048479968603203,-0.046981894479201126,-0.04036997763092947
1,1. Materials & Processing,2030,sam_mi_moodys_mi,moodys_mi,Moody's MI,17-0000,Architecture and Engineering Occupations,1126.1447538260486,1126.1447538260486,3825.5846279676957,0.02871383269072285,0.02730946077748353,0.011752440106477411,Bachelor's degree,Unreported,Unreported,BA+,94881.43372252793,3540.0,79.7,0.0,1143.0665248740725,3856.314337466895,-16.921771048023857,-30.72970949919909,-0.014803837466842157,-0.007968673404197796
1,1. Materials & Processing,2030,sam_mi_moodys_mi,moodys_mi,Moody's MI,19-0000,"Life, Physical, and Social Science Occupations",283.52931848715457,283.52931848715457,963.1669451884333,0.0072292779292317975,0.007106033161487999,0.005731204350130176,Bachelor's degree,Unreported,Moderate-term on-the-job training,BA+,75361.63345604147,900.0,41.9,0.0,297.43057534988355,1003.428730667397,-13.901256862728985,-40.2617854789637,-0.04673782056998071,-0.04012421036836859
1,1. Materials & Processing,2030,sam_mi_moodys_mi,moodys_mi,Moody's MI,27-0000,"Arts, Design, Entertainment, Sports, and Media Occupations",30.17274622790961,30.17274622790961,102.49871853586868,0.000769328440295395,0.0007663369095722053,0.0006281380194422898,Bachelor's degree,Unreported,Unreported,BA+,72735.74095208403,150.0,22.5,0.0,32.0758463612607,108.21290232687193,-1.9031001333510922,-5.714183791003251,-0.059331252304835304,-0.05280501371031316
1,1. Materials & Processing,2030,sam_mi_moodys_mi,moodys_mi,Moody's MI,33-0000,Protective Service Occupations,21.72673496578287,21.72673496578287,73.80708653895309,0.0005539765919111429,0.0005573359342343538,0.0007990599294947,High school diploma or equivalent,Unreported,Short-term on-the-job training,HS or less,38370.0,30.0,161.0,0.0,23.327888262736007,78.70029260136461,-1.601153296953136,-4.893206062411522,-0.06863687269588048,-0.06217519529688099
1,1. Materials & Processing,2030,sam_mi_moodys_mi,moodys_mi,Moody's MI,37-0000,Building and Grounds Cleaning and Maintenance Occupations,116.64626665830299,116.64626665830299,396.25471159168023,0.002974183712568552,0.0029260136547303696,0.003572267920094,No formal educational credential,Unreported,Short-term on-the-job training,HS or less,35930.0,350.0,351.3,0.0,122.47141337936455,413.17653615716597,-5.825146721061557,-16.921824565485736,-0.0475633175149022,-0.04095543450475352
1,1. Materials & Processing,2030,sam_mi_moodys_mi,moodys_mi,Moody's MI,41-0000,Sales and Related Occupations,391.1035127865004,391.1035127865004,1328.6032558220443,0.00997214682459927,0.010032046816218415,0.016662096879488258,High school diploma or equivalent,Unreported,Moderate-term on-the-job training,HS or less,70251.02055622952,1520.0,825.8,0.0,419.9019887292501,1416.6052668245702,-28.79847594274969,-88.00201100252593,-0.06858380459188239,-0.062121759013214185
1,1. Materials & Processing,2030,sam_mi_moodys_mi,moodys_mi,Moody's MI,43-0000,Office and Administrative Support Occupations,1466.0533700446208,1466.0533700446208,4980.275597047503,0.03738063960260126,0.03901351539640507,0.011688433775390323,High school diploma or equivalent,Less than 5 years,Short-term on-the-job training,HS or less,46944.2755209885,6050.0,1450.1999999999998,0.0,1632.952178391533,5509.020482095565,-166.89880834691212,-528.7448850480623,-0.10220679488073459,-0.09597802127737491
1,1. Materials & Processing,2030,sam_mi_moodys_mi,moodys_mi,Moody's MI,47-0000,Construction and Extraction Occupations,83.23513249772094,83.23513249772094,282.75498536782356,0.0021222846001011358,0.002090009753378814,0.0049823736780258,High school diploma or equivalent,Unreported,Apprenticeship,HS or less,62350.0,170.0,81.0,0.0,87.4795809852595,295.12609725511555,-4.244448487538563,-12.371111887291988,-0.04851930518795879,-0.04191805469713524
1,1. Materials & Processing,2030,sam_mi_moodys_mi,moodys_mi,Moody's MI,49-0000,"Installation, Maintenance, and Repair Occupations",1102.3263603449323,1102.3263603449323,3744.6720457666343,0.028106524115999232,0.026543123867911328,0.023717164614117787,High school diploma or equivalent,Less than 5 years,Long-term on-the-job training,HS or less,60605.82209629644,4070.0,286.3,0.0,1110.9906785128119,3748.1014351400217,-8.664318167879628,-3.429389373387494,-0.007798731650456158,-0.0009149670660552384
1,1. Materials & Processing,2030,sam_mi_moodys_mi,moodys_mi,Moody's MI,51-0000,Production Occupations,11108.107104918849,11108.107104918849,37734.93917369021,0.28322853508629636,0.28619200222934466,0.02894823319149134,High school diploma or equivalent,Less than 5 years,Moderate-term on-the-job training,HS or less,47500.410235115814,39030.0,668.1999999999999,0.0,11978.870622915105,40412.60025080129,-870.7635179962563,-2677.661077111079,-0.0726916205548226,-0.066258074474136
1,1. Materials & Processing,2030,sam_mi_moodys_mi,moodys_mi,Moody's MI,53-0000,Transportation and Material Moving Occupations,1649.2426342904184,1649.2426342904184,5602.581060822443,0.04205150084527855,0.04173052807579774,0.02502180484905315,No formal educational credential,Less than 5 years,Short-term on-the-job training,HS or less,43887.23851694329,6080.0,1434.8999999999999,0.0,1746.6756336723793,5892.684408527245,-97.43299938196083,-290.1033477048022,-0.05578196518211472,-0.04923110209075452
1,1. Materials & Processing,2030,sam_mi_moodys_mi_detail,moodys_mi_detail,Moody's MI (detail),00-0000,All Occupations,19846.698714971924,19846.698714971924,67511.77838058303,0.4999999999999999,0.5,0.02291053464790833,High school diploma or equivalent,Less than 5 years,Moderate-term on-the-job training,HS or less,58473.74221061087,70170.0,7143.3,0.0,20928.031757707264,70604.00000000003,-1081.3330427353394,-3092.2216194170032,-0.051669122794460204,-0.04379669168059886
1,1. Materials & Processing,2030,sam_mi_moodys_mi_detail,moodys_mi_detail,Moody's MI (detail),11-0000,Management Occupations,1256.5149271135087,1256.5149271135087,4274.240190243229,0.03165551473217106,0.031141145325344705,0.012169181144961778,Bachelor's degree,5 years or more,Unreported,BA+,129543.2099644504,4610.0,770.4,0.0,1303.4457566803821,4397.378849101274,-46.9308295668734,-123.13865885804444,-0.03600520338214681,-0.02800274051511646
1,1. Materials & Processing,2030,sam_mi_moodys_mi_detail,moodys_mi_detail,Moody's MI (detail),13-0000,Business and Financial Operations Occupations,852.8851677694015,852.8851677694015,2901.2278191685978,0.021486827104550216,0.020900097533788388,0.005097062279670955,Bachelor's degree,Less than 5 years,Moderate-term on-the-job training,BA+,80291.97653504327,3200.0,742.2,0.0,874.7958098526053,2951.26097255119,-21.91064208320381,-50.033153382592445,-0.02504657868319642,-0.016953144384022994
1,1. Materials & Processing,2030,sam_mi_moodys_mi_detail,moodys_mi_detail,Moody's MI (detail),15-0000,Computer and Mathematical Occupations,149.06568515518953,149.06568515518953,507.0712084098443,0.0037554277236731956,0.003692350564302525,0.0012699820411058655,Bachelor's degree,Unreported,Moderate-term on-the-job training,BA+,97857.95487252505,470.0,227.9,0.0,154.54725974062316,521.3894384840308,-5.481574585433634,-14.318230074186545,-0.03546859772624482,-0.027461680305258206
1,1. Materials & Processing,2030,sam_mi_moodys_mi_detail,moodys_mi_detail,Moody's MI (detail),17-0000,Architecture and Engineering Occupations,1139.7495727297764,1139.7495727297764,3877.0438181464424,0.028713832690722856,0.02730946077748353,0.011752440106477411,Bachelor's degree,Unreported,Unreported,BA+,94881.43372252793,3540.0,79.7,0.0,1143.0665248740725,3856.314337466895,-3.3169521442960104,20.729480679547578,-0.0029018014893415125,0.005375464463087362
1,1. Materials & Processing,2030,sam_mi_moodys_mi_detail,moodys_mi_detail,Moody's MI (detail),19-0000,"Life, Physical, and Social Science Occupations",286.95460197651926,286.95460197651926,976.1228188198745,0.0072292779292317975,0.007106033161487999,0.005731204350130176,Bachelor's degree,Unreported,Moderate-term on-the-job training,BA+,75361.63345604148,900.0,41.9,0.0,297.43057534988355,1003.428730667397,-10.475973373364297,-27.305911847522452,-0.035221575189574396,-0.027212607146858196
1,1. Materials & Processing,2030,sam_mi_moodys_mi_detail,moodys_mi_detail,Moody's MI (detail),27-0000,"Arts, Design, Entertainment, Sports, and Media Occupations",30.537259534803948,30.537259534803948,103.87746232620461,0.000769328440295395,0.0007663369095722053,0.0006281380194422898,Bachelor's degree,Unreported,Unreported,BA+,72735.74095208403,150.0,22.5,0.0,32.0758463612607,108.21290232687193,-1.5385868264567542,-4.335440000667319,-0.0479671466538438,-0.040063984122443434
1,1. Materials & Processing,2030,sam_mi_moodys_mi_detail,moodys_mi_detail,Moody's MI (detail),33-0000,Protective Service Occupations,21.989213029614817,21.989213029614817,74.79988980227152,0.0005539765919111429,0.0005573359342343538,0.0007990599294947,High school diploma or equivalent,Unreported,Short-term on-the-job training,HS or less,38370.0,30.0,161.0,0.0,23.327888262736007,78.70029260136461,-1.3386752331211902,-3.9004027990930865,-0.05738518712212761,-0.04956020708651668
1,1. Materials & Processing,2030,sam_mi_moodys_mi_detail,moodys_mi_detail,Moody's MI (detail),37-0000,Building and Grounds Cleaning and Maintenance Occupations,118.05545613264944,118.05545613264944,401.58486333213546,0.002974183712568552,0.0029260136547303696,0.003572267920094,No formal educational credential,Unreported,Short-term on-the-job training,HS or less,35930.0,350.0,351.3,0.0,122.47141337936455,413.17653615716597,-4.415957246715109,-11.591672825030514,-0.03605704486349271,-0.028055012350994734
1,1. Materials & Processing,2030,sam_mi_moodys_mi_detail,moodys_mi_detail,Moody's MI (detail),41-0000,Sales and Related Occupations,395.82838713857143,395.82838713857143,1346.4747328019612,0.00997214682459927,0.010032046816218415,0.016662096879488258,High school diploma or equivalent,Unreported,Moderate-term on-the-job training,HS or less,70251.02055622952,1520.0,825.8,0.0,419.9019887292501,1416.6052668245702,-24.073601590678663,-70.13053402260903,-0.05733147790876779,-0.04950605201391918
1,1. Materials & Processing,2030,sam_mi_moodys_mi_detail,moodys_mi_detail,Moody's MI (detail),43-0000,Office and Administrative Support Occupations,1483.7645839315505,1483.7645839315505,5047.266913150523,0.03738063960260126,0.03901351539640507,0.011688433775390323,High school diploma or equivalent,Less than 5 years,Short-term on-the-job training,HS or less,46944.2755209885,6050.0,1450.1999999999998,0.0,1632.952178391533,5509.020482095565,-149.1875944599824,-461.7535689450424,-0.0913606634867489,-0.08381772593617166
1,1. Materials & Processing,2030,sam_mi_moodys_mi_detail,moodys_mi_detail,Moody's MI (detail),47-0000,Construction and Extraction Occupations,84.24068609126385,84.24068609126385,286.5584151651043,0.0021222846001011358,0.002090009753378814,0.0049823736780258,High school diploma or equivalent,Unreported,Apprenticeship,HS or less,62350.0,170.0,81.0,0.0,87.4795809852595,295.12609725511555,-3.2388948939956492,-8.56768209001126,-0.037024581708289275,-0.029030581062457202
1,1. Materials & Processing,2030,sam_mi_moodys_mi_detail,moodys_mi_detail,Moody's MI (detail),49-0000,"Installation, Maintenance, and Repair Occupations",1115.643432110659,1115.643432110659,3795.042854335705,0.028106524115999232,0.026543123867911328,0.023717164614117787,High school diploma or equivalent,Less than 5 years,Long-term on-the-job training,HS or less,60605.82209629644,4070.0,286.3,0.0,1110.9906785128119,3748.1014351400217,4.652753597847095,46.941419195683466,0.004187932165259332,0.012524052512450166
1,1. Materials & Processing,2030,sam_mi_moodys_mi_detail,moodys_mi_detail,Moody's MI (detail),51-0000,Production Occupations,11242.302806681158,11242.302806681158,38242.524183606445,0.28322853508629636,0.28619200222934466,0.02894823319149134,High school diploma or equivalent,Less than 5 years,Moderate-term on-the-job training,HS or less,47500.410235115814,39030.0,668.1999999999999,0.0,11978.870622915105,40412.60025080129,-736.5678162339464,-2170.0760671948447,-0.06148891990075603,-0.05369800640709371
1,1. Materials & Processing,2030,sam_mi_moodys_mi_detail,moodys_mi_detail,Moody's MI (detail),53-0000,Transportation and Material Moving Occupations,1669.1669355772617,1669.1669355772617,5677.94321127469,0.042051500845278554,0.04173052807579774,0.02502180484905315,No formal educational credential,Less than 5 years,Short-term on-the-job training,HS or less,43887.238516943275,6080.0,1434.8999999999999,0.0,1746.6756336723793,5892.684408527245,-77.50869809511755,-214.74119725255514,-0.04437498102160834,-0.03644199864866431
1,1. Materials & Processing,2030,sam_mi_moodys_us,moodys_us,Moody's US,00-0000,All Occupations,20120.28091238304,20120.28091238304,68304.41689135271,0.5,0.5,0.02291053464790833,High school diploma or equivalent,Less than 5 years,Moderate-term on-the-job training,HS or less,58473.74221061087,70170.0,7143.3,0.0,20928.031757707264,70604.00000000003,-807.7508453242226,-2299.583108647319,-0.03859659879514223,-0.03257015337158402
1,1. Materials & Processing,2030,sam_mi_moodys_us,moodys_us,Moody's US,11-0000,Management Occupations,1273.8356976747234,1273.8356976747234,4324.42295035314,0.03165551473217107,0.031141145325344705,0.012169181144961778,Bachelor's degree,5 years or more,Unreported,BA+,129543.20996445045,4610.0,770.4,0.0,1303.4457566803821,4397.378849101274,-29.61005900565874,-72.95589874813413,-0.022716755840357858,-0.0165907694678262
1,1. Materials & Processing,2030,sam_mi_moodys_us,moodys_us,Moody's US,13-0000,Business and Financial Operations Occupations,864.6419945187127,864.6419945187127,2935.2903924432303,0.02148682710455022,0.020900097533788388,0.005097062279670955,Bachelor's degree,Less than 5 years,Moderate-term on-the-job training,BA+,80291.97653504323,3200.0,742.2,0.0,874.7958098526053,2951.26097255119,-10.153815333892567,-15.970580107959904,-0.011607069009170709,-0.005411442856628936
1,1. Materials & Processing,2030,sam_mi_moodys_us,moodys_us,Moody's US,15-0000,Computer and Mathematical Occupations,151.12052149291176,151.12052149291176,513.0246016862353,0.003755427723673195,0.003692350564302525,0.0012699820411058655,Bachelor's degree,Unreported,Moderate-term on-the-job training,BA+,97857.95487252506,470.0,227.9,0.0,154.54725974062316,521.3894384840308,-3.4267382477113983,-8.364836797795533,-0.022172753198358205,-0.01604335680852448
1,1. Materials & Processing,2030,sam_mi_moodys_us,moodys_us,Moody's US,17-0000,Architecture and Engineering Occupations,1155.4607596170224,1155.4607596170224,3922.563197311372,0.028713832690722852,0.02730946077748353,0.011752440106477411,Bachelor's degree,Unreported,Unreported,BA+,94881.43372252793,3540.0,79.7,0.0,1143.0665248740725,3856.314337466895,12.394234742949948,66.24885984447701,0.010842968867726554,0.017179320472094615
1,1. Materials & Processing,2030,sam_mi_moodys_us,moodys_us,Moody's US,19-0000,"Life, Physical, and Social Science Occupations",290.91020545966904,290.91020545966904,987.5832270034075,0.007229277929231797,0.007106033161487999,0.005731204350130176,Bachelor's degree,Unreported,Moderate-term on-the-job training,BA+,75361.63345604147,900.0,41.9,0.0,297.43057534988355,1003.428730667397,-6.520369890214511,-15.845503663989462,-0.02192232551258138,-0.01579135934592022
1,1. Materials & Processing,2030,sam_mi_moodys_us,moodys_us,Moody's US,27-0000,"Arts, Design, Entertainment, Sports, and Media Occupations",30.958208665257704,30.958208665257704,105.09706102462161,0.000769328440295395,0.0007663369095722053,0.0006281380194422898,Bachelor's degree,Unreported,Unreported,BA+,72735.74095208403,150.0,22.5,0.0,32.0758463612607,108.21290232687193,-1.1176376960029977,-3.115841302250317,-0.034843591761083315,-0.028793621049350387
1,1. Materials & Processing,2030,sam_mi_moodys_us,moodys_us,Moody's US,33-0000,Protective Service Occupations,22.292329296273557,22.292329296273557,75.67809616389896,0.0005539765919111429,0.0005573359342343538,0.0007990599294947,High school diploma or equivalent,Unreported,Short-term on-the-job training,HS or less,38370.0,30.0,161.0,0.0,23.327888262736007,78.70029260136461,-1.0355589664624496,-3.0221964374656523,-0.0443914577607375,-0.03840133673674867
1,1. Materials & Processing,2030,sam_mi_moodys_us,moodys_us,Moody's US,37-0000,Building and Grounds Cleaning and Maintenance Occupations,119.68282356382713,119.68282356382713,406.299768429507,0.002974183712568552,0.0029260136547303696,0.003572267920094,No formal educational credential,Unreported,Short-term on-the-job training,HS or less,35930.0,350.0,351.3,0.0,122.47141337936455,413.17653615716597,-2.7885898155374207,-6.876767727658944,-0.02276931194465398,-0.01664365501395057
1,1. Materials & Processing,2030,sam_mi_moodys_us,moodys_us,Moody's US,41-0000,Sales and Related Occupations,401.2847908209317,401.2847908209317,1362.2833480184154,0.00997214682459927,0.010032046816218415,0.016662096879488258,High school diploma or equivalent,Unreported,Moderate-term on-the-job training,HS or less,70251.02055622953,1520.0,825.8,0.0,419.9019887292501,1416.6052668245702,-18.617197908318417,-54.32191880615483,-0.044337008178169546,-0.03834654584330439
1,1. Materials & Processing,2030,sam_mi_moodys_us,moodys_us,Moody's US,43-0000,Office and Administrative Support Occupations,1504.2179389777755,1504.2179389777755,5106.525582162971,0.03738063960260126,0.03901351539640507,0.011688433775390323,High school diploma or equivalent,Less than 5 years,Short-term on-the-job training,HS or less,46944.2755209885,6050.0,1450.1999999999998,0.0,1632.952178391533,5509.020482095565,-128.73423941375745,-402.4948999325943,-0.07883527828754998,-0.07306106434723039
1,1. Materials & Processing,2030,sam_mi_moodys_us,moodys_us,Moody's US,47-0000,Construction and Extraction Occupations,85.40192466011871,85.40192466011871,289.9228241748115,0.0021222846001011358,0.002090009753378814,0.0049823736780258,High school diploma or equivalent,Unreported,Apprenticeship,HS or less,62350.0,170.0,81.0,0.0,87.4795809852595,295.12609725511555,-2.0776563251407936,-5.2032730803040295,-0.023750186063315543,-0.017630677627963783
1,1. Materials & Processing,2030,sam_mi_moodys_us,moodys_us,Moody's US,49-0000,"Installation, Maintenance, and Repair Occupations",1131.022321369146,1131.022321369146,3839.5994811721403,0.028106524115999235,0.026543123867911328,0.023717164614117787,High school diploma or equivalent,Less than 5 years,Long-term on-the-job training,HS or less,60605.82209629643,4070.0,286.3,0.0,1110.9906785128119,3748.1014351400217,20.0316428563342,91.49804603211851,0.01803043287739268,0.024411838264110457
1,1. Materials & Processing,2030,sam_mi_moodys_us,moodys_us,Moody's US,51-0000,Production Occupations,11397.275376678039,11397.275376678039,38691.519872123004,0.28322853508629636,0.28619200222934466,0.02894823319149134,High school diploma or equivalent,Less than 5 years,Moderate-term on-the-job training,HS or less,47500.410235115814,39030.0,668.1999999999999,0.0,11978.870622915105,40412.60025080129,-581.595246237066,-1721.0803786782853,-0.048551759556071786,-0.04258771690010618
1,1. Materials & Processing,2030,sam_mi_moodys_us,moodys_us,Moody's US,53-0000,Transportation and Material Moving Occupations,1692.1760195886345,1692.1760195886345,5744.606489285953,0.04205150084527855,0.04173052807579774,0.02502180484905315,No formal educational credential,Less than 5 years,Short-term on-the-job training,HS or less,43887.23851694329,6080.0,1434.8999999999999,0.0,1746.6756336723793,5892.684408527245,-54.499614083744746,-148.07791924129197,-0.031201908948119635,-0.025129110771146997
2,2. Equipment Manufacturing,2030,sam_mi_bls_us,bls_us,BLS US,00-0000,All Occupations,6025.479981955723,6025.479981955723,45090.61788393268,0.5,0.5,0.03319123961959541,High school diploma or equivalent,5 years or more,Moderate-term on-the-job training,HS or less,67991.53110187351,46080.0,6175.0,0.0,6089.070013066867,45958.00000000001,-63.590031111144526,-867.3821160673251,-0.010443307594539595,-0.018873365160958375
2,2. Equipment Manufacturing,2030,sam_mi_bls_us,bls_us,BLS US,11-0000,Management Occupations,494.7528173193456,494.7528173193456,3702.3955435173325,0.04105505443557718,0.040500424088210245,0.013769768591115342,Bachelor's degree,5 years or more,Unreported,BA+,127277.67601614333,3460.0,739.7,0.0,493.21983566402406,3722.636980491933,1.532981655321521,-20.241436974600674,0.0031081103079677666,-0.005437392117650387
2,2. Equipment Manufacturing,2030,sam_mi_bls_us,bls_us,BLS US,13-0000,Business and Financial Operations Occupations,394.0260598219122,394.0260598219122,2948.6245996911857,0.032696653295827646,0.032018659881255206,0.00828526514984312,Bachelor's degree,Less than 5 years,Moderate-term on-the-job training,BA+,84287.97396802201,2750.0,742.2,0.0,389.9277234830764,2943.0271416454534,4.098336338835793,5.59745804573231,0.010510502567570496,0.0019019389819839574
2,2. Equipment Manufacturing,2030,sam_mi_bls_us,bls_us,BLS US,15-0000,Computer and Mathematical Occupations,77.60121023003346,77.60121023003346,580.7149850786575,0.0064394214620596925,0.00657336726039008,0.0042672058038159925,Bachelor's degree,Unreported,Moderate-term on-the-job training,BA+,98576.8456236249,660.0,210.0,0.0,80.05138694023348,604.1976251060147,-2.450176710200026,-23.482640027357206,-0.03060754852416651,-0.03886582643094113
2,2. Equipment Manufacturing,2030,sam_mi_bls_us,bls_us,BLS US,17-0000,Architecture and Engineering Occupations,754.7878664953189,754.7878664953189,5648.322021397317,0.06263300755754343,0.060220525869380884,0.025238779484042507,Bachelor's degree,Unreported,Unreported,BA+,99856.49180875186,4890.0,94.2,0.0,733.3739964847293,5535.229855810014,21.413870010589562,113.0921655873035,0.02919911274906439,0.020431340438120584
2,2. Equipment Manufacturing,2030,sam_mi_bls_us,bls_us,BLS US,19-0000,"Life, Physical, and Social Science Occupations",4.222136470009329,4.222136470009329,31.59561442293844,0.000350356858097048,0.0003180661577608015,0.0015050526768436,Bachelor's degree,Unreported,Unreported,BA+,83910.0,30.0,14.9,0.0,3.8734542067853837,29.235368956741834,0.34868226322394547,2.3602454661966057,0.09001842918734805,0.08073253563821778
2,2. Equipment Manufacturing,2030,sam_mi_bls_us,bls_us,BLS US,27-0000,"Arts, Design, Entertainment, Sports, and Media Occupations",21.961766635031488,21.961766635031488,164.3470114184812,0.0018224080654818836,0.0018023748939779082,0.0011825413889486002,Bachelor's degree,Less than 5 years,Short-term on-the-job training,BA+,83044.11764705865,160.0,7.0,0.0,21.94957383845091,165.66709075487344,0.012192796580578147,-1.32007933639224,0.0005554912669520263,-0.00796826533487857
2,2. Equipment Manufacturing,2030,sam_mi_bls_us,bls_us,BLS US,37-0000,Building and Grounds Cleaning and Maintenance Occupations,40.04792739329274,40.04792739329274,299.6916090572306,0.003323214707643437,0.003286683630195065,0.0035476241668458,No formal educational credential,Unreported,Short-term on-the-job training,HS or less,35930.0,250.0,351.3,0.0,40.02569347011705,302.0988125530097,0.022233923175690506,-2.407203495779072,0.0005554912669355804,-0.007968265334894942
2,2. Equipment Manufacturing,2030,sam_mi_bls_us,bls_us,BLS US,41-0000,Sales and Related Occupations,237.1088411675053,237.1088411675053,1774.3622393573878,0.0196755148035979,0.01982612383375739,0.019590404915509032,High school diploma or equivalent,Unreported,Moderate-term on-the-job training,HS or less,73162.77375737086,1800.0,300.2,0.0,241.4453122229649,1822.3379983036448,-4.3364710554596115,-47.975758946256974,-0.01796046904176403,-0.02632648772670934
2,2. Equipment Manufacturing,2030,sam_mi_bls_us,bls_us,BLS US,43-0000,Office and Administrative Support Occupations,496.5512507967583,496.5512507967583,3715.8538035999372,0.041204290138193274,0.042938931297709954,0.010768426277635735,High school diploma or equivalent,Less than 5 years,Short-term on-the-job training,HS or less,47806.686026008494,4060.0,1431.3000000000002,0.0,522.9163179160481,3946.774809160308,-26.36506711928979,-230.92100556037076,-0.050419285487898244,-0.058508786724900605
2,2. Equipment Manufacturing,2030,sam_mi_bls_us,bls_us,BLS US,47-0000,Construction and Extraction Occupations,52.96661364919432,52.96661364919432,396.3663216563425,0.004395219452044604,0.00434690415606447,0.0046226617931627,High school diploma or equivalent,Unreported,Apprenticeship,HS or less,62350.0,340.0,81.0,0.0,52.93720749273581,399.5500424088219,0.02940615645851352,-3.1837207524794167,0.000555491266942041,-0.007968265334888426
2,2. Equipment Manufacturing,2030,sam_mi_bls_us,bls_us,BLS US,49-0000,"Installation, Maintenance, and Repair Occupations",230.17671852903055,230.17671852903055,1722.48692088449,0.019100280742640592,0.017917726887192433,0.01606576940252085,High school diploma or equivalent,Less than 5 years,Long-term on-the-job training,HS or less,62074.304087792225,1400.0,287.8,0.0,218.20458698225076,1646.92578456318,11.972131546779792,75.56113632130996,0.05486654388137877,0.045880110099406395
2,2. Equipment Manufacturing,2030,sam_mi_bls_us,bls_us,BLS US,51-0000,Production Occupations,3058.2783826518457,3058.2783826518457,22886.08747316546,0.25377881860120327,0.2568914334181514,0.04993165990689995,High school diploma or equivalent,Less than 5 years,Moderate-term on-the-job training,HS or less,52700.48108914753,25060.0,563.3000000000001,0.0,3128.459847680459,23612.43299406281,-70.18146502861327,-726.3455208973501,-0.022433231828322193,-0.030761146938139958
2,2. Equipment Manufacturing,2030,sam_mi_bls_us,bls_us,BLS US,53-0000,Transportation and Material Moving Occupations,162.99839079644457,162.99839079644457,1219.7697406859334,0.013525759880090025,0.013358778625954113,0.01681921962506792,No formal educational credential,Less than 5 years,Short-term on-the-job training,HS or less,43022.10738988893,1220.0,1352.1,0.0,162.6850766849916,1227.8854961831985,0.31331411145296784,-8.115755497265127,0.0019258933753317795,-0.006609537715440423
2,2. Equipment Manufacturing,2030,sam_mi_dtmb_mi,dtmb_mi,DTMB MI,00-0000,All Occupations,5997.595990308569,5997.595990308569,45267.58863522599,0.5000000000000001,0.5,0.03319123961959541,High school diploma or equivalent,5 years or more,Moderate-term on-the-job training,HS or less,67991.53110187351,46080.0,6175.0,0.0,6089.070013066867,45958.00000000001,-91.47402275829882,-690.411364774016,-0.015022659053352929,-0.015022659053353406
2,2. Equipment Manufacturing,2030,sam_mi_dtmb_mi,dtmb_mi,DTMB MI,11-0000,Management Occupations,492.4632597294353,492.4632597294353,3716.9266311730357,0.04105505443557718,0.040500424088210245,0.013769768591115342,Bachelor's degree,5 years or more,Unreported,BA+,127277.67601614333,3460.0,739.7,0.0,493.21983566402406,3722.636980491933,-0.7565759345887386,-5.710349318897443,-0.0015339527729458754,-0.0015339527729461388
2,2. Equipment Manufacturing,2030,sam_mi_dtmb_mi,dtmb_mi,DTMB MI,13-0000,Business and Financial Operations Occupations,392.20263340713063,392.20263340713063,2960.1973022882644,0.032696653295827646,0.032018659881255206,0.00828526514984312,Bachelor's degree,Less than 5 years,Moderate-term on-the-job training,BA+,84287.97396802202,2750.0,742.2,0.0,389.9277234830764,2943.0271416454534,2.2749099240542137,17.17016064281097,0.005834183585956152,0.005834183585956021
2,2. Equipment Manufacturing,2030,sam_mi_dtmb_mi,dtmb_mi,DTMB MI,15-0000,Computer and Mathematical Occupations,77.24209668151228,77.24209668151228,582.9941635867274,0.006439421462059692,0.00657336726039008,0.0042672058038159925,Bachelor's degree,Unreported,Moderate-term on-the-job training,BA+,98576.84562362492,660.0,210.0,0.0,80.05138694023348,604.1976251060147,-2.809290258721205,-21.203461519287316,-0.03509358633372119,-0.035093586333721324
2,2. Equipment Manufacturing,2030,sam_mi_dtmb_mi,dtmb_mi,DTMB MI,17-0000,Architecture and Engineering Occupations,751.2949499761773,751.2949499761773,5670.490442203754,0.06263300755754343,0.060220525869380884,0.025238779484042507,Bachelor's degree,Unreported,Unreported,BA+,99856.49180875187,4890.0,94.2,0.0,733.3739964847293,5535.229855810014,17.920953491448017,135.2605863937406,0.02443630886471058,0.024436308864710526
2,2. Equipment Manufacturing,2030,sam_mi_dtmb_mi,dtmb_mi,DTMB MI,19-0000,"Life, Physical, and Social Science Occupations",4.2025977745999255,4.2025977745999255,31.719620255734835,0.00035035685809704797,0.0003180661577608015,0.0015050526768436,Bachelor's degree,Unreported,Unreported,BA+,83910.0,30.0,14.9,0.0,3.8734542067853837,29.235368956741834,0.3291435678145418,2.4842512989930015,0.08497417298440225,0.08497417298440216
2,2. Equipment Manufacturing,2030,sam_mi_dtmb_mi,dtmb_mi,DTMB MI,27-0000,"Arts, Design, Entertainment, Sports, and Media Occupations",21.86013461248028,21.86013461248028,164.99203726750386,0.0018224080654818838,0.0018023748939779082,0.0011825413889486002,Bachelor's degree,Less than 5 years,Short-term on-the-job training,BA+,83044.11764705865,160.0,7.0,0.0,21.94957383845091,165.66709075487344,-0.08943922597062937,-0.6750534873695813,-0.00407475911053686,-0.004074759110537004
2,2. Equipment Manufacturing,2030,sam_mi_dtmb_mi,dtmb_mi,DTMB MI,37-0000,Building and Grounds Cleaning and Maintenance Occupations,39.86259841099347,39.86259841099347,300.8678326642719,0.0033232147076434366,0.003286683630195065,0.0035476241668458,No formal educational credential,Unreported,Short-term on-the-job training,HS or less,35930.0,250.0,351.3,0.0,40.02569347011705,302.0988125530097,-0.16309505912357736,-1.2309798887378065,-0.004074759110553405,-0.00407475911055362
2,2. Equipment Manufacturing,2030,sam_mi_dtmb_mi,dtmb_mi,DTMB MI,41-0000,Sales and Related Occupations,236.01157738663125,236.01157738663125,1781.3262206311383,0.019675514803597898,0.01982612383375739,0.019590404915509032,High school diploma or equivalent,Unreported,Moderate-term on-the-job training,HS or less,73162.77375737087,1800.0,300.2,0.0,241.4453122229649,1822.3379983036448,-5.433734836333656,-41.01177767250647,-0.02250503348483247,-0.02250503348483267
2,2. Equipment Manufacturing,2030,sam_mi_dtmb_mi,dtmb_mi,DTMB MI,43-0000,Office and Administrative Support Occupations,494.2533706326776,494.2533706326776,3730.437711964465,0.04120429013819327,0.042938931297709954,0.010768426277635735,High school diploma or equivalent,Less than 5 years,Short-term on-the-job training,HS or less,47806.68602600849,4060.0,1431.3000000000002,0.0,522.9163179160481,3946.774809160308,-28.6629472833705,-216.33709719584294,-0.054813640923655794,-0.05481364092365572
2,2. Equipment Manufacturing,2030,sam_mi_dtmb_mi,dtmb_mi,DTMB MI,47-0000,Construction and Extraction Occupations,52.72150112421787,52.72150112421787,397.92197223339707,0.004395219452044604,0.00434690415606447,0.0046226617931627,High school diploma or equivalent,Unreported,Apprenticeship,HS or less,62350.0,340.0,81.0,0.0,52.93720749273581,399.5500424088219,-0.21570636851793523,-1.6280701754248526,-0.004074759110546869,-0.004074759110547163
2,2. Equipment Manufacturing,2030,sam_mi_dtmb_mi,dtmb_mi,DTMB MI,49-0000,"Installation, Maintenance, and Repair Occupations",229.1115343916583,229.1115343916583,1729.2473029503662,0.01910028074264059,0.017917726887192433,0.01606576940252085,High school diploma or equivalent,Less than 5 years,Long-term on-the-job training,HS or less,62074.30408779224,1400.0,287.8,0.0,218.20458698225076,1646.92578456318,10.906947409407536,82.32151838718619,0.04998495934594964,0.049984959345949286
2,2. Equipment Manufacturing,2030,sam_mi_dtmb_mi,dtmb_mi,DTMB MI,51-0000,Production Occupations,3044.1256497356444,3044.1256497356444,22975.910329545826,0.25377881860120327,0.2568914334181514,0.04993165990689995,High school diploma or equivalent,Less than 5 years,Moderate-term on-the-job training,HS or less,52700.48108914752,25060.0,563.3000000000001,0.0,3128.459847680459,23612.43299406281,-84.3341979448146,-636.5226645169823,-0.026957097757653082,-0.026957097757653002
2,2. Equipment Manufacturing,2030,sam_mi_dtmb_mi,dtmb_mi,DTMB MI,53-0000,Transportation and Material Moving Occupations,162.2440864454089,162.2440864454089,1224.5570684615182,0.013525759880090029,0.013358778625954113,0.01681921962506792,No formal educational credential,Less than 5 years,Short-term on-the-job training,HS or less,43022.10738988892,1220.0,1352.1,0.0,162.6850766849916,1227.8854961831985,-0.4409902395827032,-3.3284277216803275,-0.002710698784232042,-0.0027106987842323463
2,2. Equipment Manufacturing,2030,sam_mi_moodys_mi,moodys_mi,Moody's MI,00-0000,All Occupations,5980.326461291949,5980.326461291949,44272.87950296939,0.49999999999999994,0.5,0.03319123961959541,High school diploma or equivalent,5 years or more,Moderate-term on-the-job training,HS or less,67991.53110187351,46080.0,6175.0,0.0,6089.070013066867,45958.00000000001,-108.74355177491816,-1685.1204970306208,-0.01785881120459437,-0.03666653242157231
2,2. Equipment Manufacturing,2030,sam_mi_moodys_mi,moodys_mi,Moody's MI,11-0000,Management Occupations,491.0452568217272,491.0452568217272,3635.2509560283133,0.04105505443557717,0.040500424088210245,0.013769768591115342,Bachelor's degree,5 years or more,Unreported,BA+,127277.67601614333,3460.0,739.7,0.0,493.21983566402406,3722.636980491933,-2.174578842296853,-87.38602446361983,-0.004408944420025622,-0.02347422671658736
2,2. Equipment Manufacturing,2030,sam_mi_moodys_mi,moodys_mi,Moody's MI,13-0000,Business and Financial Operations Occupations,391.0733218014534,391.0733218014534,2895.1499830330877,0.03269665329582764,0.032018659881255206,0.00828526514984312,Bachelor's degree,Less than 5 years,Moderate-term on-the-job training,BA+,84287.97396802202,2750.0,742.2,0.0,389.9277234830764,2943.0271416454534,1.1455983183769831,-47.87715861236575,0.002937976064240285,-0.016267997645987565
2,2. Equipment Manufacturing,2030,sam_mi_moodys_mi,moodys_mi,Moody's MI,15-0000,Computer and Mathematical Occupations,77.01968512993373,77.01968512993373,570.1834609172073,0.006439421462059691,0.00657336726039008,0.0042672058038159925,Bachelor's degree,Unreported,Moderate-term on-the-job training,BA+,98576.84562362492,660.0,210.0,0.0,80.05138694023348,604.1976251060147,-3.031701810299751,-34.0141641888074,-0.03787194608587138,-0.056296421527375504
2,2. Equipment Manufacturing,2030,sam_mi_moodys_mi,moodys_mi,Moody's MI,17-0000,Architecture and Engineering Occupations,749.1316648933512,749.1316648933512,5545.887193007381,0.06263300755754342,0.060220525869380884,0.025238779484042507,Bachelor's degree,Unreported,Unreported,BA+,99856.49180875187,4890.0,94.2,0.0,733.3739964847293,5535.229855810014,15.75766840862184,10.65733719736727,0.02148653822490685,0.00192536488546738
2,2. Equipment Manufacturing,2030,sam_mi_moodys_mi,moodys_mi,Moody's MI,19-0000,"Life, Physical, and Social Science Occupations",4.190496778745769,4.190496778745769,31.022613923139094,0.0003503568580970479,0.0003180661577608015,0.0015050526768436,Bachelor's degree,Unreported,Unreported,BA+,83910.0,30.0,14.9,0.0,3.8734542067853837,29.235368956741834,0.3170425719603851,1.7872449663972603,0.08185008910264147,0.06113297112965328
2,2. Equipment Manufacturing,2030,sam_mi_moodys_mi,moodys_mi,Moody's MI,27-0000,"Arts, Design, Entertainment, Sports, and Media Occupations",21.797190354546363,21.797190354546363,161.36650537663792,0.0018224080654818836,0.0018023748939779082,0.0011825413889486002,Bachelor's degree,Less than 5 years,Short-term on-the-job training,BA+,83044.11764705864,160.0,7.0,0.0,21.94957383845091,165.66709075487344,-0.15238348390454703,-4.300585378235525,-0.006942434738190867,-0.02595920142401012
2,2. Equipment Manufacturing,2030,sam_mi_moodys_mi,moodys_mi,Moody's MI,37-0000,Building and Grounds Cleaning and Maintenance Occupations,39.74781770534927,39.74781770534927,294.256568627987,0.0033232147076434366,0.003286683630195065,0.0035476241668458,No formal educational credential,Unreported,Short-term on-the-job training,HS or less,35930.0,250.0,351.3,0.0,40.02569347011705,302.0988125530097,-0.27787576476777787,-7.842243925022672,-0.006942434738207304,-0.025959201424026062
2,2. Equipment Manufacturing,2030,sam_mi_moodys_mi,moodys_mi,Moody's MI,41-0000,Sales and Related Occupations,235.33200363899599,235.33200363899599,1742.18339211716,0.019675514803597898,0.01982612383375739,0.019590404915509032,High school diploma or equivalent,Unreported,Moderate-term on-the-job training,HS or less,73162.77375737087,1800.0,300.2,0.0,241.4453122229649,1822.3379983036448,-6.113308583968916,-80.15460618648467,-0.02531964082335765,-0.04398448929951414
2,2. Equipment Manufacturing,2030,sam_mi_moodys_mi,moodys_mi,Moody's MI,43-0000,Office and Administrative Support Occupations,492.83021326437625,492.83021326437625,3648.46514458724,0.04120429013819327,0.042938931297709954,0.010768426277635735,High school diploma or equivalent,Less than 5 years,Short-term on-the-job training,HS or less,47806.6860260085,4060.0,1431.3000000000002,0.0,522.9163179160481,3946.774809160308,-30.08610465167186,-298.30966457306795,-0.057535218582530544,-0.07558314801257549
2,2. Equipment Manufacturing,2030,sam_mi_moodys_mi,moodys_mi,Moody's MI,47-0000,Construction and Extraction Occupations,52.56969438449489,52.56969438449489,389.1780423789557,0.004395219452044603,0.00434690415606447,0.0046226617931627,High school diploma or equivalent,Unreported,Apprenticeship,HS or less,62350.0,340.0,81.0,0.0,52.93720749273581,399.5500424088219,-0.36751310824092087,-10.372000029866228,-0.006942434738200953,-0.025959201424019716
2,2. Equipment Manufacturing,2030,sam_mi_moodys_mi,moodys_mi,Moody's MI,49-0000,"Installation, Maintenance, and Repair Occupations",228.45182868663713,228.45182868663713,1691.2488555836267,0.01910028074264059,0.017917726887192433,0.01606576940252085,High school diploma or equivalent,Less than 5 years,Long-term on-the-job training,HS or less,62074.30408779224,1400.0,287.8,0.0,218.20458698225076,1646.92578456318,10.247241704386369,44.323071020446605,0.046961623704179514,0.026912609806641997
2,2. Equipment Manufacturing,2030,sam_mi_moodys_mi,moodys_mi,Moody's MI,51-0000,Production Occupations,3035.360368392372,3035.360368392372,22471.038112674,0.2537788186012033,0.2568914334181514,0.04993165990689995,High school diploma or equivalent,Less than 5 years,Moderate-term on-the-job training,HS or less,52700.481089147506,25060.0,563.3000000000001,0.0,3128.459847680459,23612.43299406281,-93.09947928808697,-1141.3948813888092,-0.02975888578436253,-0.04833872399662523
2,2. Equipment Manufacturing,2030,sam_mi_moodys_mi,moodys_mi,Moody's MI,53-0000,Transportation and Material Moving Occupations,161.7769194399668,161.7769194399668,1197.6486747146464,0.013525759880090023,0.013358778625954113,0.01681921962506792,No formal educational credential,Less than 5 years,Short-term on-the-job training,HS or less,43022.10738988893,1220.0,1352.1,0.0,162.6850766849916,1227.8854961831985,-0.9081572450247961,-30.23682146855208,-0.005582302098816772,-0.02462511493338854
2,2. Equipment Manufacturing,2030,sam_mi_moodys_mi_detail,moodys_mi_detail,Moody's MI (detail),00-0000,All Occupations,6106.302442746533,6106.302442746533,45032.41650438225,0.5000000000000001,0.5,0.03319123961959541,High school diploma or equivalent,5 years or more,Moderate-term on-the-job training,HS or less,67991.5311018735,46080.0,6175.0,0.0,6089.070013066867,45958.00000000001,17.232429679665984,-925.5834956177569,0.002830059375682325,-0.02013976882409497
2,2. Equipment Manufacturing,2030,sam_mi_moodys_mi_detail,moodys_mi_detail,Moody's MI (detail),11-0000,Management Occupations,501.3891583741135,501.3891583741135,3697.616621905994,0.04105505443557717,0.040500424088210245,0.013769768591115342,Bachelor's degree,5 years or more,Unreported,BA+,127277.67601614333,3460.0,739.7,0.0,493.21983566402406,3722.636980491933,8.169322710089432,-25.020358585938993,0.0165632485139026,-0.006721138461003695
2,2. Equipment Manufacturing,2030,sam_mi_moodys_mi_detail,moodys_mi_detail,Moody's MI (detail),13-0000,Business and Financial Operations Occupations,399.3113077798976,399.3113077798976,2944.8186190341858,0.032696653295827646,0.032018659881255206,0.00828526514984312,Bachelor's degree,Less than 5 years,Moderate-term on-the-job training,BA+,84287.97396802202,2750.0,742.2,0.0,389.9277234830764,2943.0271416454534,9.383584296821198,1.7914773887323463,0.024064932375162246,0.0006087192888512496
2,2. Equipment Manufacturing,2030,sam_mi_moodys_mi_detail,moodys_mi_detail,Moody's MI (detail),15-0000,Computer and Mathematical Occupations,78.64211000729907,78.64211000729907,579.9654186534601,0.00643942146205969,0.00657336726039008,0.0042672058038159925,Bachelor's degree,Unreported,Moderate-term on-the-job training,BA+,98576.84562362492,660.0,210.0,0.0,80.05138694023348,604.1976251060147,-1.409276932934418,-24.23220645255458,-0.017604653545685432,-0.040106424530057874
2,2. Equipment Manufacturing,2030,sam_mi_moodys_mi_detail,moodys_mi_detail,Moody's MI (detail),17-0000,Architecture and Engineering Occupations,764.9121740903787,764.9121740903787,5641.031366506834,0.0626330075575434,0.060220525869380884,0.025238779484042507,Bachelor's degree,Unreported,Unreported,BA+,99856.49180875186,4890.0,94.2,0.0,733.3739964847293,5535.229855810014,31.538177605649366,105.80151069682051,0.04300422125248624,0.019114203646984365
2,2. Equipment Manufacturing,2030,sam_mi_moodys_mi_detail,moodys_mi_detail,Moody's MI (detail),19-0000,"Life, Physical, and Social Science Occupations",4.2787698768620075,4.2787698768620075,31.55483191798602,0.00035035685809704786,0.0003180661577608015,0.0015050526768436,Bachelor's degree,Unreported,Unreported,BA+,83910.0,30.0,14.9,0.0,3.8734542067853837,29.235368956741834,0.40531567007662384,2.319462961244188,0.10463933441283643,0.07933756419069606
2,2. Equipment Manufacturing,2030,sam_mi_moodys_mi_detail,moodys_mi_detail,Moody's MI (detail),27-0000,"Arts, Design, Entertainment, Sports, and Media Occupations",22.256349643866017,22.256349643866017,164.1348780914514,0.0018224080654818836,0.0018023748939779082,0.0011825413889486002,Bachelor's degree,Less than 5 years,Short-term on-the-job training,BA+,83044.11764705864,160.0,7.0,0.0,21.94957383845091,165.66709075487344,0.3067758054151071,-1.5322126634220297,0.013976390050803728,-0.009248744916328268
2,2. Equipment Manufacturing,2030,sam_mi_moodys_mi_detail,moodys_mi_detail,Moody's MI (detail),37-0000,Building and Grounds Cleaning and Maintenance Occupations,40.58510817410864,40.58510817410864,299.30477769617625,0.0033232147076434366,0.003286683630195065,0.0035476241668458,No formal educational credential,Unreported,Short-term on-the-job training,HS or less,35930.0,250.0,351.3,0.0,40.02569347011705,302.0988125530097,0.5594147039915924,-2.7940348568334343,0.013976390050786958,-0.009248744916344752
2,2. Equipment Manufacturing,2030,sam_mi_moodys_mi_detail,moodys_mi_detail,Moody's MI (detail),41-0000,Sales and Related Occupations,240.2892882150108,240.2892882150108,1772.0719551475183,0.019675514803597898,0.01982612383375739,0.019590404915509032,High school diploma or equivalent,Unreported,Moderate-term on-the-job training,HS or less,73162.77375737087,1800.0,300.2,0.0,241.4453122229649,1822.3379983036448,-1.1560240079541018,-50.26604315612644,-0.004787933123698673,-0.027583271162055265
2,2. Equipment Manufacturing,2030,sam_mi_moodys_mi_detail,moodys_mi_detail,Moody's MI (detail),43-0000,Office and Administrative Support Occupations,503.2117150449728,503.2117150449728,3711.057510541058,0.04120429013819327,0.042938931297709954,0.010768426277635735,High school diploma or equivalent,Less than 5 years,Short-term on-the-job training,HS or less,47806.686026008494,4060.0,1431.3000000000002,0.0,522.9163179160481,3946.774809160308,-19.704602871075338,-235.71729861924996,-0.03768213420763592,-0.05972403038353226
2,2. Equipment Manufacturing,2030,sam_mi_moodys_mi_detail,moodys_mi_detail,Moody's MI (detail),47-0000,Construction and Extraction Occupations,53.67707855285407,53.67707855285407,395.8547059852706,0.004395219452044603,0.00434690415606447,0.0046226617931627,High school diploma or equivalent,Unreported,Apprenticeship,HS or less,62350.0,340.0,81.0,0.0,52.93720749273581,399.5500424088219,0.7398710601182614,-3.695336423551339,0.013976390050793455,-0.009248744916338288
2,2. Equipment Manufacturing,2030,sam_mi_moodys_mi_detail,moodys_mi_detail,Moody's MI (detail),49-0000,"Installation, Maintenance, and Repair Occupations",233.26418191186153,233.26418191186153,1720.2635955064452,0.019100280742640585,0.017917726887192433,0.01606576940252085,High school diploma or equivalent,Less than 5 years,Long-term on-the-job training,HS or less,62074.30408779224,1400.0,287.8,0.0,218.20458698225076,1646.92578456318,15.059594929610768,73.33781094326514,0.06901594113067727,0.044530124933781876
2,2. Equipment Manufacturing,2030,sam_mi_moodys_mi_detail,moodys_mi_detail,Moody's MI (detail),51-0000,Production Occupations,3099.3004398837134,3099.3004398837134,22856.54691847891,0.25377881860120327,0.2568914334181514,0.04993165990689995,High school diploma or equivalent,Less than 5 years,Moderate-term on-the-job training,HS or less,52700.4810891475,25060.0,563.3000000000001,0.0,3128.459847680459,23612.43299406281,-29.159407796745654,-755.8860755838978,-0.0093206910801062,-0.032012206271753545
2,2. Equipment Manufacturing,2030,sam_mi_moodys_mi_detail,moodys_mi_detail,Moody's MI (detail),53-0000,Transportation and Material Moving Occupations,165.18476119159354,165.18476119159354,1218.1953049169547,0.013525759880090025,0.013358778625954113,0.01681921962506792,No formal educational credential,Less than 5 years,Short-term on-the-job training,HS or less,43022.10738988892,1220.0,1352.1,0.0,162.6850766849916,1227.8854961831985,2.4996845066019375,-9.6901912662438,0.015365173976234442,-0.007891771094589132
2,2. Equipment Manufacturing,2030,sam_mi_moodys_us,moodys_us,Moody's US,00-0000,All Occupations,5918.504709439805,5918.504709439805,43667.842919695664,0.5,0.5,0.03319123961959541,High school diploma or equivalent,5 years or more,Moderate-term on-the-job training,HS or less,67991.5311018735,46080.0,6175.0,0.0,6089.070013066867,45958.00000000001,-170.56530362706235,-2290.1570803043433,-0.02801171661042441,-0.049831521830896536
2,2. Equipment Manufacturing,2030,sam_mi_moodys_us,moodys_us,Moody's US,11-0000,Management Occupations,485.96906604654197,485.96906604654197,3585.571336304677,0.04105505443557716,0.040500424088210245,0.013769768591115342,Bachelor's degree,5 years or more,Unreported,BA+,127277.67601614333,3460.0,739.7,0.0,493.21983566402406,3722.636980491933,-7.250769617482092,-137.0656441872561,-0.014700888109498574,-0.036819503192369665
2,2. Equipment Manufacturing,2030,sam_mi_moodys_us,moodys_us,Moody's US,13-0000,Business and Financial Operations Occupations,387.0305930285528,387.0305930285528,2855.5846402439024,0.03269665329582764,0.032018659881255206,0.00828526514984312,Bachelor's degree,Less than 5 years,Moderate-term on-the-job training,BA+,84287.97396802202,2750.0,742.2,0.0,389.9277234830764,2943.0271416454534,-2.8971304545236194,-87.442501401551,-0.007429916571831959,-0.029711755003612263
2,2. Equipment Manufacturing,2030,sam_mi_moodys_us,moodys_us,Moody's US,15-0000,Computer and Mathematical Occupations,76.22349249853606,76.22349249853606,562.3912897978792,0.00643942146205969,0.00657336726039008,0.0042672058038159925,Bachelor's degree,Unreported,Moderate-term on-the-job training,BA+,98576.8456236249,660.0,210.0,0.0,80.05138694023348,604.1976251060147,-3.827894441697424,-41.806335308135544,-0.04781796528466568,-0.06919314735935954
2,2. Equipment Manufacturing,2030,sam_mi_moodys_us,moodys_us,Moody's US,17-0000,Architecture and Engineering Occupations,741.3875003913992,741.3875003913992,5470.096671221835,0.0626330075575434,0.060220525869380884,0.025238779484042507,Bachelor's degree,Unreported,Unreported,BA+,99856.49180875183,4890.0,94.2,0.0,733.3739964847293,5535.229855810014,8.013503906669825,-65.13318458817866,0.010926899433414376,-0.011767024366623564
2,2. Equipment Manufacturing,2030,sam_mi_moodys_us,moodys_us,Moody's US,19-0000,"Life, Physical, and Social Science Occupations",4.147177429263823,4.147177429263823,30.598656490439986,0.00035035685809704786,0.0003180661577608015,0.0015050526768436,Bachelor's degree,Unreported,Unreported,BA+,83910.0,30.0,14.9,0.0,3.8734542067853837,29.235368956741834,0.27372322247843917,1.363287533698152,0.07066644082146117,0.04663144616766571
2,2. Equipment Manufacturing,2030,sam_mi_moodys_us,moodys_us,Moody's US,27-0000,"Arts, Design, Entertainment, Sports, and Media Occupations",21.571861436151224,21.571861436151224,159.16125827809867,0.0018224080654818833,0.0018023748939779082,0.0011825413889486002,Bachelor's degree,Less than 5 years,Short-term on-the-job training,BA+,83044.11764705864,160.0,7.0,0.0,21.94957383845091,165.66709075487344,-0.37771240229968583,-6.505832476774771,-0.017208188417672843,-0.03927051804393075
2,2. Equipment Manufacturing,2030,sam_mi_moodys_us,moodys_us,Moody's US,37-0000,Building and Grounds Cleaning and Maintenance Occupations,39.3369237953346,39.3369237953346,290.23523568359184,0.0033232147076434357,0.003286683630195065,0.0035476241668458,No formal educational credential,Unreported,Short-term on-the-job training,HS or less,35930.0,250.0,351.3,0.0,40.02569347011705,302.0988125530097,-0.6887696747824492,-11.863576869417841,-0.01720818841768927,-0.03927051804394671
2,2. Equipment Manufacturing,2030,sam_mi_moodys_us,moodys_us,Moody's US,41-0000,Sales and Related Occupations,232.89925405149347,232.89925405149347,1718.3745796153191,0.019675514803597895,0.01982612383375739,0.019590404915509032,High school diploma or equivalent,Unreported,Moderate-term on-the-job training,HS or less,73162.77375737087,1800.0,300.2,0.0,241.4453122229649,1822.3379983036448,-8.54605817147143,-103.96341868832565,-0.0353954197444906,-0.05704947094617015
2,2. Equipment Manufacturing,2030,sam_mi_moodys_us,moodys_us,Moody's US,43-0000,Office and Administrative Support Occupations,487.7355704640418,487.7355704640418,3598.6049387443773,0.04120429013819326,0.042938931297709954,0.010768426277635735,High school diploma or equivalent,Less than 5 years,Short-term on-the-job training,HS or less,47806.686026008494,4060.0,1431.3000000000002,0.0,522.9163179160481,3946.774809160308,-35.1807474520063,-348.16987041593075,-0.06727796828412307,-0.088216299954039
2,2. Equipment Manufacturing,2030,sam_mi_moodys_us,moodys_us,Moody's US,47-0000,Construction and Extraction Occupations,52.02625405189484,52.02625405189484,383.8595052589491,0.004395219452044603,0.00434690415606447,0.0046226617931627,High school diploma or equivalent,Unreported,Apprenticeship,HS or less,62350.0,340.0,81.0,0.0,52.93720749273581,399.5500424088219,-0.9109534408409701,-15.690537149872796,-0.01720818841768285,-0.039270518043940404
2,2. Equipment Manufacturing,2030,sam_mi_moodys_us,moodys_us,Moody's US,49-0000,"Installation, Maintenance, and Repair Occupations",226.09020305388142,226.09020305388142,1668.1361183834345,0.019100280742640585,0.017917726887192433,0.01606576940252085,High school diploma or equivalent,Less than 5 years,Long-term on-the-job training,HS or less,62074.30408779225,1400.0,287.8,0.0,218.20458698225076,1646.92578456318,7.885616071630665,21.21033382025439,0.03613863567529906,0.0128787429397616
2,2. Equipment Manufacturing,2030,sam_mi_moodys_us,moodys_us,Moody's US,51-0000,Production Occupations,3003.9822660945833,3003.9822660945833,22163.94717404657,0.25377881860120327,0.2568914334181514,0.04993165990689995,High school diploma or equivalent,Less than 5 years,Moderate-term on-the-job training,HS or less,52700.48108914749,25060.0,563.3000000000001,0.0,3128.459847680459,23612.43299406281,-124.47758158587567,-1448.485820016238,-0.039788773916394474,-0.061344200336341886
2,2. Equipment Manufacturing,2030,sam_mi_moodys_us,moodys_us,Moody's US,53-0000,Transportation and Material Moving Occupations,160.10454709812956,160.10454709812956,1181.2815156265858,0.013525759880090023,0.013358778625954113,0.01681921962506792,No formal educational credential,Less than 5 years,Short-term on-the-job training,HS or less,43022.10738988892,1220.0,1352.1,0.0,162.6850766849916,1227.8854961831985,-2.580529586862042,-46.60398055661267,-0.015862116178355694,-0.037954663282104145
3,3. Forging & Foundries,2030,sam_mi_bls_us,bls_us,BLS US,00-0000,All Occupations,8268.231888897282,8268.231888897282,14911.531306024335,0.5000000000000001,0.4999999999999999,0.025870322210742182,High school diploma or equivalent,Less than 5 years,Moderate-term on-the-job training,HS or less,58229.86391943942,14030.0,4992.900000000001,0.0,8874.553681709272,15947.0,-606.3217928119902,-1035.4686939756648,-0.06832138432624933,-0.06493188022673009
3,3. Forging & Foundries,2030,sam_mi_bls_us,bls_us,BLS US,11-0000,Management Occupations,514.8624724663657,514.8624724663657,928.5404642301612,0.031134980210081653,0.03015075376884414,0.012203481957424704,Bachelor's degree,5 years or more,Unreported,BA+,133287.3565758317,760.0,600.3,0.0,535.1489657312111,961.6281407035149,-20.286493264845376,-33.08767647335367,-0.03790812383824107,-0.03440797442673334
3,3. Forging & Foundries,2030,sam_mi_bls_us,bls_us,BLS US,13-0000,Business and Financial Operations Occupations,246.92935988401453,246.92935988401453,445.3303837827058,0.01493241621679693,0.014447236180904393,0.006823107138019751,Bachelor's degree,Unreported,Moderate-term on-the-job training,BA+,79796.73130958095,350.0,456.9,0.0,256.425546079537,460.7801507537647,-9.496186195522483,-15.44976697105892,-0.037032917900375634,-0.03352958443584322
3,3. Forging & Foundries,2030,sam_mi_bls_us,bls_us,BLS US,15-0000,Computer and Mathematical Occupations,43.48073111999922,43.48073111999922,78.41631584805083,0.0026293850791960656,0.002826633165829108,0.0018172377985461658,"Some college, no degree",Unreported,Moderate-term on-the-job training,SC or associate's,72972.11988706539,40.0,55.099999999999994,0.0,50.17021553730051,90.15263819095358,-6.689484417301287,-11.736322342902753,-0.13333577194476662,-0.13018279418561088
3,3. Forging & Foundries,2030,sam_mi_bls_us,bls_us,BLS US,17-0000,Architecture and Engineering Occupations,351.78116048084985,351.78116048084985,634.427754067183,0.021273058448761425,0.02010050251256281,0.01998150311526479,Bachelor's degree,Unreported,Unreported,BA+,95119.05979192948,740.0,52.89999999999999,0.0,356.76597715414164,641.0854271356783,-4.984816673291789,-6.657673068495342,-0.013972231077231017,-0.01038500141586641
3,3. Forging & Foundries,2030,sam_mi_bls_us,bls_us,BLS US,19-0000,"Life, Physical, and Social Science Occupations",27.78399826901367,27.78399826901367,50.1076851208364,0.001680165641358129,0.0015703517587939545,0.0019470404984423002,Bachelor's degree,Unreported,Unreported,BA+,83910.0,0.0,14.9,0.0,27.872341965167045,50.084798994974385,-0.08834369615337678,0.02288612586201566,-0.0031695828166783658,0.0004569475433916008
3,3. Forging & Foundries,2030,sam_mi_bls_us,bls_us,BLS US,37-0000,Building and Grounds Cleaning and Maintenance Occupations,42.16176562447865,42.16176562447865,76.03759745428745,0.0025496240424203735,0.0025125628140703574,0.0038940809968847,No formal educational credential,Unreported,Short-term on-the-job training,HS or less,35930.0,120.0,351.3,0.0,44.59574714426781,80.13567839195998,-2.433981519789164,-4.098080937672535,-0.054578781064373756,-0.051139280529054525
3,3. Forging & Foundries,2030,sam_mi_bls_us,bls_us,BLS US,41-0000,Sales and Related Occupations,99.4724249601282,99.4724249601282,179.39581264900053,0.006015338363556387,0.005967336683417067,0.020638629283489005,High school diploma or equivalent,Unreported,Moderate-term on-the-job training,HS or less,66780.0,150.0,114.8,0.0,105.91489946763548,190.32223618090393,-6.442474507507285,-10.926423531903396,-0.06082689536495211,-0.05741012585370045
3,3. Forging & Foundries,2030,sam_mi_bls_us,bls_us,BLS US,43-0000,Office and Administrative Support Occupations,489.3330018835571,489.3330018835571,882.4987584655992,0.029591151316198664,0.030464824120602987,0.013956466583164713,High school diploma or equivalent,Less than 5 years,Short-term on-the-job training,HS or less,47095.933775709535,940.0,1244.8000000000002,0.0,540.7234341242455,971.6451005025117,-51.390432240688426,-89.14634203691253,-0.09504014251559165,-0.09174784290149579
3,3. Forging & Foundries,2030,sam_mi_bls_us,bls_us,BLS US,47-0000,Construction and Extraction Occupations,42.888732614588065,42.888732614588065,77.34866264659527,0.0025935854963247806,0.0025125628140703574,0.0029205607476635,High school diploma or equivalent,Unreported,Apprenticeship,HS or less,62350.0,130.0,81.0,0.0,44.59574714426781,80.13567839195998,-1.7070145296797463,-2.7870157453647124,-0.03827751835074166,-0.03477871281918709
3,3. Forging & Foundries,2030,sam_mi_bls_us,bls_us,BLS US,49-0000,"Installation, Maintenance, and Repair Occupations",561.3477712221111,561.3477712221111,1012.3754360815178,0.033946058768374546,0.03172110552763819,0.017853011936707654,High school diploma or equivalent,Less than 5 years,Long-term on-the-job training,HS or less,61945.381301963316,760.0,257.9,0.0,563.0213076963798,1011.7129396984924,-1.673536474268758,0.6624963830254273,-0.002972421205719704,0.000654826440415858
3,3. Forging & Foundries,2030,sam_mi_bls_us,bls_us,BLS US,51-0000,Production Occupations,5316.1382314311695,5316.1382314311695,9587.510695193028,0.3214797494111025,0.32631909547738736,0.031815466285279065,High school diploma or equivalent,Less than 5 years,Moderate-term on-the-job training,HS or less,49356.133983530795,9330.0,531.1,0.0,5791.872660361776,10407.621231155788,-475.73442893060655,-820.11053596276,-0.08213827492900903,-0.07879903752720303
3,3. Forging & Foundries,2030,sam_mi_bls_us,bls_us,BLS US,53-0000,Transportation and Material Moving Occupations,532.0522389410044,532.0522389410044,959.5417404853691,0.03217448700582848,0.031407035175879394,0.017353971962616777,No formal educational credential,Less than 5 years,Short-term on-the-job training,HS or less,43472.41152918402,710.0,1231.8999999999999,0.0,557.4468393033463,1001.6959798994974,-25.394600362341976,-42.154239414128256,-0.04555519660686958,-0.042082867716368086
3,3. Forging & Foundries,2030,sam_mi_dtmb_mi,dtmb_mi,DTMB MI,00-0000,All Occupations,8560.49357316372,8560.49357316372,15420.081622308395,0.5,0.4999999999999999,0.025870322210742182,High school diploma or equivalent,Less than 5 years,Moderate-term on-the-job training,HS or less,58229.86391943943,14030.0,4992.900000000001,0.0,8874.553681709272,15947.0,-314.0601085455528,-526.9183776916052,-0.03538883416670748,-0.033041849732965776
3,3. Forging & Foundries,2030,sam_mi_dtmb_mi,dtmb_mi,DTMB MI,11-0000,Management Occupations,533.061595977967,533.061595977967,960.207872296831,0.031134980210081646,0.03015075376884414,0.012203481957424704,Bachelor's degree,5 years or more,Unreported,BA+,133287.3565758317,760.0,600.3,0.0,535.1489657312111,961.6281407035149,-2.0873697532440474,-1.4202684066838174,-0.0039005396383265537,-0.0014769413940452774
3,3. Forging & Foundries,2030,sam_mi_dtmb_mi,dtmb_mi,DTMB MI,13-0000,Business and Financial Operations Occupations,255.65770611139163,255.65770611139163,460.51815376258037,0.01493241621679693,0.014447236180904393,0.006823107138019751,Bachelor's degree,Unreported,Moderate-term on-the-job training,BA+,79796.73130958095,350.0,456.9,0.0,256.425546079537,460.7801507537647,-0.7678399681453811,-0.26199699118433273,-0.002994397320722545,-0.0005685943518959017
3,3. Forging & Foundries,2030,sam_mi_dtmb_mi,dtmb_mi,DTMB MI,15-0000,Computer and Mathematical Occupations,45.01766814366099,45.01766814366099,81.0906650753663,0.002629385079196065,0.002826633165829108,0.0018172377985461658,"Some college, no degree",Unreported,Moderate-term on-the-job training,SC or associate's,72972.11988706539,40.0,55.099999999999994,0.0,50.17021553730051,90.15263819095358,-5.152547393639516,-9.061973115587278,-0.10270132066322706,-0.10051811347320735
3,3. Forging & Foundries,2030,sam_mi_dtmb_mi,dtmb_mi,DTMB MI,17-0000,Architecture and Engineering Occupations,364.2157602643167,364.2157602643167,656.0645952720768,0.021273058448761425,0.02010050251256281,0.01998150311526479,Bachelor's degree,Unreported,Unreported,BA+,95119.05979192947,740.0,52.89999999999999,0.0,356.76597715414164,641.0854271356783,7.449783110175076,14.97916813639847,0.020881428127201656,0.023365323094808554
3,3. Forging & Foundries,2030,sam_mi_dtmb_mi,dtmb_mi,DTMB MI,19-0000,"Life, Physical, and Social Science Occupations",28.766094349393526,28.766094349393526,51.81658265748097,0.001680165641358129,0.0015703517587939545,0.0019470404984423002,Bachelor's degree,Unreported,Unreported,BA+,83910.0,0.0,14.9,0.0,27.872341965167045,50.084798994974385,0.893752384226481,1.7317836625065866,0.03206592346432287,0.034577031300062865
3,3. Forging & Foundries,2030,sam_mi_dtmb_mi,dtmb_mi,DTMB MI,37-0000,Building and Grounds Cleaning and Maintenance Occupations,43.65208045824662,43.65208045824662,78.63082168064408,0.0025496240424203735,0.0025125628140703574,0.0038940809968847,No formal educational credential,Unreported,Short-term on-the-job training,HS or less,35930.0,120.0,351.3,0.0,44.59574714426781,80.13567839195998,-0.9436666860211886,-1.5048567113159095,-0.021160463641710384,-0.018778860321807568
3,3. Forging & Foundries,2030,sam_mi_dtmb_mi,dtmb_mi,DTMB MI,41-0000,Sales and Related Occupations,102.98853080325922,102.98853080325922,185.51401710368498,0.006015338363556387,0.005967336683417067,0.020638629283489005,High school diploma or equivalent,Unreported,Moderate-term on-the-job training,HS or less,66780.0,150.0,114.8,0.0,105.91489946763548,190.32223618090393,-2.9263686643762554,-4.808219077218951,-0.027629433432738788,-0.025263569689506337
3,3. Forging & Foundries,2030,sam_mi_dtmb_mi,dtmb_mi,DTMB MI,43-0000,Office and Administrative Support Occupations,506.6297213296677,506.6297213296677,912.5959371877238,0.029591151316198668,0.030464824120602987,0.013956466583164713,High school diploma or equivalent,Less than 5 years,Short-term on-the-job training,HS or less,47095.93377570952,940.0,1244.8000000000002,0.0,540.7234341242455,971.6451005025117,-34.09371279457781,-59.04916331478785,-0.06305203481664506,-0.06077235740112211
3,3. Forging & Foundries,2030,sam_mi_dtmb_mi,dtmb_mi,DTMB MI,47-0000,Construction and Extraction Occupations,44.40474394547784,44.40474394547784,79.9866000955267,0.0025935854963247806,0.0025125628140703574,0.0029205607476635,High school diploma or equivalent,Unreported,Apprenticeship,HS or less,62349.99999999999,130.0,81.0,0.0,44.59574714426781,80.13567839195998,-0.1910031987899714,-0.14907829643328796,-0.004282991339332731,-0.0018603236339263958
3,3. Forging & Foundries,2030,sam_mi_dtmb_mi,dtmb_mi,DTMB MI,49-0000,"Installation, Maintenance, and Repair Occupations",581.1900358418163,581.1900358418163,1046.9019939280258,0.03394605876837454,0.03172110552763819,0.017853011936707654,High school diploma or equivalent,Less than 5 years,Long-term on-the-job training,HS or less,61945.381301963316,760.0,257.9,0.0,563.0213076963798,1011.7129396984924,18.16872814543649,35.18905422953344,0.03227005425385131,0.03478165875788875
3,3. Forging & Foundries,2030,sam_mi_dtmb_mi,dtmb_mi,DTMB MI,51-0000,Production Occupations,5504.050657472054,5504.050657472054,9914.487951676902,0.3214797494111026,0.32631909547738736,0.031815466285279065,High school diploma or equivalent,Less than 5 years,Moderate-term on-the-job training,HS or less,49356.13398353079,9330.0,531.1,0.0,5791.872660361776,10407.621231155788,-287.82200288972217,-493.13327947888683,-0.049694117907582595,-0.047381939496670494
3,3. Forging & Foundries,2030,sam_mi_dtmb_mi,dtmb_mi,DTMB MI,53-0000,Transportation and Material Moving Occupations,550.8589784664686,550.8589784664686,992.266431571552,0.03217448700582848,0.031407035175879394,0.017353971962616777,No formal educational credential,Less than 5 years,Short-term on-the-job training,HS or less,43472.41152918401,710.0,1231.8999999999999,0.0,557.4468393033463,1001.6959798994974,-6.5878608368777805,-9.42954832794544,-0.011817917642354517,-0.009413583080259072
3,3. Forging & Foundries,2030,sam_mi_moodys_mi,moodys_mi,Moody's MI,00-0000,All Occupations,7557.956454598554,7557.956454598554,13891.072116759451,0.5,0.4999999999999999,0.025870322210742182,High school diploma or equivalent,Less than 5 years,Moderate-term on-the-job training,HS or less,58229.863919439435,14030.0,4992.900000000001,0.0,8874.553681709272,15947.0,-1316.5972271107184,-2055.927883240549,-0.1483564440907339,-0.12892254864492061
3,3. Forging & Foundries,2030,sam_mi_moodys_mi,moodys_mi,Moody's MI,11-0000,Management Occupations,470.63364928516967,470.63364928516967,864.9965109042449,0.031134980210081646,0.03015075376884414,0.012203481957424704,Bachelor's degree,5 years or more,Unreported,BA+,133287.35657583174,760.0,600.3,0.0,535.1489657312111,961.6281407035149,-64.51531644604142,-96.63162979926994,-0.12055580890059216,-0.10048752288860378
3,3. Forging & Foundries,2030,sam_mi_moodys_mi,moodys_mi,Moody's MI,13-0000,Business and Financial Operations Occupations,225.71710305698494,225.71710305698494,414.8545410899889,0.014932416216796928,0.014447236180904393,0.006823107138019751,Bachelor's degree,Unreported,Moderate-term on-the-job training,BA+,79796.73130958094,350.0,456.9,0.0,256.425546079537,460.7801507537647,-30.708443022552075,-45.92560966377579,-0.119755786785093,-0.09966924484192435
3,3. Forging & Foundries,2030,sam_mi_moodys_mi,moodys_mi,Moody's MI,15-0000,Computer and Mathematical Occupations,39.745555861870066,39.745555861870066,73.0499555156876,0.0026293850791960656,0.002826633165829108,0.0018172377985461658,"Some college, no degree",Unreported,Moderate-term on-the-job training,SC or associate's,72972.11988706539,40.0,55.099999999999994,0.0,50.17021553730051,90.15263819095358,-10.42465967543044,-17.10268267526598,-0.20778582598832815,-0.1897080664355107
3,3. Forging & Foundries,2030,sam_mi_moodys_mi,moodys_mi,Moody's MI,17-0000,Architecture and Engineering Occupations,321.56169882373734,321.56169882373734,591.0111781115677,0.021273058448761418,0.02010050251256281,0.01998150311526479,Bachelor's degree,Unreported,Unreported,BA+,95119.0597919295,740.0,52.89999999999999,0.0,356.76597715414164,641.0854271356783,-35.20427833040429,-50.0742490241106,-0.09867610866715072,-0.07810854358028164
3,3. Forging & Foundries,2030,sam_mi_moodys_mi,moodys_mi,Moody's MI,19-0000,"Life, Physical, and Social Science Occupations",25.39723750779478,25.39723750779478,46.67860418441433,0.001680165641358129,0.0015703517587939545,0.0019470404984423002,Bachelor's degree,Unreported,Unreported,BA+,83910.0,0.0,14.9,0.0,27.872341965167045,50.084798994974385,-2.4751044573722645,-3.406194810560052,-0.08880145272562605,-0.06800855506881114
3,3. Forging & Foundries,2030,sam_mi_moodys_mi,moodys_mi,Moody's MI,37-0000,Building and Grounds Cleaning and Maintenance Occupations,38.53989497642144,38.53989497642144,70.83402288777033,0.0025496240424203735,0.0025125628140703574,0.0038940809968847,No formal educational credential,Unreported,Short-term on-the-job training,HS or less,35930.0,120.0,351.3,0.0,44.59574714426781,80.13567839195998,-6.055852167846375,-9.301655504189654,-0.13579438748398173,-0.1160738349115029
3,3. Forging & Foundries,2030,sam_mi_moodys_mi,moodys_mi,Moody's MI,41-0000,Sales and Related Occupations,90.92733082287059,90.92733082287059,167.1189980297431,0.006015338363556387,0.005967336683417067,0.020638629283489005,High school diploma or equivalent,Unreported,Moderate-term on-the-job training,HS or less,66780.0,150.0,114.8,0.0,105.91489946763548,190.32223618090393,-14.987568644764892,-23.203238151160832,-0.1415057628350453,-0.12191553975388263
3,3. Forging & Foundries,2030,sam_mi_moodys_mi,moodys_mi,Moody's MI,43-0000,Office and Administrative Support Occupations,447.2972661785324,447.2972661785324,822.105633902514,0.029591151316198668,0.030464824120602987,0.013956466583164713,High school diploma or equivalent,Less than 5 years,Short-term on-the-job training,HS or less,47095.93377570953,940.0,1244.8000000000002,0.0,540.7234341242455,971.6451005025117,-93.42616794571308,-149.5394665999977,-0.17277995006268942,-0.15390338151518435
3,3. Forging & Foundries,2030,sam_mi_moodys_mi,moodys_mi,Moody's MI,47-0000,Construction and Extraction Occupations,39.20441248500214,39.20441248500214,72.05536634085776,0.0025935854963247806,0.0025125628140703574,0.0029205607476635,High school diploma or equivalent,Unreported,Apprenticeship,HS or less,62350.00000000001,130.0,81.0,0.0,44.59574714426781,80.13567839195998,-5.391334659265674,-8.080312051102226,-0.12089347089139772,-0.10083289008398691
3,3. Forging & Foundries,2030,sam_mi_moodys_mi,moodys_mi,Moody's MI,49-0000,"Installation, Maintenance, and Repair Occupations",513.1256679532364,513.1256679532364,943.0943008624906,0.03394605876837454,0.03172110552763819,0.017853011936707654,High school diploma or equivalent,Less than 5 years,Long-term on-the-job training,HS or less,61945.381301963316,760.0,257.9,0.0,563.0213076963798,1011.7129396984924,-49.89563974314342,-68.61863883600176,-0.08862122811531427,-0.06782421786208574
3,3. Forging & Foundries,2030,sam_mi_moodys_mi,moodys_mi,Moody's MI,51-0000,Production Occupations,4859.459894168737,4859.459894168737,8931.396766294765,0.3214797494111026,0.32631909547738736,0.031815466285279065,High school diploma or equivalent,Less than 5 years,Moderate-term on-the-job training,HS or less,49356.13398353079,9330.0,531.1,0.0,5791.872660361776,10407.621231155788,-932.4127661930388,-1476.224464861023,-0.1609864064474784,-0.14184071768886666
3,3. Forging & Foundries,2030,sam_mi_moodys_mi,moodys_mi,Moody's MI,53-0000,Transportation and Material Moving Occupations,486.34674347819725,486.34674347819725,893.8762386354065,0.03217448700582848,0.031407035175879394,0.017353971962616777,No formal educational credential,Less than 5 years,Short-term on-the-job training,HS or less,43472.41152918401,710.0,1231.8999999999999,0.0,557.4468393033463,1001.6959798994974,-71.10009582514908,-107.81974126409091,-0.12754596638130453,-0.10763719075213692
3,3. Forging & Foundries,2030,sam_mi_moodys_mi_detail,moodys_mi_detail,Moody's MI (detail),00-0000,All Occupations,7627.794099891538,7627.794099891538,14010.175949899225,0.5000000000000001,0.4999999999999999,0.025870322210742182,High school diploma or equivalent,Less than 5 years,Moderate-term on-the-job training,HS or less,58229.863919439435,14030.0,4992.900000000001,0.0,8874.553681709272,15947.0,-1246.7595818177342,-1936.824050100775,-0.1404870178865833,-0.12145381890642597
3,3. Forging & Foundries,2030,sam_mi_moodys_mi_detail,moodys_mi_detail,Moody's MI (detail),11-0000,Management Occupations,474.98243669340116,474.98243669340116,872.4131018797484,0.03113498021008165,0.03015075376884414,0.012203481957424704,Bachelor's degree,5 years or more,Unreported,BA+,133287.35657583174,760.0,600.3,0.0,535.1489657312111,961.6281407035149,-60.16652903780994,-89.21503882376646,-0.11242949700108314,-0.09277498759395485
3,3. Forging & Foundries,2030,sam_mi_moodys_mi_detail,moodys_mi_detail,Moody's MI (detail),13-0000,Business and Financial Operations Occupations,227.80279263121668,227.80279263121668,418.41155710890695,0.01493241621679693,0.014447236180904393,0.006823107138019751,Bachelor's degree,Unreported,Moderate-term on-the-job training,BA+,79796.73130958095,350.0,456.9,0.0,256.425546079537,460.7801507537647,-28.62275344832034,-42.368593644857754,-0.11162208245602118,-0.09194969352640152
3,3. Forging & Foundries,2030,sam_mi_moodys_mi_detail,moodys_mi_detail,Moody's MI (detail),15-0000,Computer and Mathematical Occupations,40.11281598686918,40.11281598686918,73.67629519915316,0.002629385079196065,0.002826633165829108,0.0018172377985461658,"Some college, no degree",Unreported,Moderate-term on-the-job training,SC or associate's,72972.11988706539,40.0,55.099999999999994,0.0,50.17021553730051,90.15263819095358,-10.057399550431327,-16.476342991800422,-0.20046554400297245,-0.1827605195191476
3,3. Forging & Foundries,2030,sam_mi_moodys_mi_detail,moodys_mi_detail,Moody's MI (detail),17-0000,Architecture and Engineering Occupations,324.5330194442205,324.5330194442205,596.0785837192757,0.021273058448761428,0.02010050251256281,0.01998150311526479,Bachelor's degree,Unreported,Unreported,BA+,95119.05979192947,740.0,52.89999999999999,0.0,356.76597715414164,641.0854271356783,-32.23295770992115,-45.0068434164026,-0.0903476221780947,-0.07020412804809775
3,3. Forging & Foundries,2030,sam_mi_moodys_mi_detail,moodys_mi_detail,Moody's MI (detail),19-0000,"Life, Physical, and Social Science Occupations",25.63191513198404,25.63191513198404,47.078832520805335,0.0016801656413581293,0.0015703517587939545,0.0019470404984423002,Bachelor's degree,Unreported,Unreported,BA+,83910.0,0.0,14.9,0.0,27.872341965167045,50.084798994974385,-2.2404268331830046,-3.0059664741690497,-0.0803817216358402,-0.06001754094032952
3,3. Forging & Foundries,2030,sam_mi_moodys_mi_detail,moodys_mi_detail,Moody's MI (detail),37-0000,Building and Grounds Cleaning and Maintenance Occupations,38.89601445543148,38.89601445543148,71.44136288080551,0.002549624042420374,0.0025125628140703574,0.0038940809968847,No formal educational credential,Unreported,Short-term on-the-job training,HS or less,35930.0,120.0,351.3,0.0,44.59574714426781,80.13567839195998,-5.699732688836335,-8.694315511154471,-0.12780888434041987,-0.10849493865427577
3,3. Forging & Foundries,2030,sam_mi_moodys_mi_detail,moodys_mi_detail,Moody's MI (detail),41-0000,Sales and Related Occupations,91.76752495677326,91.76752495677326,168.5518977432077,0.0060153383635563875,0.005967336683417067,0.020638629283489005,High school diploma or equivalent,Unreported,Moderate-term on-the-job training,HS or less,66780.0,150.0,114.8,0.0,105.91489946763548,190.32223618090393,-14.147374510862221,-21.77033843769624,-0.13357303440754573,-0.11438673102287024
3,3. Forging & Foundries,2030,sam_mi_moodys_mi_detail,moodys_mi_detail,Moody's MI (detail),43-0000,Office and Administrative Support Occupations,451.4304188373958,451.4304188373958,829.1544730000708,0.029591151316198668,0.030464824120602987,0.013956466583164713,High school diploma or equivalent,Less than 5 years,Short-term on-the-job training,HS or less,47095.933775709535,940.0,1244.8000000000002,0.0,540.7234341242455,971.6451005025117,-89.29301528684971,-142.49062750244093,-0.16513620392922027,-0.14664884064021746
3,3. Forging & Foundries,2030,sam_mi_moodys_mi_detail,moodys_mi_detail,Moody's MI (detail),47-0000,Construction and Extraction Occupations,39.56667229286086,39.56667229286086,72.67317828923377,0.002593585496324781,0.0025125628140703574,0.0029205607476635,High school diploma or equivalent,Unreported,Apprenticeship,HS or less,62350.0,130.0,81.0,0.0,44.59574714426781,80.13567839195998,-5.029074851406953,-7.46250010272621,-0.11277027908373935,-0.0931233160119466
3,3. Forging & Foundries,2030,sam_mi_moodys_mi_detail,moodys_mi_detail,Moody's MI (detail),49-0000,"Installation, Maintenance, and Repair Occupations",517.8670935759575,517.8670935759575,951.1805123010934,0.033946058768374546,0.03172110552763819,0.017853011936707654,High school diploma or equivalent,Less than 5 years,Long-term on-the-job training,HS or less,61945.381301963316,760.0,257.9,0.0,563.0213076963798,1011.7129396984924,-45.15421412042235,-60.53242739739903,-0.08019983169939394,-0.05983162320276216
3,3. Forging & Foundries,2030,sam_mi_moodys_mi_detail,moodys_mi_detail,Moody's MI (detail),51-0000,Production Occupations,4904.362671585235,4904.362671585235,9007.975707158117,0.3214797494111025,0.32631909547738736,0.031815466285279065,High school diploma or equivalent,Less than 5 years,Moderate-term on-the-job training,HS or less,49356.13398353081,9330.0,531.1,0.0,5791.872660361776,10407.621231155788,-887.5099887765409,-1399.6455239976713,-0.15323368465098552,-0.13448274998784113
3,3. Forging & Foundries,2030,sam_mi_moodys_mi_detail,moodys_mi_detail,Moody's MI (detail),53-0000,Transportation and Material Moving Occupations,490.8407243001908,490.8407243001908,901.5404480988065,0.03217448700582848,0.031407035175879394,0.017353971962616777,No formal educational credential,Less than 5 years,Short-term on-the-job training,HS or less,43472.41152918402,710.0,1231.8999999999999,0.0,557.4468393033463,1001.6959798994974,-66.60611500315554,-100.15553180069094,-0.11948424550472772,-0.09998595762632469
3,3. Forging & Foundries,2030,sam_mi_moodys_us,moodys_us,Moody's US,00-0000,All Occupations,7869.233020933057,7869.233020933057,14395.701208822346,0.49999999999999994,0.4999999999999999,0.025870322210742182,High school diploma or equivalent,Less than 5 years,Moderate-term on-the-job training,HS or less,58229.86391943945,14030.0,4992.900000000001,0.0,8874.553681709272,15947.0,-1005.3206607762158,-1551.2987911776545,-0.11328126425650144,-0.09727840917900887
3,3. Forging & Foundries,2030,sam_mi_moodys_us,moodys_us,Moody's US,11-0000,Management Occupations,490.01682875054354,490.01682875054354,896.4197444938645,0.03113498021008165,0.03015075376884414,0.012203481957424704,Bachelor's degree,5 years or more,Unreported,BA+,133287.3565758317,760.0,600.3,0.0,535.1489657312111,961.6281407035149,-45.13213698066755,-65.20839620965035,-0.08433565207212984,-0.06781040763006864
3,3. Forging & Foundries,2030,sam_mi_moodys_us,moodys_us,Moody's US,13-0000,Business and Financial Operations Occupations,235.01332555106939,235.01332555106939,429.9252043655639,0.014932416216796932,0.014447236180904393,0.006823107138019751,Bachelor's degree,Unreported,Moderate-term on-the-job training,BA+,79796.73130958094,350.0,456.9,0.0,256.425546079537,460.7801507537647,-21.41222052846763,-30.8549463882008,-0.08350268082036598,-0.06696240351874296
3,3. Forging & Foundries,2030,sam_mi_moodys_us,moodys_us,Moody's US,15-0000,Computer and Mathematical Occupations,41.38248777991672,41.38248777991672,75.70368392608448,0.0026293850791960656,0.002826633165829108,0.0018172377985461658,"Some college, no degree",Unreported,Moderate-term on-the-job training,SC or associate's,72972.11988706539,40.0,55.099999999999994,0.0,50.17021553730051,90.15263819095358,-8.787727757383784,-14.448954264869101,-0.17515826199411666,-0.1602721179857717
3,3. Forging & Foundries,2030,sam_mi_moodys_us,moodys_us,Moody's US,17-0000,Architecture and Engineering Occupations,334.8053080024648,334.8053080024648,612.4811864523666,0.021273058448761428,0.02010050251256281,0.01998150311526479,Bachelor's degree,Unreported,Unreported,BA+,95119.05979192947,740.0,52.89999999999999,0.0,356.76597715414164,641.0854271356783,-21.960669151676825,-28.604240683311673,-0.06155483021910652,-0.044618454066431175
3,3. Forging & Foundries,2030,sam_mi_moodys_us,moodys_us,Moody's US,19-0000,"Life, Physical, and Social Science Occupations",26.44322989122512,26.44322989122512,48.37432510864199,0.0016801656413581293,0.0015703517587939545,0.0019470404984423002,Bachelor's degree,Unreported,Unreported,BA+,83910.0,0.0,14.9,0.0,27.872341965167045,50.084798994974385,-1.4291120739419263,-1.7104738863323945,-0.0512734837900573,-0.0341515573718091
3,3. Forging & Foundries,2030,sam_mi_moodys_us,moodys_us,Moody's US,37-0000,Building and Grounds Cleaning and Maintenance Occupations,40.127171411158464,40.127171411158464,73.40725181902698,0.002549624042420374,0.0025125628140703574,0.0038940809968847,No formal educational credential,Unreported,Short-term on-the-job training,HS or less,35930.0,120.0,351.3,0.0,44.59574714426781,80.13567839195998,-4.468575733109347,-6.728426572933003,-0.10020183580854576,-0.08396293271547405
3,3. Forging & Foundries,2030,sam_mi_moodys_us,moodys_us,Moody's US,41-0000,Sales and Related Occupations,94.6721985651667,94.6721985651667,173.19002750344822,0.0060153383635563875,0.005967336683417067,0.020638629283489005,High school diploma or equivalent,Unreported,Moderate-term on-the-job training,HS or less,66780.0,150.0,114.8,0.0,105.91489946763548,190.32223618090393,-11.242700902468783,-17.132208677455708,-0.10614843576284776,-0.09001685258243448
3,3. Forging & Foundries,2030,sam_mi_moodys_us,moodys_us,Moody's US,43-0000,Office and Administrative Support Occupations,465.7193301297146,465.7193301297146,851.9707455460923,0.02959115131619867,0.030464824120602987,0.013956466583164713,High school diploma or equivalent,Less than 5 years,Short-term on-the-job training,HS or less,47095.93377570953,940.0,1244.8000000000002,0.0,540.7234341242455,971.6451005025117,-75.00410399453091,-119.67435495641939,-0.1387106592041963,-0.12316673535895634
3,3. Forging & Foundries,2030,sam_mi_moodys_us,moodys_us,Moody's US,47-0000,Construction and Extraction Occupations,40.81905726058404,40.81905726058404,74.6729637292535,0.002593585496324781,0.0025125628140703574,0.0029205607476635,High school diploma or equivalent,Unreported,Apprenticeship,HS or less,62350.00000000001,130.0,81.0,0.0,44.59574714426781,80.13567839195998,-3.7766898836837726,-5.462714662706489,-0.08468722076717614,-0.06816832118132493
3,3. Forging & Foundries,2030,sam_mi_moodys_us,moodys_us,Moody's US,49-0000,"Installation, Maintenance, and Repair Occupations",534.2588931812543,534.2588931812543,977.3546384932877,0.033946058768374546,0.03172110552763819,0.017853011936707654,High school diploma or equivalent,Less than 5 years,Long-term on-the-job training,HS or less,61945.38130196331,760.0,257.9,0.0,563.0213076963798,1011.7129396984924,-28.762414515125556,-34.358301205204725,-0.05108583657838443,-0.03396052363968388
3,3. Forging & Foundries,2030,sam_mi_moodys_us,moodys_us,Moody's US,51-0000,Production Occupations,5059.598119254267,5059.598119254267,9255.852834418629,0.32147974941110263,0.32631909547738736,0.031815466285279065,High school diploma or equivalent,Less than 5 years,Moderate-term on-the-job training,HS or less,49356.133983530795,9330.0,531.1,0.0,5791.872660361776,10407.621231155788,-732.2745411075093,-1151.7683967371595,-0.12643139517189755,-0.11066586409671379
3,3. Forging & Foundries,2030,sam_mi_moodys_us,moodys_us,Moody's US,53-0000,Transportation and Material Moving Occupations,506.3770711556941,506.3770711556941,926.3486029660878,0.03217448700582848,0.031407035175879394,0.017353971962616777,No formal educational credential,Less than 5 years,Short-term on-the-job training,HS or less,43472.41152918402,710.0,1231.8999999999999,0.0,557.4468393033463,1001.6959798994974,-51.06976814765221,-75.34737693340958,-0.09161370115843734,-0.07521980565497464
4,4. Parts & Machining,2030,sam_mi_bls_us,bls_us,BLS US,00-0000,All Occupations,14431.680756510303,14431.680756510303,48821.95640263672,0.5000000000000001,0.5,0.03189975275258648,High school diploma or equivalent,5 years or more,Moderate-term on-the-job training,HS or less,60557.44929794789,45610.0,5975.7,0.0,14602.465964852337,49288.99999999999,-170.78520834203482,-467.04359736327024,-0.01169564159595436,-0.009475615195343186
4,4. Parts & Machining,2030,sam_mi_bls_us,bls_us,BLS US,11-0000,Management Occupations,1004.4019469901057,1004.4019469901057,3397.8625839927395,0.03479850905574557,0.034088708115436704,0.015150150641865348,Bachelor's degree,5 years or more,Unreported,BA+,125384.78185003418,3400.0,620.8999999999999,0.0,995.5584000829002,3360.39666860352,8.84354690720545,37.46591538921939,0.008883001646582508,0.011149253818534792
4,4. Parts & Machining,2030,sam_mi_bls_us,bls_us,BLS US,13-0000,Business and Financial Operations Occupations,675.5259051510408,675.5259051510408,2285.2844964199985,0.02340426997203022,0.022467557621537754,0.0073803420801888744,Bachelor's degree,Less than 5 years,Moderate-term on-the-job training,BA+,79543.10283056273,1450.0,634.0,0.0,656.1634909637276,2214.8068952159488,19.36241418731322,70.47760120404973,0.02950852105300014,0.031821104294141186
4,4. Parts & Machining,2030,sam_mi_bls_us,bls_us,BLS US,15-0000,Computer and Mathematical Occupations,120.37195556678553,120.37195556678553,407.21482590519736,0.00417040667673044,0.004067402672864519,0.006978583940780788,Bachelor's degree,Unreported,Moderate-term on-the-job training,BA+,96903.53152000999,320.0,235.8,0.0,118.78821819170712,400.9564206856386,1.5837373750784138,6.258405219558767,0.013332444910676994,0.015608691859471526
4,4. Parts & Machining,2030,sam_mi_bls_us,bls_us,BLS US,17-0000,Architecture and Engineering Occupations,989.1755675905314,989.1755675905314,3346.3521851862342,0.034270975927190694,0.03215184969978684,0.020524971559402597,Bachelor's degree,Unreported,Unreported,BA+,94721.44377816547,3200.0,114.79999999999998,0.0,938.9925818963704,3169.465039705588,50.18298569416095,176.88714548064627,0.05344343146227248,0.05580977965198737
4,4. Parts & Machining,2030,sam_mi_bls_us,bls_us,BLS US,19-0000,"Life, Physical, and Social Science Occupations",38.4812627004908,38.4812627004908,130.18099288499405,0.0013332217968836184,0.0012589579701723058,0.0009584414568309656,Bachelor's degree,Unreported,Unreported,BA+,73402.77100911608,0.0,25.5,0.0,36.76778182124136,124.10555878364556,1.7134808792494454,6.075434101348492,0.04660278086886218,0.04895376291677519
4,4. Parts & Machining,2030,sam_mi_bls_us,bls_us,BLS US,37-0000,Building and Grounds Cleaning and Maintenance Occupations,51.00901249610458,51.00901249610458,172.56200620311944,0.0017672582063282482,0.0017431725740848078,0.0034751652822512,No formal educational credential,Unreported,Short-term on-the-job training,HS or less,35930.0,270.0,351.3,0.0,50.90923636787489,171.8384660081322,0.09977612822969206,0.7235401949872369,0.001959882633255397,0.004210583414734368
4,4. Parts & Machining,2030,sam_mi_bls_us,bls_us,BLS US,41-0000,Sales and Related Occupations,316.6611896690851,316.6611896690851,1071.255597824734,0.010971043325159321,0.01104009296920395,0.01298391341975888,High school diploma or equivalent,Unreported,Moderate-term on-the-job training,HS or less,76949.98845922107,930.0,147.0,0.0,322.4251636632125,1088.310284718187,-5.7639739941274115,-17.05468689345298,-0.017876935933412875,-0.015670794563766542
4,4. Parts & Machining,2030,sam_mi_bls_us,bls_us,BLS US,43-0000,Office and Administrative Support Occupations,1071.0700661075352,1071.0700661075352,3623.3988926121383,0.037108292657608954,0.03883401123377877,0.01191524494409001,High school diploma or equivalent,Less than 5 years,Short-term on-the-job training,HS or less,47330.0395959069,4100.0,1435.9,0.0,1134.1446546398956,3828.1791594034444,-63.074588532360394,-204.78026679130608,-0.055614236045037235,-0.05349286390849522
4,4. Parts & Machining,2030,sam_mi_bls_us,bls_us,BLS US,47-0000,Construction and Extraction Occupations,32.8083314464161,32.8083314464161,110.98963139117434,0.001136677425171558,0.0011621150493898553,0.0012714019325309,High school diploma or equivalent,Unreported,Apprenticeship,HS or less,62350.0,0.0,81.0,0.0,33.93949091191611,114.55897733875318,-1.1311594655000121,-3.5693459475788387,-0.0333287104522497,-0.031157278377444062
4,4. Parts & Machining,2030,sam_mi_bls_us,bls_us,BLS US,49-0000,"Installation, Maintenance, and Repair Occupations",508.40387050397703,508.40387050397703,1719.9155122302557,0.01761416009270542,0.016560139453805925,0.01385307649527277,High school diploma or equivalent,Less than 5 years,Long-term on-the-job training,HS or less,59705.87225284482,1590.0,262.7,0.0,483.6377454948188,1632.4654270772808,24.76612500915826,87.4500851529749,0.05120800690156964,0.053569333660892914
4,4. Parts & Machining,2030,sam_mi_bls_us,bls_us,BLS US,51-0000,Production Occupations,8919.213439064348,8919.213439064348,30173.439740992955,0.30901506170862275,0.31212473368196847,0.04318080174403371,High school diploma or equivalent,Less than 5 years,Moderate-term on-the-job training,HS or less,50163.809004815594,28380.0,640.7,0.0,9115.58160075909,30768.631996901084,-196.3681616947415,-595.1922559081286,-0.02154203322346313,-0.019344124755630163
4,4. Parts & Machining,2030,sam_mi_bls_us,bls_us,BLS US,53-0000,Transportation and Material Moving Occupations,704.5582092238803,704.5582092238803,2383.4999369931875,0.0244101231558232,0.024501258957970107,0.010501545448515096,No formal educational credential,Less than 5 years,Short-term on-the-job training,HS or less,41692.45373102842,1970.0,1426.1,0.0,715.5576000595839,2415.285105558778,-10.999390835703593,-31.78516856559054,-0.015371775570251343,-0.01316000686313884
4,4. Parts & Machining,2030,sam_mi_dtmb_mi,dtmb_mi,DTMB MI,00-0000,All Occupations,14378.636305202575,14378.636305202575,48635.658268634375,0.49999999999999994,0.5,0.03189975275258648,High school diploma or equivalent,5 years or more,Moderate-term on-the-job training,HS or less,60557.4492979479,45610.0,5975.7,0.0,14602.465964852337,49288.99999999999,-223.8296596497621,-653.3417313656173,-0.015328209645447066,-0.01325532535384401
4,4. Parts & Machining,2030,sam_mi_dtmb_mi,dtmb_mi,DTMB MI,11-0000,Management Occupations,1000.7102113517278,1000.7102113517278,3384.8967893864406,0.03479850905574557,0.034088708115436704,0.015150150641865348,Bachelor's degree,5 years or more,Unreported,BA+,125384.78185003418,3400.0,620.8999999999999,0.0,995.5584000829002,3360.39666860352,5.1518112688276005,24.500120782920476,0.005174795640716415,0.007290841885372416
4,4. Parts & Machining,2030,sam_mi_dtmb_mi,dtmb_mi,DTMB MI,13-0000,Business and Financial Operations Occupations,673.0429718331923,673.0429718331923,2276.564152773045,0.023404269972030215,0.022467557621537754,0.0073803420801888744,Bachelor's degree,Less than 5 years,Moderate-term on-the-job training,BA+,79543.10283056274,1450.0,634.0,0.0,656.1634909637276,2214.8068952159488,16.879480869464714,61.75725755709618,0.025724504794793292,0.027883811311267707
4,4. Parts & Machining,2030,sam_mi_dtmb_mi,dtmb_mi,DTMB MI,15-0000,Computer and Mathematical Occupations,119.92952169899107,119.92952169899107,405.6609479413856,0.00417040667673044,0.004067402672864519,0.006978583940780788,Bachelor's degree,Unreported,Moderate-term on-the-job training,BA+,96903.53152000997,320.0,235.8,0.0,118.78821819170712,400.9564206856386,1.1413035072839506,4.704527255746996,0.009607884726766847,0.011733263300041978
4,4. Parts & Machining,2030,sam_mi_dtmb_mi,dtmb_mi,DTMB MI,17-0000,Architecture and Engineering Occupations,985.5397973628553,985.5397973628553,3333.582947454883,0.034270975927190694,0.03215184969978684,0.020524971559402597,Bachelor's degree,Unreported,Unreported,BA+,94721.44377816549,3200.0,114.79999999999998,0.0,938.9925818963704,3169.465039705588,46.547215466484886,164.11790774929523,0.049571441099650726,0.05178094905395775
4,4. Parts & Machining,2030,sam_mi_dtmb_mi,dtmb_mi,DTMB MI,19-0000,"Life, Physical, and Social Science Occupations",38.33982266311643,38.33982266311643,129.6842394190527,0.0013332217968836187,0.0012589579701723058,0.0009584414568309656,Bachelor's degree,Unreported,Unreported,BA+,73402.77100911607,0.0,25.5,0.0,36.76778182124136,124.10555878364556,1.5720408418750722,5.5786806354071246,0.04275593370081624,0.0449510939726116
4,4. Parts & Machining,2030,sam_mi_dtmb_mi,dtmb_mi,DTMB MI,37-0000,Building and Grounds Cleaning and Maintenance Occupations,50.821526012357076,50.821526012357076,171.9035323908408,0.0017672582063282484,0.0017431725740848078,0.0034751652822512,No formal educational credential,Unreported,Short-term on-the-job training,HS or less,35930.0,270.0,351.3,0.0,50.90923636787489,171.8384660081322,-0.08771035551781381,0.06506638270860776,-0.0017228770607362995,0.00037864853091465863
4,4. Parts & Machining,2030,sam_mi_dtmb_mi,dtmb_mi,DTMB MI,41-0000,Sales and Related Occupations,315.49728372217237,315.49728372217237,1067.1678280256615,0.01097104332515932,0.01104009296920395,0.01298391341975888,High school diploma or equivalent,Unreported,Moderate-term on-the-job training,HS or less,76949.98845922107,930.0,147.0,0.0,322.4251636632125,1088.310284718187,-6.927879941040146,-21.142456692525457,-0.021486784289195947,-0.019426864736466404
4,4. Parts & Machining,2030,sam_mi_dtmb_mi,dtmb_mi,DTMB MI,43-0000,Office and Administrative Support Occupations,1067.1332880615569,1067.1332880615569,3609.5724812558856,0.03710829265760896,0.03883401123377877,0.01191524494409001,High school diploma or equivalent,Less than 5 years,Short-term on-the-job training,HS or less,47330.03959590688,4100.0,1435.9,0.0,1134.1446546398956,3828.1791594034444,-67.01136657833877,-218.6066781475588,-0.0590853788396293,-0.057104610062613914
4,4. Parts & Machining,2030,sam_mi_dtmb_mi,dtmb_mi,DTMB MI,47-0000,Construction and Extraction Occupations,32.6877425857519,32.6877425857519,110.5661096246302,0.001136677425171558,0.0011621150493898553,0.0012714019325309,High school diploma or equivalent,Unreported,Apprenticeship,HS or less,62350.0,0.0,81.0,0.0,33.93949091191611,114.55897733875318,-1.2517483261642113,-3.99286771412298,-0.036881764944939825,-0.03485425417438906
4,4. Parts & Machining,2030,sam_mi_dtmb_mi,dtmb_mi,DTMB MI,49-0000,"Installation, Maintenance, and Repair Occupations",506.53520358924914,506.53520358924914,1713.3525419156758,0.01761416009270542,0.016560139453805925,0.01385307649527277,High school diploma or equivalent,Less than 5 years,Long-term on-the-job training,HS or less,59705.87225284483,1590.0,262.7,0.0,483.6377454948188,1632.4654270772808,22.897458094430363,80.88711483839506,0.04734423296718404,0.04954905230869914
4,4. Parts & Machining,2030,sam_mi_dtmb_mi,dtmb_mi,DTMB MI,51-0000,Production Occupations,8886.430370276035,8886.430370276035,30058.301882243075,0.30901506170862275,0.31212473368196847,0.04318080174403371,High school diploma or equivalent,Less than 5 years,Moderate-term on-the-job training,HS or less,50163.80900481558,28380.0,640.7,0.0,9115.58160075909,30768.631996901084,-229.15123048305395,-710.3301146580088,-0.0251384103087807,-0.023086177985734008
4,4. Parts & Machining,2030,sam_mi_dtmb_mi,dtmb_mi,DTMB MI,53-0000,Transportation and Material Moving Occupations,701.9685660455712,701.9685660455712,2374.404816203792,0.0244101231558232,0.024501258957970107,0.010501545448515096,No formal educational credential,Less than 5 years,Short-term on-the-job training,HS or less,41692.45373102842,1970.0,1426.1,0.0,715.5576000595839,2415.285105558778,-13.589034014012782,-40.88028935498596,-0.018990831783327063,-0.016925657869913572
4,4. Parts & Machining,2030,sam_mi_moodys_mi,moodys_mi,Moody's MI,00-0000,All Occupations,14004.574588178042,14004.574588178042,47548.289556431155,0.5,0.5,0.03189975275258648,High school diploma or equivalent,5 years or more,Moderate-term on-the-job training,HS or less,60557.449297947904,45610.0,5975.7,0.0,14602.465964852337,49288.99999999999,-597.8913766742953,-1740.710443568838,-0.040944548551826825,-0.035316408195922785
4,4. Parts & Machining,2030,sam_mi_moodys_mi,moodys_mi,Moody's MI,11-0000,Management Occupations,974.6766312571559,974.6766312571559,3309.2191694293642,0.03479850905574557,0.034088708115436704,0.015150150641865348,Bachelor's degree,5 years or more,Unreported,BA+,125384.78185003418,3400.0,620.8999999999999,0.0,995.5584000829002,3360.39666860352,-20.881768825744302,-51.177499174155855,-0.020974931077880992,-0.015229600615996233
4,4. Parts & Machining,2030,sam_mi_moodys_mi,moodys_mi,Moody's MI,13-0000,Business and Financial Operations Occupations,655.5336890103056,655.5336890103056,2225.666010973959,0.023404269972030215,0.022467557621537754,0.0073803420801888744,Bachelor's degree,Less than 5 years,Moderate-term on-the-job training,BA+,79543.10283056274,1450.0,634.0,0.0,656.1634909637276,2214.8068952159488,-0.6298019534219748,10.859115758010375,-0.000959824741996793,0.004902962773624373
4,4. Parts & Machining,2030,sam_mi_moodys_mi,moodys_mi,Moody's MI,15-0000,Computer and Mathematical Occupations,116.80954273461433,116.80954273461433,396.59140846650547,0.0041704066767304405,0.004067402672864519,0.006978583940780788,Bachelor's degree,Unreported,Moderate-term on-the-job training,BA+,96903.53152000997,320.0,235.8,0.0,118.78821819170712,400.9564206856386,-1.9786754570927911,-4.365012219133121,-0.016657169264880235,-0.01088650036248058
4,4. Parts & Machining,2030,sam_mi_moodys_mi,moodys_mi,Moody's MI,17-0000,Architecture and Engineering Occupations,959.9008771639926,959.9008771639926,3259.05257353509,0.0342709759271907,0.03215184969978684,0.020524971559402597,Bachelor's degree,Unreported,Unreported,BA+,94721.44377816549,3200.0,114.79999999999998,0.0,938.9925818963704,3169.465039705588,20.90829526762218,89.58753382950181,0.02226673103784932,0.028265821741899892
4,4. Parts & Machining,2030,sam_mi_moodys_mi,moodys_mi,Moody's MI,19-0000,"Life, Physical, and Social Science Occupations",37.34240819408279,37.34240819408279,126.7848320823355,0.0013332217968836189,0.0012589579701723058,0.0009584414568309656,Bachelor's degree,Unreported,Unreported,BA+,73402.77100911606,0.0,25.5,0.0,36.76778182124136,124.10555878364556,0.5746263728414363,2.6792732986899352,0.015628529771939223,0.021588664721785257
4,4. Parts & Machining,2030,sam_mi_moodys_mi,moodys_mi,Moody's MI,37-0000,Building and Grounds Cleaning and Maintenance Occupations,49.49939873418739,49.49939873418739,168.0602098309494,0.0017672582063282484,0.0017431725740848078,0.0034751652822512,No formal educational credential,Unreported,Short-term on-the-job training,HS or less,35930.0,270.0,351.3,0.0,50.90923636787489,171.8384660081322,-1.409837633687502,-3.7782561771828114,-0.027693160107527124,-0.021987255036389854
4,4. Parts & Machining,2030,sam_mi_moodys_mi,moodys_mi,Moody's MI,41-0000,Sales and Related Occupations,307.28958911465315,307.28958911465315,1043.3086895216534,0.010971043325159323,0.01104009296920395,0.01298391341975888,High school diploma or equivalent,Unreported,Moderate-term on-the-job training,HS or less,76949.98845922106,930.0,147.0,0.0,322.4251636632125,1088.310284718187,-15.135574548559362,-45.00159519653357,-0.04694290723651193,-0.041349967769703226
4,4. Parts & Machining,2030,sam_mi_moodys_mi,moodys_mi,Moody's MI,43-0000,Office and Administrative Support Occupations,1039.3717047268485,1039.3717047268485,3528.8716884575574,0.03710829265760896,0.03883401123377877,0.01191524494409001,High school diploma or equivalent,Less than 5 years,Short-term on-the-job training,HS or less,47330.03959590689,4100.0,1435.9,0.0,1134.1446546398956,3828.1791594034444,-94.77294991304711,-299.30747094588696,-0.08356337044425664,-0.07818533524238945
4,4. Parts & Machining,2030,sam_mi_moodys_mi,moodys_mi,Moody's MI,47-0000,Construction and Extraction Occupations,31.8373675670265,31.8373675670265,108.09413468863168,0.0011366774251715581,0.0011621150493898553,0.0012714019325309,High school diploma or equivalent,Unreported,Apprenticeship,HS or less,62350.0,0.0,81.0,0.0,33.93949091191611,114.55897733875318,-2.102123344889609,-6.464842650121497,-0.06193738587138195,-0.05643244030544048
4,4. Parts & Machining,2030,sam_mi_moodys_mi,moodys_mi,Moody's MI,49-0000,"Installation, Maintenance, and Repair Occupations",493.3576376528043,493.3576376528043,1675.046368762583,0.017614160092705423,0.016560139453805925,0.01385307649527277,High school diploma or equivalent,Less than 5 years,Long-term on-the-job training,HS or less,59705.87225284482,1590.0,262.7,0.0,483.6377454948188,1632.4654270772808,9.719892157985555,42.58094168530215,0.020097463956294297,0.026083824489648057
4,4. Parts & Machining,2030,sam_mi_moodys_mi,moodys_mi,Moody's MI,51-0000,Production Occupations,8655.248961137697,8655.248961137697,29386.275262840067,0.3090150617086228,0.31212473368196847,0.04318080174403371,High school diploma or equivalent,Less than 5 years,Moderate-term on-the-job training,HS or less,50163.80900481559,28380.0,640.7,0.0,9115.58160075909,30768.631996901084,-460.33263962139245,-1382.356734061017,-0.05049953582589385,-0.04492746815003811
4,4. Parts & Machining,2030,sam_mi_moodys_mi,moodys_mi,Moody's MI,53-0000,Transportation and Material Moving Occupations,683.7067808846762,683.7067808846762,2321.319207842453,0.024410123155823207,0.024501258957970107,0.010501545448515096,No formal educational credential,Less than 5 years,Short-term on-the-job training,HS or less,41692.453731028414,1970.0,1426.1,0.0,715.5576000595839,2415.285105558778,-31.85081917490777,-93.96589771632489,-0.04451188719434407,-0.03890468148048543
4,4. Parts & Machining,2030,sam_mi_moodys_mi_detail,moodys_mi_detail,Moody's MI (detail),00-0000,All Occupations,14141.450169473641,14141.450169473641,48045.645261157064,0.5000000000000001,0.5,0.03189975275258648,High school diploma or equivalent,5 years or more,Moderate-term on-the-job training,HS or less,60557.44929794789,45610.0,5975.7,0.0,14602.465964852337,49288.99999999999,-461.01579537869657,-1243.3547388429288,-0.03157109192983888,-0.025225805734401772
4,4. Parts & Machining,2030,sam_mi_moodys_mi_detail,moodys_mi_detail,Moody's MI (detail),11-0000,Management Occupations,984.2027635676066,984.2027635676066,3343.833643419028,0.03479850905574558,0.034088708115436704,0.015150150641865348,Bachelor's degree,5 years or more,Unreported,BA+,125384.78185003412,3400.0,620.8999999999999,0.0,995.5584000829002,3360.39666860352,-11.355636515293668,-16.56302518449229,-0.011406298730790763,-0.004928889895422788
4,4. Parts & Machining,2030,sam_mi_moodys_mi_detail,moodys_mi_detail,Moody's MI (detail),13-0000,Business and Financial Operations Occupations,661.940635124747,661.940635124747,2248.946505345029,0.023404269972030215,0.022467557621537754,0.0073803420801888744,Bachelor's degree,Less than 5 years,Moderate-term on-the-job training,BA+,79543.10283056274,1450.0,634.0,0.0,656.1634909637276,2214.8068952159488,5.777144161019464,34.13961012908021,0.008804427921666892,0.015414260359592894
4,4. Parts & Machining,2030,sam_mi_moodys_mi_detail,moodys_mi_detail,Moody's MI (detail),15-0000,Computer and Mathematical Occupations,117.95119641084736,117.95119641084736,400.73975956990336,0.0041704066767304405,0.004067402672864519,0.006978583940780788,Bachelor's degree,Unreported,Moderate-term on-the-job training,BA+,96903.53152000997,320.0,235.8,0.0,118.78821819170712,400.9564206856386,-0.8370217808597573,-0.21666111573523494,-0.007046336695689167,-0.0005403607588194816
4,4. Parts & Machining,2030,sam_mi_moodys_mi_detail,moodys_mi_detail,Moody's MI (detail),17-0000,Architecture and Engineering Occupations,969.2825966671958,969.2825966671958,3293.142304302916,0.034270975927190694,0.03215184969978684,0.020524971559402597,Bachelor's degree,Unreported,Unreported,BA+,94721.4437781655,3200.0,114.79999999999998,0.0,938.9925818963704,3169.465039705588,30.290014770825337,123.67726459732785,0.03225799154840205,0.039021495125504284
4,4. Parts & Machining,2030,sam_mi_moodys_mi_detail,moodys_mi_detail,Moody's MI (detail),19-0000,"Life, Physical, and Social Science Occupations",37.707379210971595,37.707379210971595,128.1110030150255,0.0013332217968836187,0.0012589579701723058,0.0009584414568309656,Bachelor's degree,Unreported,Unreported,BA+,73402.77100911607,0.0,25.5,0.0,36.76778182124136,124.10555878364556,0.9395973897302383,4.005444231379926,0.025554910935296545,0.03227449495926815
4,4. Parts & Machining,2030,sam_mi_moodys_mi_detail,moodys_mi_detail,Moody's MI (detail),37-0000,Building and Grounds Cleaning and Maintenance Occupations,49.98318772276857,49.98318772276857,169.81812173223148,0.0017672582063282482,0.0017431725740848078,0.0034751652822512,No formal educational credential,Unreported,Short-term on-the-job training,HS or less,35930.0,270.0,351.3,0.0,50.90923636787489,171.8384660081322,-0.9260486451063201,-2.020344275900726,-0.01819018926967606,-0.011757229465753692
4,4. Parts & Machining,2030,sam_mi_moodys_mi_detail,moodys_mi_detail,Moody's MI (detail),41-0000,Sales and Related Occupations,310.2929249797538,310.2929249797538,1054.2217114907796,0.010971043325159321,0.01104009296920395,0.01298391341975888,High school diploma or equivalent,Unreported,Moderate-term on-the-job training,HS or less,76949.98845922104,930.0,147.0,0.0,322.4251636632125,1088.310284718187,-12.132238683458695,-34.08857322740732,-0.037628076374744,-0.03132247641694795
4,4. Parts & Machining,2030,sam_mi_moodys_mi_detail,moodys_mi_detail,Moody's MI (detail),43-0000,Office and Administrative Support Occupations,1049.5301429836431,1049.5301429836431,3565.7837305493595,0.037108292657608954,0.03883401123377877,0.01191524494409001,High school diploma or equivalent,Less than 5 years,Short-term on-the-job training,HS or less,47330.03959590689,4100.0,1435.9,0.0,1134.1446546398956,3828.1791594034444,-84.61451165625249,-262.3954288540849,-0.07460645457357341,-0.06854314229508911
4,4. Parts & Machining,2030,sam_mi_moodys_mi_detail,moodys_mi_detail,Moody's MI (detail),47-0000,Construction and Extraction Occupations,32.148534333658375,32.148534333658375,109.22480069231617,0.001136677425171558,0.0011621150493898553,0.0012714019325309,High school diploma or equivalent,Unreported,Apprenticeship,HS or less,62350.0,0.0,81.0,0.0,33.93949091191611,114.55897733875318,-1.7909565782577346,-5.334176646437015,-0.05276910555039976,-0.04656271180445116
4,4. Parts & Machining,2030,sam_mi_moodys_mi_detail,moodys_mi_detail,Moody's MI (detail),49-0000,"Installation, Maintenance, and Repair Occupations",498.1795344562497,498.1795344562497,1692.5673747747082,0.01761416009270542,0.016560139453805925,0.01385307649527277,High school diploma or equivalent,Less than 5 years,Long-term on-the-job training,HS or less,59705.87225284483,1590.0,262.7,0.0,483.6377454948188,1632.4654270772808,14.541788961430939,60.10194769742748,0.0300675228451265,0.0368166741546449
4,4. Parts & Machining,2030,sam_mi_moodys_mi_detail,moodys_mi_detail,Moody's MI (detail),51-0000,Production Occupations,8739.84219353862,8739.84219353862,29693.656070414097,0.3090150617086227,0.31212473368196847,0.04318080174403371,High school diploma or equivalent,Less than 5 years,Moderate-term on-the-job training,HS or less,50163.8090048156,28380.0,640.7,0.0,9115.58160075909,30768.631996901084,-375.73940722046973,-1074.9759264869863,-0.041219466148948794,-0.03493739749610104
4,4. Parts & Machining,2030,sam_mi_moodys_mi_detail,moodys_mi_detail,Moody's MI (detail),53-0000,Transportation and Material Moving Occupations,690.3890804775768,690.3890804775768,2345.6002358516753,0.0244101231558232,0.024501258957970107,0.010501545448515096,No formal educational credential,Less than 5 years,Short-term on-the-job training,HS or less,41692.453731028414,1970.0,1426.1,0.0,715.5576000595839,2415.285105558778,-25.168519582007093,-69.68486970710273,-0.03517329643331484,-0.02885161240249568
4,4. Parts & Machining,2030,sam_mi_moodys_us,moodys_us,Moody's US,00-0000,All Occupations,14019.231134903102,14019.231134903102,47582.28249422949,0.5000000000000001,0.5,0.03189975275258648,High school diploma or equivalent,5 years or more,Moderate-term on-the-job training,HS or less,60557.4492979479,45610.0,5975.7,0.0,14602.465964852337,49288.99999999999,-583.2348299492351,-1706.7175057705026,-0.03994084501570231,-0.03462674239222753
4,4. Parts & Machining,2030,sam_mi_moodys_us,moodys_us,Moody's US,11-0000,Management Occupations,975.696683205032,975.696683205032,3311.5849765369785,0.03479850905574558,0.034088708115436704,0.015150150641865348,Bachelor's degree,5 years or more,Unreported,BA+,125384.78185003412,3400.0,620.8999999999999,0.0,995.5584000829002,3360.39666860352,-19.861716877868275,-48.81169206654158,-0.01995032825418819,-0.01452557447238104
4,4. Parts & Machining,2030,sam_mi_moodys_us,moodys_us,Moody's US,13-0000,Business and Financial Operations Occupations,656.2197405631276,656.2197405631276,2227.257170760709,0.023404269972030222,0.022467557621537754,0.0073803420801888744,Bachelor's degree,Less than 5 years,Moderate-term on-the-job training,BA+,79543.10283056273,1450.0,634.0,0.0,656.1634909637276,2214.8068952159488,0.05624959940007557,12.450275544760188,8.572497582494272e-05,0.005621381968628131
4,4. Parts & Machining,2030,sam_mi_moodys_us,moodys_us,Moody's US,15-0000,Computer and Mathematical Occupations,116.93179025525436,116.93179025525436,396.87493721601726,0.004170406676730441,0.004067402672864519,0.006978583940780788,Bachelor's degree,Unreported,Moderate-term on-the-job training,BA+,96903.53152000996,320.0,235.8,0.0,118.78821819170712,400.9564206856386,-1.8564279364527607,-4.0814834696213325,-0.01562804766931307,-0.010179369275698251
4,4. Parts & Machining,2030,sam_mi_moodys_us,moodys_us,Moody's US,17-0000,Architecture and Engineering Occupations,960.9054654839733,960.9054654839733,3261.382515841053,0.03427097592719071,0.03215184969978684,0.020524971559402597,Bachelor's degree,Unreported,Unreported,BA+,94721.44377816547,3200.0,114.79999999999998,0.0,938.9925818963704,3169.465039705588,21.91288358760289,91.91747613546522,0.023336588605788636,0.029000943371820076
4,4. Parts & Machining,2030,sam_mi_moodys_us,moodys_us,Moody's US,19-0000,"Life, Physical, and Social Science Occupations",37.381489049204575,37.381489049204575,126.8754723335612,0.0013332217968836189,0.0012589579701723058,0.0009584414568309656,Bachelor's degree,Unreported,Unreported,BA+,73402.77100911607,0.0,25.5,0.0,36.76778182124136,124.10555878364556,0.6137072279632179,2.7699135499156426,0.0166914401022873,0.022319012758682793
4,4. Parts & Machining,2030,sam_mi_moodys_us,moodys_us,Moody's US,37-0000,Building and Grounds Cleaning and Maintenance Occupations,49.55120253913998,49.55120253913998,168.18035842751206,0.0017672582063282486,0.0017431725740848078,0.0034751652822512,No formal educational credential,Unreported,Short-term on-the-job training,HS or less,35930.0,270.0,351.3,0.0,50.90923636787489,171.8384660081322,-1.3580338287349107,-3.6581075806201397,-0.026675588274819754,-0.02128806003451533
4,4. Parts & Machining,2030,sam_mi_moodys_us,moodys_us,Moody's US,41-0000,Sales and Related Occupations,307.61118433288885,307.61118433288885,1044.0545655083233,0.010971043325159323,0.01104009296920395,0.01298391341975888,High school diploma or equivalent,Unreported,Moderate-term on-the-job training,HS or less,76949.98845922106,930.0,147.0,0.0,322.4251636632125,1088.310284718187,-14.813979330323662,-44.25571920986363,-0.04594548130802075,-0.040664615442206765
4,4. Parts & Machining,2030,sam_mi_moodys_us,moodys_us,Moody's US,43-0000,Office and Administrative Support Occupations,1040.4594635772955,1040.4594635772955,3531.3945282257832,0.03710829265760897,0.03883401123377877,0.01191524494409001,High school diploma or equivalent,Less than 5 years,Short-term on-the-job training,HS or less,47330.039595906885,4100.0,1435.9,0.0,1134.1446546398956,3828.1791594034444,-93.6851910626001,-296.78463117766114,-0.08260426981631039,-0.07752631703473092
4,4. Parts & Machining,2030,sam_mi_moodys_us,moodys_us,Moody's US,47-0000,Construction and Extraction Occupations,31.870687098613196,31.870687098613196,108.17141269865296,0.0011366774251715581,0.0011621150493898553,0.0012714019325309,High school diploma or equivalent,Unreported,Apprenticeship,HS or less,62350.0,0.0,81.0,0.0,33.93949091191611,114.55897733875318,-2.068803813302914,-6.387564640100223,-0.06095565247787967,-0.055757870648688375
4,4. Parts & Machining,2030,sam_mi_moodys_us,moodys_us,Moody's US,49-0000,"Installation, Maintenance, and Repair Occupations",493.8739631736472,493.8739631736472,1676.243882859386,0.017614160092705427,0.016560139453805925,0.01385307649527277,High school diploma or equivalent,Less than 5 years,Long-term on-the-job training,HS or less,59705.87225284481,1590.0,262.7,0.0,483.6377454948188,1632.4654270772808,10.236217678828439,43.77845578210531,0.021165051268600993,0.026817386179188493
4,4. Parts & Machining,2030,sam_mi_moodys_us,moodys_us,Moody's US,51-0000,Production Occupations,8664.307148519054,8664.307148519054,29407.283922382892,0.30901506170862275,0.31212473368196847,0.04318080174403371,High school diploma or equivalent,Less than 5 years,Moderate-term on-the-job training,HS or less,50163.80900481559,28380.0,640.7,0.0,9115.58160075909,30768.631996901084,-451.2744522400353,-1361.3480745181914,-0.04950583210208507,-0.04424467342764222
4,4. Parts & Machining,2030,sam_mi_moodys_us,moodys_us,Moody's US,53-0000,Transportation and Material Moving Occupations,684.4223171058717,684.4223171058717,2322.978751438625,0.024410123155823207,0.024501258957970107,0.010501545448515096,No formal educational credential,Less than 5 years,Short-term on-the-job training,HS or less,41692.453731028414,1970.0,1426.1,0.0,715.5576000595839,2415.285105558778,-31.13528295371225,-92.30635412015317,-0.043511917071553205,-0.038217580983590765
5,5. Component Systems,2030,sam_mi_bls_us,bls_us,BLS US,00-0000,All Occupations,6184.84752897131,6184.84752897131,18484.72384857673,0.5,0.49999999999999994,0.02962945890876937,High school diploma or equivalent,5 years or more,Moderate-term on-the-job training,HS or less,75482.2747737289,14730.0,5486.5,0.0,5948.051175681667,17831.000000000004,236.79635328964287,653.7238485767266,0.03981074578809508,0.036662208994264284
5,5. Component Systems,2030,sam_mi_bls_us,bls_us,BLS US,11-0000,Management Occupations,688.8434440864974,688.8434440864974,2058.7542019745188,0.055687989142803394,0.05569383945239571,0.013040746105095367,Bachelor's degree,5 years or more,Unreported,BA+,137457.66292782774,1510.0,748.7,0.0,662.5396144660967,1986.1537025513358,26.30382962040062,72.60049942318301,0.03970151979757073,0.036553313738973595
5,5. Component Systems,2030,sam_mi_bls_us,bls_us,BLS US,13-0000,Business and Financial Operations Occupations,569.301119104212,569.301119104212,1701.4767015731654,0.04602386044582902,0.04573739887990032,0.00982521952539585,Bachelor's degree,Less than 5 years,Moderate-term on-the-job training,BA+,81906.40004611525,1110.0,742.2,0.0,544.096778360425,1631.0871188550052,25.204340743787043,70.38958271816023,0.046323267746112215,0.04315501109932895
5,5. Component Systems,2030,sam_mi_bls_us,bls_us,BLS US,15-0000,Computer and Mathematical Occupations,305.0008134628477,305.0008134628477,911.559385100915,0.02465710044056468,0.024891101431238297,0.038653978052126316,Bachelor's degree,Unreported,Moderate-term on-the-job training,BA+,118520.27127927003,670.0,193.70000000000002,0.0,296.1070902641772,887.6664592408199,8.8937231986705,23.892925860095147,0.030035495572685568,0.026916558141139704
5,5. Component Systems,2030,sam_mi_bls_us,bls_us,BLS US,17-0000,Architecture and Engineering Occupations,1059.5891859207559,1059.5891859207559,3166.8061990108677,0.08566008951371767,0.08494088363410093,0.024252199560841518,Bachelor's degree,Unreported,Unreported,BA+,99424.13271945599,1580.0,97.30000000000001,0.0,1010.4654455265076,3029.1617921593065,49.12374039424833,137.64440685156114,0.0486149631456741,0.045439767267578916
5,5. Component Systems,2030,sam_mi_bls_us,bls_us,BLS US,19-0000,"Life, Physical, and Social Science Occupations",26.7869948454206,26.7869948454206,80.05859483705065,0.002165533969911456,0.002177971375233358,0.0019204389574759,Bachelor's degree,Unreported,Unreported,BA+,84150.00000000001,90.0,6.3,0.0,25.909370398115588,77.670815183572,0.8776244473050134,2.3877796534786455,0.03387285888540325,0.030742301955183803
5,5. Component Systems,2030,sam_mi_bls_us,bls_us,BLS US,27-0000,"Arts, Design, Entertainment, Sports, and Media Occupations",14.68945103045328,14.68945103045328,43.90252864168533,0.0011875354211760571,0.0012445550715619047,0.0017832647462277,Bachelor's degree,Less than 5 years,Short-term on-the-job training,BA+,91670.0,80.0,4.5,0.0,14.805354513208737,44.38332296204064,-0.11590348275545637,-0.480794320355308,-0.007828484123906116,-0.010832769794332729
5,5. Component Systems,2030,sam_mi_bls_us,bls_us,BLS US,37-0000,Building and Grounds Cleaning and Maintenance Occupations,15.225693355706301,15.225693355706301,45.505202151709504,0.0012308867182566346,0.0012445550715619047,0.0021947873799725,No formal educational credential,Unreported,Short-term on-the-job training,HS or less,35930.0,70.0,351.3,0.0,14.805354513208737,44.38332296204064,0.42033884249756426,1.1218791896688671,0.028391001520602224,0.025277043601002285
5,5. Component Systems,2030,sam_mi_bls_us,bls_us,BLS US,41-0000,Sales and Related Occupations,306.5102292779394,306.5102292779394,916.070593240477,0.024779125745798256,0.025513378967019346,0.012318913312589863,High school diploma or equivalent,Unreported,Moderate-term on-the-job training,HS or less,84364.57910129476,540.0,147.0,0.0,303.5097675207827,909.8581207218439,3.0004617571566996,6.212472518633149,0.00988588203162603,0.006827957433302271
5,5. Component Systems,2030,sam_mi_bls_us,bls_us,BLS US,43-0000,Office and Administrative Support Occupations,466.64080657809836,466.64080657809836,1394.654662975648,0.037724519835957225,0.039825762289981206,0.009878686556927287,High school diploma or equivalent,Less than 5 years,Short-term on-the-job training,HS or less,46685.55088421309,1620.0,1302.8000000000002,0.0,473.77134442268266,1420.2663347853095,-7.130537844584296,-25.611671809661402,-0.015050589126012386,-0.01803300633295157
5,5. Component Systems,2030,sam_mi_bls_us,bls_us,BLS US,47-0000,Construction and Extraction Occupations,57.23781791202778,57.23781791202778,171.06731456885683,0.004627261839836157,0.004667081518357168,0.0041152263374485,High school diploma or equivalent,Unreported,Apprenticeship,HS or less,62350.0,0.0,81.0,0.0,55.52007942453307,166.4374611076533,1.7177384874947066,4.629853461203538,0.030939049534854893,0.027817376150726707
5,5. Component Systems,2030,sam_mi_bls_us,bls_us,BLS US,49-0000,"Installation, Maintenance, and Repair Occupations",204.76770085043995,204.76770085043995,611.991546371702,0.016553981314111538,0.015245799626633508,0.010517622686934831,High school diploma or equivalent,Less than 5 years,Long-term on-the-job training,HS or less,63058.31970479212,500.0,257.9,0.0,181.36559278680915,543.6957062850041,23.402108063630806,68.29584008669792,0.12903278788463154,0.12561408761778484
5,5. Component Systems,2030,sam_mi_bls_us,bls_us,BLS US,51-0000,Production Occupations,2292.8978129503125,2292.8978129503125,6852.809658905442,0.18536413405583801,0.18481642812694493,0.05165740625274235,High school diploma or equivalent,Less than 5 years,Moderate-term on-the-job training,HS or less,47448.839686478146,6550.0,546.8000000000001,0.0,2198.5951452115223,6590.923459863108,94.3026677387902,261.8861990423338,0.0428922386844066,0.03973437116014895
5,5. Component Systems,2030,sam_mi_bls_us,bls_us,BLS US,53-0000,Transportation and Material Moving Occupations,177.35645959659894,177.35645959659894,530.0672592246848,0.014337981556199949,0.014001244555071502,0.012382258802011848,No formal educational credential,Unreported,Short-term on-the-job training,HS or less,39268.083499866414,410.0,1007.0,0.0,166.5602382735992,499.3123833229599,10.796221322999742,30.754875901724915,0.06481871925078177,0.06159445855728432
5,5. Component Systems,2030,sam_mi_dtmb_mi,dtmb_mi,DTMB MI,00-0000,All Occupations,6020.014717909628,6020.014717909628,18111.8242926646,0.5,0.49999999999999994,0.02962945890876937,High school diploma or equivalent,5 years or more,Moderate-term on-the-job training,HS or less,75482.27477372892,14730.0,5486.5,0.0,5948.051175681667,17831.000000000004,71.96354222796163,280.82429266459803,0.01209867570107353,0.015749217243261622
5,5. Component Systems,2030,sam_mi_dtmb_mi,dtmb_mi,DTMB MI,11-0000,Management Occupations,670.4850285009358,670.4850285009358,2017.2221491325377,0.05568798914280337,0.05569383945239571,0.013040746105095367,Bachelor's degree,5 years or more,Unreported,BA+,137457.66292782777,1510.0,748.7,0.0,662.5396144660967,1986.1537025513358,7.945414034839018,31.068446581201897,0.011992360700185119,0.01564251877449997
5,5. Component Systems,2030,sam_mi_dtmb_mi,dtmb_mi,DTMB MI,13-0000,Business and Financial Operations Occupations,554.1286345178189,554.1286345178189,1667.152147329943,0.04602386044582901,0.04573739887990032,0.00982521952539585,Bachelor's degree,Less than 5 years,Moderate-term on-the-job training,BA+,81906.40004611523,1110.0,742.2,0.0,544.096778360425,1631.0871188550052,10.031856157393918,36.06502847493789,0.018437631973531984,0.022111037514817057
5,5. Component Systems,2030,sam_mi_dtmb_mi,dtmb_mi,DTMB MI,15-0000,Computer and Mathematical Occupations,296.87221510635067,296.87221510635067,893.1701414921806,0.024657100440564676,0.024891101431238297,0.038653978052126316,Bachelor's degree,Unreported,Moderate-term on-the-job training,BA+,118520.27127927002,670.0,193.70000000000002,0.0,296.1070902641772,887.6664592408199,0.7651248421734635,5.503682251360715,0.0025839463738975108,0.00620016921228246
5,5. Component Systems,2030,sam_mi_dtmb_mi,dtmb_mi,DTMB MI,17-0000,Architecture and Engineering Occupations,1031.3499992200732,1031.3499992200732,3102.920980332751,0.08566008951371767,0.08494088363410093,0.024252199560841518,Bachelor's degree,Unreported,Unreported,BA+,99424.13271945596,1580.0,97.30000000000001,0.0,1010.4654455265076,3029.1617921593065,20.884553693565636,73.75918817344427,0.020668251236125788,0.02434970240426339
5,5. Component Systems,2030,sam_mi_dtmb_mi,dtmb_mi,DTMB MI,19-0000,"Life, Physical, and Social Science Occupations",26.073092742000462,26.073092742000462,78.44354152566544,0.0021655339699114557,0.002177971375233358,0.0019204389574759,Bachelor's degree,Unreported,Unreported,BA+,84150.0,90.0,6.3,0.0,25.909370398115588,77.670815183572,0.16372234388487428,0.7727263420934349,0.006319039844240366,0.009948734801702877
5,5. Component Systems,2030,sam_mi_dtmb_mi,dtmb_mi,DTMB MI,27-0000,"Arts, Design, Entertainment, Sports, and Media Occupations",14.297961427037745,14.297961427037745,43.01686577931239,0.001187535421176057,0.0012445550715619047,0.0017832647462277,Bachelor's degree,Less than 5 years,Short-term on-the-job training,BA+,91670.0,80.0,4.5,0.0,14.805354513208737,44.38332296204064,-0.5073930861709925,-1.3664571827282472,-0.03427091770874632,-0.030787626782630178
5,5. Component Systems,2030,sam_mi_dtmb_mi,dtmb_mi,DTMB MI,37-0000,Building and Grounds Cleaning and Maintenance Occupations,14.819912319968841,14.819912319968841,44.58720793047744,0.0012308867182566343,0.0012445550715619047,0.0021947873799725,No formal educational credential,Unreported,Short-term on-the-job training,HS or less,35930.0,70.0,351.3,0.0,14.805354513208737,44.38332296204064,0.014557806760103986,0.20388496843680315,0.0009832798496730423,0.004593729239497867
5,5. Component Systems,2030,sam_mi_dtmb_mi,dtmb_mi,DTMB MI,41-0000,Sales and Related Occupations,298.3414033732778,298.3414033732778,897.5903432674792,0.024779125745798256,0.025513378967019346,0.012318913312589863,High school diploma or equivalent,Unreported,Moderate-term on-the-job training,HS or less,84364.57910129474,540.0,147.0,0.0,303.5097675207827,909.8581207218439,-5.168364147504917,-12.267777454364705,-0.017028658384613652,-0.013483176305149594
5,5. Component Systems,2030,sam_mi_dtmb_mi,dtmb_mi,DTMB MI,43-0000,Office and Administrative Support Occupations,454.20432927707236,454.20432927707236,1366.519749587995,0.03772451983595722,0.039825762289981206,0.009878686556927287,High school diploma or equivalent,Less than 5 years,Short-term on-the-job training,HS or less,46685.55088421307,1620.0,1302.8000000000002,0.0,473.77134442268266,1420.2663347853095,-19.5670151456103,-53.746585197314516,-0.041300545877154766,-0.03784261013652694
5,5. Component Systems,2030,sam_mi_dtmb_mi,dtmb_mi,DTMB MI,47-0000,Construction and Extraction Occupations,55.71236875887049,55.71236875887049,167.61630679852877,0.004627261839836156,0.004667081518357168,0.0041152263374485,High school diploma or equivalent,Unreported,Apprenticeship,HS or less,62350.0,0.0,81.0,0.0,55.52007942453307,166.4374611076533,0.19228933433741702,1.1788456908754767,0.0034634196552040357,0.007082814668225373
5,5. Component Systems,2030,sam_mi_dtmb_mi,dtmb_mi,DTMB MI,49-0000,"Installation, Maintenance, and Repair Occupations",199.31042230190482,199.31042230190482,599.6456018104824,0.016553981314111534,0.015245799626633508,0.010517622686934831,High school diploma or equivalent,Less than 5 years,Long-term on-the-job training,HS or less,63058.319704792106,500.0,257.9,0.0,181.36559278680915,543.6957062850041,17.944829515095677,55.94989552547827,0.09894285481254092,0.10290663486709505
5,5. Component Systems,2030,sam_mi_dtmb_mi,dtmb_mi,DTMB MI,51-0000,Production Occupations,2231.789630377436,2231.789630377436,6714.565252362529,0.185364134055838,0.18481642812694493,0.05165740625274235,High school diploma or equivalent,Less than 5 years,Moderate-term on-the-job training,HS or less,47448.83968647815,6550.0,546.8000000000001,0.0,2198.5951452115223,6590.923459863108,33.19448516591365,123.64179249942026,0.015098043511198636,0.018759403481524918
5,5. Component Systems,2030,sam_mi_dtmb_mi,dtmb_mi,DTMB MI,53-0000,Transportation and Material Moving Occupations,172.62971998688096,172.62971998688096,519.3740053147185,0.014337981556199947,0.014001244555071502,0.012382258802011848,No formal educational credential,Unreported,Short-term on-the-job training,HS or less,39268.083499866414,410.0,1007.0,0.0,166.5602382735992,499.3123833229599,6.0694817132817604,20.061621991758614,0.03644015988564907,0.04017849879517723
5,5. Component Systems,2030,sam_mi_moodys_mi,moodys_mi,Moody's MI,00-0000,All Occupations,5854.918509904322,5854.918509904322,17541.08881152508,0.5000000000000001,0.49999999999999994,0.02962945890876937,High school diploma or equivalent,5 years or more,Moderate-term on-the-job training,HS or less,75482.27477372887,14730.0,5486.5,0.0,5948.051175681667,17831.000000000004,-93.13266577734521,-289.91118847492544,-0.015657677283967195,-0.01625882948095594
5,5. Component Systems,2030,sam_mi_moodys_mi,moodys_mi,Moody's MI,11-0000,Management Occupations,652.0972768231005,652.0972768231005,1953.655926578317,0.05568798914280337,0.05569383945239571,0.013040746105095367,Bachelor's degree,5 years or more,Unreported,BA+,137457.66292782777,1510.0,748.7,0.0,662.5396144660967,1986.1537025513358,-10.442337642996222,-32.49777597301886,-0.015761076643562077,-0.01636216569305461
5,5. Component Systems,2030,sam_mi_moodys_mi,moodys_mi,Moody's MI,13-0000,Business and Financial Operations Occupations,538.9319048430752,538.9319048430752,1614.6172470590463,0.04602386044582901,0.04573739887990032,0.00982521952539585,Bachelor's degree,Less than 5 years,Moderate-term on-the-job training,BA+,81906.40004611522,1110.0,742.2,0.0,544.096778360425,1631.0871188550052,-5.164873517349747,-16.469871795958852,-0.009492564048832485,-0.010097481370290274
5,5. Component Systems,2030,sam_mi_moodys_mi,moodys_mi,Moody's MI,15-0000,Computer and Mathematical Occupations,288.7306275400642,288.7306275400642,865.0247773252784,0.024657100440564673,0.024891101431238297,0.038653978052126316,Bachelor's degree,Unreported,Moderate-term on-the-job training,BA+,118520.27127927003,670.0,193.70000000000002,0.0,296.1070902641772,887.6664592408199,-7.376462724113026,-22.64168191554154,-0.024911469419837205,-0.02550697019115257
5,5. Component Systems,2030,sam_mi_moodys_mi,moodys_mi,Moody's MI,17-0000,Architecture and Engineering Occupations,1003.065687307853,1003.065687307853,3005.142475526619,0.08566008951371765,0.08494088363410093,0.024252199560841518,Bachelor's degree,Unreported,Unreported,BA+,99424.132719456,1580.0,97.30000000000001,0.0,1010.4654455265076,3029.1617921593065,-7.399758218654597,-24.019316632687605,-0.007323118520692135,-0.00792936075413974
5,5. Component Systems,2030,sam_mi_moodys_mi,moodys_mi,Moody's MI,19-0000,"Life, Physical, and Social Science Occupations",25.358049848522338,25.358049848522338,75.97164738118266,0.0021655339699114557,0.002177971375233358,0.0019204389574759,Bachelor's degree,Unreported,Unreported,BA+,84150.0,90.0,6.3,0.0,25.909370398115588,77.670815183572,-0.5513205495932496,-1.69916780238934,-0.02127880921542376,-0.021876528505249
5,5. Component Systems,2030,sam_mi_moodys_mi,moodys_mi,Moody's MI,27-0000,"Arts, Design, Entertainment, Sports, and Media Occupations",13.905846237221438,13.905846237221438,41.66132857936211,0.001187535421176057,0.0012445550715619047,0.0017832647462277,Bachelor's degree,Less than 5 years,Short-term on-the-job training,BA+,91670.0,80.0,4.5,0.0,14.805354513208737,44.38332296204064,-0.8995082759872997,-2.721994382678524,-0.06075560535783151,-0.06132921559313037
5,5. Component Systems,2030,sam_mi_moodys_mi,moodys_mi,Moody's MI,37-0000,Building and Grounds Cleaning and Maintenance Occupations,14.413482860632307,14.413482860632307,43.18218648373255,0.0012308867182566343,0.0012445550715619047,0.0021947873799725,No formal educational credential,Unreported,Short-term on-the-job training,HS or less,35930.0,70.0,351.3,0.0,14.805354513208737,44.38332296204064,-0.3918716525764303,-1.2011364783080865,-0.02646823838137873,-0.027062788411209605
5,5. Component Systems,2030,sam_mi_moodys_mi,moodys_mi,Moody's MI,41-0000,Sales and Related Occupations,290.15952397664176,290.15952397664176,869.3056907579896,0.024779125745798252,0.025513378967019346,0.012318913312589863,High school diploma or equivalent,Unreported,Moderate-term on-the-job training,HS or less,84364.57910129474,540.0,147.0,0.0,303.5097675207827,909.8581207218439,-13.350243544140938,-40.55242996385425,-0.04398620727494968,-0.044570058825964674
5,5. Component Systems,2030,sam_mi_moodys_mi,moodys_mi,Moody's MI,43-0000,Office and Administrative Support Occupations,441.74797892959714,441.74797892959714,1323.4583056293302,0.03772451983595721,0.039825762289981206,0.009878686556927287,High school diploma or equivalent,Less than 5 years,Short-term on-the-job training,HS or less,46685.55088421309,1620.0,1302.8000000000002,0.0,473.77134442268266,1420.2663347853095,-32.02336549308552,-96.80802915597928,-0.06759244912143814,-0.06816188399664701
5,5. Component Systems,2030,sam_mi_moodys_mi,moodys_mi,Moody's MI,47-0000,Construction and Extraction Occupations,54.184481992461265,54.184481992461265,162.33442177349391,0.004627261839836156,0.004667081518357168,0.0041152263374485,High school diploma or equivalent,Unreported,Apprenticeship,HS or less,62350.0,0.0,81.0,0.0,55.52007942453307,166.4374611076533,-1.3355974320718076,-4.1030393341593765,-0.02405611529946114,-0.024652138447999353
5,5. Component Systems,2030,sam_mi_moodys_mi,moodys_mi,Moody's MI,49-0000,"Installation, Maintenance, and Repair Occupations",193.84442321720377,193.84442321720377,580.7497128303143,0.016553981314111538,0.015245799626633508,0.010517622686934831,High school diploma or equivalent,Less than 5 years,Long-term on-the-job training,HS or less,63058.319704792106,500.0,257.9,0.0,181.36559278680915,543.6957062850041,12.478830430394623,37.05400654531013,0.06880483910232735,0.0681521044160803
5,5. Component Systems,2030,sam_mi_moodys_mi,moodys_mi,Moody's MI,51-0000,Production Occupations,2170.5837991118233,2170.5837991118233,6502.97747588979,0.185364134055838,0.18481642812694493,0.05165740625274235,High school diploma or equivalent,Less than 5 years,Moderate-term on-the-job training,HS or less,47448.83968647815,6550.0,546.8000000000001,0.0,2198.5951452115223,6590.923459863108,-28.01134609969904,-87.9459839733181,-0.012740565792982375,-0.013343499512455986
5,5. Component Systems,2030,sam_mi_moodys_mi,moodys_mi,Moody's MI,53-0000,Transportation and Material Moving Occupations,167.89542721612366,167.89542721612366,503.0076157106237,0.014337981556199949,0.014001244555071502,0.012382258802011848,No formal educational credential,Unreported,Short-term on-the-job training,HS or less,39268.083499866414,410.0,1007.0,0.0,166.5602382735992,499.3123833229599,1.3351889425244678,3.69523238766385,0.00801625259644038,0.007400642385577967
5,5. Component Systems,2030,sam_mi_moodys_mi_detail,moodys_mi_detail,Moody's MI (detail),00-0000,All Occupations,5862.459434922803,5862.459434922803,17645.52526386701,0.5,0.49999999999999994,0.02962945890876937,High school diploma or equivalent,5 years or more,Moderate-term on-the-job training,HS or less,75482.2747737289,14730.0,5486.5,0.0,5948.051175681667,17831.000000000004,-85.59174075886403,-185.4747361329937,-0.01438987968173541,-0.010401813478379995
5,5. Component Systems,2030,sam_mi_moodys_mi_detail,moodys_mi_detail,Moody's MI (detail),11-0000,Management Occupations,652.9371547242126,652.9371547242126,1965.2876386265773,0.05568798914280339,0.05569383945239571,0.013040746105095367,Bachelor's degree,5 years or more,Unreported,BA+,137457.66292782777,1510.0,748.7,0.0,662.5396144660967,1986.1537025513358,-9.602459741884104,-20.866063924758464,-0.014493412215995845,-0.010505764935490507
5,5. Component Systems,2030,sam_mi_moodys_mi_detail,moodys_mi_detail,Moody's MI (detail),13-0000,Business and Financial Operations Occupations,539.6260298044415,539.6260298044415,1624.230384475131,0.04602386044582902,0.04573739887990032,0.00982521952539585,Bachelor's degree,Less than 5 years,Moderate-term on-the-job training,BA+,81906.40004611522,1110.0,742.2,0.0,544.096778360425,1631.0871188550052,-4.470748555983505,-6.856734379874297,-0.008216826001902837,-0.004203781821713855
5,5. Component Systems,2030,sam_mi_moodys_mi_detail,moodys_mi_detail,Moody's MI (detail),15-0000,Computer and Mathematical Occupations,289.1025022312552,289.1025022312552,870.1749775153806,0.02465710044056468,0.024891101431238297,0.038653978052126316,Bachelor's degree,Unreported,Moderate-term on-the-job training,BA+,118520.27127927005,670.0,193.70000000000002,0.0,296.1070902641772,887.6664592408199,-7.004588032922015,-17.491481725439257,-0.02365559036993254,-0.019705015936277364
5,5. Component Systems,2030,sam_mi_moodys_mi_detail,moodys_mi_detail,Moody's MI (detail),17-0000,Architecture and Engineering Occupations,1004.357599932052,1004.357599932052,3023.0345472388285,0.08566008951371767,0.08494088363410093,0.024252199560841518,Bachelor's degree,Unreported,Unreported,BA+,99424.13271945597,1580.0,97.30000000000001,0.0,1010.4654455265076,3029.1617921593065,-6.107845594455512,-6.127244920478006,-0.00604458630574249,-0.002022752609760822
5,5. Component Systems,2030,sam_mi_moodys_mi_detail,moodys_mi_detail,Moody's MI (detail),19-0000,"Life, Physical, and Social Science Occupations",25.390710107106496,25.390710107106496,76.42396875166962,0.002165533969911456,0.002177971375233358,0.0019204389574759,Bachelor's degree,Unreported,Unreported,BA+,84149.99999999999,90.0,6.3,0.0,25.909370398115588,77.670815183572,-0.5186602910090912,-1.2468464319023838,-0.02001825142948336,-0.016052959260894967
5,5. Component Systems,2030,sam_mi_moodys_mi_detail,moodys_mi_detail,Moody's MI (detail),27-0000,"Arts, Design, Entertainment, Sports, and Media Occupations",13.923756468357201,13.923756468357201,41.90937255219812,0.0011875354211760571,0.0012445550715619047,0.0017832647462277,Bachelor's degree,Less than 5 years,Short-term on-the-job training,BA+,91670.0,80.0,4.5,0.0,14.805354513208737,44.38332296204064,-0.8815980448515361,-2.473950409842516,-0.05954589226924692,-0.05574054047188831
5,5. Component Systems,2030,sam_mi_moodys_mi_detail,moodys_mi_detail,Moody's MI (detail),37-0000,Building and Grounds Cleaning and Maintenance Occupations,14.432046909529546,14.432046909529546,43.43928536791159,0.0012308867182566346,0.0012445550715619047,0.0021947873799725,No formal educational credential,Unreported,Short-term on-the-job training,HS or less,35930.0,70.0,351.3,0.0,14.805354513208737,44.38332296204064,-0.3733076036791907,-0.9440375941290498,-0.02521436439405357,-0.021270097215038385
5,5. Component Systems,2030,sam_mi_moodys_mi_detail,moodys_mi_detail,Moody's MI (detail),41-0000,Sales and Related Occupations,290.533239035187,290.533239035187,874.481378728041,0.024779125745798256,0.025513378967019346,0.012318913312589863,High school diploma or equivalent,Unreported,Moderate-term on-the-job training,HS or less,84364.57910129476,540.0,147.0,0.0,303.5097675207827,909.8581207218439,-12.97652848559568,-35.37674199380285,-0.04275489580317087,-0.038881602733551915
5,5. Component Systems,2030,sam_mi_moodys_mi_detail,moodys_mi_detail,Moody's MI (detail),43-0000,Office and Administrative Support Occupations,442.31693448047963,442.31693448047963,1331.3379356652704,0.03772451983595722,0.039825762289981206,0.009878686556927287,High school diploma or equivalent,Less than 5 years,Short-term on-the-job training,HS or less,46685.55088421309,1620.0,1302.8000000000002,0.0,473.77134442268266,1420.2663347853095,-31.45440994220303,-88.9283991200391,-0.06639154164237607,-0.06261388934032694
5,5. Component Systems,2030,sam_mi_moodys_mi_detail,moodys_mi_detail,Moody's MI (detail),47-0000,Construction and Extraction Occupations,54.25426966161145,54.25426966161145,163.30093139471327,0.004627261839836157,0.004667081518357168,0.0041152263374485,High school diploma or equivalent,Unreported,Apprenticeship,HS or less,62350.0,0.0,81.0,0.0,55.52007942453307,166.4374611076533,-1.26580976292162,-3.1365297129400176,-0.022799134584131867,-0.0188450946804054
5,5. Component Systems,2030,sam_mi_moodys_mi_detail,moodys_mi_detail,Moody's MI (detail),49-0000,"Installation, Maintenance, and Repair Occupations",194.09408788089792,194.09408788089792,584.207390991475,0.016553981314111538,0.015245799626633508,0.010517622686934831,High school diploma or equivalent,Less than 5 years,Long-term on-the-job training,HS or less,63058.319704792106,500.0,257.9,0.0,181.36559278680915,543.6957062850041,12.728495094088771,40.511684706470874,0.07018142139590285,0.07451168776608792
5,5. Component Systems,2030,sam_mi_moodys_mi_detail,moodys_mi_detail,Moody's MI (detail),51-0000,Production Occupations,2173.379433183886,2173.379433183886,6541.695020994241,0.18536413405583804,0.18481642812694493,0.05165740625274235,High school diploma or equivalent,Less than 5 years,Moderate-term on-the-job training,HS or less,47448.839686478146,6550.0,546.8000000000001,0.0,2198.5951452115223,6590.923459863108,-25.215712027636528,-49.22843886886767,-0.011469011055789707,-0.007469126165499444
5,5. Component Systems,2030,sam_mi_moodys_mi_detail,moodys_mi_detail,Moody's MI (detail),53-0000,Transportation and Material Moving Occupations,168.11167050378702,168.11167050378702,506.0024315655708,0.014337981556199947,0.014001244555071502,0.012382258802011848,No formal educational credential,Unreported,Short-term on-the-job training,HS or less,39268.083499866414,410.0,1007.0,0.0,166.5602382735992,499.3123833229599,1.551432230187828,6.690048242610942,0.009314541371148718,0.013398522580369806
5,5. Component Systems,2030,sam_mi_moodys_us,moodys_us,Moody's US,00-0000,All Occupations,5805.738171318162,5805.738171318162,17574.297884251413,0.5,0.49999999999999994,0.02962945890876937,High school diploma or equivalent,5 years or more,Moderate-term on-the-job training,HS or less,75482.2747737289,14730.0,5486.5,0.0,5948.051175681667,17831.000000000004,-142.31300436350466,-256.7021157485906,-0.02392598855661243,-0.014396394803914
5,5. Component Systems,2030,sam_mi_moodys_us,moodys_us,Moody's US,11-0000,Management Occupations,646.6197685006499,646.6197685006499,1957.35461954117,0.05568798914280338,0.05569383945239571,0.013040746105095367,Bachelor's degree,5 years or more,Unreported,BA+,137457.66292782777,1510.0,748.7,0.0,662.5396144660967,1986.1537025513358,-15.919845965446825,-28.79908301016576,-0.024028519378838546,-0.014499926653799037
5,5. Component Systems,2030,sam_mi_moodys_us,moodys_us,Moody's US,13-0000,Business and Financial Operations Occupations,534.4049667635394,534.4049667635394,1617.6740665164305,0.046023860445829026,0.04573739887990032,0.00982521952539585,Bachelor's degree,Less than 5 years,Moderate-term on-the-job training,BA+,81906.40004611522,1110.0,742.2,0.0,544.096778360425,1631.0871188550052,-9.6918115968856,-13.413052338574744,-0.017812661243999266,-0.00822338192946461
5,5. Component Systems,2030,sam_mi_moodys_us,moodys_us,Moody's US,15-0000,Computer and Mathematical Occupations,286.30533844362446,286.30533844362446,866.6624562087809,0.02465710044056468,0.024891101431238297,0.038653978052126316,Bachelor's degree,Unreported,Moderate-term on-the-job training,BA+,118520.27127927005,670.0,193.70000000000002,0.0,296.1070902641772,887.6664592408199,-9.801751820552738,-21.00400303203901,-0.03310205038254211,-0.023662044243513224
5,5. Component Systems,2030,sam_mi_moodys_us,moodys_us,Moody's US,17-0000,Architecture and Engineering Occupations,994.6401028966425,994.6401028966425,3010.83185981143,0.08566008951371766,0.08494088363410093,0.024252199560841518,Bachelor's degree,Unreported,Unreported,BA+,99424.132719456,1580.0,97.30000000000001,0.0,1010.4654455265076,3029.1617921593065,-15.825342629865077,-18.329932347876365,-0.015661438696321982,-0.006051156592335751
5,5. Component Systems,2030,sam_mi_moodys_us,moodys_us,Moody's US,19-0000,"Life, Physical, and Social Science Occupations",25.145046460802195,25.145046460802195,76.11547813137894,0.002165533969911456,0.002177971375233358,0.0019204389574759,Bachelor's degree,Unreported,Unreported,BA+,84150.0,90.0,6.3,0.0,25.909370398115588,77.670815183572,-0.7643239373133923,-1.5553370521930674,-0.02949990391773404,-0.020024729346757694
5,5. Component Systems,2030,sam_mi_moodys_us,moodys_us,Moody's US,27-0000,"Arts, Design, Entertainment, Sports, and Media Occupations",13.78903944902845,13.78903944902845,41.74020247969598,0.0011875354211760571,0.0012445550715619047,0.0017832647462277,Bachelor's degree,Less than 5 years,Short-term on-the-job training,BA+,91670.0,80.0,4.5,0.0,14.805354513208737,44.38332296204064,-1.0163150641802865,-2.6431204823446564,-0.06864510155927515,-0.059552108899219115
5,5. Component Systems,2030,sam_mi_moodys_us,moodys_us,Moody's US,37-0000,Building and Grounds Cleaning and Maintenance Occupations,14.292412009502174,14.292412009502174,43.263939696821474,0.0012308867182566346,0.0012445550715619047,0.0021947873799725,No formal educational credential,Unreported,Short-term on-the-job training,HS or less,35930.0,70.0,351.3,0.0,14.805354513208737,44.38332296204064,-0.5129425037065634,-1.119383265219163,-0.03464574274455481,-0.02522080796375992
5,5. Component Systems,2030,sam_mi_moodys_us,moodys_us,Moody's US,41-0000,Sales and Related Occupations,287.7222323885471,287.7222323885471,870.951474335964,0.024779125745798256,0.025513378967019346,0.012318913312589863,High school diploma or equivalent,Unreported,Moderate-term on-the-job training,HS or less,84364.57910129473,540.0,147.0,0.0,303.5097675207827,909.8581207218439,-15.787535132235575,-38.90664638587987,-0.052016563622304286,-0.04276122342570613
5,5. Component Systems,2030,sam_mi_moodys_us,moodys_us,Moody's US,43-0000,Office and Administrative Support Occupations,438.037369612532,438.037369612532,1325.963898274927,0.03772451983595722,0.039825762289981206,0.009878686556927287,High school diploma or equivalent,Less than 5 years,Short-term on-the-job training,HS or less,46685.55088421309,1620.0,1302.8000000000002,0.0,473.77134442268266,1420.2663347853095,-35.73397481015064,-94.30243651038245,-0.0754245169759993,-0.06639771302094365
5,5. Component Systems,2030,sam_mi_moodys_us,moodys_us,Moody's US,47-0000,Construction and Extraction Occupations,53.72934138444137,53.72934138444137,162.64175592341974,0.004627261839836157,0.004667081518357168,0.0041152263374485,High school diploma or equivalent,Unreported,Apprenticeship,HS or less,62349.99999999999,0.0,81.0,0.0,55.52007942453307,166.4374611076533,-1.7907380400917035,-3.7957051842335545,-0.03225388109406084,-0.02280559411909352
5,5. Component Systems,2030,sam_mi_moodys_us,moodys_us,Moody's US,49-0000,"Installation, Maintenance, and Repair Occupations",192.21616240524992,192.21616240524992,581.8491975690557,0.01655398131411154,0.015245799626633508,0.010517622686934831,High school diploma or equivalent,Less than 5 years,Long-term on-the-job training,HS or less,63058.3197047921,500.0,257.9,0.0,181.36559278680915,543.6957062850041,10.850569618440773,38.1534912840516,0.05982705678466452,0.07017434723689288
5,5. Component Systems,2030,sam_mi_moodys_us,moodys_us,Moody's US,51-0000,Production Occupations,2152.3512573626313,2152.3512573626313,6515.289017907218,0.18536413405583801,0.18481642812694493,0.05165740625274235,High school diploma or equivalent,Less than 5 years,Moderate-term on-the-job training,HS or less,47448.83968647815,6550.0,546.8000000000001,0.0,2198.5951452115223,6590.923459863108,-46.24388784889106,-75.63444195589,-0.021033380315429576,-0.011475545485618627
5,5. Component Systems,2030,sam_mi_moodys_us,moodys_us,Moody's US,53-0000,Transportation and Material Moving Occupations,166.48513364097167,166.48513364097167,503.9599178551211,0.01433798155619995,0.014001244555071502,0.012382258802011848,No formal educational credential,Unreported,Short-term on-the-job training,HS or less,39268.08349986641,410.0,1007.0,0.0,166.5602382735992,499.3123833229599,-0.07510463262752864,4.647534532161217,-0.00045091573718907907,0.009307869556992638
6,6. Engineering & Design,2030,sam_mi_bls_us,bls_us,BLS US,00-0000,All Occupations,1033.6772591679837,1033.6772591679837,119624.74808103828,0.5,0.49999999999999994,0.017455226873078027,Bachelor's degree,5 years or more,Moderate-term on-the-job training,BA+,94558.81458527612,115720.0,8545.199999999999,0.0,1012.8846685799388,116864.0,20.79259058804496,2760.748081038284,0.020528092914266445,0.023623597352805687
6,6. Engineering & Design,2030,sam_mi_bls_us,bls_us,BLS US,11-0000,Management Occupations,124.15962118938334,124.15962118938334,14368.666113997795,0.060057247118564146,0.059910641754671104,0.018523654916244976,Bachelor's degree,5 years or more,Moderate-term on-the-job training,BA+,145166.99274313162,14220.0,879.3,0.0,121.36514103618298,14002.794476035768,2.794480153200368,365.8716379620273,0.023025393694942775,0.026128473040733128
6,6. Engineering & Design,2030,sam_mi_bls_us,bls_us,BLS US,13-0000,Business and Financial Operations Occupations,102.29747014724262,102.29747014724262,11838.616925307375,0.049482306609696915,0.04939073923639327,0.0205980834822299,Bachelor's degree,Less than 5 years,Moderate-term on-the-job training,BA+,86923.28452957894,11950.0,787.1000000000001,0.0,100.05424508474476,11543.998700243726,2.2432250624978565,294.6182250636484,0.022420088828793535,0.025521332140952875
6,6. Engineering & Design,2030,sam_mi_bls_us,bls_us,BLS US,15-0000,Computer and Mathematical Occupations,101.8838470946389,101.8838470946389,11790.749418279063,0.0492822330137388,0.04711616571892772,0.023671112501655274,Bachelor's degree,Less than 5 years,Moderate-term on-the-job training,BA+,120574.68215333829,7840.0,335.8,0.0,95.44648379794715,11012.367181153531,6.437363296691743,778.3822371255319,0.06744474013646375,0.07068255392515865
6,6. Engineering & Design,2030,sam_mi_bls_us,bls_us,BLS US,17-0000,Architecture and Engineering Occupations,413.9068585813558,413.9068585813558,47900.35114699387,0.20021087574012858,0.20008123476848205,0.022750642288691118,Bachelor's degree,Unreported,Internship/residency,BA+,98006.38342974751,51120.0,177.1,0.0,405.3184303350778,46764.586839967764,8.588428246278,1135.7643070261038,0.021189335602572832,0.024286845747462326
6,6. Engineering & Design,2030,sam_mi_bls_us,bls_us,BLS US,19-0000,"Life, Physical, and Social Science Occupations",48.088587494637636,48.088587494637636,5565.165639078973,0.023260929399445518,0.02303005686433759,0.011044099262402306,Doctoral or professional degree,Unreported,Moderate-term on-the-job training,BA+,86803.58760628865,5220.0,95.29999999999998,0.0,46.653583028823455,5382.769130787897,1.4350044658141812,182.39650829107632,0.030758719323392775,0.033885255685186376
6,6. Engineering & Design,2030,sam_mi_bls_us,bls_us,BLS US,23-0000,Legal Occupations,2.1762674965317945,2.1762674965317945,251.85370841873228,0.0010526822938348728,0.0010560519902517588,0.0017174180697475433,Doctoral or professional degree,Unreported,Unreported,BA+,130933.61887954596,170.0,70.8,0.0,2.139317740298675,246.8289195775631,0.03694975623311958,5.024788841169169,0.017271747687167285,0.020357374856110357
6,6. Engineering & Design,2030,sam_mi_bls_us,bls_us,BLS US,27-0000,"Arts, Design, Entertainment, Sports, and Media Occupations",27.016051985493256,27.016051985493256,3126.4965773844733,0.013067933799394369,0.013119415109666811,0.006863181713977434,Bachelor's degree,Less than 5 years,Short-term on-the-job training,BA+,73418.6812994669,3940.0,89.5,0.0,26.57690885063502,3066.374654752204,0.4391431348582344,60.12192263226916,0.01652348425192201,0.01960684175989175
6,6. Engineering & Design,2030,sam_mi_bls_us,bls_us,BLS US,29-0000,Healthcare Practitioners and Technical Occupations,7.517844295401725,7.517844295401725,870.0203298211021,0.003636456267526339,0.003614947197400481,0.0034891139872691734,Bachelor's degree,Unreported,Unreported,BA+,65551.71057195732,320.0,225.89999999999998,0.0,7.32304918794593,844.9143785540195,0.19479510745579454,25.10595126708256,0.026600272981429113,0.02971419578638099
6,6. Engineering & Design,2030,sam_mi_bls_us,bls_us,BLS US,33-0000,Protective Service Occupations,0.47973850002305174,0.47973850002305174,55.518873711341335,0.00023205429730029935,0.00024370430544270205,0.001053454310667,High school diploma or equivalent,Unreported,Short-term on-the-job training,HS or less,38370.0,50.0,161.0,0.0,0.4936887092996709,56.96051990251186,-0.013950209276619163,-1.441646191170527,-0.028257096048253626,-0.02530956869140081
6,6. Engineering & Design,2030,sam_mi_bls_us,bls_us,BLS US,37-0000,Building and Grounds Cleaning and Maintenance Occupations,2.779598541045559,2.779598541045559,321.67562195054563,0.001344519537598652,0.001340373679935011,0.001785620503124805,No formal educational credential,Unreported,Short-term on-the-job training,HS or less,36699.89877873467,230.0,509.5,0.0,2.7152879011484936,313.2828594638503,0.06431063989706542,8.392762486695347,0.02368464864070722,0.026789727663551883
6,6. Engineering & Design,2030,sam_mi_bls_us,bls_us,BLS US,41-0000,Sales and Related Occupations,29.92482909736201,29.92482909736201,3463.121695277913,0.014474938300107704,0.014744110479285024,0.004098202200130814,High school diploma or equivalent,Less than 5 years,Moderate-term on-the-job training,HS or less,75016.92547298175,3000.0,975.6999999999999,0.0,29.86816691263323,3446.1114541023303,0.05666218472877915,17.010241175582905,0.001897076070805435,0.004936068203868892
6,6. Engineering & Design,2030,sam_mi_bls_us,bls_us,BLS US,43-0000,Office and Administrative Support Occupations,56.0269552988337,56.0269552988337,6483.852047558098,0.027100797082413475,0.028675873273761098,0.009543903283594835,High school diploma or equivalent,Less than 5 years,Short-term on-the-job training,HS or less,47182.476645209346,5660.0,1492.6,0.0,58.09070479426767,6702.354508529632,-2.0637494954339743,-218.50246097153376,-0.03552632908729355,-0.0326008510432357
6,6. Engineering & Design,2030,sam_mi_bls_us,bls_us,BLS US,47-0000,Construction and Extraction Occupations,11.982872550388276,11.982872550388276,1386.7462957259806,0.00579623496797898,0.0059301380991063505,0.010037375981707317,High school diploma or equivalent,5 years or more,Moderate-term on-the-job training,HS or less,68918.80473216358,1180.0,345.3,0.0,12.013091926293209,1386.039317627929,-0.030219375904932733,0.7069780980516498,-0.0025155368901149584,0.0005100707382973622
6,6. Engineering & Design,2030,sam_mi_bls_us,bls_us,BLS US,49-0000,"Installation, Maintenance, and Repair Occupations",13.775549013256239,13.775549013256239,1594.2080236099807,0.006663370452951777,0.006661251015434406,0.0010631931683777519,High school diploma or equivalent,Less than 5 years,Long-term on-the-job training,SC or associate's,57375.464663321436,2540.0,428.0,0.0,13.49415805419212,1556.920877335453,0.2813909590641188,37.287146274527686,0.020852798517259206,0.023949287865123684
6,6. Engineering & Design,2030,sam_mi_bls_us,bls_us,BLS US,51-0000,Production Occupations,81.89547154896398,81.89547154896398,9477.547335140302,0.03961365640126513,0.0403330625507716,0.004034735753638176,High school diploma or equivalent,Less than 5 years,Moderate-term on-the-job training,HS or less,48882.585852064185,7120.0,563.9999999999999,0.0,81.70548138910446,9426.966043866742,0.18999015985951928,50.581291273560055,0.002325304944410434,0.0053655959975021485
6,6. Engineering & Design,2030,sam_mi_bls_us,bls_us,BLS US,53-0000,Transportation and Material Moving Occupations,9.765696333426028,9.765696333426028,1130.1583287827361,0.004723764718054514,0.004752233956133091,0.001750678547083687,No formal educational credential,Less than 5 years,Short-term on-the-job training,HS or less,42341.65019286334,1160.0,1408.3,0.0,9.626929831344395,1110.730138099075,0.13876650208163355,19.428190683661114,0.014414408800386457,0.017491368980867752
6,6. Engineering & Design,2030,sam_mi_dtmb_mi,dtmb_mi,DTMB MI,00-0000,All Occupations,1055.6157902337059,1055.6157902337059,119969.7818105863,0.5,0.49999999999999994,0.017455226873078027,Bachelor's degree,5 years or more,Moderate-term on-the-job training,BA+,94558.81458527612,115720.0,8545.199999999999,0.0,1012.8846685799388,116864.0,42.731121653767104,3105.781810586297,0.042187549065853674,0.026576035482152732
6,6. Engineering & Design,2030,sam_mi_dtmb_mi,dtmb_mi,DTMB MI,11-0000,Management Occupations,126.7947567526481,126.7947567526481,14410.109665917207,0.06005724711856415,0.059910641754671104,0.018523654916244976,Bachelor's degree,5 years or more,Moderate-term on-the-job training,BA+,145166.9927431316,14220.0,879.3,0.0,121.36514103618298,14002.794476035768,5.429615716465122,407.31518988143944,0.04473785199035342,0.02908813598446469
6,6. Engineering & Design,2030,sam_mi_dtmb_mi,dtmb_mi,DTMB MI,13-0000,Business and Financial Operations Occupations,104.46860838876347,104.46860838876347,11872.763054899744,0.049482306609696915,0.04939073923639327,0.0205980834822299,Bachelor's degree,Less than 5 years,Moderate-term on-the-job training,BA+,86923.28452957892,11950.0,787.1000000000001,0.0,100.05424508474476,11543.998700243726,4.414363304018707,328.76435465601753,0.04411970027138572,0.028479243907839003
6,6. Engineering & Design,2030,sam_mi_dtmb_mi,dtmb_mi,DTMB MI,15-0000,Computer and Mathematical Occupations,104.04620669455902,104.04620669455902,11824.757483593434,0.049282233013738797,0.04711616571892772,0.023671112501655274,Bachelor's degree,Less than 5 years,Moderate-term on-the-job training,BA+,120574.68215333832,7840.0,335.8,0.0,95.44648379794715,11012.367181153531,8.599722896611866,812.3903024399024,0.09009994453873037,0.07377072422995666
6,6. Engineering & Design,2030,sam_mi_dtmb_mi,dtmb_mi,DTMB MI,17-0000,Architecture and Engineering Occupations,422.69152361559617,422.69152361559617,48038.51015729926,0.20021087574012855,0.20008123476848205,0.022750642288691118,Bachelor's degree,Unreported,Internship/residency,BA+,98006.38342974753,51120.0,177.1,0.0,405.3184303350778,46764.586839967764,17.37309328051839,1273.9233173314933,0.04286282581859406,0.027241196884534937
6,6. Engineering & Design,2030,sam_mi_dtmb_mi,dtmb_mi,DTMB MI,19-0000,"Life, Physical, and Social Science Occupations",49.109208739132235,49.109208739132235,5581.217249525861,0.023260929399445514,0.02303005686433759,0.011044099262402306,Doctoral or professional degree,Unreported,Moderate-term on-the-job training,BA+,86803.58760628868,5220.0,95.29999999999998,0.0,46.653583028823455,5382.769130787897,2.45562571030878,198.44811873796425,0.05263530796319864,0.03686729152155122
6,6. Engineering & Design,2030,sam_mi_dtmb_mi,dtmb_mi,DTMB MI,23-0000,Legal Occupations,2.2224561029430583,2.2224561029430583,252.58013021447434,0.0010526822938348725,0.0010560519902517588,0.0017174180697475433,Doctoral or professional degree,Unreported,Unreported,BA+,130933.61887954597,170.0,70.8,0.0,2.139317740298675,246.8289195775631,0.08313836264438335,5.751210636911225,0.03886209190822501,0.023300392218035756
6,6. Engineering & Design,2030,sam_mi_dtmb_mi,dtmb_mi,DTMB MI,27-0000,"Arts, Design, Entertainment, Sports, and Media Occupations",27.589434528738884,27.589434528738884,3135.5143332570574,0.01306793379939437,0.013119415109666811,0.006863181713977434,Bachelor's degree,Less than 5 years,Short-term on-the-job training,BA+,73418.68129946689,3940.0,89.5,0.0,26.57690885063502,3066.374654752204,1.012525678103863,69.13967850485324,0.038097947500003185,0.022547694358777064
6,6. Engineering & Design,2030,sam_mi_dtmb_mi,dtmb_mi,DTMB MI,29-0000,Healthcare Practitioners and Technical Occupations,7.677401312990258,7.677401312990258,872.5297299577479,0.0036364562675263393,0.003614947197400481,0.0034891139872691734,Bachelor's degree,Unreported,Unreported,BA+,65551.7105719573,320.0,225.89999999999998,0.0,7.32304918794593,844.9143785540195,0.3543521250443282,27.61535140372837,0.04838860370180332,0.03268420103228576
6,6. Engineering & Design,2030,sam_mi_dtmb_mi,dtmb_mi,DTMB MI,33-0000,Protective Service Occupations,0.48992036084356566,0.48992036084356566,55.67900683065167,0.00023205429730029935,0.00024370430544270205,0.001053454310667,High school diploma or equivalent,Unreported,Short-term on-the-job training,HS or less,38370.0,50.0,161.0,0.0,0.4936887092996709,56.96051990251186,-0.0037683484561052416,-1.2815130718601893,-0.007633045652291472,-0.022498268520959843
6,6. Engineering & Design,2030,sam_mi_dtmb_mi,dtmb_mi,DTMB MI,37-0000,Building and Grounds Cleaning and Maintenance Occupations,2.8385921083337156,2.8385921083337156,322.60343113156136,0.001344519537598652,0.001340373679935011,0.001785620503124805,No formal educational credential,Unreported,Short-term on-the-job training,HS or less,36699.89877873467,230.0,509.5,0.0,2.7152879011484936,313.2828594638503,0.12330420718522195,9.320571667711079,0.045411098813156275,0.029751297864371605
6,6. Engineering & Design,2030,sam_mi_dtmb_mi,dtmb_mi,DTMB MI,41-0000,Sales and Related Occupations,30.559946864504656,30.559946864504656,3473.1103791712403,0.014474938300107704,0.014744110479285024,0.004098202200130814,High school diploma or equivalent,Less than 5 years,Moderate-term on-the-job training,HS or less,75016.92547298176,3000.0,975.6999999999999,0.0,29.86816691263323,3446.1114541023303,0.6917799518714247,26.99892506891001,0.023161111758044483,0.007834605882166078
6,6. Engineering & Design,2030,sam_mi_dtmb_mi,dtmb_mi,DTMB MI,43-0000,Office and Administrative Support Occupations,57.21605865623043,57.21605865623043,6502.553425740238,0.027100797082413478,0.028675873273761098,0.009543903283594835,High school diploma or equivalent,Less than 5 years,Short-term on-the-job training,HS or less,47182.47664520935,5660.0,1492.6,0.0,58.09070479426767,6702.354508529632,-0.8746461380372423,-199.80108278939406,-0.015056559240154916,-0.029810581122666786
6,6. Engineering & Design,2030,sam_mi_dtmb_mi,dtmb_mi,DTMB MI,47-0000,Construction and Extraction Occupations,12.237194312206737,12.237194312206737,1390.7460888626576,0.005796234967978979,0.0059301380991063505,0.010037375981707317,High school diploma or equivalent,5 years or more,Moderate-term on-the-job training,HS or less,68918.80473216358,1180.0,345.3,0.0,12.013091926293209,1386.039317627929,0.22410238591352893,4.706771234728649,0.018654846503174855,0.003395842509564468
6,6. Engineering & Design,2030,sam_mi_dtmb_mi,dtmb_mi,DTMB MI,49-0000,"Installation, Maintenance, and Repair Occupations",14.067918132625234,14.067918132625234,1598.806198727465,0.006663370452951778,0.006661251015434406,0.0010631931683777519,High school diploma or equivalent,Less than 5 years,Long-term on-the-job training,SC or associate's,57375.464663321436,2540.0,428.0,0.0,13.49415805419212,1556.920877335453,0.5737600784331143,41.885321392011974,0.042519146146718576,0.02690266538380254
6,6. Engineering & Design,2030,sam_mi_dtmb_mi,dtmb_mi,DTMB MI,51-0000,Production Occupations,83.63360241213599,83.63360241213599,9504.88343035863,0.03961365640126513,0.0403330625507716,0.004034735753638176,High school diploma or equivalent,Less than 5 years,Moderate-term on-the-job training,HS or less,48882.58585206418,7120.0,563.9999999999999,0.0,81.70548138910446,9426.966043866742,1.9281210230315224,77.91738649188846,0.023598429263873597,0.008265372563061488
6,6. Engineering & Design,2030,sam_mi_dtmb_mi,dtmb_mi,DTMB MI,53-0000,Transportation and Material Moving Occupations,9.97296125145443,9.97296125145443,1133.4180450990916,0.004723764718054514,0.004752233956133091,0.001750678547083687,No formal educational credential,Less than 5 years,Short-term on-the-job training,HS or less,42341.65019286334,1160.0,1408.3,0.0,9.626929831344395,1110.730138099075,0.3460314201100356,22.687907000016594,0.03594410951073823,0.02042611992040219
6,6. Engineering & Design,2030,sam_mi_moodys_mi,moodys_mi,Moody's MI,00-0000,All Occupations,1025.3753583384487,1025.3753583384487,120404.80839673377,0.5,0.49999999999999994,0.017455226873078027,Bachelor's degree,5 years or more,Moderate-term on-the-job training,BA+,94558.81458527611,115720.0,8545.199999999999,0.0,1012.8846685799388,116864.0,12.490689758509916,3540.8083967337734,0.012331798620292897,0.030298538444121146
6,6. Engineering & Design,2030,sam_mi_moodys_mi,moodys_mi,Moody's MI,11-0000,Management Occupations,123.16244257003693,123.16244257003693,14462.362664292014,0.06005724711856414,0.059910641754671104,0.018523654916244976,Bachelor's degree,5 years or more,Moderate-term on-the-job training,BA+,145166.9927431316,14220.0,879.3,0.0,121.36514103618298,14002.794476035768,1.797301533853954,459.5681882562458,0.014809042518379464,0.032819748161179246
6,6. Engineering & Design,2030,sam_mi_moodys_mi,moodys_mi,Moody's MI,13-0000,Business and Financial Operations Occupations,101.4758757426619,101.4758757426619,11915.81529273798,0.0494823066096969,0.04939073923639327,0.0205980834822299,Bachelor's degree,Less than 5 years,Moderate-term on-the-job training,BA+,86923.28452957894,11950.0,787.1000000000001,0.0,100.05424508474476,11543.998700243726,1.4216306579171345,371.8165924942532,0.014208599112541702,0.03220864815987922
6,6. Engineering & Design,2030,sam_mi_moodys_mi,moodys_mi,Moody's MI,15-0000,Computer and Mathematical Occupations,101.06557467236269,101.06557467236269,11867.635646764815,0.049282233013738797,0.04711616571892772,0.023671112501655274,Bachelor's degree,Less than 5 years,Moderate-term on-the-job training,BA+,120574.68215333829,7840.0,335.8,0.0,95.44648379794715,11012.367181153531,5.619090874415534,855.2684656112833,0.05887163833411313,0.07766436148941548
6,6. Engineering & Design,2030,sam_mi_moodys_mi,moodys_mi,Moody's MI,17-0000,Architecture and Engineering Occupations,410.58259691057776,410.58259691057776,48212.7042648649,0.2002108757401285,0.20008123476848205,0.022750642288691118,Bachelor's degree,Unreported,Internship/residency,BA+,98006.38342974753,51120.0,177.1,0.0,405.3184303350778,46764.586839967764,5.264166575499985,1448.1174248971365,0.012987730587893783,0.030966111811330924
6,6. Engineering & Design,2030,sam_mi_moodys_mi,moodys_mi,Moody's MI,19-0000,"Life, Physical, and Social Science Occupations",47.70236763648359,47.70236763648359,5601.455494940378,0.023260929399445508,0.02303005686433759,0.011044099262402306,Doctoral or professional degree,Unreported,Moderate-term on-the-job training,BA+,86803.58760628868,5220.0,95.29999999999998,0.0,46.653583028823455,5382.769130787897,1.0487846076601315,218.68636415248147,0.022480258526170922,0.04062711196392543
6,6. Engineering & Design,2030,sam_mi_moodys_mi,moodys_mi,Moody's MI,23-0000,Legal Occupations,2.1587889685149446,2.1587889685149446,253.49601978364407,0.0010526822938348723,0.0010560519902517588,0.0017174180697475433,Doctoral or professional degree,Unreported,Unreported,BA+,130933.61887954596,170.0,70.8,0.0,2.139317740298675,246.8289195775631,0.019471228216269676,6.66710020608096,0.009101606483921016,0.02701101725637097
6,6. Engineering & Design,2030,sam_mi_moodys_mi,moodys_mi,Moody's MI,27-0000,"Arts, Design, Entertainment, Sports, and Media Occupations",26.79907460459425,26.79907460459425,3146.88413051456,0.013067933799394367,0.013119415109666811,0.006863181713977434,Bachelor's degree,Less than 5 years,Short-term on-the-job training,BA+,73418.68129946689,3940.0,89.5,0.0,26.57690885063502,3066.374654752204,0.22216575395922789,80.50947576235603,0.00835935266993699,0.026255590013302552
6,6. Engineering & Design,2030,sam_mi_moodys_mi,moodys_mi,Moody's MI,29-0000,Healthcare Practitioners and Technical Occupations,7.457465296793834,7.457465296793834,875.693640269221,0.0036364562675263385,0.003614947197400481,0.0034891139872691734,Bachelor's degree,Unreported,Unreported,BA+,65551.7105719573,320.0,225.89999999999998,0.0,7.32304918794593,844.9143785540195,0.1344161088479039,30.779261715201415,0.018355210431900262,0.036428853025174956
6,6. Engineering & Design,2030,sam_mi_moodys_mi,moodys_mi,Moody's MI,33-0000,Protective Service Occupations,0.4758855164965426,0.4758855164965426,55.880906408162474,0.0002320542973002993,0.00024370430544270205,0.001053454310667,High school diploma or equivalent,Unreported,Short-term on-the-job training,HS or less,38370.0,50.0,161.0,0.0,0.4936887092996709,56.96051990251186,-0.01780319280312831,-1.0796134943493882,-0.03606157578200093,-0.018953715594540756
6,6. Engineering & Design,2030,sam_mi_moodys_mi,moodys_mi,Moody's MI,37-0000,Building and Grounds Cleaning and Maintenance Occupations,2.757274405316526,2.757274405316526,323.77323462046155,0.0013445195375986518,0.001340373679935011,0.001785620503124805,No formal educational credential,Unreported,Short-term on-the-job training,HS or less,36699.89877873467,230.0,509.5,0.0,2.7152879011484936,313.2828594638503,0.04198650416803229,10.490375156611265,0.015463002707842925,0.03348531475537604
6,6. Engineering & Design,2030,sam_mi_moodys_mi,moodys_mi,Moody's MI,41-0000,Sales and Related Occupations,29.684490092799738,29.684490092799738,3485.7043451580225,0.0144749383001077,0.014744110479285024,0.004098202200130814,High school diploma or equivalent,Less than 5 years,Moderate-term on-the-job training,HS or less,75016.92547298176,3000.0,975.6999999999999,0.0,29.86816691263323,3446.1114541023303,-0.1836768198334937,39.592891055692235,-0.006149584618659828,0.011489149896344747
6,6. Engineering & Design,2030,sam_mi_moodys_mi,moodys_mi,Moody's MI,43-0000,Office and Administrative Support Occupations,55.57697903927459,55.57697903927459,6526.132560213512,0.027100797082413468,0.028675873273761098,0.009543903283594835,High school diploma or equivalent,Less than 5 years,Short-term on-the-job training,HS or less,47182.47664520935,5660.0,1492.6,0.0,58.09070479426767,6702.354508529632,-2.5137257549930823,-176.22194831611978,-0.04327242652495988,-0.026292543626550053
6,6. Engineering & Design,2030,sam_mi_moodys_mi,moodys_mi,Moody's MI,47-0000,Construction and Extraction Occupations,11.886633014610585,11.886633014610585,1395.7891214839142,0.005796234967978979,0.0059301380991063505,0.010037375981707317,High school diploma or equivalent,5 years or more,Moderate-term on-the-job training,HS or less,68918.80473216357,1180.0,345.3,0.0,12.013091926293209,1386.039317627929,-0.12645891168262402,9.749803855985192,-0.010526758011885498,0.007034290969949561
6,6. Engineering & Design,2030,sam_mi_moodys_mi,moodys_mi,Moody's MI,49-0000,"Installation, Maintenance, and Repair Occupations",13.664911731874518,13.664911731874518,1604.603685328232,0.006663370452951777,0.006661251015434406,0.0010631931683777519,High school diploma or equivalent,Less than 5 years,Long-term on-the-job training,SC or associate's,57375.46466332142,2540.0,428.0,0.0,13.49415805419212,1556.920877335453,0.17075367768239857,47.68280799277886,0.012653896374761367,0.03062635274978406
6,6. Engineering & Design,2030,sam_mi_moodys_mi,moodys_mi,Moody's MI,51-0000,Production Occupations,81.23773425508682,81.23773425508682,9539.34941777675,0.03961365640126513,0.0403330625507716,0.004034735753638176,High school diploma or equivalent,Less than 5 years,Moderate-term on-the-job training,HS or less,48882.585852064185,7120.0,563.9999999999999,0.0,81.70548138910446,9426.966043866742,-0.46774713401764245,112.38337391000823,-0.005724795032907268,0.011921478595239636
6,6. Engineering & Design,2030,sam_mi_moodys_mi,moodys_mi,Moody's MI,53-0000,Transportation and Material Moving Occupations,9.687263880963338,9.687263880963338,1137.5279715772099,0.004723764718054514,0.004752233956133091,0.001750678547083687,No formal educational credential,Less than 5 years,Short-term on-the-job training,HS or less,42341.65019286333,1160.0,1408.3,0.0,9.626929831344395,1110.730138099075,0.06033404961894284,26.797833478134862,0.00626721609858428,0.02412632246028472
6,6. Engineering & Design,2030,sam_mi_moodys_mi_detail,moodys_mi_detail,Moody's MI (detail),00-0000,All Occupations,1040.654309623293,1040.654309623293,122645.50423907205,0.5,0.49999999999999994,0.017455226873078027,Bachelor's degree,5 years or more,Moderate-term on-the-job training,BA+,94558.81458527612,115720.0,8545.199999999999,0.0,1012.8846685799388,116864.0,27.76964104335434,5781.504239072048,0.02741638994525141,0.0494720721443049
6,6. Engineering & Design,2030,sam_mi_moodys_mi_detail,moodys_mi_detail,Moody's MI (detail),11-0000,Management Occupations,124.99766607608977,124.99766607608977,14731.502712133713,0.06005724711856415,0.059910641754671104,0.018523654916244976,Bachelor's degree,5 years or more,Moderate-term on-the-job training,BA+,145166.99274313153,14220.0,879.3,0.0,121.36514103618298,14002.794476035768,3.6325250399067954,728.7082360979457,0.02993054685137159,0.052040200785996624
6,6. Engineering & Design,2030,sam_mi_moodys_mi_detail,moodys_mi_detail,Moody's MI (detail),13-0000,Business and Financial Operations Occupations,102.98795124696451,102.98795124696451,12137.564890117292,0.049482306609696915,0.04939073923639327,0.0205980834822299,Bachelor's degree,Less than 5 years,Moderate-term on-the-job training,BA+,86923.28452957893,11950.0,787.1000000000001,0.0,100.05424508474476,11543.998700243726,2.9337061622197496,593.5661898735652,0.029321156336094837,0.05141772840471936
6,6. Engineering & Design,2030,sam_mi_moodys_mi_detail,moodys_mi_detail,Moody's MI (detail),15-0000,Computer and Mathematical Occupations,102.57153634721323,102.57153634721323,12088.488635994876,0.049282233013738797,0.04711616571892772,0.023671112501655274,Bachelor's degree,Less than 5 years,Moderate-term on-the-job training,BA+,120574.6821533383,7840.0,335.8,0.0,95.44648379794715,11012.367181153531,7.125052549266073,1076.1214548413445,0.07464971223402278,0.09771935834858551
6,6. Engineering & Design,2030,sam_mi_moodys_mi_detail,moodys_mi_detail,Moody's MI (detail),17-0000,Architecture and Engineering Occupations,416.7006213448368,416.7006213448368,49109.927618588525,0.20021087574012855,0.20008123476848205,0.022750642288691118,Bachelor's degree,Unreported,Internship/residency,BA+,98006.38342974753,51120.0,177.1,0.0,405.3184303350778,46764.586839967764,11.382191009759026,2345.340778620761,0.02808209584831694,0.05015206884317632
6,6. Engineering & Design,2030,sam_mi_moodys_mi_detail,moodys_mi_detail,Moody's MI (detail),19-0000,"Life, Physical, and Social Science Occupations",48.413172850752275,48.413172850752275,5705.696830528902,0.023260929399445518,0.02303005686433759,0.011044099262402306,Doctoral or professional degree,Unreported,Moderate-term on-the-job training,BA+,86803.58760628867,5220.0,95.29999999999998,0.0,46.653583028823455,5382.769130787897,1.7595898219288202,322.9276997410052,0.0377160704000315,0.05999285718831062
6,6. Engineering & Design,2030,sam_mi_moodys_mi_detail,moodys_mi_detail,Moody's MI (detail),23-0000,Legal Occupations,2.190956731486788,2.190956731486788,258.21350146184193,0.0010526822938348725,0.0010560519902517588,0.0017174180697475433,Doctoral or professional degree,Unreported,Unreported,BA+,130933.61887954595,170.0,70.8,0.0,2.139317740298675,246.8289195775631,0.05163899118811299,11.384581884278816,0.024138065241726812,0.046123371215022246
6,6. Engineering & Design,2030,sam_mi_moodys_mi_detail,moodys_mi_detail,Moody's MI (detail),27-0000,"Arts, Design, Entertainment, Sports, and Media Occupations",27.19840325242329,27.19840325242329,3205.4466603790697,0.013067933799394369,0.013119415109666811,0.006863181713977434,Bachelor's degree,Less than 5 years,Short-term on-the-job training,BA+,73418.68129946689,3940.0,89.5,0.0,26.57690885063502,3066.374654752204,0.6214944017882686,139.07200562686558,0.02338475122449836,0.04535388570712801
6,6. Engineering & Design,2030,sam_mi_moodys_mi_detail,moodys_mi_detail,Moody's MI (detail),29-0000,Healthcare Practitioners and Technical Occupations,7.56858777311584,7.56858777311584,891.9900251482035,0.0036364562675263393,0.003614947197400481,0.0034891139872691734,Bachelor's degree,Unreported,Unreported,BA+,65551.7105719573,320.0,225.89999999999998,0.0,7.32304918794593,844.9143785540195,0.24553858516990967,47.07564659418392,0.03352955563566025,0.05571646996320367
6,6. Engineering & Design,2030,sam_mi_moodys_mi_detail,moodys_mi_detail,Moody's MI (detail),33-0000,Protective Service Occupations,0.4829766091043229,0.4829766091043229,56.92083260647749,0.00023205429730029935,0.00024370430544270205,0.001053454310667,High school diploma or equivalent,Unreported,Short-term on-the-job training,HS or less,38370.0,50.0,161.0,0.0,0.4936887092996709,56.96051990251186,-0.010712100195348018,-0.03968729603437282,-0.021698086250633155,-0.0006967509443786288
6,6. Engineering & Design,2030,sam_mi_moodys_mi_detail,moodys_mi_detail,Moody's MI (detail),37-0000,Building and Grounds Cleaning and Maintenance Occupations,2.798360102349509,2.798360102349509,329.79855329614134,0.001344519537598652,0.001340373679935011,0.001785620503124805,No formal educational credential,Unreported,Short-term on-the-job training,HS or less,36699.89877873467,230.0,509.5,0.0,2.7152879011484936,313.2828594638503,0.08307220120101544,16.51569383229105,0.030594251595154286,0.05271815336643656
6,6. Engineering & Design,2030,sam_mi_moodys_mi_detail,moodys_mi_detail,Moody's MI (detail),41-0000,Sales and Related Occupations,30.126813847076694,30.126813847076694,3550.572213292331,0.014474938300107704,0.014744110479285024,0.004098202200130814,High school diploma or equivalent,Less than 5 years,Moderate-term on-the-job training,HS or less,75016.92547298175,3000.0,975.6999999999999,0.0,29.86816691263323,3446.1114541023303,0.2586469344434619,104.46075919000077,0.008659618623400115,0.030312646755997482
6,6. Engineering & Design,2030,sam_mi_moodys_mi_detail,moodys_mi_detail,Moody's MI (detail),43-0000,Office and Administrative Support Occupations,56.4051225560799,56.4051225560799,6647.581846906745,0.027100797082413475,0.028675873273761098,0.009543903283594835,High school diploma or equivalent,Less than 5 years,Short-term on-the-job training,HS or less,47182.47664520935,5660.0,1492.6,0.0,58.09070479426767,6702.354508529632,-1.68558223818777,-54.77266162288652,-0.029016384706595975,-0.00817215227173989
6,6. Engineering & Design,2030,sam_mi_moodys_mi_detail,moodys_mi_detail,Moody's MI (detail),47-0000,Construction and Extraction Occupations,12.06375379803311,12.06375379803311,1421.764320671847,0.005796234967978979,0.0059301380991063505,0.010037375981707317,High school diploma or equivalent,5 years or more,Moderate-term on-the-job training,HS or less,68918.80473216358,1180.0,345.3,0.0,12.013091926293209,1386.039317627929,0.05066187173990144,35.72500304391792,0.004217221682039838,0.025774884297696386
6,6. Engineering & Design,2030,sam_mi_moodys_mi_detail,moodys_mi_detail,Moody's MI (detail),49-0000,"Installation, Maintenance, and Repair Occupations",13.868530356961564,13.868530356961564,1634.4648582680093,0.006663370452951778,0.006661251015434406,0.0010631931683777519,High school diploma or equivalent,Less than 5 years,Long-term on-the-job training,SC or associate's,57375.46466332144,2540.0,428.0,0.0,13.49415805419212,1556.920877335453,0.37437230276944433,77.54398093255622,0.02774328722592227,0.04980598697171215
6,6. Engineering & Design,2030,sam_mi_moodys_mi_detail,moodys_mi_detail,Moody's MI (detail),51-0000,Production Occupations,82.44824450782583,82.44824450782583,9716.873728173012,0.039613656401265136,0.0403330625507716,0.004034735753638176,High school diploma or equivalent,Less than 5 years,Moderate-term on-the-job training,HS or less,48882.58585206418,7120.0,563.9999999999999,0.0,81.70548138910446,9426.966043866742,0.7427631187213706,289.9076843062703,0.009090737929614831,0.030753020956820625
6,6. Engineering & Design,2030,sam_mi_moodys_mi_detail,moodys_mi_detail,Moody's MI (detail),53-0000,Transportation and Material Moving Occupations,9.831612222979782,9.831612222979782,1158.6970115050678,0.004723764718054515,0.004752233956133091,0.001750678547083687,No formal educational credential,Less than 5 years,Short-term on-the-job training,HS or less,42341.65019286333,1160.0,1408.3,0.0,9.626929831344395,1110.730138099075,0.20468239163538726,47.96687340599283,0.021261440066692946,0.04318499315061736
6,6. Engineering & Design,2030,sam_mi_moodys_us,moodys_us,Moody's US,00-0000,All Occupations,1057.0030461722897,1057.0030461722897,124497.19130966175,0.5000000000000001,0.49999999999999994,0.017455226873078027,Bachelor's degree,5 years or more,Moderate-term on-the-job training,BA+,94558.8145852761,115720.0,8545.199999999999,0.0,1012.8846685799388,116864.0,44.11837759235095,7633.19130966175,0.043557158046636034,0.06531687525381426
6,6. Engineering & Design,2030,sam_mi_moodys_us,moodys_us,Moody's US,11-0000,Management Occupations,126.9613862980885,126.9613862980885,14953.917168103026,0.06005724711856414,0.059910641754671104,0.018523654916244976,Bachelor's degree,5 years or more,Moderate-term on-the-job training,BA+,145166.99274313162,14220.0,879.3,0.0,121.36514103618298,14002.794476035768,5.596245261905523,951.122692067258,0.04611081249629246,0.06792377719283098
6,6. Engineering & Design,2030,sam_mi_moodys_us,moodys_us,Moody's US,13-0000,Business and Financial Operations Occupations,104.6058976361617,104.6058976361617,12320.816384861553,0.049482306609696915,0.04939073923639327,0.0205980834822299,Bachelor's degree,Less than 5 years,Moderate-term on-the-job training,BA+,86923.28452957894,11950.0,787.1000000000001,0.0,100.05424508474476,11543.998700243726,4.551652551416936,776.8176846178267,0.045491848422440646,0.06729190679841517
6,6. Engineering & Design,2030,sam_mi_moodys_us,moodys_us,Moody's US,15-0000,Computer and Mathematical Occupations,104.18294083538896,104.18294083538896,12270.999183357533,0.049282233013738797,0.04711616571892772,0.023671112501655274,Bachelor's degree,Less than 5 years,Moderate-term on-the-job training,BA+,120574.68215333832,7840.0,335.8,0.0,95.44648379794715,11012.367181153531,8.73645703744181,1258.6320022040018,0.09153251843133599,0.11429259318178325
6,6. Engineering & Design,2030,sam_mi_moodys_us,moodys_us,Moody's US,17-0000,Architecture and Engineering Occupations,423.24701106827524,423.24701106827524,49851.38339858741,0.20021087574012855,0.20008123476848205,0.022750642288691118,Bachelor's degree,Unreported,Internship/residency,BA+,98006.38342974753,51120.0,177.1,0.0,405.3184303350778,46764.586839967764,17.928580733197464,3086.796558619644,0.04423332222612197,0.06600713846105204
6,6. Engineering & Design,2030,sam_mi_moodys_us,moodys_us,Moody's US,19-0000,"Life, Physical, and Social Science Occupations",49.17374646402494,49.17374646402494,5791.840754966607,0.02326092939944551,0.02303005686433759,0.011044099262402306,Doctoral or professional degree,Unreported,Moderate-term on-the-job training,BA+,86803.58760628868,5220.0,95.29999999999998,0.0,46.653583028823455,5382.769130787897,2.520163435201482,409.0716241787104,0.054018647048919656,0.07599650184492178
6,6. Engineering & Design,2030,sam_mi_moodys_us,moodys_us,Moody's US,23-0000,Legal Occupations,2.225376782470187,2.225376782470187,262.1119778477074,0.0010526822938348728,0.0010560519902517588,0.0017174180697475433,Doctoral or professional degree,Unreported,Unreported,BA+,130933.61887954595,170.0,70.8,0.0,2.139317740298675,246.8289195775631,0.08605904217151217,15.283058270144295,0.0402273306813682,0.06191761604069969
6,6. Engineering & Design,2030,sam_mi_moodys_us,moodys_us,Moody's US,27-0000,"Arts, Design, Entertainment, Sports, and Media Occupations",27.625691666275344,27.625691666275344,3253.842108490392,0.013067933799394372,0.013119415109666811,0.006863181713977434,Bachelor's degree,Less than 5 years,Short-term on-the-job training,BA+,73418.68129946689,3940.0,89.5,0.0,26.57690885063502,3066.374654752204,1.0487828156403225,187.46745373818794,0.03946218205941821,0.061136512933165146
6,6. Engineering & Design,2030,sam_mi_moodys_us,moodys_us,Moody's US,29-0000,Healthcare Practitioners and Technical Occupations,7.6874907040953095,7.6874907040953095,905.4571832548903,0.0036364562675263393,0.003614947197400481,0.0034891139872691734,Bachelor's degree,Unreported,Unreported,BA+,65551.7105719573,320.0,225.89999999999998,0.0,7.32304918794593,844.9143785540195,0.3644415161493795,60.54280470087076,0.049766361906904394,0.07165555023987553
6,6. Engineering & Design,2030,sam_mi_moodys_us,moodys_us,Moody's US,33-0000,Protective Service Occupations,0.490564198247573,0.490564198247573,57.780216490448986,0.00023205429730029935,0.00024370430544270205,0.001053454310667,High school diploma or equivalent,Unreported,Short-term on-the-job training,HS or less,38370.0,50.0,161.0,0.0,0.4936887092996709,56.96051990251186,-0.003124511052097878,0.8196965879371234,-0.006328909276718517,0.01439060930869376
6,6. Engineering & Design,2030,sam_mi_moodys_us,moodys_us,Moody's US,37-0000,Building and Grounds Cleaning and Maintenance Occupations,2.8423224937598666,2.8423224937598666,334.7778121839947,0.001344519537598652,0.001340373679935011,0.001785620503124805,No formal educational credential,Unreported,Short-term on-the-job training,HS or less,36699.89877873467,230.0,509.5,0.0,2.7152879011484936,313.2828594638503,0.12703459261137295,21.494952720144397,0.046784944078173345,0.06861196541978289
6,6. Engineering & Design,2030,sam_mi_moodys_us,moodys_us,Moody's US,41-0000,Sales and Related Occupations,30.60010775273957,30.60010775273957,3604.178325488118,0.014474938300107704,0.014744110479285024,0.004098202200130814,High school diploma or equivalent,Less than 5 years,Moderate-term on-the-job training,HS or less,75016.92547298176,3000.0,975.6999999999999,0.0,29.86816691263323,3446.1114541023303,0.7319408401063399,158.06687138578764,0.02450571681373434,0.04586818316558543
6,6. Engineering & Design,2030,sam_mi_moodys_us,moodys_us,Moody's US,43-0000,Office and Administrative Support Occupations,57.29125013961627,57.29125013961627,6747.946238027107,0.02710079708241347,0.028675873273761098,0.009543903283594835,High school diploma or equivalent,Less than 5 years,Short-term on-the-job training,HS or less,47182.47664520937,5660.0,1492.6,0.0,58.09070479426767,6702.354508529632,-0.7994546546514059,45.59172949747517,-0.013762178604696413,0.006802345271270517
6,6. Engineering & Design,2030,sam_mi_moodys_us,moodys_us,Moody's US,47-0000,Construction and Extraction Occupations,12.253276034968248,12.253276034968248,1443.2299473684602,0.00579623496797898,0.0059301380991063505,0.010037375981707317,High school diploma or equivalent,5 years or more,Moderate-term on-the-job training,HS or less,68918.80473216358,1180.0,345.3,0.0,12.013091926293209,1386.039317627929,0.2401841086750398,57.19062974053122,0.019993529571628914,0.041261910115513466
6,6. Engineering & Design,2030,sam_mi_moodys_us,moodys_us,Moody's US,49-0000,"Installation, Maintenance, and Repair Occupations",14.086405733088917,14.086405733088917,1659.14181209657,0.006663370452951779,0.006661251015434406,0.0010631931683777519,High school diploma or equivalent,Less than 5 years,Long-term on-the-job training,SC or associate's,57375.46466332142,2540.0,428.0,0.0,13.49415805419212,1556.920877335453,0.592247678896797,102.22093476111695,0.04388919090159969,0.06565583148712091
6,6. Engineering & Design,2030,sam_mi_moodys_us,moodys_us,Moody's US,51-0000,Production Occupations,83.74351097231934,83.74351097231934,9863.577918927025,0.03961365640126514,0.0403330625507716,0.004034735753638176,High school diploma or equivalent,Less than 5 years,Moderate-term on-the-job training,HS or less,48882.58585206416,7120.0,563.9999999999999,0.0,81.70548138910446,9426.966043866742,2.038029583214879,436.61187506028364,0.02494360902800645,0.046315206083122236
6,6. Engineering & Design,2030,sam_mi_moodys_us,moodys_us,Moody's US,53-0000,Transportation and Material Moving Occupations,9.986067392769618,9.986067392769618,1176.1908796109267,0.004723764718054515,0.004752233956133091,0.001750678547083687,No formal educational credential,Less than 5 years,Short-term on-the-job training,HS or less,42341.65019286333,1160.0,1408.3,0.0,9.626929831344395,1110.730138099075,0.35913756142522324,65.46074151185167,0.0373055135663194,0.0589348746977213
7,7. Core Automotive,2030,sam_mi_bls_us,bls_us,BLS US,00-0000,All Occupations,154394.28873351775,154394.28873351775,154394.28873351775,0.5,0.5,0.1465264287352474,High school diploma or equivalent,Less than 5 years,Moderate-term on-the-job training,HS or less,58251.541633996996,168160.0,6966.0,0.0,166447.0,166447.0,-12052.711266482249,-12052.711266482249,-0.0724117062277016,-0.0724117062277016
7,7. Core Automotive,2030,sam_mi_bls_us,bls_us,BLS US,11-0000,Management Occupations,7992.278034032638,7992.278034032638,7992.278034032638,0.025882686787162157,0.025801832760595434,0.007477900835163463,Bachelor's degree,5 years or more,Unreported,BA+,133483.81568731315,7780.0,761.9,0.0,8589.275315005656,8589.275315005656,-596.997280973018,-596.997280973018,-0.06950496509642093,-0.06950496509642093
7,7. Core Automotive,2030,sam_mi_bls_us,bls_us,BLS US,13-0000,Business and Financial Operations Occupations,5459.890313912236,5459.890313912236,5459.890313912236,0.0176816459944834,0.01723940435280622,0.004434028778412722,Bachelor's degree,Less than 5 years,Moderate-term on-the-job training,BA+,82696.5599996547,5340.0,784.0000000000001,0.0,5738.894272623074,5738.894272623074,-279.00395871083856,-279.00395871083856,-0.04861632667494924,-0.04861632667494924
7,7. Core Automotive,2030,sam_mi_bls_us,bls_us,BLS US,15-0000,Computer and Mathematical Occupations,2253.109484867323,2253.109484867323,2253.109484867323,0.007296608907458217,0.0070446735395187,0.005265258871901424,Bachelor's degree,5 years or more,Moderate-term on-the-job training,BA+,117976.64930732385,1450.0,305.8,0.0,2345.129553264538,2345.129553264538,-92.02006839721525,-92.02006839721525,-0.03923879952351404,-0.03923879952351404
7,7. Core Automotive,2030,sam_mi_bls_us,bls_us,BLS US,17-0000,Architecture and Engineering Occupations,12201.413395448926,12201.413395448926,12201.413395448926,0.0395138106970666,0.03857388316151187,0.017013257320322772,Bachelor's degree,Unreported,Unreported,BA+,96264.48604219811,12260.0,98.5,0.0,12841.014261168333,12841.014261168333,-639.600865719407,-639.600865719407,-0.0498092169910271,-0.0498092169910271
7,7. Core Automotive,2030,sam_mi_bls_us,bls_us,BLS US,19-0000,"Life, Physical, and Social Science Occupations",280.20282089578353,280.20282089578353,280.20282089578353,0.0009074261204681264,0.0009163802978235566,0.0011320240043643836,Bachelor's degree,Unreported,Unreported,BA+,80104.6226530973,230.0,25.5,0.0,305.05750286367504,305.05750286367504,-24.85468196789151,-24.85468196789151,-0.08147539966915233,-0.08147539966915233
7,7. Core Automotive,2030,sam_mi_bls_us,bls_us,BLS US,23-0000,Legal Occupations,37.65817065583804,37.65817065583804,37.65817065583804,0.00012195454561416933,0.00011454753722790081,0.0003273322422258,Doctoral or professional degree,Unreported,Unreported,BA+,151160.0,70.0,31.5,0.0,38.132187857944814,38.132187857944814,-0.4740172021067721,-0.4740172021067721,-0.012430894442056278,-0.012430894442056278
7,7. Core Automotive,2030,sam_mi_bls_us,bls_us,BLS US,27-0000,"Arts, Design, Entertainment, Sports, and Media Occupations",169.4617679513318,169.4617679513318,169.4617679513318,0.0005487954552639583,0.0005154639175257037,0.000581923986179299,Bachelor's degree,Unreported,Unreported,BA+,77301.11111111188,50.0,30.1,0.0,171.5948453608016,171.5948453608016,-2.1330774094697915,-2.1330774094697915,-0.012430894441990404,-0.012430894441990404
7,7. Core Automotive,2030,sam_mi_bls_us,bls_us,BLS US,29-0000,Healthcare Practitioners and Technical Occupations,84.73088397566026,84.73088397566026,84.73088397566026,0.0002743977276319609,0.00025773195876285186,0.0003273322422258,Bachelor's degree,Unreported,Unreported,BA+,93600.0,110.0,189.1,0.0,85.7974226804008,85.7974226804008,-1.0665387047405375,-1.0665387047405375,-0.01243089444205616,-0.01243089444205616
7,7. Core Automotive,2030,sam_mi_bls_us,bls_us,BLS US,33-0000,Protective Service Occupations,104.31149528022691,104.31149528022691,104.31149528022691,0.0003378087885759395,0.0003722794959908027,0.0006546644844517,High school diploma or equivalent,Unreported,Short-term on-the-job training,HS or less,38370.0,60.0,161.0,0.0,123.92961053836227,123.92961053836227,-19.61811525813536,-19.61811525813536,-0.15830046728067942,-0.15830046728067942
7,7. Core Automotive,2030,sam_mi_bls_us,bls_us,BLS US,37-0000,Building and Grounds Cleaning and Maintenance Occupations,399.1952348475019,399.1952348475019,399.1952348475019,0.0012927785027608987,0.0013172966781214094,0.0020731042007637,No formal educational credential,Unreported,Short-term on-the-job training,HS or less,35930.0,280.0,351.3,0.0,438.52016036654845,438.52016036654845,-39.32492551904653,-39.32492551904653,-0.08967643696512327,-0.08967643696512327
7,7. Core Automotive,2030,sam_mi_bls_us,bls_us,BLS US,41-0000,Sales and Related Occupations,978.2243370633031,978.2243370633031,978.2243370633031,0.0031679421081167833,0.003235967926689523,0.006011712507664368,High school diploma or equivalent,Less than 5 years,Moderate-term on-the-job training,HS or less,76933.49115306673,1280.0,171.8,0.0,1077.234306987382,1077.234306987382,-99.00996992407897,-99.00996992407897,-0.09191126691923923,-0.09191126691923923
7,7. Core Automotive,2030,sam_mi_bls_us,bls_us,BLS US,43-0000,Office and Administrative Support Occupations,4749.785253831237,4749.785253831237,4749.785253831237,0.015381997911947689,0.01629438717067567,0.007180215862861786,High school diploma or equivalent,Less than 5 years,Short-term on-the-job training,HS or less,49456.03031165841,6000.0,1316.8000000000002,0.0,5424.303722794906,5424.303722794906,-674.518468963669,-674.518468963669,-0.12435116163003482,-0.12435116163003482
7,7. Core Automotive,2030,sam_mi_bls_us,bls_us,BLS US,47-0000,Construction and Extraction Occupations,4111.7502767276865,4111.7502767276865,4111.7502767276865,0.013315746037162379,0.012743413516609391,0.008286777371166522,High school diploma or equivalent,Unreported,Apprenticeship,HS or less,62403.77148385235,4520.0,209.7,0.0,4242.205899198167,4242.205899198167,-130.4556224704802,-130.4556224704802,-0.030751836561053777,-0.030751836561053777
7,7. Core Automotive,2030,sam_mi_bls_us,bls_us,BLS US,49-0000,"Installation, Maintenance, and Repair Occupations",8044.406853898551,8044.406853898551,8044.406853898551,0.026051503976883102,0.024713631156929972,0.013500906200790403,High school diploma or equivalent,Less than 5 years,Long-term on-the-job training,HS or less,62605.94537850561,8690.0,450.50000000000006,0.0,8227.019530355046,8227.019530355046,-182.61267645649514,-182.61267645649514,-0.02219669903331496,-0.02219669903331496
7,7. Core Automotive,2030,sam_mi_bls_us,bls_us,BLS US,51-0000,Production Occupations,100115.44695840022,100115.44695840022,100115.44695840022,0.3242200465432954,0.3262313860252019,0.21857714873082182,High school diploma or equivalent,Less than 5 years,Moderate-term on-the-job training,HS or less,45779.904755179385,112020.0,647.7000000000002,0.0,108600.47101947357,108600.47101947357,-8485.024061073345,-8485.024061073345,-0.07813063775342063,-0.07813063775342063
7,7. Core Automotive,2030,sam_mi_bls_us,bls_us,BLS US,53-0000,Transportation and Material Moving Occupations,7412.423451729304,7412.423451729304,7412.423451729304,0.024004849896109296,0.02462772050400913,0.016794173993580304,No formal educational credential,Less than 5 years,Short-term on-the-job training,HS or less,42334.964195817105,8020.0,1430.8,0.0,8198.420389461615,8198.420389461615,-785.9969377323105,-785.9969377323105,-0.0958717533858893,-0.0958717533858893
7,7. Core Automotive,2030,sam_mi_dtmb_mi,dtmb_mi,DTMB MI,00-0000,All Occupations,162135.87493401192,162135.87493401192,162135.87493401192,0.4999999999999999,0.5,0.1465264287352474,High school diploma or equivalent,Less than 5 years,Moderate-term on-the-job training,HS or less,58251.541633996996,168160.0,6966.0,0.0,166447.0,166447.0,-4311.125065988075,-4311.125065988075,-0.025900887766004046,-0.025900887766004046
7,7. Core Automotive,2030,sam_mi_dtmb_mi,dtmb_mi,DTMB MI,11-0000,Management Occupations,8393.024135759051,8393.024135759051,8393.024135759051,0.025882686787162146,0.025801832760595434,0.007477900835163463,Bachelor's degree,5 years or more,Unreported,BA+,133483.81568731318,7780.0,761.9,0.0,8589.275315005656,8589.275315005656,-196.2511792466048,-196.2511792466048,-0.02284839780414881,-0.02284839780414881
7,7. Core Automotive,2030,sam_mi_dtmb_mi,dtmb_mi,DTMB MI,13-0000,Business and Financial Operations Occupations,5733.658287178066,5733.658287178066,5733.658287178066,0.017681645994483394,0.01723940435280622,0.004434028778412722,Bachelor's degree,Less than 5 years,Moderate-term on-the-job training,BA+,82696.55999965471,5340.0,784.0000000000001,0.0,5738.894272623074,5738.894272623074,-5.235985445008737,-5.235985445008737,-0.0009123683407074734,-0.0009123683407074734
7,7. Core Automotive,2030,sam_mi_dtmb_mi,dtmb_mi,DTMB MI,15-0000,Computer and Mathematical Occupations,2366.084138524085,2366.084138524085,2366.084138524085,0.007296608907458214,0.0070446735395187,0.005265258871901424,Bachelor's degree,5 years or more,Moderate-term on-the-job training,BA+,117976.64930732384,1450.0,305.8,0.0,2345.129553264538,2345.129553264538,20.954585259547002,20.954585259547002,0.008935363605126706,0.008935363605126706
7,7. Core Automotive,2030,sam_mi_dtmb_mi,dtmb_mi,DTMB MI,17-0000,Architecture and Engineering Occupations,12813.212538691623,12813.212538691623,12813.212538691623,0.03951381069706659,0.03857388316151187,0.017013257320322772,Bachelor's degree,Unreported,Unreported,BA+,96264.48604219811,12260.0,98.5,0.0,12841.014261168333,12841.014261168333,-27.801722476709983,-27.801722476709983,-0.0021650721595087193,-0.0021650721595087193
7,7. Core Automotive,2030,sam_mi_dtmb_mi,dtmb_mi,DTMB MI,19-0000,"Life, Physical, and Social Science Occupations",294.2526559601515,294.2526559601515,294.2526559601515,0.0009074261204681261,0.0009163802978235566,0.0011320240043643836,Bachelor's degree,Unreported,Unreported,BA+,80104.62265309728,230.0,25.5,0.0,305.05750286367504,305.05750286367504,-10.804846903523526,-10.804846903523526,-0.035419049858124704,-0.035419049858124704
7,7. Core Automotive,2030,sam_mi_dtmb_mi,dtmb_mi,DTMB MI,23-0000,Legal Occupations,39.546413910666416,39.546413910666416,39.546413910666416,0.00012195454561416929,0.00011454753722790081,0.0003273322422258,Doctoral or professional degree,Unreported,Unreported,BA+,151160.0,70.0,31.5,0.0,38.132187857944814,38.132187857944814,1.4142260527216024,1.4142260527216024,0.037087461595176986,0.037087461595176986
7,7. Core Automotive,2030,sam_mi_dtmb_mi,dtmb_mi,DTMB MI,27-0000,"Arts, Design, Entertainment, Sports, and Media Occupations",177.95886259806252,177.95886259806252,177.95886259806252,0.0005487954552639581,0.0005154639175257037,0.000581923986179299,Bachelor's degree,Unreported,Unreported,BA+,77301.11111111188,50.0,30.1,0.0,171.5948453608016,171.5948453608016,6.364017237260924,6.364017237260924,0.03708746159524611,0.03708746159524611
7,7. Core Automotive,2030,sam_mi_dtmb_mi,dtmb_mi,DTMB MI,29-0000,Healthcare Practitioners and Technical Occupations,88.97943129902534,88.97943129902534,88.97943129902534,0.00027439772763196077,0.00025773195876285186,0.0003273322422258,Bachelor's degree,Unreported,Unreported,BA+,93600.0,110.0,189.1,0.0,85.7974226804008,85.7974226804008,3.182008618624536,3.182008618624536,0.03708746159517704,0.03708746159517704
7,7. Core Automotive,2030,sam_mi_dtmb_mi,dtmb_mi,DTMB MI,33-0000,Protective Service Occupations,109.54184699231719,109.54184699231719,109.54184699231719,0.0003378087885759394,0.0003722794959908027,0.0006546644844517,High school diploma or equivalent,Unreported,Short-term on-the-job training,HS or less,38370.0,60.0,161.0,0.0,123.92961053836227,123.92961053836227,-14.387763546045079,-14.387763546045079,-0.11609625402309615,-0.11609625402309615
7,7. Core Automotive,2030,sam_mi_dtmb_mi,dtmb_mi,DTMB MI,37-0000,Building and Grounds Cleaning and Maintenance Occupations,419.21154728204044,419.21154728204044,419.21154728204044,0.0012927785027608983,0.0013172966781214094,0.0020731042007637,No formal educational credential,Unreported,Short-term on-the-job training,HS or less,35930.0,280.0,351.3,0.0,438.52016036654845,438.52016036654845,-19.30861308450801,-19.30861308450801,-0.04403130079211958,-0.04403130079211958
7,7. Core Automotive,2030,sam_mi_dtmb_mi,dtmb_mi,DTMB MI,41-0000,Sales and Related Occupations,1027.2741308796255,1027.2741308796255,1027.2741308796255,0.003167942108116782,0.003235967926689523,0.006011712507664368,High school diploma or equivalent,Less than 5 years,Moderate-term on-the-job training,HS or less,76933.49115306672,1280.0,171.8,0.0,1077.234306987382,1077.234306987382,-49.960176107756524,-49.960176107756524,-0.0463781888338446,-0.0463781888338446
7,7. Core Automotive,2030,sam_mi_dtmb_mi,dtmb_mi,DTMB MI,43-0000,Office and Administrative Support Occupations,4987.947379373564,4987.947379373564,4987.947379373564,0.01538199791194768,0.01629438717067567,0.007180215862861786,High school diploma or equivalent,Less than 5 years,Short-term on-the-job training,HS or less,49456.03031165841,6000.0,1316.8000000000002,0.0,5424.303722794906,5424.303722794906,-436.356343421342,-436.356343421342,-0.08044467377215866,-0.08044467377215866
7,7. Core Automotive,2030,sam_mi_dtmb_mi,dtmb_mi,DTMB MI,47-0000,Construction and Extraction Occupations,4317.920268268849,4317.920268268849,4317.920268268849,0.013315746037162377,0.012743413516609391,0.008286777371166522,High school diploma or equivalent,Unreported,Apprenticeship,HS or less,62403.771483852346,4520.0,209.7,0.0,4242.205899198167,4242.205899198167,75.71436907068255,75.71436907068255,0.017847876993663504,0.017847876993663504
7,7. Core Automotive,2030,sam_mi_dtmb_mi,dtmb_mi,DTMB MI,49-0000,"Installation, Maintenance, and Repair Occupations",8447.766781277664,8447.766781277664,8447.766781277664,0.026051503976883092,0.024713631156929972,0.013500906200790403,High school diploma or equivalent,Less than 5 years,Long-term on-the-job training,HS or less,62605.9453785056,8690.0,450.50000000000006,0.0,8227.019530355046,8227.019530355046,220.74725092261724,220.74725092261724,0.02683198333346981,0.02683198333346981
7,7. Core Automotive,2030,sam_mi_dtmb_mi,dtmb_mi,DTMB MI,51-0000,Production Occupations,105135.40183488654,105135.40183488654,105135.40183488654,0.32422004654329534,0.3262313860252019,0.21857714873082182,High school diploma or equivalent,Less than 5 years,Moderate-term on-the-job training,HS or less,45779.90475517936,112020.0,647.7000000000002,0.0,108600.47101947357,108600.47101947357,-3465.0691845870315,-3465.0691845870315,-0.03190657602180838,-0.03190657602180838
7,7. Core Automotive,2030,sam_mi_dtmb_mi,dtmb_mi,DTMB MI,53-0000,Transportation and Material Moving Occupations,7784.094681130611,7784.094681130611,7784.094681130611,0.02400484989610929,0.02462772050400913,0.016794173993580304,No formal educational credential,Less than 5 years,Short-term on-the-job training,HS or less,42334.964195817105,8020.0,1430.8,0.0,8198.420389461615,8198.420389461615,-414.3257083310036,-414.3257083310036,-0.0505372606732371,-0.0505372606732371
7,7. Core Automotive,2030,sam_mi_moodys_mi,moodys_mi,Moody's MI,00-0000,All Occupations,167618.66618277997,167618.66618277997,167618.66618277997,0.4999999999999999,0.5,0.1465264287352474,High school diploma or equivalent,Less than 5 years,Moderate-term on-the-job training,HS or less,58251.541633996996,168160.0,6966.0,0.0,166447.0,166447.0,1171.666182779969,1171.666182779969,0.007039274860946541,0.007039274860946541
7,7. Core Automotive,2030,sam_mi_moodys_mi,moodys_mi,Moody's MI,11-0000,Management Occupations,8676.842872981568,8676.842872981568,8676.842872981568,0.025882686787162157,0.025801832760595434,0.007477900835163463,Bachelor's degree,5 years or more,Unreported,BA+,133483.81568731315,7780.0,761.9,0.0,8589.275315005656,8589.275315005656,87.56755797591177,87.56755797591177,0.010194987908110163,0.010194987908110163
7,7. Core Automotive,2030,sam_mi_moodys_mi,moodys_mi,Moody's MI,13-0000,Business and Financial Operations Occupations,5927.547835022803,5927.547835022803,5927.547835022803,0.017681645994483398,0.01723940435280622,0.004434028778412722,Bachelor's degree,Less than 5 years,Moderate-term on-the-job training,BA+,82696.5599996547,5340.0,784.0000000000001,0.0,5738.894272623074,5738.894272623074,188.6535623997288,188.6535623997288,0.032872806752981175,0.032872806752981175
7,7. Core Automotive,2030,sam_mi_moodys_mi,moodys_mi,Moody's MI,15-0000,Computer and Mathematical Occupations,2446.0957054510754,2446.0957054510754,2446.0957054510754,0.007296608907458216,0.0070446735395187,0.005265258871901424,Bachelor's degree,5 years or more,Moderate-term on-the-job training,BA+,117976.64930732385,1450.0,305.8,0.0,2345.129553264538,2345.129553264538,100.96615218653733,100.96615218653733,0.04305354987573602,0.04305354987573602
7,7. Core Automotive,2030,sam_mi_moodys_mi,moodys_mi,Moody's MI,17-0000,Architecture and Engineering Occupations,13246.504489682335,13246.504489682335,13246.504489682335,0.039513810697066595,0.03857388316151187,0.017013257320322772,Bachelor's degree,Unreported,Unreported,BA+,96264.48604219814,12260.0,98.5,0.0,12841.014261168333,12841.014261168333,405.4902285140015,405.4902285140015,0.0315777414670598,0.0315777414670598
7,7. Core Automotive,2030,sam_mi_moodys_mi,moodys_mi,Moody's MI,19-0000,"Life, Physical, and Social Science Occupations",304.2031119445639,304.2031119445639,304.2031119445639,0.0009074261204681262,0.0009163802978235566,0.0011320240043643836,Bachelor's degree,Unreported,Unreported,BA+,80104.62265309729,230.0,25.5,0.0,305.05750286367504,305.05750286367504,-0.8543909191111538,-0.8543909191111538,-0.00280075366477043,-0.00280075366477043
7,7. Core Automotive,2030,sam_mi_moodys_mi,moodys_mi,Moody's MI,23-0000,Legal Occupations,40.883716541548125,40.883716541548125,40.883716541548125,0.00012195454561416931,0.00011454753722790081,0.0003273322422258,Doctoral or professional degree,Unreported,Unreported,BA+,151160.0,70.0,31.5,0.0,38.132187857944814,38.132187857944814,2.7515286836033113,2.7515286836033113,0.07215763999311234,0.07215763999311234
7,7. Core Automotive,2030,sam_mi_moodys_mi,moodys_mi,Moody's MI,27-0000,"Arts, Design, Entertainment, Sports, and Media Occupations",183.97672443703237,183.97672443703237,183.97672443703237,0.0005487954552639582,0.0005154639175257037,0.000581923986179299,Bachelor's degree,Unreported,Unreported,BA+,77301.11111111188,50.0,30.1,0.0,171.5948453608016,171.5948453608016,12.381879076230774,12.381879076230774,0.07215763999318384,0.07215763999318384
7,7. Core Automotive,2030,sam_mi_moodys_mi,moodys_mi,Moody's MI,29-0000,Healthcare Practitioners and Technical Occupations,91.98836221851006,91.98836221851006,91.98836221851006,0.0002743977276319608,0.00025773195876285186,0.0003273322422258,Bachelor's degree,Unreported,Unreported,BA+,93600.0,110.0,189.1,0.0,85.7974226804008,85.7974226804008,6.190939538109262,6.190939538109262,0.07215763999311245,0.07215763999311245
7,7. Core Automotive,2030,sam_mi_moodys_mi,moodys_mi,Moody's MI,33-0000,Protective Service Occupations,113.2461171318394,113.2461171318394,113.2461171318394,0.00033780878857593945,0.0003722794959908027,0.0006546644844517,High school diploma or equivalent,Unreported,Short-term on-the-job training,HS or less,38370.0,60.0,161.0,0.0,123.92961053836227,123.92961053836227,-10.68349340652287,-10.68349340652287,-0.08620614040593477,-0.08620614040593477
7,7. Core Automotive,2030,sam_mi_moodys_mi,moodys_mi,Moody's MI,37-0000,Building and Grounds Cleaning and Maintenance Occupations,433.38761660510636,433.38761660510636,433.38761660510636,0.0012927785027608985,0.0013172966781214094,0.0020731042007637,No formal educational credential,Unreported,Short-term on-the-job training,HS or less,35930.0,280.0,351.3,0.0,438.52016036654845,438.52016036654845,-5.1325437614420935,-5.1325437614420935,-0.011704236715484012,-0.011704236715484012
7,7. Core Automotive,2030,sam_mi_moodys_mi,moodys_mi,Moody's MI,41-0000,Sales and Related Occupations,1062.0124614135987,1062.0124614135987,1062.0124614135987,0.0031679421081167824,0.003235967926689523,0.006011712507664368,High school diploma or equivalent,Less than 5 years,Moderate-term on-the-job training,HS or less,76933.49115306672,1280.0,171.8,0.0,1077.234306987382,1077.234306987382,-15.221845573783412,-15.221845573783412,-0.01413048718839374,-0.01413048718839374
7,7. Core Automotive,2030,sam_mi_moodys_mi,moodys_mi,Moody's MI,43-0000,Office and Administrative Support Occupations,5156.619946453955,5156.619946453955,5156.619946453955,0.015381997911947682,0.01629438717067567,0.007180215862861786,High school diploma or equivalent,Less than 5 years,Short-term on-the-job training,HS or less,49456.03031165841,6000.0,1316.8000000000002,0.0,5424.303722794906,5424.303722794906,-267.6837763409512,-267.6837763409512,-0.0493489653273002,-0.0493489653273002
7,7. Core Automotive,2030,sam_mi_moodys_mi,moodys_mi,Moody's MI,47-0000,Construction and Extraction Occupations,4463.9351799555925,4463.9351799555925,4463.9351799555925,0.013315746037162377,0.012743413516609391,0.008286777371166522,High school diploma or equivalent,Unreported,Apprenticeship,HS or less,62403.77148385235,4520.0,209.7,0.0,4242.205899198167,4242.205899198167,221.72928075742584,221.72928075742584,0.05226744906449157,0.05226744906449157
7,7. Core Automotive,2030,sam_mi_moodys_mi,moodys_mi,Moody's MI,49-0000,"Installation, Maintenance, and Repair Occupations",8733.436697321065,8733.436697321065,8733.436697321065,0.026051503976883092,0.024713631156929972,0.013500906200790403,High school diploma or equivalent,Less than 5 years,Long-term on-the-job training,HS or less,62605.94537850561,8690.0,450.50000000000006,0.0,8227.019530355046,8227.019530355046,506.41716696601907,506.41716696601907,0.061555362193745036,0.061555362193745036
7,7. Core Automotive,2030,sam_mi_moodys_mi,moodys_mi,Moody's MI,51-0000,Production Occupations,108690.66350261203,108690.66350261203,108690.66350261203,0.32422004654329534,0.3262313860252019,0.21857714873082182,High school diploma or equivalent,Less than 5 years,Moderate-term on-the-job training,HS or less,45779.90475517938,112020.0,647.7000000000002,0.0,108600.47101947357,108600.47101947357,90.19248313846765,90.19248313846765,0.00083049808432502,0.00083049808432502
7,7. Core Automotive,2030,sam_mi_moodys_mi,moodys_mi,Moody's MI,53-0000,Transportation and Material Moving Occupations,8047.32184300737,8047.32184300737,8047.32184300737,0.024004849896109296,0.02462772050400913,0.016794173993580304,No formal educational credential,Less than 5 years,Short-term on-the-job training,HS or less,42334.96419581711,8020.0,1430.8,0.0,8198.420389461615,8198.420389461615,-151.09854645424457,-151.09854645424457,-0.01843020231659127,-0.01843020231659127
7,7. Core Automotive,2030,sam_mi_moodys_mi_detail,moodys_mi_detail,Moody's MI (detail),00-0000,All Occupations,173161.88748054547,173161.88748054547,173161.88748054547,0.4999999999999999,0.5,0.1465264287352474,High school diploma or equivalent,Less than 5 years,Moderate-term on-the-job training,HS or less,58251.541633996996,168160.0,6966.0,0.0,166447.0,166447.0,6714.887480545469,6714.887480545469,0.0403424962933875,0.0403424962933875
7,7. Core Automotive,2030,sam_mi_moodys_mi_detail,moodys_mi_detail,Moody's MI (detail),11-0000,Management Occupations,8963.789794265549,8963.789794265549,8963.789794265549,0.025882686787162153,0.025801832760595434,0.007477900835163463,Bachelor's degree,5 years or more,Unreported,BA+,133483.81568731315,7780.0,761.9,0.0,8589.275315005656,8589.275315005656,374.51447925989305,374.51447925989305,0.04360257012667971,0.04360257012667971
7,7. Core Automotive,2030,sam_mi_moodys_mi_detail,moodys_mi_detail,Moody's MI (detail),13-0000,Business and Financial Operations Occupations,6123.574388335145,6123.574388335145,6123.574388335145,0.0176816459944834,0.01723940435280622,0.004434028778412722,Bachelor's degree,Less than 5 years,Moderate-term on-the-job training,BA+,82696.55999965468,5340.0,784.0000000000001,0.0,5738.894272623074,5738.894272623074,384.6801157120708,384.6801157120708,0.06703035418288777,0.06703035418288777
7,7. Core Automotive,2030,sam_mi_moodys_mi_detail,moodys_mi_detail,Moody's MI (detail),15-0000,Computer and Mathematical Occupations,2526.989141245651,2526.989141245651,2526.989141245651,0.007296608907458215,0.0070446735395187,0.005265258871901424,Bachelor's degree,5 years or more,Moderate-term on-the-job training,BA+,117976.64930732384,1450.0,305.8,0.0,2345.129553264538,2345.129553264538,181.85958798111278,181.85958798111278,0.077547778854245,0.077547778854245
7,7. Core Automotive,2030,sam_mi_moodys_mi_detail,moodys_mi_detail,Moody's MI (detail),17-0000,Architecture and Engineering Occupations,13684.57208370604,13684.57208370604,13684.57208370604,0.03951381069706659,0.03857388316151187,0.017013257320322772,Bachelor's degree,Unreported,Unreported,BA+,96264.48604219811,12260.0,98.5,0.0,12841.014261168333,12841.014261168333,843.5578225377067,843.5578225377067,0.06569246053161505,0.06569246053161505
7,7. Core Automotive,2030,sam_mi_moodys_mi_detail,moodys_mi_detail,Moody's MI (detail),19-0000,"Life, Physical, and Social Science Occupations",314.2632395388192,314.2632395388192,314.2632395388192,0.0009074261204681263,0.0009163802978235566,0.0011320240043643836,Bachelor's degree,Unreported,Unreported,BA+,80104.62265309729,230.0,25.5,0.0,305.05750286367504,305.05750286367504,9.20573667514418,9.20573667514418,0.03017705379715924,0.03017705379715924
7,7. Core Automotive,2030,sam_mi_moodys_mi_detail,moodys_mi_detail,Moody's MI (detail),23-0000,Legal Occupations,42.23575861076368,42.23575861076368,42.23575861076368,0.00012195454561416931,0.00011454753722790081,0.0003273322422258,Doctoral or professional degree,Unreported,Unreported,BA+,151160.0,70.0,31.5,0.0,38.132187857944814,38.132187857944814,4.103570752818868,4.103570752818868,0.10761435373459412,0.10761435373459412
7,7. Core Automotive,2030,sam_mi_moodys_mi_detail,moodys_mi_detail,Moody's MI (detail),27-0000,"Arts, Design, Entertainment, Sports, and Media Occupations",190.06091374850456,190.06091374850456,190.06091374850456,0.0005487954552639583,0.0005154639175257037,0.000581923986179299,Bachelor's degree,Unreported,Unreported,BA+,77301.11111111188,50.0,30.1,0.0,171.5948453608016,171.5948453608016,18.46606838770296,18.46606838770296,0.10761435373466802,0.10761435373466802
7,7. Core Automotive,2030,sam_mi_moodys_mi_detail,moodys_mi_detail,Moody's MI (detail),29-0000,Healthcare Practitioners and Technical Occupations,95.03045687424594,95.03045687424594,95.03045687424594,0.0002743977276319608,0.00025773195876285186,0.0003273322422258,Bachelor's degree,Unreported,Unreported,BA+,93600.0,110.0,189.1,0.0,85.7974226804008,85.7974226804008,9.233034193845143,9.233034193845143,0.10761435373459415,0.10761435373459415
7,7. Core Automotive,2030,sam_mi_moodys_mi_detail,moodys_mi_detail,Moody's MI (detail),33-0000,Protective Service Occupations,116.99121487465243,116.99121487465243,116.99121487465243,0.00033780878857593945,0.0003722794959908027,0.0006546644844517,High school diploma or equivalent,Unreported,Short-term on-the-job training,HS or less,38370.0,60.0,161.0,0.0,123.92961053836227,123.92961053836227,-6.938395663709841,-6.938395663709841,-0.05598658491355517,-0.05598658491355517
7,7. Core Automotive,2030,sam_mi_moodys_mi_detail,moodys_mi_detail,Moody's MI (detail),37-0000,Building and Grounds Cleaning and Maintenance Occupations,447.7199312647016,447.7199312647016,447.7199312647016,0.0012927785027608985,0.0013172966781214094,0.0020731042007637,No formal educational credential,Unreported,Short-term on-the-job training,HS or less,35930.0,280.0,351.3,0.0,438.52016036654845,438.52016036654845,9.199770898153133,9.199770898153133,0.02097912873712184,0.02097912873712184
7,7. Core Automotive,2030,sam_mi_moodys_mi_detail,moodys_mi_detail,Moody's MI (detail),41-0000,Sales and Related Occupations,1097.133669741201,1097.133669741201,1097.133669741201,0.003167942108116783,0.003235967926689523,0.006011712507664368,High school diploma or equivalent,Less than 5 years,Moderate-term on-the-job training,HS or less,76933.49115306672,1280.0,171.8,0.0,1077.234306987382,1077.234306987382,19.899362753818878,19.899362753818878,0.01847264111878305,0.01847264111878305
7,7. Core Automotive,2030,sam_mi_moodys_mi_detail,moodys_mi_detail,Moody's MI (detail),43-0000,Office and Administrative Support Occupations,5327.151583309342,5327.151583309342,5327.151583309342,0.015381997911947685,0.01629438717067567,0.007180215862861786,High school diploma or equivalent,Less than 5 years,Short-term on-the-job training,HS or less,49456.0303116584,6000.0,1316.8000000000002,0.0,5424.303722794906,5424.303722794906,-97.15213948556448,-97.15213948556448,-0.017910527221640573,-0.017910527221640573
7,7. Core Automotive,2030,sam_mi_moodys_mi_detail,moodys_mi_detail,Moody's MI (detail),47-0000,Construction and Extraction Occupations,4611.559434013263,4611.559434013263,4611.559434013263,0.013315746037162379,0.012743413516609391,0.008286777371166522,High school diploma or equivalent,Unreported,Apprenticeship,HS or less,62403.77148385234,4520.0,209.7,0.0,4242.205899198167,4242.205899198167,369.3535348150963,369.3535348150963,0.08706638564736073,0.08706638564736073
7,7. Core Automotive,2030,sam_mi_moodys_mi_detail,moodys_mi_detail,Moody's MI (detail),49-0000,"Installation, Maintenance, and Repair Occupations",9022.255200688029,9022.255200688029,9022.255200688029,0.026051503976883095,0.024713631156929972,0.013500906200790403,High school diploma or equivalent,Less than 5 years,Long-term on-the-job training,HS or less,62605.945378505596,8690.0,450.50000000000006,0.0,8227.019530355046,8227.019530355046,795.2356703329824,795.2356703329824,0.09666145405378211,0.09666145405378211
7,7. Core Automotive,2030,sam_mi_moodys_mi_detail,moodys_mi_detail,Moody's MI (detail),51-0000,Production Occupations,112285.11043693466,112285.11043693466,112285.11043693466,0.32422004654329534,0.3262313860252019,0.21857714873082182,High school diploma or equivalent,Less than 5 years,Moderate-term on-the-job training,HS or less,45779.90475517937,112020.0,647.7000000000002,0.0,108600.47101947357,108600.47101947357,3684.6394174610905,3684.6394174610905,0.03392839260154207,0.03392839260154207
7,7. Core Automotive,2030,sam_mi_moodys_mi_detail,moodys_mi_detail,Moody's MI (detail),53-0000,Transportation and Material Moving Occupations,8313.450233394924,8313.450233394924,8313.450233394924,0.024004849896109296,0.02462772050400913,0.016794173993580304,No formal educational credential,Less than 5 years,Short-term on-the-job training,HS or less,42334.96419581711,8020.0,1430.8,0.0,8198.420389461615,8198.420389461615,115.02984393330917,115.02984393330917,0.014030732564186441,0.014030732564186441
7,7. Core Automotive,2030,sam_mi_moodys_us,moodys_us,Moody's US,00-0000,All Occupations,173576.44741125213,173576.44741125213,173576.44741125213,0.5,0.5,0.1465264287352474,High school diploma or equivalent,Less than 5 years,Moderate-term on-the-job training,HS or less,58251.54163399699,168160.0,6966.0,0.0,166447.0,166447.0,7129.4474112521275,7129.4474112521275,0.042833138544113906,0.042833138544113906
7,7. Core Automotive,2030,sam_mi_moodys_us,moodys_us,Moody's US,11-0000,Management Occupations,8985.249643947525,8985.249643947525,8985.249643947525,0.025882686787162157,0.025801832760595434,0.007477900835163463,Bachelor's degree,5 years or more,Unreported,BA+,133483.81568731318,7780.0,761.9,0.0,8589.275315005656,8589.275315005656,395.9743289418693,395.9743289418693,0.04610101718943545,0.04610101718943545
7,7. Core Automotive,2030,sam_mi_moodys_us,moodys_us,Moody's US,13-0000,Business and Financial Operations Occupations,6138.234592211648,6138.234592211648,6138.234592211648,0.017681645994483398,0.01723940435280622,0.004434028778412722,Bachelor's degree,Less than 5 years,Moderate-term on-the-job training,BA+,82696.55999965471,5340.0,784.0000000000001,0.0,5738.894272623074,5738.894272623074,399.34031958857395,399.34031958857395,0.0695848887639548,0.0695848887639548
7,7. Core Automotive,2030,sam_mi_moodys_us,moodys_us,Moody's US,15-0000,Computer and Mathematical Occupations,2533.0389046117903,2533.0389046117903,2533.0389046117903,0.0072966089074582175,0.0070446735395187,0.005265258871901424,Bachelor's degree,5 years or more,Moderate-term on-the-job training,BA+,117976.64930732381,1450.0,305.8,0.0,2345.129553264538,2345.129553264538,187.90935134725214,187.90935134725214,0.08012749277995021,0.08012749277995021
7,7. Core Automotive,2030,sam_mi_moodys_us,moodys_us,Moody's US,17-0000,Architecture and Engineering Occupations,13717.333768955108,13717.333768955108,13717.333768955108,0.03951381069706661,0.03857388316151187,0.017013257320322772,Bachelor's degree,Unreported,Unreported,BA+,96264.48604219811,12260.0,98.5,0.0,12841.014261168333,12841.014261168333,876.3195077867749,876.3195077867749,0.0682437921151443,0.0682437921151443
7,7. Core Automotive,2030,sam_mi_moodys_us,moodys_us,Moody's US,19-0000,"Life, Physical, and Social Science Occupations",315.0156045580646,315.0156045580646,315.0156045580646,0.0009074261204681265,0.0009163802978235566,0.0011320240043643836,Bachelor's degree,Unreported,Unreported,BA+,80104.62265309728,230.0,25.5,0.0,305.05750286367504,305.05750286367504,9.95810169438954,9.95810169438954,0.0326433593696584,0.0326433593696584
7,7. Core Automotive,2030,sam_mi_moodys_us,moodys_us,Moody's US,23-0000,Legal Occupations,42.336873546722025,42.336873546722025,42.336873546722025,0.00012195454561416933,0.00011454753722790081,0.0003273322422258,Doctoral or professional degree,Unreported,Unreported,BA+,151160.0,70.0,31.5,0.0,38.132187857944814,38.132187857944814,4.204685688777211,4.204685688777211,0.11026604884149514,0.11026604884149514
7,7. Core Automotive,2030,sam_mi_moodys_us,moodys_us,Moody's US,27-0000,"Arts, Design, Entertainment, Sports, and Media Occupations",190.51593096031726,190.51593096031726,190.51593096031726,0.0005487954552639583,0.0005154639175257037,0.000581923986179299,Bachelor's degree,Unreported,Unreported,BA+,77301.11111111188,50.0,30.1,0.0,171.5948453608016,171.5948453608016,18.921085599515663,18.921085599515663,0.1102660488415692,0.1102660488415692
7,7. Core Automotive,2030,sam_mi_moodys_us,moodys_us,Moody's US,29-0000,Healthcare Practitioners and Technical Occupations,95.25796548015228,95.25796548015228,95.25796548015228,0.0002743977276319609,0.00025773195876285186,0.0003273322422258,Bachelor's degree,Unreported,Unreported,BA+,93599.99999999999,110.0,189.1,0.0,85.7974226804008,85.7974226804008,9.46054279975148,9.46054279975148,0.11026604884149517,0.11026604884149517
7,7. Core Automotive,2030,sam_mi_moodys_us,moodys_us,Moody's US,33-0000,Protective Service Occupations,117.27129885062071,117.27129885062071,117.27129885062071,0.0003378087885759395,0.0003722794959908027,0.0006546644844517,High school diploma or equivalent,Unreported,Short-term on-the-job training,HS or less,38370.0,60.0,161.0,0.0,123.92961053836227,123.92961053836227,-6.658311687741559,-6.658311687741559,-0.0537265602531728,-0.0537265602531728
7,7. Core Automotive,2030,sam_mi_moodys_us,moodys_us,Moody's US,37-0000,Building and Grounds Cleaning and Maintenance Occupations,448.7917995977488,448.7917995977488,448.7917995977488,0.0012927785027608987,0.0013172966781214094,0.0020731042007637,No formal educational credential,Unreported,Short-term on-the-job training,HS or less,35930.0,280.0,351.3,0.0,438.52016036654845,438.52016036654845,10.271639231200368,10.271639231200368,0.023423413926088488,0.023423413926088488
7,7. Core Automotive,2030,sam_mi_moodys_us,moodys_us,Moody's US,41-0000,Sales and Related Occupations,1099.760273462848,1099.760273462848,1099.760273462848,0.0031679421081167833,0.003235967926689523,0.006011712507664368,High school diploma or equivalent,Less than 5 years,Moderate-term on-the-job training,HS or less,76933.49115306672,1280.0,171.8,0.0,1077.234306987382,1077.234306987382,22.52596647546602,22.52596647546602,0.020910925626257345,0.020910925626257345
7,7. Core Automotive,2030,sam_mi_moodys_us,moodys_us,Moody's US,43-0000,Office and Administrative Support Occupations,5339.905103286355,5339.905103286355,5339.905103286355,0.015381997911947687,0.01629438717067567,0.007180215862861786,High school diploma or equivalent,Less than 5 years,Short-term on-the-job training,HS or less,49456.030311658404,6000.0,1316.8000000000002,0.0,5424.303722794906,5424.303722794906,-84.39861950855084,-84.39861950855084,-0.015559346198458062,-0.015559346198458062
7,7. Core Automotive,2030,sam_mi_moodys_us,moodys_us,Moody's US,47-0000,Construction and Extraction Occupations,4622.59978352221,4622.59978352221,4622.59978352221,0.01331574603716238,0.012743413516609391,0.008286777371166522,High school diploma or equivalent,Unreported,Apprenticeship,HS or less,62403.771483852346,4520.0,209.7,0.0,4242.205899198167,4242.205899198167,380.39388432404303,380.39388432404303,0.08966888768787544,0.08966888768787544
7,7. Core Automotive,2030,sam_mi_moodys_us,moodys_us,Moody's US,49-0000,"Installation, Maintenance, and Repair Occupations",9043.85502005495,9043.85502005495,9043.85502005495,0.026051503976883102,0.024713631156929972,0.013500906200790403,High school diploma or equivalent,Less than 5 years,Long-term on-the-job training,HS or less,62605.94537850559,8690.0,450.50000000000006,0.0,8227.019530355046,8227.019530355046,816.8354896999044,816.8354896999044,0.09928692726278882,0.09928692726278882
7,7. Core Automotive,2030,sam_mi_moodys_us,moodys_us,Moody's US,51-0000,Production Occupations,112553.92771699202,112553.92771699202,112553.92771699202,0.3242200465432953,0.3262313860252019,0.21857714873082182,High school diploma or equivalent,Less than 5 years,Moderate-term on-the-job training,HS or less,45779.904755179385,112020.0,647.7000000000002,0.0,108600.47101947357,108600.47101947357,3953.456697518457,3953.456697518457,0.03640367910383692,0.03640367910383692
7,7. Core Automotive,2030,sam_mi_moodys_us,moodys_us,Moody's US,53-0000,Transportation and Material Moving Occupations,8333.353131214033,8333.353131214033,8333.353131214033,0.024004849896109296,0.02462772050400913,0.016794173993580304,No formal educational credential,Less than 5 years,Short-term on-the-job training,HS or less,42334.964195817105,8020.0,1430.8,0.0,8198.420389461615,8198.420389461615,134.93274175241822,134.93274175241822,0.016458382876518872,0.016458382876518872
8,"8. Motor Vehicle Parts, Materials, & Products Sales",2030,sam_mi_bls_us,bls_us,BLS US,00-0000,All Occupations,116112.65407112119,116112.65407112119,116112.65407112119,0.5,0.5,0.03936850305048077,High school diploma or equivalent,Less than 5 years,Short-term on-the-job training,HS or less,56720.790325333306,100620.0,9805.3,0.0,116571.0,116571.0,-458.34592887881445,-458.34592887881445,-0.003931903551301906,-0.003931903551301906
8,"8. Motor Vehicle Parts, Materials, & Products Sales",2030,sam_mi_bls_us,bls_us,BLS US,11-0000,Management Occupations,8995.130334399668,8995.130334399668,8995.130334399668,0.038734496280181406,0.03793352601156049,0.024450732902664404,Bachelor's degree,5 years or more,Moderate-term on-the-job training,BA+,122863.14536664337,7550.0,808.6999999999999,0.0,8843.898121387236,8843.898121387236,151.2322130124321,151.2322130124321,0.01710017584290197,0.01710017584290197
8,"8. Motor Vehicle Parts, Materials, & Products Sales",2030,sam_mi_bls_us,bls_us,BLS US,13-0000,Business and Financial Operations Occupations,5261.295319660895,5261.295319660895,5261.295319660895,0.022655994567302943,0.02185693641618484,0.006454277968854029,Bachelor's degree,Less than 5 years,Moderate-term on-the-job training,BA+,81417.76716217355,3620.0,742.2,0.0,5095.769869942166,5095.769869942166,165.52544971872885,165.52544971872885,0.032482913071701855,0.032482913071701855
8,"8. Motor Vehicle Parts, Materials, & Products Sales",2030,sam_mi_bls_us,bls_us,BLS US,15-0000,Computer and Mathematical Occupations,1449.3066444872006,1449.3066444872006,1449.3066444872006,0.0062409504635019064,0.006096459537572039,0.002736448182077442,Bachelor's degree,Less than 5 years,Moderate-term on-the-job training,BA+,104559.20764276551,970.0,260.5,0.0,1421.3407695086203,1421.3407695086203,27.96587497858036,27.96587497858036,0.019675700281395994,0.019675700281395994
8,"8. Motor Vehicle Parts, Materials, & Products Sales",2030,sam_mi_bls_us,bls_us,BLS US,17-0000,Architecture and Engineering Occupations,5855.352952296513,5855.352952296513,5855.352952296513,0.02521410348914253,0.0236632947976878,0.0025509143467835225,Bachelor's degree,Unreported,Unreported,BA+,98938.60040063693,2900.0,91.2,0.0,5516.907875722529,5516.907875722529,338.4450765739839,338.4450765739839,0.06134687839601799,0.06134687839601799
8,"8. Motor Vehicle Parts, Materials, & Products Sales",2030,sam_mi_bls_us,bls_us,BLS US,19-0000,"Life, Physical, and Social Science Occupations",70.03832003889221,70.03832003889221,70.03832003889221,0.0003015964134106883,0.00027095375722540173,0.0004799565952296,Bachelor's degree,Unreported,Unreported,BA+,83910.0,30.0,14.9,0.0,63.17070086704461,63.17070086704461,6.8676191718476005,6.8676191718476005,0.10871526004281448,0.10871526004281448
8,"8. Motor Vehicle Parts, Materials, & Products Sales",2030,sam_mi_bls_us,bls_us,BLS US,23-0000,Legal Occupations,74.71332750446098,74.71332750446098,74.71332750446098,0.000321727756988044,0.000316112716762952,0.0001460737463742283,Associate's degree,Unreported,Unreported,SC or associate's,104849.78504860426,30.0,36.2,0.0,73.69915101154815,73.69915101154815,1.0141764929128243,1.0141764929128243,0.013761033593913582,0.013761033593913582
8,"8. Motor Vehicle Parts, Materials, & Products Sales",2030,sam_mi_bls_us,bls_us,BLS US,27-0000,"Arts, Design, Entertainment, Sports, and Media Occupations",129.90470733728222,129.90470733728222,129.90470733728222,0.0005593908277116513,0.0005419075144508533,0.0012381488978387314,Bachelor's degree,Unreported,Unreported,BA+,68870.07700872349,80.0,22.5,0.0,126.34140173410086,126.34140173410086,3.5633056031813624,3.5633056031813624,0.02820378398745903,0.02820378398745903
8,"8. Motor Vehicle Parts, Materials, & Products Sales",2030,sam_mi_bls_us,bls_us,BLS US,35-0000,Food Preparation and Serving Related Occupations,1722.519016035628,1722.519016035628,1722.519016035628,0.007417447434198484,0.008038294797687851,0.0064886755331633175,No formal educational credential,Less than 5 years,Short-term on-the-job training,HS or less,31888.094900609638,2090.0,1236.1999999999998,0.0,1874.064125722541,1874.064125722541,-151.54510968691284,-151.54510968691284,-0.08086442059632563,-0.08086442059632563
8,"8. Motor Vehicle Parts, Materials, & Products Sales",2030,sam_mi_bls_us,bls_us,BLS US,37-0000,Building and Grounds Cleaning and Maintenance Occupations,248.46224860281018,248.46224860281018,248.46224860281018,0.0010699189101758986,0.0010838150289017069,0.002404999895661611,No formal educational credential,Unreported,Short-term on-the-job training,HS or less,36477.560691150524,240.0,509.5,0.0,252.68280346820174,252.68280346820174,-4.220554865391563,-4.220554865391563,-0.016702976251103247,-0.016702976251103247
8,"8. Motor Vehicle Parts, Materials, & Products Sales",2030,sam_mi_bls_us,bls_us,BLS US,41-0000,Sales and Related Occupations,40986.527820933145,40986.527820933145,40986.527820933145,0.1764946643792507,0.1830292630057814,0.07683594905018158,No formal educational credential,Less than 5 years,Short-term on-the-job training,HS or less,42770.80907622537,39410.0,1594.3999999999999,0.0,42671.808435693885,42671.808435693885,-1685.2806147607407,-1685.2806147607407,-0.039494004977559054,-0.039494004977559054
8,"8. Motor Vehicle Parts, Materials, & Products Sales",2030,sam_mi_bls_us,bls_us,BLS US,43-0000,Office and Administrative Support Occupations,9254.378445864751,9254.378445864751,9254.378445864751,0.03985086087256377,0.04123013005780326,0.01475111705503446,High school diploma or equivalent,Less than 5 years,Short-term on-the-job training,HS or less,46851.19465993322,10940.0,1538.1,0.0,9612.474981936368,9612.474981936368,-358.09653607161636,-358.09653607161636,-0.03725331267384794,-0.03725331267384794
8,"8. Motor Vehicle Parts, Materials, & Products Sales",2030,sam_mi_bls_us,bls_us,BLS US,47-0000,Construction and Extraction Occupations,400.1035754753692,400.1035754753692,400.1035754753692,0.0017229111619061703,0.0016708815028901106,0.000878698443440356,High school diploma or equivalent,5 years or more,Apprenticeship,HS or less,61549.01875824792,50.0,370.70000000000005,0.0,389.55265534680615,389.55265534680615,10.550920128563064,10.550920128563064,0.027084708533612535,0.027084708533612535
8,"8. Motor Vehicle Parts, Materials, & Products Sales",2030,sam_mi_bls_us,bls_us,BLS US,49-0000,"Installation, Maintenance, and Repair Occupations",13078.221444875617,13078.221444875617,13078.221444875617,0.0563169516255522,0.05373916184971109,0.01272174319113088,High school diploma or equivalent,Less than 5 years,Long-term on-the-job training,HS or less,54751.205780346754,10970.0,421.5,0.0,12528.855671965342,12528.855671965342,549.3657729102742,549.3657729102742,0.0438480406586165,0.0438480406586165
8,"8. Motor Vehicle Parts, Materials, & Products Sales",2030,sam_mi_bls_us,bls_us,BLS US,51-0000,Production Occupations,7714.834776143942,7714.834776143942,7714.834776143942,0.033221335081267116,0.032740245664739556,0.005763940508408602,High school diploma or equivalent,Less than 5 years,Moderate-term on-the-job training,HS or less,48299.29137843974,7080.0,607.1000000000001,0.0,7633.12635476871,7633.12635476871,81.70842137523141,81.70842137523141,0.010704450257683077,0.010704450257683077
8,"8. Motor Vehicle Parts, Materials, & Products Sales",2030,sam_mi_bls_us,bls_us,BLS US,53-0000,Transportation and Material Moving Occupations,20871.865137465007,20871.865137465007,20871.865137465007,0.08987765073684646,0.0877890173410407,0.0334639409528869,No formal educational credential,Less than 5 years,Short-term on-the-job training,HS or less,44800.04252012868,14660.0,1551.6,0.0,20467.30708092491,20467.30708092491,404.558056540096,404.558056540096,0.01976606179506318,0.01976606179506318
8,"8. Motor Vehicle Parts, Materials, & Products Sales",2030,sam_mi_dtmb_mi,dtmb_mi,DTMB MI,00-0000,All Occupations,115054.49330912752,115054.49330912752,115054.49330912752,0.5,0.5,0.03936850305048077,High school diploma or equivalent,Less than 5 years,Short-term on-the-job training,HS or less,56720.79032533331,100620.0,9805.3,0.0,116571.0,116571.0,-1516.506690872484,-1516.506690872484,-0.013009296401956609,-0.013009296401956609
8,"8. Motor Vehicle Parts, Materials, & Products Sales",2030,sam_mi_dtmb_mi,dtmb_mi,DTMB MI,11-0000,Management Occupations,8913.155686201113,8913.155686201113,8913.155686201113,0.038734496280181406,0.03793352601156049,0.024450732902664404,Bachelor's degree,5 years or more,Moderate-term on-the-job training,BA+,122863.14536664338,7550.0,808.6999999999999,0.0,8843.898121387236,8843.898121387236,69.25756481387725,69.25756481387725,0.007831112916869925,0.007831112916869925
8,"8. Motor Vehicle Parts, Materials, & Products Sales",2030,sam_mi_dtmb_mi,dtmb_mi,DTMB MI,13-0000,Business and Financial Operations Occupations,5213.347950710771,5213.347950710771,5213.347950710771,0.022655994567302943,0.02185693641618484,0.006454277968854029,Bachelor's degree,Less than 5 years,Moderate-term on-the-job training,BA+,81417.76716217354,3620.0,742.2,0.0,5095.769869942166,5095.769869942166,117.5780807686051,117.5780807686051,0.023073663797525366,0.023073663797525366
8,"8. Motor Vehicle Parts, Materials, & Products Sales",2030,sam_mi_dtmb_mi,dtmb_mi,DTMB MI,15-0000,Computer and Mathematical Occupations,1436.0987866911528,1436.0987866911528,1436.0987866911528,0.0062409504635019064,0.006096459537572039,0.002736448182077442,Bachelor's degree,Less than 5 years,Moderate-term on-the-job training,BA+,104559.20764276554,970.0,260.5,0.0,1421.3407695086203,1421.3407695086203,14.758017182532512,14.758017182532512,0.010383166021217128,0.010383166021217128
8,"8. Motor Vehicle Parts, Materials, & Products Sales",2030,sam_mi_dtmb_mi,dtmb_mi,DTMB MI,17-0000,Architecture and Engineering Occupations,5801.991802374397,5801.991802374397,5801.991802374397,0.025214103489142534,0.0236632947976878,0.0025509143467835225,Bachelor's degree,Unreported,Unreported,BA+,98938.60040063693,2900.0,91.2,0.0,5516.907875722529,5516.907875722529,285.08392665186784,285.08392665186784,0.051674585306453295,0.051674585306453295
8,"8. Motor Vehicle Parts, Materials, & Products Sales",2030,sam_mi_dtmb_mi,dtmb_mi,DTMB MI,19-0000,"Life, Physical, and Social Science Occupations",69.40004505763378,69.40004505763378,69.40004505763378,0.00030159641341068823,0.00027095375722540173,0.0004799565952296,Bachelor's degree,Unreported,Unreported,BA+,83910.0,30.0,14.9,0.0,63.17070086704461,63.17070086704461,6.229344190589167,6.229344190589167,0.09861128822521804,0.09861128822521804
8,"8. Motor Vehicle Parts, Materials, & Products Sales",2030,sam_mi_dtmb_mi,dtmb_mi,DTMB MI,23-0000,Legal Occupations,74.03244812748301,74.03244812748301,74.03244812748301,0.0003217277569880439,0.000316112716762952,0.0001460737463742283,Associate's degree,Unreported,Unreported,SC or associate's,104849.78504860426,30.0,36.2,0.0,73.69915101154815,73.69915101154815,0.33329711593485456,0.33329711593485456,0.004522401023081381,0.004522401023081381
8,"8. Motor Vehicle Parts, Materials, & Products Sales",2030,sam_mi_dtmb_mi,dtmb_mi,DTMB MI,27-0000,"Arts, Design, Entertainment, Sports, and Media Occupations",128.72085648827496,128.72085648827496,128.72085648827496,0.0005593908277116513,0.0005419075144508533,0.0012381488978387314,Bachelor's degree,Unreported,Unreported,BA+,68870.07700872347,80.0,22.5,0.0,126.34140173410086,126.34140173410086,2.3794547541741053,2.3794547541741053,0.018833531380172,0.018833531380172
8,"8. Motor Vehicle Parts, Materials, & Products Sales",2030,sam_mi_dtmb_mi,dtmb_mi,DTMB MI,35-0000,Food Preparation and Serving Related Occupations,1706.821312377589,1706.821312377589,1706.821312377589,0.007417447434198484,0.008038294797687851,0.0064886755331633175,No formal educational credential,Less than 5 years,Short-term on-the-job training,HS or less,31888.094900609638,2090.0,1236.1999999999998,0.0,1874.064125722541,1874.064125722541,-167.24281334495186,-167.24281334495186,-0.08924071009601754,-0.08924071009601754
8,"8. Motor Vehicle Parts, Materials, & Products Sales",2030,sam_mi_dtmb_mi,dtmb_mi,DTMB MI,37-0000,Building and Grounds Cleaning and Maintenance Occupations,246.1979561842838,246.1979561842838,246.1979561842838,0.0010699189101758984,0.0010838150289017069,0.002404999895661611,No formal educational credential,Unreported,Short-term on-the-job training,HS or less,36477.56069115053,240.0,509.5,0.0,252.68280346820174,252.68280346820174,-6.484847283917929,-6.484847283917929,-0.025663983440543072,-0.025663983440543072
8,"8. Motor Vehicle Parts, Materials, & Products Sales",2030,sam_mi_dtmb_mi,dtmb_mi,DTMB MI,41-0000,Sales and Related Occupations,40613.00836383842,40613.00836383842,40613.00836383842,0.1764946643792507,0.1830292630057814,0.07683594905018158,No formal educational credential,Less than 5 years,Short-term on-the-job training,HS or less,42770.80907622536,39410.0,1594.3999999999999,0.0,42671.808435693885,42671.808435693885,-2058.8000718554686,-2058.8000718554686,-0.04824731239028845,-0.04824731239028845
8,"8. Motor Vehicle Parts, Materials, & Products Sales",2030,sam_mi_dtmb_mi,dtmb_mi,DTMB MI,43-0000,Office and Administrative Support Occupations,9170.04121125072,9170.04121125072,9170.04121125072,0.03985086087256377,0.04123013005780326,0.01475111705503446,High school diploma or equivalent,Less than 5 years,Short-term on-the-job training,HS or less,46851.19465993322,10940.0,1538.1,0.0,9612.474981936368,9612.474981936368,-442.4337706856477,-442.4337706856477,-0.046027040020084654,-0.046027040020084654
8,"8. Motor Vehicle Parts, Materials, & Products Sales",2030,sam_mi_dtmb_mi,dtmb_mi,DTMB MI,47-0000,Construction and Extraction Occupations,396.45734149950914,396.45734149950914,396.45734149950914,0.0017229111619061703,0.0016708815028901106,0.000878698443440356,High school diploma or equivalent,5 years or more,Apprenticeship,HS or less,61549.01875824791,50.0,370.70000000000005,0.0,389.55265534680615,389.55265534680615,6.904686152702993,6.904686152702993,0.01772465431292202,0.01772465431292202
8,"8. Motor Vehicle Parts, Materials, & Products Sales",2030,sam_mi_dtmb_mi,dtmb_mi,DTMB MI,49-0000,"Installation, Maintenance, and Repair Occupations",12959.036667985109,12959.036667985109,12959.036667985109,0.056316951625552204,0.05373916184971109,0.01272174319113088,High school diploma or equivalent,Less than 5 years,Long-term on-the-job training,HS or less,54751.205780346754,10970.0,421.5,0.0,12528.855671965342,12528.855671965342,430.1809960197661,430.1809960197661,0.03433521841761991,0.03433521841761991
8,"8. Motor Vehicle Parts, Materials, & Products Sales",2030,sam_mi_dtmb_mi,dtmb_mi,DTMB MI,51-0000,Production Occupations,7644.527749655861,7644.527749655861,7644.527749655861,0.033221335081267116,0.032740245664739556,0.005763940508408602,High school diploma or equivalent,Less than 5 years,Moderate-term on-the-job training,HS or less,48299.291378439746,7080.0,607.1000000000001,0.0,7633.12635476871,7633.12635476871,11.401394887150673,11.401394887150673,0.0014936730190543458,0.0014936730190543458
8,"8. Motor Vehicle Parts, Materials, & Products Sales",2030,sam_mi_dtmb_mi,dtmb_mi,DTMB MI,53-0000,Transportation and Material Moving Occupations,20681.65513068521,20681.65513068521,20681.65513068521,0.08987765073684649,0.0877890173410407,0.0334639409528869,No formal educational credential,Less than 5 years,Short-term on-the-job training,HS or less,44800.04252012867,14660.0,1551.6,0.0,20467.30708092491,20467.30708092491,214.34804976029773,214.34804976029773,0.0104727040500636,0.0104727040500636
8,"8. Motor Vehicle Parts, Materials, & Products Sales",2030,sam_mi_moodys_mi,moodys_mi,Moody's MI,00-0000,All Occupations,117949.86294742004,117949.86294742004,117949.86294742004,0.5,0.5,0.03936850305048077,High school diploma or equivalent,Less than 5 years,Short-term on-the-job training,HS or less,56720.79032533332,100620.0,9805.3,0.0,116571.0,116571.0,1378.8629474200425,1378.8629474200425,0.011828524653816494,0.011828524653816494
8,"8. Motor Vehicle Parts, Materials, & Products Sales",2030,sam_mi_moodys_mi,moodys_mi,Moody's MI,11-0000,Management Occupations,9137.457055169498,9137.457055169498,9137.457055169498,0.03873449628018141,0.03793352601156049,0.024450732902664404,Bachelor's degree,5 years or more,Moderate-term on-the-job training,BA+,122863.14536664335,7550.0,808.6999999999999,0.0,8843.898121387236,8843.898121387236,293.5589337822621,293.5589337822621,0.03319338709616603,0.03319338709616603
8,"8. Motor Vehicle Parts, Materials, & Products Sales",2030,sam_mi_moodys_mi,moodys_mi,Moody's MI,13-0000,Business and Financial Operations Occupations,5344.542908301751,5344.542908301751,5344.542908301751,0.022655994567302943,0.02185693641618484,0.006454277968854029,Bachelor's degree,Less than 5 years,Moderate-term on-the-job training,BA+,81417.76716217355,3620.0,742.2,0.0,5095.769869942166,5095.769869942166,248.77303835958446,248.77303835958446,0.048819519858420896,0.048819519858420896
8,"8. Motor Vehicle Parts, Materials, & Products Sales",2030,sam_mi_moodys_mi,moodys_mi,Moody's MI,15-0000,Computer and Mathematical Occupations,1472.238503663375,1472.238503663375,1472.238503663375,0.006240950463501907,0.006096459537572039,0.002736448182077442,Bachelor's degree,Less than 5 years,Moderate-term on-the-job training,BA+,104559.20764276551,970.0,260.5,0.0,1421.3407695086203,1421.3407695086203,50.897734154754744,50.897734154754744,0.03580966313402161,0.03580966313402161
8,"8. Motor Vehicle Parts, Materials, & Products Sales",2030,sam_mi_moodys_mi,moodys_mi,Moody's MI,17-0000,Architecture and Engineering Occupations,5948.0001017728555,5948.0001017728555,5948.0001017728555,0.025214103489142537,0.0236632947976878,0.0025509143467835225,Bachelor's degree,Unreported,Unreported,BA+,98938.60040063693,2900.0,91.2,0.0,5516.907875722529,5516.907875722529,431.09222605032664,431.09222605032664,0.0781401893526939,0.0781401893526939
8,"8. Motor Vehicle Parts, Materials, & Products Sales",2030,sam_mi_moodys_mi,moodys_mi,Moody's MI,19-0000,"Life, Physical, and Social Science Occupations",71.14651125444824,71.14651125444824,71.14651125444824,0.0003015964134106883,0.00027095375722540173,0.0004799565952296,Bachelor's degree,Unreported,Unreported,BA+,83910.0,30.0,14.9,0.0,63.17070086704461,63.17070086704461,7.975810387403634,7.975810387403634,0.1262580639114694,0.1262580639114694
8,"8. Motor Vehicle Parts, Materials, & Products Sales",2030,sam_mi_moodys_mi,moodys_mi,Moody's MI,23-0000,Legal Occupations,75.89548968624129,75.89548968624129,75.89548968624129,0.000321727756988044,0.000316112716762952,0.0001460737463742283,Associate's degree,Unreported,Unreported,SC or associate's,104849.78504860424,30.0,36.2,0.0,73.69915101154815,73.69915101154815,2.1963386746931377,2.1963386746931377,0.029801410797106555,0.029801410797106555
8,"8. Motor Vehicle Parts, Materials, & Products Sales",2030,sam_mi_moodys_mi,moodys_mi,Moody's MI,27-0000,"Arts, Design, Entertainment, Sports, and Media Occupations",131.96014292526624,131.96014292526624,131.96014292526624,0.0005593908277116513,0.0005419075144508533,0.0012381488978387314,Bachelor's degree,Unreported,Unreported,BA+,68870.07700872347,80.0,22.5,0.0,126.34140173410086,126.34140173410086,5.618741191165384,5.618741191165384,0.04447268364958173,0.04447268364958173
8,"8. Motor Vehicle Parts, Materials, & Products Sales",2030,sam_mi_moodys_mi,moodys_mi,Moody's MI,35-0000,Food Preparation and Serving Related Occupations,1749.7738165668075,1749.7738165668075,1749.7738165668075,0.007417447434198485,0.008038294797687851,0.0064886755331633175,No formal educational credential,Less than 5 years,Short-term on-the-job training,HS or less,31888.094900609638,2090.0,1236.1999999999998,0.0,1874.064125722541,1874.064125722541,-124.29030915573344,-124.29030915573344,-0.06632126801307485,-0.06632126801307485
8,"8. Motor Vehicle Parts, Materials, & Products Sales",2030,sam_mi_moodys_mi,moodys_mi,Moody's MI,37-0000,Building and Grounds Cleaning and Maintenance Occupations,252.39357764020048,252.39357764020048,252.39357764020048,0.0010699189101758984,0.0010838150289017069,0.002404999895661611,No formal educational credential,Unreported,Short-term on-the-job training,HS or less,36477.56069115053,240.0,509.5,0.0,252.68280346820174,252.68280346820174,-0.28922582800126406,-0.28922582800126406,-0.0011446201483895637,-0.0011446201483895637
8,"8. Motor Vehicle Parts, Materials, & Products Sales",2030,sam_mi_moodys_mi,moodys_mi,Moody's MI,41-0000,Sales and Related Occupations,41635.042948967035,41635.042948967035,41635.042948967035,0.17649466437925068,0.1830292630057814,0.07683594905018158,No formal educational credential,Less than 5 years,Short-term on-the-job training,HS or less,42770.80907622537,39410.0,1594.3999999999999,0.0,42671.808435693885,42671.808435693885,-1036.7654867268502,-1036.7654867268502,-0.024296263147348174,-0.024296263147348174
8,"8. Motor Vehicle Parts, Materials, & Products Sales",2030,sam_mi_moodys_mi,moodys_mi,Moody's MI,43-0000,Office and Administrative Support Occupations,9400.8071565112,9400.8071565112,9400.8071565112,0.039850860872563766,0.04123013005780326,0.01475111705503446,High school diploma or equivalent,Less than 5 years,Short-term on-the-job training,HS or less,46851.19465993323,10940.0,1538.1,0.0,9612.474981936368,9612.474981936368,-211.6678254251674,-211.6678254251674,-0.022020117173041354,-0.022020117173041354
8,"8. Motor Vehicle Parts, Materials, & Products Sales",2030,sam_mi_moodys_mi,moodys_mi,Moody's MI,47-0000,Construction and Extraction Occupations,406.43427083482595,406.43427083482595,406.43427083482595,0.00172291116190617,0.0016708815028901106,0.000878698443440356,High school diploma or equivalent,5 years or more,Apprenticeship,HS or less,61549.01875824793,50.0,370.70000000000005,0.0,389.55265534680615,389.55265534680615,16.881615488019804,16.881615488019804,0.04333590146623605,0.04333590146623605
8,"8. Motor Vehicle Parts, Materials, & Products Sales",2030,sam_mi_moodys_mi,moodys_mi,Moody's MI,49-0000,"Installation, Maintenance, and Repair Occupations",13285.153451700733,13285.153451700733,13285.153451700733,0.056316951625552204,0.05373916184971109,0.01272174319113088,High school diploma or equivalent,Less than 5 years,Long-term on-the-job training,HS or less,54751.205780346754,10970.0,421.5,0.0,12528.855671965342,12528.855671965342,756.2977797353906,756.2977797353906,0.06036447378252492,0.06036447378252492
8,"8. Motor Vehicle Parts, Materials, & Products Sales",2030,sam_mi_moodys_mi,moodys_mi,Moody's MI,51-0000,Production Occupations,7836.903839531547,7836.903839531547,7836.903839531547,0.033221335081267116,0.032740245664739556,0.005763940508408602,High school diploma or equivalent,Less than 5 years,Moderate-term on-the-job training,HS or less,48299.291378439746,7080.0,607.1000000000001,0.0,7633.12635476871,7633.12635476871,203.77748476283705,203.77748476283705,0.02669646423912914,0.02669646423912914
8,"8. Motor Vehicle Parts, Materials, & Products Sales",2030,sam_mi_moodys_mi,moodys_mi,Moody's MI,53-0000,Transportation and Material Moving Occupations,21202.113172894256,21202.113172894256,21202.113172894256,0.08987765073684648,0.0877890173410407,0.0334639409528869,No formal educational credential,Less than 5 years,Short-term on-the-job training,HS or less,44800.04252012868,14660.0,1551.6,0.0,20467.30708092491,20467.30708092491,734.8060919693453,734.8060919693453,0.03590145440550744,0.03590145440550744
8,"8. Motor Vehicle Parts, Materials, & Products Sales",2030,sam_mi_moodys_mi_detail,moodys_mi_detail,Moody's MI (detail),00-0000,All Occupations,117202.50964481616,117202.50964481616,117202.50964481616,0.5,0.5,0.03936850305048077,High school diploma or equivalent,Less than 5 years,Short-term on-the-job training,HS or less,56720.790325333306,100620.0,9805.3,0.0,116571.0,116571.0,631.5096448161639,631.5096448161639,0.0054173820660041,0.0054173820660041
8,"8. Motor Vehicle Parts, Materials, & Products Sales",2030,sam_mi_moodys_mi_detail,moodys_mi_detail,Moody's MI (detail),11-0000,Management Occupations,9079.560347730112,9079.560347730112,9079.560347730112,0.0387344962801814,0.03793352601156049,0.024450732902664404,Bachelor's degree,5 years or more,Moderate-term on-the-job training,BA+,122863.1453666434,7550.0,808.6999999999999,0.0,8843.898121387236,8843.898121387236,235.66222634287624,235.66222634287624,0.026646872579069322,0.026646872579069322
8,"8. Motor Vehicle Parts, Materials, & Products Sales",2030,sam_mi_moodys_mi_detail,moodys_mi_detail,Moody's MI (detail),13-0000,Business and Financial Operations Occupations,5310.678843574451,5310.678843574451,5310.678843574451,0.02265599456730294,0.02185693641618484,0.006454277968854029,Bachelor's degree,Less than 5 years,Moderate-term on-the-job training,BA+,81417.76716217355,3620.0,742.2,0.0,5095.769869942166,5095.769869942166,214.90897363228487,214.90897363228487,0.042173995120922514,0.042173995120922514
8,"8. Motor Vehicle Parts, Materials, & Products Sales",2030,sam_mi_moodys_mi_detail,moodys_mi_detail,Moody's MI (detail),15-0000,Computer and Mathematical Occupations,1462.9101137828043,1462.9101137828043,1462.9101137828043,0.0062409504635019064,0.006096459537572039,0.002736448182077442,Bachelor's degree,Less than 5 years,Moderate-term on-the-job training,BA+,104559.20764276553,970.0,260.5,0.0,1421.3407695086203,1421.3407695086203,41.569344274184004,41.569344274184004,0.02924657138242448,0.02924657138242448
8,"8. Motor Vehicle Parts, Materials, & Products Sales",2030,sam_mi_moodys_mi_detail,moodys_mi_detail,Moody's MI (detail),17-0000,Architecture and Engineering Occupations,5910.312414743242,5910.312414743242,5910.312414743242,0.025214103489142537,0.0236632947976878,0.0025509143467835225,Bachelor's degree,Unreported,Unreported,BA+,98938.60040063692,2900.0,91.2,0.0,5516.907875722529,5516.907875722529,393.40453902071295,393.40453902071295,0.07130888314302153,0.07130888314302153
8,"8. Motor Vehicle Parts, Materials, & Products Sales",2030,sam_mi_moodys_mi_detail,moodys_mi_detail,Moody's MI (detail),19-0000,"Life, Physical, and Social Science Occupations",70.6957131032163,70.6957131032163,70.6957131032163,0.00030159641341068823,0.00027095375722540173,0.0004799565952296,Bachelor's degree,Unreported,Unreported,BA+,83910.0,30.0,14.9,0.0,63.17070086704461,63.17070086704461,7.525012236171698,7.525012236171698,0.11912187347754132,0.11912187347754132
8,"8. Motor Vehicle Parts, Materials, & Products Sales",2030,sam_mi_moodys_mi_detail,moodys_mi_detail,Moody's MI (detail),23-0000,Legal Occupations,75.41460108279259,75.41460108279259,75.41460108279259,0.000321727756988044,0.000316112716762952,0.0001460737463742283,Associate's degree,Unreported,Unreported,SC or associate's,104849.78504860424,30.0,36.2,0.0,73.69915101154815,73.69915101154815,1.7154500712444332,1.7154500712444332,0.023276388502435175,0.023276388502435175
8,"8. Motor Vehicle Parts, Materials, & Products Sales",2030,sam_mi_moodys_mi_detail,moodys_mi_detail,Moody's MI (detail),27-0000,"Arts, Design, Entertainment, Sports, and Media Occupations",131.124017760193,131.124017760193,131.124017760193,0.0005593908277116512,0.0005419075144508533,0.0012381488978387314,Bachelor's degree,Unreported,Unreported,BA+,68870.07700872347,80.0,22.5,0.0,126.34140173410086,126.34140173410086,4.782616026092143,4.782616026092143,0.03785470131285765,0.03785470131285765
8,"8. Motor Vehicle Parts, Materials, & Products Sales",2030,sam_mi_moodys_mi_detail,moodys_mi_detail,Moody's MI (detail),35-0000,Food Preparation and Serving Related Occupations,1738.6869088931294,1738.6869088931294,1738.6869088931294,0.007417447434198483,0.008038294797687851,0.0064886755331633175,No formal educational credential,Less than 5 years,Short-term on-the-job training,HS or less,31888.09490060964,2090.0,1236.1999999999998,0.0,1874.064125722541,1874.064125722541,-135.3772168294115,-135.3772168294115,-0.07223723829472332,-0.07223723829472332
8,"8. Motor Vehicle Parts, Materials, & Products Sales",2030,sam_mi_moodys_mi_detail,moodys_mi_detail,Moody's MI (detail),37-0000,Building and Grounds Cleaning and Maintenance Occupations,250.79436277812385,250.79436277812385,250.79436277812385,0.0010699189101758984,0.0010838150289017069,0.002404999895661611,No formal educational credential,Unreported,Short-term on-the-job training,HS or less,36477.56069115053,240.0,509.5,0.0,252.68280346820174,252.68280346820174,-1.8884406900778856,-1.8884406900778856,-0.007473562364189662,-0.007473562364189662
8,"8. Motor Vehicle Parts, Materials, & Products Sales",2030,sam_mi_moodys_mi_detail,moodys_mi_detail,Moody's MI (detail),41-0000,Sales and Related Occupations,41371.23520833544,41371.23520833544,41371.23520833544,0.17649466437925068,0.1830292630057814,0.07683594905018158,No formal educational credential,Less than 5 years,Short-term on-the-job training,HS or less,42770.80907622536,39410.0,1594.3999999999999,0.0,42671.808435693885,42671.808435693885,-1300.5732273584435,-1300.5732273584435,-0.03047851204427856,-0.03047851204427856
8,"8. Motor Vehicle Parts, Materials, & Products Sales",2030,sam_mi_moodys_mi_detail,moodys_mi_detail,Moody's MI (detail),43-0000,Office and Administrative Support Occupations,9341.241811541766,9341.241811541766,9341.241811541766,0.03985086087256377,0.04123013005780326,0.01475111705503446,High school diploma or equivalent,Less than 5 years,Short-term on-the-job training,HS or less,46851.194659933215,10940.0,1538.1,0.0,9612.474981936368,9612.474981936368,-271.233170394602,-271.233170394602,-0.028216788174148664,-0.028216788174148664
8,"8. Motor Vehicle Parts, Materials, & Products Sales",2030,sam_mi_moodys_mi_detail,moodys_mi_detail,Moody's MI (detail),47-0000,Construction and Extraction Occupations,403.85902414093863,403.85902414093863,403.85902414093863,0.00172291116190617,0.0016708815028901106,0.000878698443440356,High school diploma or equivalent,5 years or more,Apprenticeship,HS or less,61549.01875824793,50.0,370.70000000000005,0.0,389.55265534680615,389.55265534680615,14.306368794132482,14.306368794132482,0.03672512200281624,0.03672512200281624
8,"8. Motor Vehicle Parts, Materials, & Products Sales",2030,sam_mi_moodys_mi_detail,moodys_mi_detail,Moody's MI (detail),49-0000,"Installation, Maintenance, and Repair Occupations",13200.976132120855,13200.976132120855,13200.976132120855,0.056316951625552204,0.05373916184971109,0.01272174319113088,High school diploma or equivalent,Less than 5 years,Long-term on-the-job training,HS or less,54751.20578034676,10970.0,421.5,0.0,12528.855671965342,12528.855671965342,672.1204601555128,672.1204601555128,0.05364579796856103,0.05364579796856103
8,"8. Motor Vehicle Parts, Materials, & Products Sales",2030,sam_mi_moodys_mi_detail,moodys_mi_detail,Moody's MI (detail),51-0000,Production Occupations,7787.247690551758,7787.247690551758,7787.247690551758,0.033221335081267116,0.032740245664739556,0.005763940508408602,High school diploma or equivalent,Less than 5 years,Moderate-term on-the-job training,HS or less,48299.29137843974,7080.0,607.1000000000001,0.0,7633.12635476871,7633.12635476871,154.12133578304747,154.12133578304747,0.020191115490543646,0.020191115490543646
8,"8. Motor Vehicle Parts, Materials, & Products Sales",2030,sam_mi_moodys_mi_detail,moodys_mi_detail,Moody's MI (detail),53-0000,Transportation and Material Moving Occupations,21067.77245467734,21067.77245467734,21067.77245467734,0.08987765073684649,0.0877890173410407,0.0334639409528869,No formal educational credential,Less than 5 years,Short-term on-the-job training,HS or less,44800.04252012866,14660.0,1551.6,0.0,20467.30708092491,20467.30708092491,600.4653737524277,600.4653737524277,0.029337781046537798,0.029337781046537798
8,"8. Motor Vehicle Parts, Materials, & Products Sales",2030,sam_mi_moodys_us,moodys_us,Moody's US,00-0000,All Occupations,120369.6629034522,120369.6629034522,120369.6629034522,0.5,0.5,0.03936850305048077,High school diploma or equivalent,Less than 5 years,Short-term on-the-job training,HS or less,56720.79032533332,100620.0,9805.3,0.0,116571.0,116571.0,3798.662903452205,3798.662903452205,0.032586688828715585,0.032586688828715585
8,"8. Motor Vehicle Parts, Materials, & Products Sales",2030,sam_mi_moodys_us,moodys_us,Moody's US,11-0000,Management Occupations,9324.916519960916,9324.916519960916,9324.916519960916,0.0387344962801814,0.03793352601156049,0.024450732902664404,Bachelor's degree,5 years or more,Moderate-term on-the-job training,BA+,122863.14536664338,7550.0,808.6999999999999,0.0,8843.898121387236,8843.898121387236,481.0183985736803,481.0183985736803,0.05438986202367387,0.05438986202367387
8,"8. Motor Vehicle Parts, Materials, & Products Sales",2030,sam_mi_moodys_us,moodys_us,Moody's US,13-0000,Business and Financial Operations Occupations,5454.188857617399,5454.188857617399,5454.188857617399,0.02265599456730294,0.02185693641618484,0.006454277968854029,Bachelor's degree,Less than 5 years,Moderate-term on-the-job training,BA+,81417.76716217356,3620.0,742.2,0.0,5095.769869942166,5095.769869942166,358.41898767523253,358.41898767523253,0.0703365726520339,0.0703365726520339
8,"8. Motor Vehicle Parts, Materials, & Products Sales",2030,sam_mi_moodys_us,moodys_us,Moody's US,15-0000,Computer and Mathematical Occupations,1502.4422069777368,1502.4422069777368,1502.4422069777368,0.006240950463501907,0.006096459537572039,0.002736448182077442,Bachelor's degree,Less than 5 years,Moderate-term on-the-job training,BA+,104559.2076427655,970.0,260.5,0.0,1421.3407695086203,1421.3407695086203,81.10143746911649,81.10143746911649,0.05705981226244184,0.05705981226244184
8,"8. Motor Vehicle Parts, Materials, & Products Sales",2030,sam_mi_moodys_us,moodys_us,Moody's US,17-0000,Architecture and Engineering Occupations,6070.026274801689,6070.026274801689,6070.026274801689,0.025214103489142534,0.0236632947976878,0.0025509143467835225,Bachelor's degree,Unreported,Unreported,BA+,98938.60040063695,2900.0,91.2,0.0,5516.907875722529,5516.907875722529,553.1183990791606,553.1183990791606,0.1002587702276469,0.1002587702276469
8,"8. Motor Vehicle Parts, Materials, & Products Sales",2030,sam_mi_moodys_us,moodys_us,Moody's US,19-0000,"Life, Physical, and Social Science Occupations",72.60611723026952,72.60611723026952,72.60611723026952,0.0003015964134106883,0.00027095375722540173,0.0004799565952296,Bachelor's degree,Unreported,Unreported,BA+,83910.0,30.0,14.9,0.0,63.17070086704461,63.17070086704461,9.43541636322491,9.43541636322491,0.14936380685539066,0.14936380685539066
8,"8. Motor Vehicle Parts, Materials, & Products Sales",2030,sam_mi_moodys_us,moodys_us,Moody's US,23-0000,Legal Occupations,77.45252331066928,77.45252331066928,77.45252331066928,0.0003217277569880439,0.000316112716762952,0.0001460737463742283,Associate's degree,Unreported,Unreported,SC or associate's,104849.78504860424,30.0,36.2,0.0,73.69915101154815,73.69915101154815,3.753372299121125,3.753372299121125,0.05092829764800136,0.05092829764800136
8,"8. Motor Vehicle Parts, Materials, & Products Sales",2030,sam_mi_moodys_us,moodys_us,Moody's US,27-0000,"Arts, Design, Entertainment, Sports, and Media Occupations",134.66737072586915,134.66737072586915,134.66737072586915,0.0005593908277116513,0.0005419075144508533,0.0012381488978387314,Bachelor's degree,Unreported,Unreported,BA+,68870.07700872347,80.0,22.5,0.0,126.34140173410086,126.34140173410086,8.325968991768292,8.325968991768292,0.06590055894180431,0.06590055894180431
8,"8. Motor Vehicle Parts, Materials, & Products Sales",2030,sam_mi_moodys_us,moodys_us,Moody's US,35-0000,Food Preparation and Serving Related Occupations,1785.6712945170962,1785.6712945170962,1785.6712945170962,0.007417447434198485,0.008038294797687851,0.0064886755331633175,No formal educational credential,Less than 5 years,Short-term on-the-job training,HS or less,31888.094900609638,2090.0,1236.1999999999998,0.0,1874.064125722541,1874.064125722541,-88.39283120544474,-88.39283120544474,-0.047166385606663856,-0.047166385606663856
8,"8. Motor Vehicle Parts, Materials, & Products Sales",2030,sam_mi_moodys_us,moodys_us,Moody's US,37-0000,Building and Grounds Cleaning and Maintenance Occupations,257.5715571038037,257.5715571038037,257.5715571038037,0.0010699189101758984,0.0010838150289017069,0.002404999895661611,No formal educational credential,Unreported,Short-term on-the-job training,HS or less,36477.560691150546,240.0,509.5,0.0,252.68280346820174,252.68280346820174,4.888753635601944,4.888753635601944,0.019347393524613784,0.019347393524613784
8,"8. Motor Vehicle Parts, Materials, & Products Sales",2030,sam_mi_moodys_us,moodys_us,Moody's US,41-0000,Sales and Related Occupations,42489.206511176686,42489.206511176686,42489.206511176686,0.1764946643792507,0.1830292630057814,0.07683594905018158,No formal educational credential,Less than 5 years,Short-term on-the-job training,HS or less,42770.80907622535,39410.0,1594.3999999999999,0.0,42671.808435693885,42671.808435693885,-182.60192451719922,-182.60192451719922,-0.004279216916535868,-0.004279216916535868
8,"8. Motor Vehicle Parts, Materials, & Products Sales",2030,sam_mi_moodys_us,moodys_us,Moody's US,43-0000,Office and Administrative Support Occupations,9593.66937928575,9593.66937928575,9593.66937928575,0.03985086087256377,0.04123013005780326,0.01475111705503446,High school diploma or equivalent,Less than 5 years,Short-term on-the-job training,HS or less,46851.194659933215,10940.0,1538.1,0.0,9612.474981936368,9612.474981936368,-18.80560265061831,-18.80560265061831,-0.0019563746783172434,-0.0019563746783172434
8,"8. Motor Vehicle Parts, Materials, & Products Sales",2030,sam_mi_moodys_us,moodys_us,Moody's US,47-0000,Construction and Extraction Occupations,414.77247154248175,414.77247154248175,414.77247154248175,0.0017229111619061703,0.0016708815028901106,0.000878698443440356,High school diploma or equivalent,5 years or more,Apprenticeship,HS or less,61549.018758247905,50.0,370.70000000000005,0.0,389.55265534680615,389.55265534680615,25.219816195675605,25.219816195675605,0.06474045510798333,0.06474045510798333
8,"8. Motor Vehicle Parts, Materials, & Products Sales",2030,sam_mi_moodys_us,moodys_us,Moody's US,49-0000,"Installation, Maintenance, and Repair Occupations",13557.704965835486,13557.704965835486,13557.704965835486,0.056316951625552204,0.05373916184971109,0.01272174319113088,High school diploma or equivalent,Less than 5 years,Long-term on-the-job training,HS or less,54751.20578034676,10970.0,421.5,0.0,12528.855671965342,12528.855671965342,1028.8492938701438,1028.8492938701438,0.08211837703361086,0.08211837703361086
8,"8. Motor Vehicle Parts, Materials, & Products Sales",2030,sam_mi_moodys_us,moodys_us,Moody's US,51-0000,Production Occupations,7997.6818098695085,7997.6818098695085,7997.6818098695085,0.03322133508126712,0.032740245664739556,0.005763940508408602,High school diploma or equivalent,Less than 5 years,Moderate-term on-the-job training,HS or less,48299.29137843973,7080.0,607.1000000000001,0.0,7633.12635476871,7633.12635476871,364.5554551007981,364.5554551007981,0.047759651570951155,0.047759651570951155
8,"8. Motor Vehicle Parts, Materials, & Products Sales",2030,sam_mi_moodys_us,moodys_us,Moody's US,53-0000,Transportation and Material Moving Occupations,21637.085043496845,21637.085043496845,21637.085043496845,0.08987765073684648,0.0877890173410407,0.0334639409528869,No formal educational credential,Less than 5 years,Short-term on-the-job training,HS or less,44800.04252012868,14660.0,1551.6,0.0,20467.30708092491,20467.30708092491,1169.777962571934,1169.777962571934,0.05715348667740183,0.05715348667740183
9,"9. Dealers, Maintenance, & Repair",2030,sam_mi_bls_us,bls_us,BLS US,00-0000,All Occupations,73221.98682993562,73221.98682993562,73221.98682993562,0.5000000000000001,0.5,0.08537790494882164,No formal educational credential,Less than 5 years,Short-term on-the-job training,HS or less,50153.391445333,64460.0,6510.3,0.0,72444.0,72444.0,777.9868299356167,777.9868299356167,0.010739147892656627,0.010739147892656627
9,"9. Dealers, Maintenance, & Repair",2030,sam_mi_bls_us,bls_us,BLS US,11-0000,Management Occupations,4433.1377458802235,4433.1377458802235,4433.1377458802235,0.030271902865573488,0.03046203177379395,0.0319828601538878,Bachelor's degree,5 years or more,Unreported,BA+,114882.30619213411,2970.0,539.0,0.0,4413.582859641458,4413.582859641458,19.554886238765903,19.554886238765903,0.0044306149585587404,0.0044306149585587404
9,"9. Dealers, Maintenance, & Repair",2030,sam_mi_bls_us,bls_us,BLS US,13-0000,Business and Financial Operations Occupations,1676.8909428263637,1676.8909428263637,1676.8909428263637,0.011450733689602605,0.011441480833697636,0.006737187715013419,Bachelor's degree,Unreported,Moderate-term on-the-job training,BA+,77936.06564857136,1370.0,362.29999999999995,0.0,1657.733275032783,1657.733275032783,19.157667793580686,19.157667793580686,0.011556544157082103,0.011556544157082103
9,"9. Dealers, Maintenance, & Repair",2030,sam_mi_bls_us,bls_us,BLS US,15-0000,Computer and Mathematical Occupations,157.98645737164105,157.98645737164105,157.98645737164105,0.0010788184274388667,0.0010931351114997036,0.0005530988980135787,"Some college, no degree",Unreported,Moderate-term on-the-job training,SC or associate's,70062.66666666647,90.0,55.099999999999994,0.0,158.38216003496905,158.38216003496905,-0.3957026633279952,-0.3957026633279952,-0.0024984042599281915,-0.0024984042599281915
9,"9. Dealers, Maintenance, & Repair",2030,sam_mi_bls_us,bls_us,BLS US,23-0000,Legal Occupations,52.66215245721621,52.66215245721621,52.66215245721621,0.0003596061424796394,0.0003643783704999012,0.0001684565171615,Associate's degree,Unreported,Unreported,SC or associate's,68760.0,0.0,4.7,0.0,52.794053344989685,52.794053344989685,-0.13190088777347597,-0.13190088777347597,-0.0024984042598804124,-0.0024984042598804124
9,"9. Dealers, Maintenance, & Repair",2030,sam_mi_bls_us,bls_us,BLS US,27-0000,"Arts, Design, Entertainment, Sports, and Media Occupations",55.0567900439782,55.0567900439782,55.0567900439782,0.00037595804503265086,0.0003643783704999012,0.0005474836807749,High school diploma or equivalent,Unreported,Moderate-term on-the-job training,HS or less,42520.0,0.0,12.7,0.0,52.794053344989685,52.794053344989685,2.262736698988512,2.262736698988512,0.042859688840376796,0.042859688840376796
9,"9. Dealers, Maintenance, & Repair",2030,sam_mi_bls_us,bls_us,BLS US,37-0000,Building and Grounds Cleaning and Maintenance Occupations,354.1784464901402,354.1784464901402,354.1784464901402,0.002418525239643867,0.0024048972452995077,0.0050536955148452,No formal educational credential,Unreported,Short-term on-the-job training,HS or less,35930.0,500.0,351.3,0.0,348.44075207695505,348.44075207695505,5.737694413185125,5.737694413185125,0.016466771980557324,0.016466771980557324
9,"9. Dealers, Maintenance, & Repair",2030,sam_mi_bls_us,bls_us,BLS US,41-0000,Sales and Related Occupations,14688.843519260874,14688.843519260874,14688.843519260874,0.1003035027810498,0.10005830053928007,0.06511006955579415,No formal educational credential,Less than 5 years,Short-term on-the-job training,HS or less,37803.054083500465,13470.0,1575.5,0.0,14497.24704853521,14497.24704853521,191.5964707256644,191.5964707256644,0.01321605888926499,0.01321605888926499
9,"9. Dealers, Maintenance, & Repair",2030,sam_mi_bls_us,bls_us,BLS US,43-0000,Office and Administrative Support Occupations,8015.331196652389,8015.331196652389,8015.331196652389,0.05473309004349123,0.05749890686488832,0.018482711722913603,High school diploma or equivalent,Less than 5 years,Short-term on-the-job training,HS or less,45654.35794260444,6780.0,1455.2,0.0,8330.90161783994,8330.90161783994,-315.5704211875509,-315.5704211875509,-0.037879504003718256,-0.037879504003718256
9,"9. Dealers, Maintenance, & Repair",2030,sam_mi_bls_us,bls_us,BLS US,49-0000,"Installation, Maintenance, and Repair Occupations",27595.29292306086,27595.29292306086,27595.29292306086,0.1884358381803632,0.18641597434776302,0.15250955264686006,Postsecondary nondegree award,Less than 5 years,Short-term on-the-job training,SC or associate's,52660.27991105455,23140.0,376.1000000000001,0.0,27009.437691298688,27009.437691298688,585.8552317621725,585.8552317621725,0.021690760039440236,0.021690760039440236
9,"9. Dealers, Maintenance, & Repair",2030,sam_mi_bls_us,bls_us,BLS US,51-0000,Production Occupations,1079.9990268766428,1079.9990268766428,1079.9990268766428,0.007374827382006404,0.007360443084098373,0.010734933253274891,High school diploma or equivalent,Less than 5 years,Moderate-term on-the-job training,HS or less,48881.491691446645,960.0,314.90000000000003,0.0,1066.439877568845,1066.439877568845,13.559149307797725,13.559149307797725,0.012714405746630944,0.012714405746630944
9,"9. Dealers, Maintenance, & Repair",2030,sam_mi_bls_us,bls_us,BLS US,53-0000,Transportation and Material Moving Occupations,15112.607629015278,15112.607629015278,15112.607629015278,0.10319719720331828,0.10253607345867964,0.05400848239026273,No formal educational credential,Less than 5 years,Short-term on-the-job training,HS or less,38074.77866264775,15180.0,1463.5,0.0,14856.246611281176,14856.246611281176,256.36101773410155,256.36101773410155,0.01725610946303438,0.01725610946303438
9,"9. Dealers, Maintenance, & Repair",2030,sam_mi_dtmb_mi,dtmb_mi,DTMB MI,00-0000,All Occupations,72162.78582264807,72162.78582264807,72162.78582264807,0.5000000000000001,0.5,0.08537790494882164,No formal educational credential,Less than 5 years,Short-term on-the-job training,HS or less,50153.39144533301,64460.0,6510.3,0.0,72444.0,72444.0,-281.2141773519252,-281.2141773519252,-0.0038818146064812154,-0.0038818146064812154
9,"9. Dealers, Maintenance, & Repair",2030,sam_mi_dtmb_mi,dtmb_mi,DTMB MI,11-0000,Management Occupations,4369.009685864771,4369.009685864771,4369.009685864771,0.030271902865573488,0.03046203177379395,0.0319828601538878,Bachelor's degree,5 years or more,Unreported,BA+,114882.30619213413,2970.0,539.0,0.0,4413.582859641458,4413.582859641458,-44.57317377668642,-44.57317377668642,-0.010099090737430354,-0.010099090737430354
9,"9. Dealers, Maintenance, & Repair",2030,sam_mi_dtmb_mi,dtmb_mi,DTMB MI,13-0000,Business and Financial Operations Occupations,1652.6336855099469,1652.6336855099469,1652.6336855099469,0.011450733689602605,0.011441480833697636,0.006737187715013419,Bachelor's degree,Unreported,Moderate-term on-the-job training,BA+,77936.06564857134,1370.0,362.29999999999995,0.0,1657.733275032783,1657.733275032783,-5.0995895228361405,-5.0995895228361405,-0.003076242481007864,-0.003076242481007864
9,"9. Dealers, Maintenance, & Repair",2030,sam_mi_dtmb_mi,dtmb_mi,DTMB MI,15-0000,Computer and Mathematical Occupations,155.70108624159383,155.70108624159383,155.70108624159383,0.0010788184274388665,0.0010931351114997036,0.0005530988980135787,"Some college, no degree",Unreported,Moderate-term on-the-job training,SC or associate's,70062.66666666647,90.0,55.099999999999994,0.0,158.38216003496905,158.38216003496905,-2.6810737933752193,-2.6810737933752193,-0.016927877437605772,-0.016927877437605772
9,"9. Dealers, Maintenance, & Repair",2030,sam_mi_dtmb_mi,dtmb_mi,DTMB MI,23-0000,Legal Occupations,51.90036208053376,51.90036208053376,51.90036208053376,0.0003596061424796394,0.0003643783704999012,0.0001684565171615,Associate's degree,Unreported,Unreported,SC or associate's,68760.0,0.0,4.7,0.0,52.794053344989685,52.794053344989685,-0.8936912644559243,-0.8936912644559243,-0.016927877437558757,-0.016927877437558757
9,"9. Dealers, Maintenance, & Repair",2030,sam_mi_dtmb_mi,dtmb_mi,DTMB MI,27-0000,"Arts, Design, Entertainment, Sports, and Media Occupations",54.26035976398532,54.26035976398532,54.26035976398532,0.00037595804503265086,0.0003643783704999012,0.0005474836807749,High school diploma or equivalent,Unreported,Moderate-term on-the-job training,HS or less,42520.0,0.0,12.7,0.0,52.794053344989685,52.794053344989685,1.4663064189956359,1.4663064189956359,0.027774082990253916,0.027774082990253916
9,"9. Dealers, Maintenance, & Repair",2030,sam_mi_dtmb_mi,dtmb_mi,DTMB MI,37-0000,Building and Grounds Cleaning and Maintenance Occupations,349.0550377501779,349.0550377501779,349.0550377501779,0.002418525239643867,0.0024048972452995077,0.0050536955148452,No formal educational credential,Unreported,Short-term on-the-job training,HS or less,35930.0,500.0,351.3,0.0,348.44075207695505,348.44075207695505,0.6142856732228665,0.6142856732228665,0.0017629558814842594,0.0017629558814842594
9,"9. Dealers, Maintenance, & Repair",2030,sam_mi_dtmb_mi,dtmb_mi,DTMB MI,41-0000,Sales and Related Occupations,14476.36037690056,14476.36037690056,14476.36037690056,0.1003035027810498,0.10005830053928007,0.06511006955579415,No formal educational credential,Less than 5 years,Short-term on-the-job training,HS or less,37803.054083500465,13470.0,1575.5,0.0,14497.24704853521,14497.24704853521,-20.886671634649247,-20.886671634649247,-0.001440733648583275,-0.001440733648583275
9,"9. Dealers, Maintenance, & Repair",2030,sam_mi_dtmb_mi,dtmb_mi,DTMB MI,43-0000,Office and Administrative Support Occupations,7899.384508440337,7899.384508440337,7899.384508440337,0.05473309004349123,0.05749890686488832,0.018482711722913603,High school diploma or equivalent,Less than 5 years,Short-term on-the-job training,HS or less,45654.357942604445,6780.0,1455.2,0.0,8330.90161783994,8330.90161783994,-431.5171093996023,-431.5171093996023,-0.051797167845019795,-0.051797167845019795
9,"9. Dealers, Maintenance, & Repair",2030,sam_mi_dtmb_mi,dtmb_mi,DTMB MI,49-0000,"Installation, Maintenance, and Repair Occupations",27196.11006384143,27196.11006384143,27196.11006384143,0.18843583818036316,0.18641597434776302,0.15250955264686006,Postsecondary nondegree award,Less than 5 years,Short-term on-the-job training,SC or associate's,52660.27991105456,23140.0,376.1000000000001,0.0,27009.437691298688,27009.437691298688,186.67237254274005,186.67237254274005,0.00691137574488928,0.00691137574488928
9,"9. Dealers, Maintenance, & Repair",2030,sam_mi_dtmb_mi,dtmb_mi,DTMB MI,51-0000,Production Occupations,1064.376177693457,1064.376177693457,1064.376177693457,0.007374827382006405,0.007360443084098373,0.010734933253274891,High school diploma or equivalent,Less than 5 years,Moderate-term on-the-job training,HS or less,48881.49169144663,960.0,314.90000000000003,0.0,1066.439877568845,1066.439877568845,-2.0636998753880107,-2.0636998753880107,-0.0019351300704289224,-0.0019351300704289224
9,"9. Dealers, Maintenance, & Repair",2030,sam_mi_dtmb_mi,dtmb_mi,DTMB MI,53-0000,Transportation and Material Moving Occupations,14893.994478561262,14893.994478561262,14893.994478561262,0.10319719720331827,0.10253607345867964,0.05400848239026273,No formal educational credential,Less than 5 years,Short-term on-the-job training,HS or less,38074.77866264776,15180.0,1463.5,0.0,14856.246611281176,14856.246611281176,37.74786728008621,37.74786728008621,0.0025408751125215,0.0025408751125215
9,"9. Dealers, Maintenance, & Repair",2030,sam_mi_moodys_mi,moodys_mi,Moody's MI,00-0000,All Occupations,74226.83560090383,74226.83560090383,74226.83560090383,0.5,0.5,0.08537790494882164,No formal educational credential,Less than 5 years,Short-term on-the-job training,HS or less,50153.39144533301,64460.0,6510.3,0.0,72444.0,72444.0,1782.8356009038253,1782.8356009038253,0.02460984485815009,0.02460984485815009
9,"9. Dealers, Maintenance, & Repair",2030,sam_mi_moodys_mi,moodys_mi,Moody's MI,11-0000,Management Occupations,4493.975114658905,4493.975114658905,4493.975114658905,0.030271902865573488,0.03046203177379395,0.0319828601538878,Bachelor's degree,5 years or more,Unreported,BA+,114882.30619213411,2970.0,539.0,0.0,4413.582859641458,4413.582859641458,80.3922550174475,80.3922550174475,0.018214737906603672,0.018214737906603672
9,"9. Dealers, Maintenance, & Repair",2030,sam_mi_moodys_mi,moodys_mi,Moody's MI,13-0000,Business and Financial Operations Occupations,1699.9034541757271,1699.9034541757271,1699.9034541757271,0.011450733689602607,0.011441480833697636,0.006737187715013419,Bachelor's degree,Unreported,Moderate-term on-the-job training,BA+,77936.06564857134,1370.0,362.29999999999995,0.0,1657.733275032783,1657.733275032783,42.17017914294411,42.17017914294411,0.025438458513243126,0.025438458513243126
9,"9. Dealers, Maintenance, & Repair",2030,sam_mi_moodys_mi,moodys_mi,Moody's MI,15-0000,Computer and Mathematical Occupations,160.1545561134607,160.1545561134607,160.1545561134607,0.0010788184274388667,0.0010931351114997036,0.0005530988980135787,"Some college, no degree",Unreported,Moderate-term on-the-job training,SC or associate's,70062.66666666647,90.0,55.099999999999994,0.0,158.38216003496905,158.38216003496905,1.7723960784916528,1.7723960784916528,0.011190629538707688,0.011190629538707688
9,"9. Dealers, Maintenance, & Repair",2030,sam_mi_moodys_mi,moodys_mi,Moody's MI,23-0000,Legal Occupations,53.38485203782278,53.38485203782278,53.38485203782278,0.0003596061424796394,0.0003643783704999012,0.0001684565171615,Associate's degree,Unreported,Unreported,SC or associate's,68760.0,0.0,4.7,0.0,52.794053344989685,52.794053344989685,0.590798692833097,0.590798692833097,0.011190629538755914,0.011190629538755914
9,"9. Dealers, Maintenance, & Repair",2030,sam_mi_moodys_mi,moodys_mi,Moody's MI,27-0000,"Arts, Design, Entertainment, Sports, and Media Occupations",55.81235200295154,55.81235200295154,55.81235200295154,0.00037595804503265086,0.0003643783704999012,0.0005474836807749,High school diploma or equivalent,Unreported,Moderate-term on-the-job training,HS or less,42520.0,0.0,12.7,0.0,52.794053344989685,52.794053344989685,3.018298657961857,3.018298657961857,0.05717118627430229,0.05717118627430229
9,"9. Dealers, Maintenance, & Repair",2030,sam_mi_moodys_mi,moodys_mi,Moody's MI,37-0000,Building and Grounds Cleaning and Maintenance Occupations,359.0389507193637,359.0389507193637,359.0389507193637,0.002418525239643867,0.0024048972452995077,0.0050536955148452,No formal educational credential,Unreported,Short-term on-the-job training,HS or less,35930.0,500.0,351.3,0.0,348.44075207695505,348.44075207695505,10.598198642408647,10.598198642408647,0.030416070965396082,0.030416070965396082
9,"9. Dealers, Maintenance, & Repair",2030,sam_mi_moodys_mi,moodys_mi,Moody's MI,41-0000,Sales and Related Occupations,14890.423222247566,14890.423222247566,14890.423222247566,0.1003035027810498,0.10005830053928007,0.06511006955579415,No formal educational credential,Less than 5 years,Short-term on-the-job training,HS or less,37803.054083500465,13470.0,1575.5,0.0,14497.24704853521,14497.24704853521,393.1761737123561,393.1761737123561,0.027120747297472752,0.027120747297472752
9,"9. Dealers, Maintenance, & Repair",2030,sam_mi_moodys_mi,moodys_mi,Moody's MI,43-0000,Office and Administrative Support Occupations,8125.328153175379,8125.328153175379,8125.328153175379,0.05473309004349123,0.05749890686488832,0.018482711722913603,High school diploma or equivalent,Less than 5 years,Short-term on-the-job training,HS or less,45654.35794260444,6780.0,1455.2,0.0,8330.90161783994,8330.90161783994,-205.57346466456056,-205.57346466456056,-0.024676016365904732,-0.024676016365904732
9,"9. Dealers, Maintenance, & Repair",2030,sam_mi_moodys_mi,moodys_mi,Moody's MI,49-0000,"Installation, Maintenance, and Repair Occupations",27973.991963864664,27973.991963864664,27973.991963864664,0.18843583818036316,0.18641597434776302,0.15250955264686006,Postsecondary nondegree award,Less than 5 years,Short-term on-the-job training,SC or associate's,52660.27991105456,23140.0,376.1000000000001,0.0,27009.437691298688,27009.437691298688,964.5542725659761,964.5542725659761,0.03571174948513331,0.03571174948513331
9,"9. Dealers, Maintenance, & Repair",2030,sam_mi_moodys_mi,moodys_mi,Moody's MI,51-0000,Production Occupations,1094.8201993384669,1094.8201993384669,1094.8201993384669,0.007374827382006406,0.007360443084098373,0.010734933253274891,High school diploma or equivalent,Less than 5 years,Moderate-term on-the-job training,HS or less,48881.49169144664,960.0,314.90000000000003,0.0,1066.439877568845,1066.439877568845,28.380321769621787,28.380321769621787,0.026612209808133013,0.026612209808133013
9,"9. Dealers, Maintenance, & Repair",2030,sam_mi_moodys_mi,moodys_mi,Moody's MI,53-0000,Transportation and Material Moving Occupations,15320.002782569514,15320.002782569514,15320.002782569514,0.10319719720331827,0.10253607345867964,0.05400848239026273,No formal educational credential,Less than 5 years,Short-term on-the-job training,HS or less,38074.77866264775,15180.0,1463.5,0.0,14856.246611281176,14856.246611281176,463.756171288338,463.756171288338,0.03121624077889109,0.03121624077889109
9,"9. Dealers, Maintenance, & Repair",2030,sam_mi_moodys_mi_detail,moodys_mi_detail,Moody's MI (detail),00-0000,All Occupations,73517.83418432807,73517.83418432807,73517.83418432807,0.5,0.5,0.08537790494882164,No formal educational credential,Less than 5 years,Short-term on-the-job training,HS or less,50153.391445333014,64460.0,6510.3,0.0,72444.0,72444.0,1073.834184328065,1073.834184328065,0.014822955445972959,0.014822955445972959
9,"9. Dealers, Maintenance, & Repair",2030,sam_mi_moodys_mi_detail,moodys_mi_detail,Moody's MI (detail),11-0000,Management Occupations,4451.049470630633,4451.049470630633,4451.049470630633,0.030271902865573474,0.03046203177379395,0.0319828601538878,Bachelor's degree,5 years or more,Unreported,BA+,114882.30619213417,2970.0,539.0,0.0,4413.582859641458,4413.582859641458,37.466610989175024,37.466610989175024,0.00848893340867711,0.00848893340867711
9,"9. Dealers, Maintenance, & Repair",2030,sam_mi_moodys_mi_detail,moodys_mi_detail,Moody's MI (detail),13-0000,Business and Financial Operations Occupations,1683.666281362207,1683.666281362207,1683.666281362207,0.011450733689602605,0.011441480833697636,0.006737187715013419,Bachelor's degree,Unreported,Moderate-term on-the-job training,BA+,77936.06564857134,1370.0,362.29999999999995,0.0,1657.733275032783,1657.733275032783,25.93300632942396,25.93300632942396,0.015643654332094598,0.015643654332094598
9,"9. Dealers, Maintenance, & Repair",2030,sam_mi_moodys_mi_detail,moodys_mi_detail,Moody's MI (detail),15-0000,Computer and Mathematical Occupations,158.6247885268963,158.6247885268963,158.6247885268963,0.0010788184274388667,0.0010931351114997036,0.0005530988980135787,"Some college, no degree",Unreported,Moderate-term on-the-job training,SC or associate's,70062.66666666647,90.0,55.099999999999994,0.0,158.38216003496905,158.38216003496905,0.2426284919272632,0.2426284919272632,0.0015319180637118062,0.0015319180637118062
9,"9. Dealers, Maintenance, & Repair",2030,sam_mi_moodys_mi_detail,moodys_mi_detail,Moody's MI (detail),23-0000,Legal Occupations,52.874929508967966,52.874929508967966,52.874929508967966,0.0003596061424796394,0.0003643783704999012,0.0001684565171615,Associate's degree,Unreported,Unreported,SC or associate's,68760.0,0.0,4.7,0.0,52.794053344989685,52.794053344989685,0.08087616397828157,0.08087616397828157,0.0015319180637596746,0.0015319180637596746
9,"9. Dealers, Maintenance, & Repair",2030,sam_mi_moodys_mi_detail,moodys_mi_detail,Moody's MI (detail),27-0000,"Arts, Design, Entertainment, Sports, and Media Occupations",55.279242429949136,55.279242429949136,55.279242429949136,0.00037595804503265086,0.0003643783704999012,0.0005474836807749,High school diploma or equivalent,Unreported,Moderate-term on-the-job training,HS or less,42520.0,0.0,12.7,0.0,52.794053344989685,52.794053344989685,2.485189084959451,2.485189084959451,0.04707327677076917,0.04707327677076917
9,"9. Dealers, Maintenance, & Repair",2030,sam_mi_moodys_mi_detail,moodys_mi_detail,Moody's MI (detail),37-0000,Building and Grounds Cleaning and Maintenance Occupations,355.60947507750024,355.60947507750024,355.60947507750024,0.002418525239643867,0.0024048972452995077,0.0050536955148452,No formal educational credential,Unreported,Short-term on-the-job training,HS or less,35930.0,500.0,351.3,0.0,348.44075207695505,348.44075207695505,7.168723000545185,7.168723000545185,0.02057372152314128,0.02057372152314128
9,"9. Dealers, Maintenance, & Repair",2030,sam_mi_moodys_mi_detail,moodys_mi_detail,Moody's MI (detail),41-0000,Sales and Related Occupations,14748.192571129015,14748.192571129015,14748.192571129015,0.1003035027810498,0.10005830053928007,0.06511006955579415,No formal educational credential,Less than 5 years,Short-term on-the-job training,HS or less,37803.054083500465,13470.0,1575.5,0.0,14497.24704853521,14497.24704853521,250.94552259380544,250.94552259380544,0.017309874195677775,0.017309874195677775
9,"9. Dealers, Maintenance, & Repair",2030,sam_mi_moodys_mi_detail,moodys_mi_detail,Moody's MI (detail),43-0000,Office and Administrative Support Occupations,8047.716476426571,8047.716476426571,8047.716476426571,0.05473309004349123,0.05749890686488832,0.018482711722913603,High school diploma or equivalent,Less than 5 years,Short-term on-the-job training,HS or less,45654.35794260444,6780.0,1455.2,0.0,8330.90161783994,8330.90161783994,-283.1851414133689,-283.1851414133689,-0.03399213607407765,-0.03399213607407765
9,"9. Dealers, Maintenance, & Repair",2030,sam_mi_moodys_mi_detail,moodys_mi_detail,Moody's MI (detail),49-0000,"Installation, Maintenance, and Repair Occupations",27706.78941145763,27706.78941145763,27706.78941145763,0.18843583818036316,0.18641597434776302,0.15250955264686006,Postsecondary nondegree award,Less than 5 years,Short-term on-the-job training,SC or associate's,52660.279911054546,23140.0,376.1000000000001,0.0,27009.437691298688,27009.437691298688,697.351720158942,697.351720158942,0.025818816671759132,0.025818816671759132
9,"9. Dealers, Maintenance, & Repair",2030,sam_mi_moodys_mi_detail,moodys_mi_detail,Moody's MI (detail),51-0000,Production Occupations,1084.3626732167784,1084.3626732167784,1084.3626732167784,0.007374827382006406,0.007360443084098373,0.010734933253274891,High school diploma or equivalent,Less than 5 years,Moderate-term on-the-job training,HS or less,48881.49169144663,960.0,314.90000000000003,0.0,1066.439877568845,1066.439877568845,17.9227956479333,17.9227956479333,0.016806194165199222,0.016806194165199222
9,"9. Dealers, Maintenance, & Repair",2030,sam_mi_moodys_mi_detail,moodys_mi_detail,Moody's MI (detail),53-0000,Transportation and Material Moving Occupations,15173.668864561914,15173.668864561914,15173.668864561914,0.10319719720331828,0.10253607345867964,0.05400848239026273,No formal educational credential,Less than 5 years,Short-term on-the-job training,HS or less,38074.778662647754,15180.0,1463.5,0.0,14856.246611281176,14856.246611281176,317.422253280738,317.422253280738,0.021366248258136857,0.021366248258136857
9,"9. Dealers, Maintenance, & Repair",2030,sam_mi_moodys_us,moodys_us,Moody's US,00-0000,All Occupations,74968.43800094948,74968.43800094948,74968.43800094948,0.5,0.5,0.08537790494882164,No formal educational credential,Less than 5 years,Short-term on-the-job training,HS or less,50153.39144533301,64460.0,6510.3,0.0,72444.0,72444.0,2524.438000949478,2524.438000949478,0.034846750606668295,0.034846750606668295
9,"9. Dealers, Maintenance, & Repair",2030,sam_mi_moodys_us,moodys_us,Moody's US,11-0000,Management Occupations,4538.874546297021,4538.874546297021,4538.874546297021,0.030271902865573484,0.03046203177379395,0.0319828601538878,Bachelor's degree,5 years or more,Unreported,BA+,114882.30619213416,2970.0,539.0,0.0,4413.582859641458,4413.582859641458,125.29168665556335,125.29168665556335,0.02838774996188506,0.02838774996188506
9,"9. Dealers, Maintenance, & Repair",2030,sam_mi_moodys_us,moodys_us,Moody's US,13-0000,Business and Financial Operations Occupations,1716.887237348713,1716.887237348713,1716.887237348713,0.011450733689602607,0.011441480833697636,0.006737187715013419,Bachelor's degree,Unreported,Moderate-term on-the-job training,BA+,77936.06564857134,1370.0,362.29999999999995,0.0,1657.733275032783,1657.733275032783,59.1539623159299,59.1539623159299,0.03568364296407098,0.03568364296407098
9,"9. Dealers, Maintenance, & Repair",2030,sam_mi_moodys_us,moodys_us,Moody's US,15-0000,Computer and Mathematical Occupations,161.754664783465,161.754664783465,161.754664783465,0.0010788184274388667,0.0010931351114997036,0.0005530988980135787,"Some college, no degree",Unreported,Moderate-term on-the-job training,SC or associate's,70062.66666666645,90.0,55.099999999999994,0.0,158.38216003496905,158.38216003496905,3.372504748495942,3.372504748495942,0.021293463529928686,0.021293463529928686
9,"9. Dealers, Maintenance, & Repair",2030,sam_mi_moodys_us,moodys_us,Moody's US,23-0000,Legal Occupations,53.9182215944909,53.9182215944909,53.9182215944909,0.0003596061424796394,0.0003643783704999012,0.0001684565171615,Associate's degree,Unreported,Unreported,SC or associate's,68760.0,0.0,4.7,0.0,52.794053344989685,52.794053344989685,1.124168249501217,1.124168249501217,0.02129346352997736,0.02129346352997736
9,"9. Dealers, Maintenance, & Repair",2030,sam_mi_moodys_us,moodys_us,Moody's US,27-0000,"Arts, Design, Entertainment, Sports, and Media Occupations",56.369974779976914,56.369974779976914,56.369974779976914,0.00037595804503265086,0.0003643783704999012,0.0005474836807749,High school diploma or equivalent,Unreported,Moderate-term on-the-job training,HS or less,42520.0,0.0,12.7,0.0,52.794053344989685,52.794053344989685,3.5759214349872295,3.5759214349872295,0.06773341329978777,0.06773341329978777
9,"9. Dealers, Maintenance, & Repair",2030,sam_mi_moodys_us,moodys_us,Moody's US,37-0000,Building and Grounds Cleaning and Maintenance Occupations,362.6261189639455,362.6261189639455,362.6261189639455,0.002418525239643867,0.0024048972452995077,0.0050536955148452,No formal educational credential,Unreported,Short-term on-the-job training,HS or less,35930.0,500.0,351.3,0.0,348.44075207695505,348.44075207695505,14.185366886990437,14.185366886990437,0.04071098688208984,0.04071098688208984
9,"9. Dealers, Maintenance, & Repair",2030,sam_mi_moodys_us,moodys_us,Moody's US,41-0000,Sales and Related Occupations,15039.19385903839,15039.19385903839,15039.19385903839,0.1003035027810498,0.10005830053928007,0.06511006955579415,No formal educational credential,Less than 5 years,Short-term on-the-job training,HS or less,37803.05408350046,13470.0,1575.5,0.0,14497.24704853521,14497.24704853521,541.946810503181,541.946810503181,0.03738273954281126,0.03738273954281126
9,"9. Dealers, Maintenance, & Repair",2030,sam_mi_moodys_us,moodys_us,Moody's US,43-0000,Office and Administrative Support Occupations,8206.508535051715,8206.508535051715,8206.508535051715,0.05473309004349123,0.05749890686488832,0.018482711722913603,High school diploma or equivalent,Less than 5 years,Short-term on-the-job training,HS or less,45654.357942604445,6780.0,1455.2,0.0,8330.90161783994,8330.90161783994,-124.393082788225,-124.393082788225,-0.01493152704166467,-0.01493152704166467
9,"9. Dealers, Maintenance, & Repair",2030,sam_mi_moodys_us,moodys_us,Moody's US,49-0000,"Installation, Maintenance, and Repair Occupations",28253.480903563013,28253.480903563013,28253.480903563013,0.1884358381803632,0.18641597434776302,0.15250955264686006,Postsecondary nondegree award,Less than 5 years,Short-term on-the-job training,SC or associate's,52660.27991105456,23140.0,376.1000000000001,0.0,27009.437691298688,27009.437691298688,1244.0432122643251,1244.0432122643251,0.046059574674710974,0.046059574674710974
9,"9. Dealers, Maintenance, & Repair",2030,sam_mi_moodys_us,moodys_us,Moody's US,51-0000,Production Occupations,1105.7585787113035,1105.7585787113035,1105.7585787113035,0.007374827382006405,0.007360443084098373,0.010734933253274891,High school diploma or equivalent,Less than 5 years,Moderate-term on-the-job training,HS or less,48881.49169144663,960.0,314.90000000000003,0.0,1066.439877568845,1066.439877568845,39.318701142458394,39.318701142458394,0.03686912124112701,0.03686912124112701
9,"9. Dealers, Maintenance, & Repair",2030,sam_mi_moodys_us,moodys_us,Moody's US,53-0000,Transportation and Material Moving Occupations,15473.065360817445,15473.065360817445,15473.065360817445,0.10319719720331827,0.10253607345867964,0.05400848239026273,No formal educational credential,Less than 5 years,Short-term on-the-job training,HS or less,38074.778662647754,15180.0,1463.5,0.0,14856.246611281176,14856.246611281176,616.818749536269,616.818749536269,0.041519151214673845,0.041519151214673845
10,10. Logistics,2030,sam_mi_bls_us,bls_us,BLS US,00-0000,All Occupations,45506.16637791743,45506.16637791743,45506.16637791743,0.5,0.49999999999999994,0.33970339004358313,Postsecondary nondegree award,5 years or more,Short-term on-the-job training,SC or associate's,58896.13676266556,45070.0,5282.5,0.0,45204.99999999999,45204.99999999999,301.16637791743415,301.16637791743415,0.0066622359897673756,0.0066622359897673756
10,10. Logistics,2030,sam_mi_bls_us,bls_us,BLS US,11-0000,Management Occupations,2446.4031436680298,2446.4031436680298,2446.4031436680298,0.026879908135430026,0.026298977853492254,0.014273019477853224,Bachelor's degree,5 years or more,Unreported,BA+,112677.31845944806,1820.0,654.2,0.0,2377.6905877342347,2377.6905877342347,68.7125559337951,68.7125559337951,0.02889886358143561,0.02889886358143561
10,10. Logistics,2030,sam_mi_bls_us,bls_us,BLS US,13-0000,Business and Financial Operations Occupations,2340.309401729843,2340.309401729843,2340.309401729843,0.02571420082164419,0.024808347529812504,0.004012323445669631,Bachelor's degree,Less than 5 years,Moderate-term on-the-job training,BA+,80048.69266138092,440.0,583.2,0.0,2242.9227001703484,2242.9227001703484,97.38670155949467,97.38670155949467,0.04341955322494984,0.04341955322494984
10,10. Logistics,2030,sam_mi_bls_us,bls_us,BLS US,15-0000,Computer and Mathematical Occupations,176.25058205903287,176.25058205903287,176.25058205903287,0.0019365571315688899,0.0019165247018739038,0.0005112364000316333,Bachelor's degree,Unreported,Moderate-term on-the-job training,BA+,102779.50712304378,0.0,170.3,0.0,173.27299829641964,173.27299829641964,2.9775837626132216,2.9775837626132216,0.01718434950562489,0.01718434950562489
10,10. Logistics,2030,sam_mi_bls_us,bls_us,BLS US,19-0000,"Life, Physical, and Social Science Occupations",153.85733621393715,153.85733621393715,153.85733621393715,0.0016905108522676919,0.0015971039182282533,0.002851403019895,Bachelor's degree,Unreported,Unreported,BA+,83910.0,160.0,14.9,0.0,144.3941652470164,144.3941652470164,9.463170966920757,9.463170966920757,0.06553707312710334,0.06553707312710334
10,10. Logistics,2030,sam_mi_bls_us,bls_us,BLS US,37-0000,Building and Grounds Cleaning and Maintenance Occupations,77.32474587214921,77.32474587214921,77.32474587214921,0.0008496073392558095,0.0008517887563884018,0.0017035775127767997,No formal educational credential,Unreported,Short-term on-the-job training,HS or less,35930.0,180.0,351.3,0.0,77.0102214650754,77.0102214650754,0.31452440707380447,0.31452440707380447,0.004084190398237501,0.004084190398237501
10,10. Logistics,2030,sam_mi_bls_us,bls_us,BLS US,41-0000,Sales and Related Occupations,485.78998626077225,485.78998626077225,485.78998626077225,0.005337628116444779,0.005430153321976112,0.007475402836917245,High school diploma or equivalent,Unreported,Moderate-term on-the-job training,HS or less,66381.12507954417,420.0,237.8,0.0,490.94016183986025,490.94016183986025,-5.150175579088,-5.150175579088,-0.010490434434589883,-0.010490434434589883
10,10. Logistics,2030,sam_mi_bls_us,bls_us,BLS US,43-0000,Office and Administrative Support Occupations,4483.059976786963,4483.059976786963,4483.059976786963,0.04925771970721793,0.051639693356047546,0.016980813157608146,High school diploma or equivalent,Less than 5 years,Moderate-term on-the-job training,HS or less,48258.09940947904,4940.0,1302.1999999999998,0.0,4668.744676320259,4668.744676320259,-185.68469953329623,-185.68469953329623,-0.039771868544254255,-0.039771868544254255
10,10. Logistics,2030,sam_mi_bls_us,bls_us,BLS US,47-0000,Construction and Extraction Occupations,271.6448877209572,271.6448877209572,271.6448877209572,0.002984704154872262,0.0029812606473594064,0.0006341594378662,High school diploma or equivalent,Less than 5 years,Moderate-term on-the-job training,HS or less,55841.92812679415,50.0,248.8,0.0,269.53577512776394,269.53577512776394,2.109112593193231,2.109112593193231,0.007824982016555987,0.007824982016555987
10,10. Logistics,2030,sam_mi_bls_us,bls_us,BLS US,49-0000,"Installation, Maintenance, and Repair Occupations",2417.5805609518775,2417.5805609518775,2417.5805609518775,0.026563219376407918,0.026511925042589403,0.03195752356844924,High school diploma or equivalent,Less than 5 years,Long-term on-the-job training,HS or less,60244.216366258275,1970.0,260.20000000000005,0.0,2396.9431431005078,2396.9431431005078,20.63741785136972,20.63741785136972,0.008609890439317924,0.008609890439317924
10,10. Logistics,2030,sam_mi_bls_us,bls_us,BLS US,53-0000,Transportation and Material Moving Occupations,32653.945756653866,32653.945756653866,32653.945756653866,0.35878594436489053,0.35796422487223223,0.46821210315028694,Postsecondary nondegree award,Less than 5 years,Short-term on-the-job training,SC or associate's,54325.30273433257,35090.0,1459.6,0.0,32363.545570698516,32363.545570698516,290.40018595535,290.40018595535,0.00897306462670994,0.00897306462670994
10,10. Logistics,2030,sam_mi_dtmb_mi,dtmb_mi,DTMB MI,00-0000,All Occupations,45694.192965826434,45694.192965826434,45694.192965826434,0.49999999999999994,0.49999999999999994,0.33970339004358313,Postsecondary nondegree award,5 years or more,Short-term on-the-job training,SC or associate's,58896.13676266557,45070.0,5282.5,0.0,45204.99999999999,45204.99999999999,489.19296582644165,489.19296582644165,0.010821656140392473,0.010821656140392473
10,10. Logistics,2030,sam_mi_dtmb_mi,dtmb_mi,DTMB MI,11-0000,Management Occupations,2456.511418488055,2456.511418488055,2456.511418488055,0.026879908135430022,0.026298977853492254,0.014273019477853224,Bachelor's degree,5 years or more,Unreported,BA+,112677.31845944807,1820.0,654.2,0.0,2377.6905877342347,2377.6905877342347,78.82083075382025,78.82083075382025,0.033150163087002305,0.033150163087002305
10,10. Logistics,2030,sam_mi_dtmb_mi,dtmb_mi,DTMB MI,13-0000,Business and Financial Operations Occupations,2349.979308612445,2349.979308612445,2349.979308612445,0.02571420082164419,0.024808347529812504,0.004012323445669631,Bachelor's degree,Less than 5 years,Moderate-term on-the-job training,BA+,80048.69266138093,440.0,583.2,0.0,2242.9227001703484,2242.9227001703484,107.0566084420966,107.0566084420966,0.04773085065926067,0.04773085065926067
10,10. Logistics,2030,sam_mi_dtmb_mi,dtmb_mi,DTMB MI,15-0000,Computer and Mathematical Occupations,176.9788305185124,176.9788305185124,176.9788305185124,0.00193655713156889,0.0019165247018739038,0.0005112364000316333,Bachelor's degree,Unreported,Moderate-term on-the-job training,BA+,102779.50712304378,0.0,170.3,0.0,173.27299829641964,173.27299829641964,3.7058322220927664,3.7058322220927664,0.021387245898251073,0.021387245898251073
10,10. Logistics,2030,sam_mi_dtmb_mi,dtmb_mi,DTMB MI,19-0000,"Life, Physical, and Social Science Occupations",154.49305818868726,154.49305818868726,154.49305818868726,0.0016905108522676919,0.0015971039182282533,0.002851403019895,Bachelor's degree,Unreported,Unreported,BA+,83910.0,160.0,14.9,0.0,144.3941652470164,144.3941652470164,10.098892941670869,10.098892941670869,0.06993975777618577,0.06993975777618577
10,10. Logistics,2030,sam_mi_dtmb_mi,dtmb_mi,DTMB MI,37-0000,Building and Grounds Cleaning and Maintenance Occupations,77.64424341027465,77.64424341027465,77.64424341027465,0.0008496073392558095,0.0008517887563884018,0.0017035775127767997,No formal educational credential,Unreported,Short-term on-the-job training,HS or less,35930.0,180.0,351.3,0.0,77.0102214650754,77.0102214650754,0.634021945199251,0.634021945199251,0.008232958341598639,0.008232958341598639
10,10. Logistics,2030,sam_mi_dtmb_mi,dtmb_mi,DTMB MI,41-0000,Sales and Related Occupations,487.79721826529686,487.79721826529686,487.79721826529686,0.005337628116444779,0.005430153321976112,0.007475402836917245,High school diploma or equivalent,Unreported,Moderate-term on-the-job training,HS or less,66381.12507954419,420.0,237.8,0.0,490.94016183986025,490.94016183986025,-3.1429435745633896,-3.1429435745633896,-0.006401887274377414,-0.006401887274377414
10,10. Logistics,2030,sam_mi_dtmb_mi,dtmb_mi,DTMB MI,43-0000,Office and Administrative Support Occupations,4501.583498716415,4501.583498716415,4501.583498716415,0.04925771970721792,0.051639693356047546,0.016980813157608146,High school diploma or equivalent,Less than 5 years,Moderate-term on-the-job training,HS or less,48258.099409479044,4940.0,1302.1999999999998,0.0,4668.744676320259,4668.744676320259,-167.1611776038435,-167.1611776038435,-0.035804309122252985,-0.035804309122252985
10,10. Logistics,2030,sam_mi_dtmb_mi,dtmb_mi,DTMB MI,47-0000,Construction and Extraction Occupations,272.76729519727417,272.76729519727417,272.76729519727417,0.0029847041548722625,0.0029812606473594064,0.0006341594378662,High school diploma or equivalent,Less than 5 years,Moderate-term on-the-job training,HS or less,55841.92812679414,50.0,248.8,0.0,269.53577512776394,269.53577512776394,3.231520069510225,3.231520069510225,0.011989206508777682,0.011989206508777682
10,10. Logistics,2030,sam_mi_dtmb_mi,dtmb_mi,DTMB MI,49-0000,"Installation, Maintenance, and Repair Occupations",2427.5697439583264,2427.5697439583264,2427.5697439583264,0.026563219376407914,0.026511925042589403,0.03195752356844924,High school diploma or equivalent,Less than 5 years,Long-term on-the-job training,HS or less,60244.21636625829,1970.0,260.20000000000005,0.0,2396.9431431005078,2396.9431431005078,30.62660085781863,30.62660085781863,0.012777358088770655,0.012777358088770655
10,10. Logistics,2030,sam_mi_dtmb_mi,dtmb_mi,DTMB MI,53-0000,Transportation and Material Moving Occupations,32788.86835047115,32788.86835047115,32788.86835047115,0.3587859443648905,0.35796422487223223,0.46821210315028694,Postsecondary nondegree award,Less than 5 years,Short-term on-the-job training,SC or associate's,54325.302734332574,35090.0,1459.6,0.0,32363.545570698516,32363.545570698516,425.32277977263584,425.32277977263584,0.013142032872866591,0.013142032872866591
10,10. Logistics,2030,sam_mi_moodys_mi,moodys_mi,Moody's MI,00-0000,All Occupations,41041.499867958446,41041.499867958446,41041.499867958446,0.5,0.49999999999999994,0.33970339004358313,Postsecondary nondegree award,5 years or more,Short-term on-the-job training,SC or associate's,58896.13676266558,45070.0,5282.5,0.0,45204.99999999999,45204.99999999999,-4163.500132041547,-4163.500132041547,-0.0921026464338358,-0.0921026464338358
10,10. Logistics,2030,sam_mi_moodys_mi,moodys_mi,Moody's MI,11-0000,Management Occupations,2206.383492381973,2206.383492381973,2206.383492381973,0.026879908135430026,0.026298977853492254,0.014273019477853224,Bachelor's degree,5 years or more,Unreported,BA+,112677.31845944804,1820.0,654.2,0.0,2377.6905877342347,2377.6905877342347,-171.3070953522615,-171.3070953522615,-0.07204768199696861,-0.07204768199696861
10,10. Logistics,2030,sam_mi_moodys_mi,moodys_mi,Moody's MI,13-0000,Business and Financial Operations Occupations,2110.6987392523342,2110.6987392523342,2110.6987392523342,0.025714200821644193,0.024808347529812504,0.004012323445669631,Bachelor's degree,Less than 5 years,Moderate-term on-the-job training,BA+,80048.69266138092,440.0,583.2,0.0,2242.9227001703484,2242.9227001703484,-132.2239609180142,-132.2239609180142,-0.05895163525161696,-0.05895163525161696
10,10. Logistics,2030,sam_mi_moodys_mi,moodys_mi,Moody's MI,15-0000,Computer and Mathematical Occupations,158.9584185191572,158.9584185191572,158.9584185191572,0.0019365571315688903,0.0019165247018739038,0.0005112364000316333,Bachelor's degree,Unreported,Moderate-term on-the-job training,BA+,102779.50712304379,0.0,170.3,0.0,173.27299829641964,173.27299829641964,-14.314579777262452,-14.314579777262452,-0.0826128705453251,-0.0826128705453251
10,10. Logistics,2030,sam_mi_moodys_mi,moodys_mi,Moody's MI,19-0000,"Life, Physical, and Social Science Occupations",138.76220184025362,138.76220184025362,138.76220184025362,0.0016905108522676923,0.0015971039182282533,0.002851403019895,Bachelor's degree,Unreported,Unreported,BA+,83910.0,160.0,14.9,0.0,144.3941652470164,144.3941652470164,-5.631963406762765,-5.631963406762765,-0.03900409270089352,-0.03900409270089352
10,10. Logistics,2030,sam_mi_moodys_mi,moodys_mi,Moody's MI,37-0000,Building and Grounds Cleaning and Maintenance Occupations,69.73831900376767,69.73831900376767,69.73831900376767,0.0008496073392558096,0.0008517887563884018,0.0017035775127767997,No formal educational credential,Unreported,Short-term on-the-job training,HS or less,35930.0,180.0,351.3,0.0,77.0102214650754,77.0102214650754,-7.271902461307732,-7.271902461307732,-0.09442775676999687,-0.09442775676999687
10,10. Logistics,2030,sam_mi_moodys_mi,moodys_mi,Moody's MI,41-0000,Sales and Related Occupations,438.12852727255944,438.12852727255944,438.12852727255944,0.00533762811644478,0.005430153321976112,0.007475402836917245,High school diploma or equivalent,Unreported,Moderate-term on-the-job training,HS or less,66381.12507954419,420.0,237.8,0.0,490.94016183986025,490.94016183986025,-52.811634567300814,-52.811634567300814,-0.10757244705624112,-0.10757244705624112
10,10. Logistics,2030,sam_mi_moodys_mi,moodys_mi,Moody's MI,43-0000,Office and Administrative Support Occupations,4043.221393719438,4043.221393719438,4043.221393719438,0.049257719707217935,0.051639693356047546,0.016980813157608146,High school diploma or equivalent,Less than 5 years,Moderate-term on-the-job training,HS or less,48258.09940947905,4940.0,1302.1999999999998,0.0,4668.744676320259,4668.744676320259,-625.523282600821,-625.523282600821,-0.1339810432927415,-0.1339810432927415
10,10. Logistics,2030,sam_mi_moodys_mi,moodys_mi,Moody's MI,47-0000,Construction and Extraction Occupations,244.99347035617,244.99347035617,244.99347035617,0.002984704154872263,0.0029812606473594064,0.0006341594378662,High school diploma or equivalent,Less than 5 years,Moderate-term on-the-job training,HS or less,55841.92812679413,50.0,248.8,0.0,269.53577512776394,269.53577512776394,-24.542304771593933,-24.542304771593933,-0.09105397886406923,-0.09105397886406923
10,10. Logistics,2030,sam_mi_moodys_mi,moodys_mi,Moody's MI,49-0000,"Installation, Maintenance, and Repair Occupations",2180.388729058794,2180.388729058794,2180.388729058794,0.026563219376407925,0.026511925042589403,0.03195752356844924,High school diploma or equivalent,Less than 5 years,Long-term on-the-job training,HS or less,60244.21636625827,1970.0,260.20000000000005,0.0,2396.9431431005078,2396.9431431005078,-216.5544140417137,-216.5544140417137,-0.09034607878165811,-0.09034607878165811
10,10. Logistics,2030,sam_mi_moodys_mi,moodys_mi,Moody's MI,53-0000,Transportation and Material Moving Occupations,29450.226576554003,29450.226576554003,29450.226576554003,0.35878594436489053,0.35796422487223223,0.46821210315028694,Postsecondary nondegree award,Less than 5 years,Short-term on-the-job training,SC or associate's,54325.302734332574,35090.0,1459.6,0.0,32363.545570698516,32363.545570698516,-2913.3189941445125,-2913.3189941445125,-0.09001853606491711,-0.09001853606491711
10,10. Logistics,2030,sam_mi_moodys_mi_detail,moodys_mi_detail,Moody's MI (detail),00-0000,All Occupations,40127.20459683537,40127.20459683537,40127.20459683537,0.5,0.49999999999999994,0.33970339004358313,Postsecondary nondegree award,5 years or more,Short-term on-the-job training,SC or associate's,58896.13676266556,45070.0,5282.5,0.0,45204.99999999999,45204.99999999999,-5077.795403164622,-5077.795403164622,-0.11232818058101146,-0.11232818058101146
10,10. Logistics,2030,sam_mi_moodys_mi_detail,moodys_mi_detail,Moody's MI (detail),11-0000,Management Occupations,2157.2311465890803,2157.2311465890803,2157.2311465890803,0.026879908135430022,0.026298977853492254,0.014273019477853224,Bachelor's degree,5 years or more,Unreported,BA+,112677.31845944803,1820.0,654.2,0.0,2377.6905877342347,2377.6905877342347,-220.45944114515441,-220.45944114515441,-0.09271998731981193,-0.09271998731981193
10,10. Logistics,2030,sam_mi_moodys_mi_detail,moodys_mi_detail,Moody's MI (detail),13-0000,Business and Financial Operations Occupations,2063.6779948284575,2063.6779948284575,2063.6779948284575,0.025714200821644193,0.024808347529812504,0.004012323445669631,Bachelor's degree,Less than 5 years,Moderate-term on-the-job training,BA+,80048.69266138092,440.0,583.2,0.0,2242.9227001703484,2242.9227001703484,-179.24470534189095,-179.24470534189095,-0.07991568560444702,-0.07991568560444702
10,10. Logistics,2030,sam_mi_moodys_mi_detail,moodys_mi_detail,Moody's MI (detail),15-0000,Computer and Mathematical Occupations,155.41724846385097,155.41724846385097,155.41724846385097,0.00193655713156889,0.0019165247018739038,0.0005112364000316333,Bachelor's degree,Unreported,Moderate-term on-the-job training,BA+,102779.50712304376,0.0,170.3,0.0,173.27299829641964,173.27299829641964,-17.855749832568677,-17.855749832568677,-0.10304981161590272,-0.10304981161590272
10,10. Logistics,2030,sam_mi_moodys_mi_detail,moodys_mi_detail,Moody's MI (detail),19-0000,"Life, Physical, and Social Science Occupations",135.6709496842324,135.6709496842324,135.6709496842324,0.0016905108522676916,0.0015971039182282533,0.002851403019895,Bachelor's degree,Unreported,Unreported,BA+,83910.0,160.0,14.9,0.0,144.3941652470164,144.3941652470164,-8.723215562783992,-8.723215562783992,-0.0604125211559699,-0.0604125211559699
10,10. Logistics,2030,sam_mi_moodys_mi_detail,moodys_mi_detail,Moody's MI (detail),37-0000,Building and Grounds Cleaning and Maintenance Occupations,68.18473505858157,68.18473505858157,68.18473505858157,0.0008496073392558094,0.0008517887563884018,0.0017035775127767997,No formal educational credential,Unreported,Short-term on-the-job training,HS or less,35930.0,180.0,351.3,0.0,77.0102214650754,77.0102214650754,-8.825486406493837,-8.825486406493837,-0.11460149365362166,-0.11460149365362166
10,10. Logistics,2030,sam_mi_moodys_mi_detail,moodys_mi_detail,Moody's MI (detail),41-0000,Sales and Related Occupations,428.3681909808013,428.3681909808013,428.3681909808013,0.005337628116444779,0.005430153321976112,0.007475402836917245,High school diploma or equivalent,Unreported,Moderate-term on-the-job training,HS or less,66381.12507954419,420.0,237.8,0.0,490.94016183986025,490.94016183986025,-62.57197085905898,-62.57197085905898,-0.1274533552613879,-0.1274533552613879
10,10. Logistics,2030,sam_mi_moodys_mi_detail,moodys_mi_detail,Moody's MI (detail),43-0000,Office and Administrative Support Occupations,3953.149193330207,3953.149193330207,3953.149193330207,0.04925771970721793,0.051639693356047546,0.016980813157608146,High school diploma or equivalent,Less than 5 years,Moderate-term on-the-job training,HS or less,48258.09940947905,4940.0,1302.1999999999998,0.0,4668.744676320259,4668.744676320259,-715.595482990052,-715.595482990052,-0.1532736383335615,-0.1532736383335615
10,10. Logistics,2030,sam_mi_moodys_mi_detail,moodys_mi_detail,Moody's MI (detail),47-0000,Construction and Extraction Occupations,239.53566856716776,239.53566856716776,239.53566856716776,0.0029847041548722625,0.0029812606473594064,0.0006341594378662,High school diploma or equivalent,Less than 5 years,Moderate-term on-the-job training,HS or less,55841.92812679413,50.0,248.8,0.0,269.53577512776394,269.53577512776394,-30.00010656059618,-30.00010656059618,-0.11130287453075825,-0.11130287453075825
10,10. Logistics,2030,sam_mi_moodys_mi_detail,moodys_mi_detail,Moody's MI (detail),49-0000,"Installation, Maintenance, and Repair Occupations",2131.8154773354845,2131.8154773354845,2131.8154773354845,0.02656321937640792,0.026511925042589403,0.03195752356844924,High school diploma or equivalent,Less than 5 years,Long-term on-the-job training,HS or less,60244.21636625826,1970.0,260.20000000000005,0.0,2396.9431431005078,2396.9431431005078,-265.12766576502327,-265.12766576502327,-0.11061074457614117,-0.11061074457614117
10,10. Logistics,2030,sam_mi_moodys_mi_detail,moodys_mi_detail,Moody's MI (detail),53-0000,Transportation and Material Moving Occupations,28794.153991997508,28794.153991997508,28794.153991997508,0.35878594436489053,0.35796422487223223,0.46821210315028694,Postsecondary nondegree award,Less than 5 years,Short-term on-the-job training,SC or associate's,54325.30273433256,35090.0,1459.6,0.0,32363.545570698516,32363.545570698516,-3569.3915787010083,-3569.3915787010083,-0.11029049863846449,-0.11029049863846449
10,10. Logistics,2030,sam_mi_moodys_us,moodys_us,Moody's US,00-0000,All Occupations,40564.277685070985,40564.277685070985,40564.277685070985,0.5000000000000001,0.49999999999999994,0.33970339004358313,Postsecondary nondegree award,5 years or more,Short-term on-the-job training,SC or associate's,58896.136762665556,45070.0,5282.5,0.0,45204.99999999999,45204.99999999999,-4640.722314929008,-4640.722314929008,-0.10265949153697618,-0.10265949153697618
10,10. Logistics,2030,sam_mi_moodys_us,moodys_us,Moody's US,11-0000,Management Occupations,2180.7281155095643,2180.7281155095643,2180.7281155095643,0.02687990813543003,0.026298977853492254,0.014273019477853224,Bachelor's degree,5 years or more,Unreported,BA+,112677.31845944806,1820.0,654.2,0.0,2377.6905877342347,2377.6905877342347,-196.96247222467036,-196.96247222467036,-0.08283772213287062,-0.08283772213287062
10,10. Logistics,2030,sam_mi_moodys_us,moodys_us,Moody's US,13-0000,Business and Financial Operations Occupations,2086.155965157711,2086.155965157711,2086.155965157711,0.025714200821644197,0.024808347529812504,0.004012323445669631,Bachelor's degree,Less than 5 years,Moderate-term on-the-job training,BA+,80048.69266138092,440.0,583.2,0.0,2242.9227001703484,2242.9227001703484,-156.76673501263758,-156.76673501263758,-0.06989395354584947,-0.06989395354584947
10,10. Logistics,2030,sam_mi_moodys_us,moodys_us,Moody's US,15-0000,Computer and Mathematical Occupations,157.11008247593,157.11008247593,157.11008247593,0.0019365571315688903,0.0019165247018739038,0.0005112364000316333,Bachelor's degree,Unreported,Moderate-term on-the-job training,BA+,102779.50712304378,0.0,170.3,0.0,173.27299829641964,173.27299829641964,-16.162915820489644,-16.162915820489644,-0.09328006082540109,-0.09328006082540109
10,10. Logistics,2030,sam_mi_moodys_us,moodys_us,Moody's US,19-0000,"Life, Physical, and Social Science Occupations",137.14870328202534,137.14870328202534,137.14870328202534,0.0016905108522676923,0.0015971039182282533,0.002851403019895,Bachelor's degree,Unreported,Unreported,BA+,83910.0,160.0,14.9,0.0,144.3941652470164,144.3941652470164,-7.245461964991051,-7.245461964991051,-0.05017835694812304,-0.05017835694812304
10,10. Logistics,2030,sam_mi_moodys_us,moodys_us,Moody's US,37-0000,Building and Grounds Cleaning and Maintenance Occupations,68.92741606569393,68.92741606569393,68.92741606569393,0.0008496073392558096,0.0008517887563884018,0.0017035775127767997,No formal educational credential,Unreported,Short-term on-the-job training,HS or less,35930.0,180.0,351.3,0.0,77.0102214650754,77.0102214650754,-8.08280539938147,-8.08280539938147,-0.10495756596476055,-0.10495756596476055
10,10. Logistics,2030,sam_mi_moodys_us,moodys_us,Moody's US,41-0000,Sales and Related Occupations,433.0340581902168,433.0340581902168,433.0340581902168,0.00533762811644478,0.005430153321976112,0.007475402836917245,High school diploma or equivalent,Unreported,Moderate-term on-the-job training,HS or less,66381.12507954419,420.0,237.8,0.0,490.94016183986025,490.94016183986025,-57.906103649643455,-57.906103649643455,-0.11794941247551029,-0.11794941247551029
10,10. Logistics,2030,sam_mi_moodys_us,moodys_us,Moody's US,43-0000,Office and Administrative Support Occupations,3996.2076406739625,3996.2076406739625,3996.2076406739625,0.04925771970721793,0.051639693356047546,0.016980813157608146,High school diploma or equivalent,Less than 5 years,Moderate-term on-the-job training,HS or less,48258.09940947905,4940.0,1302.1999999999998,0.0,4668.744676320259,4668.744676320259,-672.5370356462963,-672.5370356462963,-0.14405093494561508,-0.14405093494561508
10,10. Logistics,2030,sam_mi_moodys_us,moodys_us,Moody's US,47-0000,Construction and Extraction Occupations,242.14473629204716,242.14473629204716,242.14473629204716,0.0029847041548722634,0.0029812606473594064,0.0006341594378662,High school diploma or equivalent,Less than 5 years,Moderate-term on-the-job training,HS or less,55841.92812679413,50.0,248.8,0.0,269.53577512776394,269.53577512776394,-27.391038835716785,-27.391038835716785,-0.10162301765965215,-0.10162301765965215
10,10. Logistics,2030,sam_mi_moodys_us,moodys_us,Moody's US,49-0000,"Installation, Maintenance, and Repair Occupations",2155.035613988138,2155.035613988138,2155.035613988138,0.02656321937640792,0.026511925042589403,0.03195752356844924,High school diploma or equivalent,Less than 5 years,Long-term on-the-job training,HS or less,60244.216366258275,1970.0,260.20000000000005,0.0,2396.9431431005078,2396.9431431005078,-241.90752911236996,-241.90752911236996,-0.10092334889489966,-0.10092334889489966
10,10. Logistics,2030,sam_mi_moodys_us,moodys_us,Moody's US,53-0000,Transportation and Material Moving Occupations,29107.78535343569,29107.78535343569,29107.78535343569,0.35878594436489053,0.35796422487223223,0.46821210315028694,Postsecondary nondegree award,Less than 5 years,Short-term on-the-job training,SC or associate's,54325.302734332574,35090.0,1459.6,0.0,32363.545570698516,32363.545570698516,-3255.760217262825,-3255.760217262825,-0.10059961477800945,-0.10059961477800945
