stage_clean,methodology,projection_method,projection_label,occcd,soctitle,ep_entry_education,ep_work_experience,ep_on_the_job_training,ep_edu_grouped,ep_avg_annual_salary,employment,employment_auto,employment_raw,employment_auto_2024,employment_raw_2024,employment_auto_change,employment_raw_change,openings,ep_openings_annual_avg,empl_2021,employment_auto_pct_change,employment_raw_pct_change,year
Core/OEM,sam_mi_bls_us,bls_us,BLS US,00-0000,All Occupations,High school diploma or equivalent,Unreported,Moderate-term on-the-job training,HS or less,58493.00398700693,155427.96599268573,155427.96599268573,274019.03681455605,167459.8846685799,283311.0,-12031.91867589418,-9291.96318544395,0.0,15511.2,283880.0,-0.07184955787893063,-0.032797749418285733,2030
Core/OEM,sam_mi_bls_us,bls_us,BLS US,11-0000,Management Occupations,Bachelor's degree,5 years or more,Unreported,BA+,133662.53680846974,8116.437655222023,8116.437655222023,22360.944148030434,8710.64045604184,22592.069791041424,-594.2028008198167,-231.12564301098973,0.0,1641.2,22000.0,-0.06821574186404034,-0.010230388147200193,2030
Core/OEM,sam_mi_bls_us,bls_us,BLS US,13-0000,Business and Financial Operations Occupations,Bachelor's degree,Unreported,Unreported,BA+,82774.29617887172,5562.187784059479,5562.187784059479,17298.50723921961,5838.9485177078195,17282.892972866797,-276.76073364834065,15.614266352811683,0.0,1571.1000000000001,17290.0,-0.04739907070750949,0.0009034521232831351,2030
Core/OEM,sam_mi_bls_us,bls_us,BLS US,15-0000,Computer and Mathematical Occupations,Bachelor's degree,Unreported,Unreported,BA+,118089.0477492378,2354.9933319619613,2354.9933319619613,14043.858903146385,2440.5760370624857,13357.496734418071,-85.58270510052444,686.3621687283139,0.0,641.6,9290.0,-0.035066600589725154,0.05138404166401735,2030
Core/OEM,sam_mi_bls_us,bls_us,BLS US,17-0000,Architecture and Engineering Occupations,Bachelor's degree,Unreported,Unreported,BA+,96321.63744708779,12615.320254030285,12615.320254030285,60101.7645424428,13246.332691503412,59605.6011011361,-631.0124374731276,496.1634413067004,0.0,275.6,63380.0,-0.047636764995180714,0.008324107670096854,2030
Core/OEM,sam_mi_bls_us,bls_us,BLS US,19-0000,"Life, Physical, and Social Science Occupations",Bachelor's degree,Unreported,Unreported,BA+,81085.89646667191,328.29140839042117,328.29140839042117,5845.368459974757,351.7110858924985,5687.826633651573,-23.41967750207732,157.54182632318407,0.0,120.79999999999998,5450.0,-0.06658782859416497,0.027698071068323428,2030
Core/OEM,sam_mi_bls_us,bls_us,BLS US,23-0000,Legal Occupations,Doctoral or professional degree,Unreported,Unreported,BA+,150054.97585891542,39.834438152369835,39.834438152369835,289.51187907457034,40.271505598243486,284.9611074355079,-0.43706744587365165,4.550771639062418,0.0,102.3,240.0,-0.010853019756299232,0.01596979910703198,2030
Core/OEM,sam_mi_bls_us,bls_us,BLS US,27-0000,"Arts, Design, Entertainment, Sports, and Media Occupations",Bachelor's degree,Unreported,Unreported,BA+,76767.27006149541,196.47781993682509,196.47781993682509,3295.9583453358055,198.1717542114366,3237.969500113006,-1.6939342746115074,57.98884522279968,0.0,119.6,3990.0,-0.00854780885072142,0.01790901527045757,2030
Core/OEM,sam_mi_bls_us,bls_us,BLS US,29-0000,Healthcare Practitioners and Technical Occupations,Bachelor's degree,Unreported,Unreported,BA+,91314.19425910356,92.24872827106199,92.24872827106199,954.7512137967624,93.12047186834673,930.7118012344204,-0.871743597284734,24.039412562342022,0.0,415.0,430.0,-0.009361460265334576,0.025829061725077627,2030
Core/OEM,sam_mi_bls_us,bls_us,BLS US,33-0000,Protective Service Occupations,High school diploma or equivalent,Unreported,Short-term on-the-job training,HS or less,38370.0,104.79123378024995,104.79123378024995,159.83036899156824,124.42329924766194,180.89013044087415,-19.63206546741199,-21.05976144930591,0.0,322.0,110.0,-0.15778447916201596,-0.11642294357341688,2030
Core/OEM,sam_mi_bls_us,bls_us,BLS US,37-0000,Building and Grounds Cleaning and Maintenance Occupations,No formal educational credential,Unreported,Short-term on-the-job training,HS or less,35935.323740056265,401.9748333885475,401.9748333885475,720.8708567980475,441.235448267697,751.8030198303987,-39.2606148791495,-30.93216303235124,0.0,860.8,510.0,-0.08897883212531495,-0.041143972844548175,2030
Core/OEM,sam_mi_bls_us,bls_us,BLS US,41-0000,Sales and Related Occupations,High school diploma or equivalent,Unreported,Moderate-term on-the-job training,HS or less,76876.60185299534,1008.1491661606651,1008.1491661606651,4441.346032341216,1107.1024739000154,4523.345761089712,-98.9533077393503,-81.99972874849573,0.0,1147.5,4280.0,-0.08938044135224917,-0.018128114249824957,2030
Core/OEM,sam_mi_bls_us,bls_us,BLS US,43-0000,Office and Administrative Support Occupations,High school diploma or equivalent,Unreported,Short-term on-the-job training,HS or less,49429.52484617276,4805.81220913007,4805.81220913007,11233.637301389334,5482.394427589174,12126.658231324538,-676.5822184591034,-893.0209299352045,0.0,2809.3999999999996,11660.0,-0.12340998580005916,-0.07364113945492666,2030
Core/OEM,sam_mi_bls_us,bls_us,BLS US,47-0000,Construction and Extraction Occupations,High school diploma or equivalent,Unreported,Apprenticeship,HS or less,62422.70307089981,4123.733149278074,4123.733149278074,5498.496572453667,4254.2189911244595,5628.245216826095,-130.48584184638548,-129.74864437242832,0.0,555.0,5700.0,-0.030672102709949106,-0.023053125685521703,2030
Core/OEM,sam_mi_bls_us,bls_us,BLS US,49-0000,"Installation, Maintenance, and Repair Occupations",High school diploma or equivalent,Unreported,Long-term on-the-job training,HS or less,62597.00381577444,8058.182402911806,8058.182402911806,9638.61487750853,8240.513688409237,9783.940407690501,-182.33128549743105,-145.32553018197177,0.0,878.5,11230.0,-0.022126203825605026,-0.014853476628674178,2030
Core/OEM,sam_mi_bls_us,bls_us,BLS US,51-0000,Production Occupations,High school diploma or equivalent,Unreported,Moderate-term on-the-job training,HS or less,45782.44070598738,100197.3424299492,100197.3424299492,109592.99429354053,108682.17650086265,118027.43706334029,-8484.83407091345,-8434.44276979976,0.0,1211.6999999999998,119140.0,-0.0780701522925988,-0.07146171245990332,2030
Core/OEM,sam_mi_bls_us,bls_us,BLS US,53-0000,Transportation and Material Moving Occupations,No formal educational credential,Unreported,Short-term on-the-job training,HS or less,42334.972992873554,7422.18914806273,7422.18914806273,8542.58178051204,8208.047319292958,9309.150527560687,-785.8581712302284,-766.5687470486464,0.0,2839.1,9180.0,-0.09574240262761086,-0.08234572475535137,2030
Core/OEM,sam_mi_dtmb_mi,dtmb_mi,DTMB MI,00-0000,All Occupations,High school diploma or equivalent,Unreported,Moderate-term on-the-job training,HS or less,58486.397817108016,163191.49072424564,163191.49072424564,282105.6567445983,167459.8846685799,283311.0,-4268.393944334268,-1205.3432554017054,0.0,15511.2,283880.0,-0.02548905340990681,-0.004254488019885234,2030
Core/OEM,sam_mi_dtmb_mi,dtmb_mi,DTMB MI,11-0000,Management Occupations,Bachelor's degree,5 years or more,Unreported,BA+,133657.6885843289,8519.818892511701,8519.818892511701,22803.13380167626,8710.64045604184,22592.069791041424,-190.82156353013852,211.06401063483645,0.0,1641.2,22000.0,-0.021906720234076662,0.009342393706597481,2030
Core/OEM,sam_mi_dtmb_mi,dtmb_mi,DTMB MI,13-0000,Business and Financial Operations Occupations,Bachelor's degree,Unreported,Unreported,BA+,82772.19385235822,5838.12689556683,5838.12689556683,17606.421342077807,5838.9485177078195,17282.892972866797,-0.8216221409893478,323.5283692110097,0.0,1571.1000000000001,17290.0,-0.00014071405810440162,0.01871957256918339,2030
Core/OEM,sam_mi_dtmb_mi,dtmb_mi,DTMB MI,15-0000,Computer and Mathematical Occupations,Bachelor's degree,Unreported,Unreported,BA+,118086.0829908616,2470.1303452186444,2470.1303452186444,14190.841622117518,2440.5760370624857,13357.496734418071,29.55430815615864,833.3448876994462,0.0,641.6,9290.0,0.012109562540706846,0.062387803962712436,2030
Core/OEM,sam_mi_dtmb_mi,dtmb_mi,DTMB MI,17-0000,Architecture and Engineering Occupations,Bachelor's degree,Unreported,Unreported,BA+,96320.11392052508,13235.904062307218,13235.904062307218,60851.72269599088,13246.332691503412,59605.6011011361,-10.428629196194379,1246.1215948547833,0.0,275.6,63380.0,-0.000787284257391754,0.020906115731312236,2030
Core/OEM,sam_mi_dtmb_mi,dtmb_mi,DTMB MI,19-0000,"Life, Physical, and Social Science Occupations",Bachelor's degree,Unreported,Unreported,BA+,81062.73973610687,343.36186469928373,343.36186469928373,5875.469905486013,351.7110858924985,5687.826633651573,-8.34922119321476,187.64327183444038,0.0,120.79999999999998,5450.0,-0.023738862743060432,0.03299032898159447,2030
Core/OEM,sam_mi_dtmb_mi,dtmb_mi,DTMB MI,23-0000,Legal Occupations,Doctoral or professional degree,Unreported,Unreported,BA+,150083.78596435676,41.76887001360947,41.76887001360947,292.12654412514075,40.271505598243486,284.9611074355079,1.4973644153659862,7.165436689632827,0.0,102.3,240.0,0.03718173415973046,0.025145314580357254,2030
Core/OEM,sam_mi_dtmb_mi,dtmb_mi,DTMB MI,27-0000,"Arts, Design, Entertainment, Sports, and Media Occupations",Bachelor's degree,Unreported,Unreported,BA+,76779.99736510636,205.5482971268014,205.5482971268014,3313.47319585512,198.1717542114366,3237.969500113006,7.3765429153648086,75.50369574211436,0.0,119.6,3990.0,0.03722297834379822,0.02331822326908245,2030
Core/OEM,sam_mi_dtmb_mi,dtmb_mi,DTMB MI,29-0000,Healthcare Practitioners and Technical Occupations,Bachelor's degree,Unreported,Unreported,BA+,91372.13914150943,96.65683261201559,96.65683261201559,961.5091612567733,93.12047186834673,930.7118012344204,3.5363607436688653,30.797360022352905,0.0,415.0,430.0,0.03797619011927426,0.03309011444950606,2030
Core/OEM,sam_mi_dtmb_mi,dtmb_mi,DTMB MI,33-0000,Protective Service Occupations,High school diploma or equivalent,Unreported,Short-term on-the-job training,HS or less,38370.0,110.03176735316076,110.03176735316076,165.22085382296888,124.42329924766194,180.89013044087415,-14.391531894501185,-15.669276617905268,0.0,322.0,110.0,-0.11566589201155279,-0.08662317053846637,2030
Core/OEM,sam_mi_dtmb_mi,dtmb_mi,DTMB MI,37-0000,Building and Grounds Cleaning and Maintenance Occupations,No formal educational credential,Unreported,Short-term on-the-job training,HS or less,35935.178125520084,422.05013939037417,422.05013939037417,741.8149784136018,441.235448267697,751.8030198303987,-19.185308877322825,-9.988041416796932,0.0,860.8,510.0,-0.04348088747775116,-0.01328544998269648,2030
Core/OEM,sam_mi_dtmb_mi,dtmb_mi,DTMB MI,41-0000,Sales and Related Occupations,High school diploma or equivalent,Unreported,Moderate-term on-the-job training,HS or less,76878.12316428853,1057.8340777441301,1057.8340777441301,4500.384510050866,1107.1024739000154,4523.345761089712,-49.268396155885284,-22.961251038846058,0.0,1147.5,4280.0,-0.044502110073267535,-0.005076165354495142,2030
Core/OEM,sam_mi_dtmb_mi,dtmb_mi,DTMB MI,43-0000,Office and Administrative Support Occupations,High school diploma or equivalent,Unreported,Short-term on-the-job training,HS or less,49430.246453209525,5045.1634380297955,5045.1634380297955,11490.500805113803,5482.394427589174,12126.658231324538,-437.23098955937803,-636.1574262107351,0.0,2809.3999999999996,11660.0,-0.07975183021474905,-0.05245941743187485,2030
Core/OEM,sam_mi_dtmb_mi,dtmb_mi,DTMB MI,47-0000,Construction and Extraction Occupations,High school diploma or equivalent,Unreported,Apprenticeship,HS or less,62422.18322257064,4330.157462581055,4330.157462581055,5708.666357131506,4254.2189911244595,5628.245216826095,75.93847145659583,80.42114030541052,0.0,555.0,5700.0,0.017850155719539972,0.01428884798142501,2030
Core/OEM,sam_mi_dtmb_mi,dtmb_mi,DTMB MI,49-0000,"Installation, Maintenance, and Repair Occupations",High school diploma or equivalent,Unreported,Long-term on-the-job training,HS or less,62597.24963141183,8461.834699410289,8461.834699410289,10046.572980005129,8240.513688409237,9783.940407690501,221.32101100105137,262.6325723146274,0.0,878.5,11230.0,0.026857671665827372,0.02684323098576822,2030
Core/OEM,sam_mi_dtmb_mi,dtmb_mi,DTMB MI,51-0000,Production Occupations,High school diploma or equivalent,Unreported,Moderate-term on-the-job training,HS or less,45782.37092868295,105219.03543729865,105219.03543729865,114640.28526524513,108682.17650086265,118027.43706334029,-3463.141063564006,-3387.151798095161,0.0,1211.6999999999998,119140.0,-0.03186484826733772,-0.02869800346742615,2030
Core/OEM,sam_mi_dtmb_mi,dtmb_mi,DTMB MI,53-0000,Transportation and Material Moving Occupations,No formal educational credential,Unreported,Short-term on-the-job training,HS or less,42334.97275093781,7794.067642382064,7794.067642382064,8917.512726229703,8208.047319292958,9309.150527560687,-413.97967691089434,-391.6378013309841,0.0,2839.1,9180.0,-0.05043582971772567,-0.042070197508516004,2030
Core/OEM,sam_mi_moodys_mi,moodys_mi,Moody's MI,00-0000,All Occupations,High school diploma or equivalent,Unreported,Moderate-term on-the-job training,HS or less,58472.294070148906,168644.04154111847,168644.04154111847,288023.4745795137,167459.8846685799,283311.0,1184.1568725385587,4712.474579513713,0.0,15511.2,283880.0,0.007071286803296952,0.016633574338849228,2030
Core/OEM,sam_mi_moodys_mi,moodys_mi,Moody's MI,11-0000,Management Occupations,Bachelor's degree,5 years or more,Unreported,BA+,133647.3302048135,8800.005315551603,8800.005315551603,23139.205537273578,8710.64045604184,22592.069791041424,89.36485950976385,547.1357462321539,0.0,1641.2,22000.0,0.010259275418465809,0.024218044264767327,2030
Core/OEM,sam_mi_moodys_mi,moodys_mi,Moody's MI,13-0000,Business and Financial Operations Occupations,Bachelor's degree,Unreported,Unreported,BA+,82767.70096604881,6029.023710765466,6029.023710765466,17843.363127760786,5838.9485177078195,17282.892972866797,190.07519305764617,560.4701548939884,0.0,1571.1000000000001,17290.0,0.032552983209426116,0.03242918623484483,2030
Core/OEM,sam_mi_moodys_mi,moodys_mi,Moody's MI,15-0000,Computer and Mathematical Occupations,Bachelor's degree,Unreported,Unreported,BA+,118079.73335019506,2547.1612801234382,2547.1612801234382,14313.731352215891,2440.5760370624857,13357.496734418071,106.58524306095251,956.2346177978197,0.0,641.6,9290.0,0.04367216650592051,0.07158786087021109,2030
Core/OEM,sam_mi_moodys_mi,moodys_mi,Moody's MI,17-0000,Architecture and Engineering Occupations,Bachelor's degree,Unreported,Unreported,BA+,96316.85392624229,13657.087086592912,13657.087086592912,61459.208754547224,13246.332691503412,59605.6011011361,410.75439508949967,1853.607653411127,0.0,275.6,63380.0,0.03100891429013931,0.031097877031153652,2030
Core/OEM,sam_mi_moodys_mi,moodys_mi,Moody's MI,19-0000,"Life, Physical, and Social Science Occupations",Bachelor's degree,Unreported,Unreported,BA+,81012.69742749835,351.9054795810475,351.9054795810475,5905.658606884942,351.7110858924985,5687.826633651573,0.19439368854898476,217.83197323336935,0.0,120.79999999999998,5450.0,0.0005527084483438823,0.03829792770837702,2030
Core/OEM,sam_mi_moodys_mi,moodys_mi,Moody's MI,23-0000,Legal Occupations,Doctoral or professional degree,Unreported,Unreported,BA+,150145.5495650548,43.04250551006307,43.04250551006307,294.3797363251922,40.271505598243486,284.9611074355079,2.7709999118195867,9.418628889684271,0.0,102.3,240.0,0.06880795417642516,0.033052331156510135,2030
Core/OEM,sam_mi_moodys_mi,moodys_mi,Moody's MI,27-0000,"Arts, Design, Entertainment, Sports, and Media Occupations",Bachelor's degree,Unreported,Unreported,BA+,76807.47983730123,210.7757990416266,210.7757990416266,3330.860854951593,198.1717542114366,3237.969500113006,12.60404483019002,92.89135483858718,0.0,119.6,3990.0,0.06360162113084143,0.028688150038270976,2030
Core/OEM,sam_mi_moodys_mi,moodys_mi,Moody's MI,29-0000,Healthcare Practitioners and Technical Occupations,Bachelor's degree,Unreported,Unreported,BA+,91496.65237576842,99.44582751530389,99.44582751530389,967.682002487731,93.12047186834673,930.7118012344204,6.3253556469571635,36.97020125331062,0.0,415.0,430.0,0.06792658499303914,0.03972250185747764,2030
Core/OEM,sam_mi_moodys_mi,moodys_mi,Moody's MI,33-0000,Protective Service Occupations,High school diploma or equivalent,Unreported,Short-term on-the-job training,HS or less,38370.0,113.72200264833594,113.72200264833594,169.12702354000186,124.42329924766194,180.89013044087415,-10.701296599326,-11.763106900872287,0.0,322.0,110.0,-0.08600717601954354,-0.06502901441998342,2030
Core/OEM,sam_mi_moodys_mi,moodys_mi,Moody's MI,37-0000,Building and Grounds Cleaning and Maintenance Occupations,No formal educational credential,Unreported,Short-term on-the-job training,HS or less,35934.867240774896,436.1448910104229,436.1448910104229,757.160851225568,441.235448267697,751.8030198303987,-5.090557257274099,5.357831395169228,0.0,860.8,510.0,-0.011537054144810379,0.0071266425564211165,2030
Core/OEM,sam_mi_moodys_mi,moodys_mi,Moody's MI,41-0000,Sales and Related Occupations,High school diploma or equivalent,Unreported,Moderate-term on-the-job training,HS or less,76881.377537778,1091.6969515063984,1091.6969515063984,4547.716806571621,1107.1024739000154,4523.345761089712,-15.405522393617048,24.371045481909277,0.0,1147.5,4280.0,-0.013915172946319648,0.0053878360773460055,2030
Core/OEM,sam_mi_moodys_mi,moodys_mi,Moody's MI,43-0000,Office and Administrative Support Occupations,High school diploma or equivalent,Unreported,Short-term on-the-job training,HS or less,49431.78770412245,5212.19692549323,5212.19692549323,11682.752506667468,5482.394427589174,12126.658231324538,-270.1975020959435,-443.9057246570701,0.0,2809.3999999999996,11660.0,-0.049284579149618035,-0.0366057751599209,2030
Core/OEM,sam_mi_moodys_mi,moodys_mi,Moody's MI,47-0000,Construction and Extraction Occupations,High school diploma or equivalent,Unreported,Apprenticeship,HS or less,62421.073738619554,4475.821812970204,4475.821812970204,5859.724301439507,4254.2189911244595,5628.245216826095,221.60282184574407,231.47908461341194,0.0,555.0,5700.0,0.05209013036425067,0.04112810932995358,2030
Core/OEM,sam_mi_moodys_mi,moodys_mi,Moody's MI,49-0000,"Installation, Maintenance, and Repair Occupations",High school diploma or equivalent,Unreported,Long-term on-the-job training,HS or less,62597.77420815881,8747.101609052941,8747.101609052941,10338.040382649297,8240.513688409237,9783.940407690501,506.5879206437039,554.0999749587954,0.0,878.5,11230.0,0.06147528416295811,0.05663362120677416,2030
Core/OEM,sam_mi_moodys_mi,moodys_mi,Moody's MI,51-0000,Production Occupations,High school diploma or equivalent,Unreported,Moderate-term on-the-job training,HS or less,45782.222033626866,108771.9012368671,108771.9012368671,118230.01292038878,108682.17650086265,118027.43706334029,89.7247360044421,202.57585704849043,0.0,1211.6999999999998,119140.0,0.0008255699222561108,0.0017163454709244988,2030
Core/OEM,sam_mi_moodys_mi,moodys_mi,Moody's MI,53-0000,Transportation and Material Moving Occupations,No formal educational credential,Unreported,Short-term on-the-job training,HS or less,42334.972234658424,8057.009106888333,8057.009106888333,9184.849814584579,8208.047319292958,9309.150527560687,-151.03821240462548,-124.30071297610812,0.0,2839.1,9180.0,-0.01840123558371931,-0.013352530137750293,2030
Core/OEM,sam_mi_moodys_mi_detail,moodys_mi_detail,Moody's MI (detail),00-0000,All Occupations,High school diploma or equivalent,Unreported,Moderate-term on-the-job training,HS or less,58468.43468090173,174202.54179016873,174202.54179016873,295807.3917196175,167459.8846685799,283311.0,6742.657121588825,12496.391719617473,0.0,15511.2,283880.0,0.040264312464643265,0.044108388730467483,2030
Core/OEM,sam_mi_moodys_mi_detail,moodys_mi_detail,Moody's MI (detail),11-0000,Management Occupations,Bachelor's degree,5 years or more,Unreported,BA+,133644.4938713617,9088.78746034164,9088.78746034164,23695.292506399262,8710.64045604184,22592.069791041424,378.14700429980076,1103.2227153578388,0.0,1641.2,22000.0,0.04341207815982256,0.04883229936706847,2030
Core/OEM,sam_mi_moodys_mi_detail,moodys_mi_detail,Moody's MI (detail),13-0000,Business and Financial Operations Occupations,Bachelor's degree,Unreported,Unreported,BA+,82766.47043756278,6226.562339582109,6226.562339582109,18261.139278452436,5838.9485177078195,17282.892972866797,387.6138218742899,978.2463055856388,0.0,1571.1000000000001,17290.0,0.0663841821346379,0.05660199985739843,2030
Core/OEM,sam_mi_moodys_mi_detail,moodys_mi_detail,Moody's MI (detail),15-0000,Computer and Mathematical Occupations,Bachelor's degree,Unreported,Unreported,BA+,118077.99103439141,2629.560677592864,2629.560677592864,14615.477777240525,2440.5760370624857,13357.496734418071,188.98464053037833,1257.9810428224537,0.0,641.6,9290.0,0.07743444074696526,0.09417790382692229,2030
Core/OEM,sam_mi_moodys_mi_detail,moodys_mi_detail,Moody's MI (detail),17-0000,Architecture and Engineering Occupations,Bachelor's degree,Unreported,Unreported,BA+,96315.96009981638,14101.272705050878,14101.272705050878,62794.49970229457,13246.332691503412,59605.6011011361,854.9400135474662,3188.898601158471,0.0,275.6,63380.0,0.06454163831290828,0.05349998225414574,2030
Core/OEM,sam_mi_moodys_mi_detail,moodys_mi_detail,Moody's MI (detail),19-0000,"Life, Physical, and Social Science Occupations",Bachelor's degree,Unreported,Unreported,BA+,80998.85822265956,362.6764123895715,362.6764123895715,6019.960070067721,351.7110858924985,5687.826633651573,10.965326497073022,332.13343641614847,0.0,120.79999999999998,5450.0,0.031177085218248156,0.058393734163961236,2030
Core/OEM,sam_mi_moodys_mi_detail,moodys_mi_detail,Moody's MI (detail),23-0000,Legal Occupations,Doctoral or professional degree,Unreported,Unreported,BA+,150162.51176509255,44.426715342250475,44.426715342250475,300.4492600726056,40.271505598243486,284.9611074355079,4.155209744006989,15.488152637097699,0.0,102.3,240.0,0.10317989561801298,0.054351812345489844,2030
Core/OEM,sam_mi_moodys_mi_detail,moodys_mi_detail,Moody's MI (detail),27-0000,"Arts, Design, Entertainment, Sports, and Media Occupations",Bachelor's degree,Unreported,Unreported,BA+,76815.07491678887,217.25931700092784,217.25931700092784,3395.5075741275746,198.1717542114366,3237.969500113006,19.087562789491244,157.5380740145688,0.0,119.6,3990.0,0.09631828140919636,0.04865335328485049,2030
Core/OEM,sam_mi_moodys_mi_detail,moodys_mi_detail,Moody's MI (detail),29-0000,Healthcare Practitioners and Technical Occupations,Bachelor's degree,Unreported,Unreported,BA+,91530.91698707784,102.59904464736178,102.59904464736178,987.0204820224494,93.12047186834673,930.7118012344204,9.478572779015053,56.30868078802905,0.0,415.0,430.0,0.10178828123224948,0.060500662732916675,2030
Core/OEM,sam_mi_moodys_mi_detail,moodys_mi_detail,Moody's MI (detail),33-0000,Protective Service Occupations,High school diploma or equivalent,Unreported,Short-term on-the-job training,HS or less,38370.0,117.47419148375675,117.47419148375675,173.91204748112992,124.42329924766194,180.89013044087415,-6.9491077639051895,-6.978082959744228,0.0,322.0,110.0,-0.05585053447323509,-0.0385763609254795,2030
Core/OEM,sam_mi_moodys_mi_detail,moodys_mi_detail,Moody's MI (detail),37-0000,Building and Grounds Cleaning and Maintenance Occupations,No formal educational credential,Unreported,Short-term on-the-job training,HS or less,35934.78216770893,450.51829136705106,450.51829136705106,777.5184845608429,441.235448267697,751.8030198303987,9.282843099354068,25.715464730444182,0.0,860.8,510.0,0.02103829856780269,0.03420505644716006,2030
Core/OEM,sam_mi_moodys_mi_detail,moodys_mi_detail,Moody's MI (detail),41-0000,Sales and Related Occupations,High school diploma or equivalent,Unreported,Moderate-term on-the-job training,HS or less,76882.26961349336,1127.2604835882776,1127.2604835882776,4647.705883033533,1107.1024739000154,4523.345761089712,20.158009688262155,124.36012194382056,0.0,1147.5,4280.0,0.018207898693651248,0.02749295068565821,2030
Core/OEM,sam_mi_moodys_mi_detail,moodys_mi_detail,Moody's MI (detail),43-0000,Office and Administrative Support Occupations,High school diploma or equivalent,Unreported,Short-term on-the-job training,HS or less,49432.20961463591,5383.5567058654215,5383.5567058654215,11974.733430216087,5482.394427589174,12126.658231324538,-98.83772172375211,-151.924801108451,0.0,2809.3999999999996,11660.0,-0.018028203375220302,-0.012528167134785075,2030
Core/OEM,sam_mi_moodys_mi_detail,moodys_mi_detail,Moody's MI (detail),47-0000,Construction and Extraction Occupations,High school diploma or equivalent,Unreported,Apprenticeship,HS or less,62420.77022140103,4623.623187811296,4623.623187811296,6033.323754685109,4254.2189911244595,5628.245216826095,369.40419668683626,405.0785378590135,0.0,555.0,5700.0,0.08683243562626208,0.0719724394111327,2030
Core/OEM,sam_mi_moodys_mi_detail,moodys_mi_detail,Moody's MI (detail),49-0000,"Installation, Maintenance, and Repair Occupations",High school diploma or equivalent,Unreported,Long-term on-the-job training,HS or less,62597.91770173412,9036.123731044989,9036.123731044989,10656.720058956038,8240.513688409237,9783.940407690501,795.6100426357516,872.7796512655368,0.0,878.5,11230.0,0.09654859790534946,0.08920533189056458,2030
Core/OEM,sam_mi_moodys_mi_detail,moodys_mi_detail,Moody's MI (detail),51-0000,Production Occupations,High school diploma or equivalent,Unreported,Moderate-term on-the-job training,HS or less,45782.18130735075,112367.55868144245,112367.55868144245,122001.98416510766,108682.17650086265,118027.43706334029,3685.3821805797925,3974.54710176737,0.0,1211.6999999999998,119140.0,0.033909720059300985,0.03367477258388996,2030
Core/OEM,sam_mi_moodys_mi_detail,moodys_mi_detail,Moody's MI (detail),53-0000,Transportation and Material Moving Occupations,No formal educational credential,Unreported,Short-term on-the-job training,HS or less,42334.972093438686,8323.281845617903,8323.281845617903,9472.147244899992,8208.047319292958,9309.150527560687,115.23452632494445,162.99671733930518,0.0,2839.1,9180.0,0.01403921320654262,0.017509300860130774,2030
Core/OEM,sam_mi_moodys_us,moodys_us,Moody's US,00-0000,All Occupations,High school diploma or equivalent,Unreported,Moderate-term on-the-job training,HS or less,58471.298490470894,174633.45045742442,174633.45045742442,298073.6387209139,167459.8846685799,283311.0,7173.565788844513,14762.638720913907,0.0,15511.2,283880.0,0.042837517791450334,0.052107538079756544,2030
Core/OEM,sam_mi_moodys_us,moodys_us,Moody's US,11-0000,Management Occupations,Bachelor's degree,5 years or more,Unreported,BA+,133646.59861128728,9112.211030245615,9112.211030245615,23939.16681205055,8710.64045604184,22592.069791041424,401.5705742037753,1347.0970210091255,0.0,1641.2,22000.0,0.046101153667207045,0.05962698564003632,2030
Core/OEM,sam_mi_moodys_us,moodys_us,Moody's US,13-0000,Business and Financial Operations Occupations,Bachelor's degree,Unreported,Unreported,BA+,82767.38357975936,6242.840489847811,6242.840489847811,18459.050977073206,5838.9485177078195,17282.892972866797,403.8919721399916,1176.1580042064088,0.0,1571.1000000000001,17290.0,0.0691720385811085,0.06805330600917989,2030
Core/OEM,sam_mi_moodys_us,moodys_us,Moody's US,15-0000,Computer and Mathematical Occupations,Bachelor's degree,Unreported,Unreported,BA+,118079.28409428801,2637.2218454471786,2637.2218454471786,14804.038087969324,2440.5760370624857,13357.496734418071,196.64580838469283,1446.5413535512525,0.0,641.6,9290.0,0.08057352256124693,0.10829434454016897,2030
Core/OEM,sam_mi_moodys_us,moodys_us,Moody's US,17-0000,Architecture and Engineering Occupations,Bachelor's degree,Unreported,Unreported,BA+,96316.6234242715,14140.580780023383,14140.580780023383,63568.717167542505,13246.332691503412,59605.6011011361,894.2480885199711,3963.116066406408,0.0,275.6,63380.0,0.06750910681063961,0.0664889874977013,2030
Core/OEM,sam_mi_moodys_us,moodys_us,Moody's US,19-0000,"Life, Physical, and Social Science Occupations",Bachelor's degree,Unreported,Unreported,BA+,81009.1334611567,364.1893510220895,364.1893510220895,6106.8563595246715,351.7110858924985,5687.826633651573,12.478265129591023,419.02972587309887,0.0,120.79999999999998,5450.0,0.0354787370376066,0.07367132524643823,2030
Core/OEM,sam_mi_moodys_us,moodys_us,Moody's US,23-0000,Legal Occupations,Doctoral or professional degree,Unreported,Unreported,BA+,150149.92266758654,44.56225032919221,44.56225032919221,304.4488513944294,40.271505598243486,284.9611074355079,4.290744730948724,19.4877439589215,0.0,102.3,240.0,0.1065454262811538,0.06838738147216088,2030
Core/OEM,sam_mi_moodys_us,moodys_us,Moody's US,27-0000,"Arts, Design, Entertainment, Sports, and Media Occupations",Bachelor's degree,Unreported,Unreported,BA+,76809.43598922991,218.14162262659264,218.14162262659264,3444.358039450709,198.1717542114366,3237.969500113006,19.969868415156043,206.38853933770315,0.0,119.6,3990.0,0.10077050836341424,0.06374011223098307,2030
Core/OEM,sam_mi_moodys_us,moodys_us,Moody's US,29-0000,Healthcare Practitioners and Technical Occupations,Bachelor's degree,Unreported,Unreported,BA+,91505.48342553416,102.94545618424759,102.94545618424759,1000.7151487350426,93.12047186834673,930.7118012344204,9.824984315900863,70.00334750062223,0.0,415.0,430.0,0.10550831754580646,0.07521484890142736,2030
Core/OEM,sam_mi_moodys_us,moodys_us,Moody's US,33-0000,Protective Service Occupations,High school diploma or equivalent,Unreported,Short-term on-the-job training,HS or less,38370.0,117.76186304886828,117.76186304886828,175.0515153410697,124.42329924766194,180.89013044087415,-6.661436198793666,-5.838615099804457,0.0,322.0,110.0,-0.053538495113637986,-0.03227713466497206,2030
Core/OEM,sam_mi_moodys_us,moodys_us,Moody's US,37-0000,Building and Grounds Cleaning and Maintenance Occupations,No formal educational credential,Unreported,Short-term on-the-job training,HS or less,35934.845295139756,451.6341220915087,451.6341220915087,783.5696117817434,441.235448267697,751.8030198303987,10.398673823811691,31.766591951344708,0.0,860.8,510.0,0.02356717680920058,0.042253876498808185,2030
Core/OEM,sam_mi_moodys_us,moodys_us,Moody's US,41-0000,Sales and Related Occupations,High school diploma or equivalent,Unreported,Moderate-term on-the-job training,HS or less,76881.60759690145,1130.3603812155875,1130.3603812155875,4703.9385989509665,1107.1024739000154,4523.345761089712,23.257907315572083,180.59283786125434,0.0,1147.5,4280.0,0.021007908358872073,0.03992461496415609,2030
Core/OEM,sam_mi_moodys_us,moodys_us,Moody's US,43-0000,Office and Administrative Support Occupations,High school diploma or equivalent,Unreported,Short-term on-the-job training,HS or less,49431.89653491937,5397.196353425971,5397.196353425971,12087.851341313464,5482.394427589174,12126.658231324538,-85.19807416320236,-38.80689001107385,0.0,2809.3999999999996,11660.0,-0.015540303655362377,-0.0032001305941674217,2030
Core/OEM,sam_mi_moodys_us,moodys_us,Moody's US,47-0000,Construction and Extraction Occupations,High school diploma or equivalent,Unreported,Apprenticeship,HS or less,62420.99543890394,4634.853059557177,4634.853059557177,6065.829730890669,4254.2189911244595,5628.245216826095,380.63406843271787,437.58451406457425,0.0,555.0,5700.0,0.08947213794748965,0.0777479475763387,2030
Core/OEM,sam_mi_moodys_us,moodys_us,Moody's US,49-0000,"Installation, Maintenance, and Repair Occupations",High school diploma or equivalent,Unreported,Long-term on-the-job training,HS or less,62597.81122637654,9057.94142578804,9057.94142578804,10702.996832151519,8240.513688409237,9783.940407690501,817.4277373788027,919.0564244610177,0.0,878.5,11230.0,0.09919621133917446,0.09393520260391293,2030
Core/OEM,sam_mi_moodys_us,moodys_us,Moody's US,51-0000,Production Occupations,High school diploma or equivalent,Unreported,Moderate-term on-the-job training,HS or less,45782.211527022664,112637.67122796435,112637.67122796435,122417.50563591905,108682.17650086265,118027.43706334029,3955.494727101701,4390.0685725787625,0.0,1211.6999999999998,119140.0,0.03639506361073202,0.037195322391206376,2030
Core/OEM,sam_mi_moodys_us,moodys_us,Moody's US,53-0000,Transportation and Material Moving Occupations,No formal educational credential,Unreported,Short-term on-the-job training,HS or less,42334.97219822664,8343.339198606802,8343.339198606802,9509.544010824959,8208.047319292958,9309.150527560687,135.2918793138433,200.3934832642717,0.0,2839.1,9180.0,0.016482833742422594,0.021526505847229177,2030
Downstream,sam_mi_bls_us,bls_us,BLS US,00-0000,All Occupations,High school diploma or equivalent,Unreported,Short-term on-the-job training,HS or less,55094.640586639,234840.80727897421,234840.80727897421,234840.80727897421,234220.00000000003,234220.00000000003,620.8072789741855,620.8072789741855,0.0,21598.100000000002,210150.0,0.0026505306078651925,0.0026505306078651925,2030
Downstream,sam_mi_bls_us,bls_us,BLS US,11-0000,Management Occupations,Bachelor's degree,5 years or more,Unreported,BA+,119064.71719737374,15874.671223947924,15874.671223947924,15874.671223947924,15635.17156876293,15635.17156876293,239.49965518499448,239.49965518499448,0.0,2001.8999999999996,12340.0,0.015318006210017172,0.015318006210017172,2030
Downstream,sam_mi_bls_us,bls_us,BLS US,13-0000,Business and Financial Operations Occupations,Bachelor's degree,Unreported,Unreported,BA+,80443.20275142205,9278.495664217102,9278.495664217102,9278.495664217102,8996.425845145297,8996.425845145297,282.0698190718049,282.0698190718049,0.0,1687.6999999999998,5430.0,0.03135354238750459,0.03135354238750459,2030
Downstream,sam_mi_bls_us,bls_us,BLS US,15-0000,Computer and Mathematical Occupations,Bachelor's degree,Unreported,Unreported,BA+,101327.63019117188,1783.5436839178744,1783.5436839178744,1783.5436839178744,1752.9959278400088,1752.9959278400088,30.547756077865643,30.547756077865643,0.0,485.90000000000003,1060.0,0.017426027974580472,0.017426027974580472,2030
Downstream,sam_mi_bls_us,bls_us,BLS US,17-0000,Architecture and Engineering Occupations,Bachelor's degree,Unreported,Unreported,BA+,98938.60040063693,5855.352952296513,5855.352952296513,5855.352952296513,5516.907875722529,5516.907875722529,338.4450765739839,338.4450765739839,0.0,91.2,2900.0,0.06134687839601799,0.06134687839601799,2030
Downstream,sam_mi_bls_us,bls_us,BLS US,19-0000,"Life, Physical, and Social Science Occupations",Bachelor's degree,Unreported,Unreported,BA+,83910.0,223.89565625282935,223.89565625282935,223.89565625282935,207.564866114061,207.564866114061,16.33079013876835,16.33079013876835,0.0,29.8,190.0,0.07867800772118272,0.07867800772118272,2030
Downstream,sam_mi_bls_us,bls_us,BLS US,23-0000,Legal Occupations,Associate's degree,Unreported,Unreported,SC or associate's,89928.81467856464,127.37547996167719,127.37547996167719,127.37547996167719,126.49320435653785,126.49320435653785,0.8822756051393412,0.8822756051393412,0.0,40.9,30.0,0.006974885406907162,0.006974885406907162,2030
Downstream,sam_mi_bls_us,bls_us,BLS US,27-0000,"Arts, Design, Entertainment, Sports, and Media Occupations",Bachelor's degree,Unreported,Unreported,BA+,61026.549149941515,184.96149738126041,184.96149738126041,184.96149738126041,179.13545507909055,179.13545507909055,5.826042302169867,5.826042302169867,0.0,35.2,80.0,0.032523111070321596,0.032523111070321596,2030
Downstream,sam_mi_bls_us,bls_us,BLS US,35-0000,Food Preparation and Serving Related Occupations,No formal educational credential,Unreported,Short-term on-the-job training,HS or less,31888.094900609638,1722.519016035628,1722.519016035628,1722.519016035628,1874.064125722541,1874.064125722541,-151.54510968691284,-151.54510968691284,0.0,1236.1999999999998,2090.0,-0.08086442059632563,-0.08086442059632563,2030
Downstream,sam_mi_bls_us,bls_us,BLS US,37-0000,Building and Grounds Cleaning and Maintenance Occupations,No formal educational credential,Unreported,Short-term on-the-job training,HS or less,36130.08099290557,679.9654409650994,679.9654409650994,679.9654409650994,678.1337770102322,678.1337770102322,1.831663954867281,1.831663954867281,0.0,1212.1000000000001,920.0,0.0027010363101846254,0.0027010363101846254,2030
Downstream,sam_mi_bls_us,bls_us,BLS US,41-0000,Sales and Related Occupations,No formal educational credential,Unreported,Short-term on-the-job training,HS or less,41675.72985794131,56161.16132645479,56161.16132645479,56161.16132645479,57659.99564606896,57659.99564606896,-1498.834319614165,-1498.834319614165,0.0,3407.7,53300.0,-0.02599435367311461,-0.02599435367311461,2030
Downstream,sam_mi_bls_us,bls_us,BLS US,43-0000,Office and Administrative Support Occupations,High school diploma or equivalent,Unreported,Short-term on-the-job training,HS or less,46700.14243249878,21752.769619304105,21752.769619304105,21752.769619304105,22612.121276096565,22612.121276096565,-859.3516567924598,-859.3516567924598,0.0,4295.5,22660.0,-0.03800402652628998,-0.03800402652628998,2030
Downstream,sam_mi_bls_us,bls_us,BLS US,47-0000,Construction and Extraction Occupations,High school diploma or equivalent,Unreported,Moderate-term on-the-job training,HS or less,59241.15788660867,671.7484631963265,671.7484631963265,671.7484631963265,659.08843047457,659.08843047457,12.660032721756465,12.660032721756465,0.0,619.5000000000001,100.0,0.01920839774511098,0.01920839774511098,2030
Downstream,sam_mi_bls_us,bls_us,BLS US,49-0000,"Installation, Maintenance, and Repair Occupations",High school diploma or equivalent,Unreported,Short-term on-the-job training,HS or less,53720.36828821001,43091.09492888836,43091.09492888836,43091.09492888836,41935.23650636454,41935.23650636454,1155.8584225238155,1155.8584225238155,0.0,1057.8000000000002,36080.0,0.02756294035323707,0.02756294035323707,2030
Downstream,sam_mi_bls_us,bls_us,BLS US,51-0000,Production Occupations,High school diploma or equivalent,Unreported,Moderate-term on-the-job training,HS or less,48370.7851423445,8794.833803020585,8794.833803020585,8794.833803020585,8699.566232337553,8699.566232337553,95.26757068303232,95.26757068303232,0.0,922.0000000000001,8040.0,0.010950841471717165,0.010950841471717165,2030
Downstream,sam_mi_bls_us,bls_us,BLS US,53-0000,Transportation and Material Moving Occupations,Postsecondary nondegree award,Unreported,Short-term on-the-job training,HS or less,47850.82750291996,68638.41852313415,68638.41852313415,68638.41852313415,67687.0992629046,67687.0992629046,951.3192602295603,951.3192602295603,0.0,4474.700000000001,64930.0,0.014054661384358123,0.014054661384358123,2030
Downstream,sam_mi_dtmb_mi,dtmb_mi,DTMB MI,00-0000,All Occupations,High school diploma or equivalent,Unreported,Short-term on-the-job training,HS or less,55112.792679097,232911.47209760203,232911.47209760203,232911.47209760203,234220.00000000003,234220.00000000003,-1308.5279023979965,-1308.5279023979965,0.0,21598.100000000002,210150.0,-0.0055867470856374194,-0.0055867470856374194,2030
Downstream,sam_mi_dtmb_mi,dtmb_mi,DTMB MI,11-0000,Management Occupations,Bachelor's degree,5 years or more,Unreported,BA+,119057.8722451461,15738.676790553936,15738.676790553936,15738.676790553936,15635.17156876293,15635.17156876293,103.50522179100699,103.50522179100699,0.0,2001.8999999999996,12340.0,0.00662002468829937,0.00662002468829937,2030
Downstream,sam_mi_dtmb_mi,dtmb_mi,DTMB MI,13-0000,Business and Financial Operations Occupations,Bachelor's degree,Unreported,Unreported,BA+,80444.31751250773,9215.960944833163,9215.960944833163,9215.960944833163,8996.425845145297,8996.425845145297,219.53509968786602,219.53509968786602,0.0,1687.6999999999998,5430.0,0.024402479769933615,0.024402479769933615,2030
Downstream,sam_mi_dtmb_mi,dtmb_mi,DTMB MI,15-0000,Computer and Mathematical Occupations,Bachelor's degree,Unreported,Unreported,BA+,101344.49332767623,1768.778703451259,1768.778703451259,1768.778703451259,1752.9959278400088,1752.9959278400088,15.782775611250145,15.782775611250145,0.0,485.90000000000003,1060.0,0.009003315615625661,0.009003315615625661,2030
Downstream,sam_mi_dtmb_mi,dtmb_mi,DTMB MI,17-0000,Architecture and Engineering Occupations,Bachelor's degree,Unreported,Unreported,BA+,98938.60040063693,5801.991802374397,5801.991802374397,5801.991802374397,5516.907875722529,5516.907875722529,285.08392665186784,285.08392665186784,0.0,91.2,2900.0,0.051674585306453295,0.051674585306453295,2030
Downstream,sam_mi_dtmb_mi,dtmb_mi,DTMB MI,19-0000,"Life, Physical, and Social Science Occupations",Bachelor's degree,Unreported,Unreported,BA+,83910.0,223.89310324632103,223.89310324632103,223.89310324632103,207.564866114061,207.564866114061,16.32823713226003,16.32823713226003,0.0,29.8,190.0,0.07866570792037289,0.07866570792037289,2030
Downstream,sam_mi_dtmb_mi,dtmb_mi,DTMB MI,23-0000,Legal Occupations,Associate's degree,Unreported,Unreported,SC or associate's,89976.1956453563,125.93281020801678,125.93281020801678,125.93281020801678,126.49320435653785,126.49320435653785,-0.5603941485210697,-0.5603941485210697,0.0,40.9,30.0,-0.004430231263187267,-0.004430231263187267,2030
Downstream,sam_mi_dtmb_mi,dtmb_mi,DTMB MI,27-0000,"Arts, Design, Entertainment, Sports, and Media Occupations",Bachelor's degree,Unreported,Unreported,BA+,61056.35335125821,182.98121625226028,182.98121625226028,182.98121625226028,179.13545507909055,179.13545507909055,3.845761173169734,3.845761173169734,0.0,35.2,80.0,0.021468453419630315,0.021468453419630315,2030
Downstream,sam_mi_dtmb_mi,dtmb_mi,DTMB MI,35-0000,Food Preparation and Serving Related Occupations,No formal educational credential,Unreported,Short-term on-the-job training,HS or less,31888.094900609638,1706.821312377589,1706.821312377589,1706.821312377589,1874.064125722541,1874.064125722541,-167.24281334495186,-167.24281334495186,0.0,1236.1999999999998,2090.0,-0.08924071009601754,-0.08924071009601754,2030
Downstream,sam_mi_dtmb_mi,dtmb_mi,DTMB MI,37-0000,Building and Grounds Cleaning and Maintenance Occupations,No formal educational credential,Unreported,Short-term on-the-job training,HS or less,36130.3401345205,672.8972373447364,672.8972373447364,672.8972373447364,678.1337770102322,678.1337770102322,-5.236539665495798,-5.236539665495798,0.0,1212.1000000000001,920.0,-0.007721986196562489,-0.007721986196562489,2030
Downstream,sam_mi_dtmb_mi,dtmb_mi,DTMB MI,41-0000,Sales and Related Occupations,No formal educational credential,Unreported,Short-term on-the-job training,HS or less,41684.068433231776,55577.165959004284,55577.165959004284,55577.165959004284,57659.99564606896,57659.99564606896,-2082.8296870646736,-2082.8296870646736,0.0,3407.7,53300.0,-0.036122612631634375,-0.036122612631634375,2030
Downstream,sam_mi_dtmb_mi,dtmb_mi,DTMB MI,43-0000,Office and Administrative Support Occupations,High school diploma or equivalent,Unreported,Short-term on-the-job training,HS or less,46706.51092318366,21571.009218407475,21571.009218407475,21571.009218407475,22612.121276096565,22612.121276096565,-1041.1120576890899,-1041.1120576890899,0.0,4295.5,22660.0,-0.04604221094416546,-0.04604221094416546,2030
Downstream,sam_mi_dtmb_mi,dtmb_mi,DTMB MI,47-0000,Construction and Extraction Occupations,High school diploma or equivalent,Unreported,Moderate-term on-the-job training,HS or less,59222.88252591929,669.2246366967833,669.2246366967833,669.2246366967833,659.08843047457,659.08843047457,10.136206222213218,10.136206222213218,0.0,619.5000000000001,100.0,0.015379129345230266,0.015379129345230266,2030
Downstream,sam_mi_dtmb_mi,dtmb_mi,DTMB MI,49-0000,"Installation, Maintenance, and Repair Occupations",High school diploma or equivalent,Unreported,Short-term on-the-job training,HS or less,53728.95103998145,42582.716475784866,42582.716475784866,42582.716475784866,41935.23650636454,41935.23650636454,647.4799694203248,647.4799694203248,0.0,1057.8000000000002,36080.0,0.015439998038929774,0.015439998038929774,2030
Downstream,sam_mi_dtmb_mi,dtmb_mi,DTMB MI,51-0000,Production Occupations,High school diploma or equivalent,Unreported,Moderate-term on-the-job training,HS or less,48370.44615853374,8708.903927349316,8708.903927349316,8708.903927349316,8699.566232337553,8699.566232337553,9.337695011763572,9.337695011763572,0.0,922.0000000000001,8040.0,0.001073351792765713,0.001073351792765713,2030
Downstream,sam_mi_dtmb_mi,dtmb_mi,DTMB MI,53-0000,Transportation and Material Moving Occupations,Postsecondary nondegree award,Unreported,Short-term on-the-job training,HS or less,47903.35498014386,68364.51795971763,68364.51795971763,68364.51795971763,67687.0992629046,67687.0992629046,677.418696813038,677.418696813038,0.0,4474.700000000001,64930.0,0.010008091707134098,0.010008091707134098,2030
Downstream,sam_mi_moodys_mi,moodys_mi,Moody's MI,00-0000,All Occupations,High school diploma or equivalent,Unreported,Short-term on-the-job training,HS or less,55013.38601823013,233218.1984162823,233218.1984162823,233218.1984162823,234220.00000000003,234220.00000000003,-1001.8015837177227,-1001.8015837177227,0.0,21598.100000000002,210150.0,-0.004277182066935883,-0.004277182066935883,2030
Downstream,sam_mi_moodys_mi,moodys_mi,Moody's MI,11-0000,Management Occupations,Bachelor's degree,5 years or more,Unreported,BA+,119179.58607836123,15837.815662210376,15837.815662210376,15837.815662210376,15635.17156876293,15635.17156876293,202.64409344744672,202.64409344744672,0.0,2001.8999999999996,12340.0,0.012960784763776028,0.012960784763776028,2030
Downstream,sam_mi_moodys_mi,moodys_mi,Moody's MI,13-0000,Business and Financial Operations Occupations,Bachelor's degree,Unreported,Unreported,BA+,80455.65676913537,9155.145101729811,9155.145101729811,9155.145101729811,8996.425845145297,8996.425845145297,158.71925658451437,158.71925658451437,0.0,1687.6999999999998,5430.0,0.017642479281943214,0.017642479281943214,2030
Downstream,sam_mi_moodys_mi,moodys_mi,Moody's MI,15-0000,Computer and Mathematical Occupations,Bachelor's degree,Unreported,Unreported,BA+,101317.14339245205,1791.3514782959928,1791.3514782959928,1791.3514782959928,1752.9959278400088,1752.9959278400088,38.35555045598403,38.35555045598403,0.0,485.90000000000003,1060.0,0.021879999746060242,0.021879999746060242,2030
Downstream,sam_mi_moodys_mi,moodys_mi,Moody's MI,17-0000,Architecture and Engineering Occupations,Bachelor's degree,Unreported,Unreported,BA+,98938.60040063693,5948.0001017728555,5948.0001017728555,5948.0001017728555,5516.907875722529,5516.907875722529,431.09222605032664,431.09222605032664,0.0,91.2,2900.0,0.0781401893526939,0.0781401893526939,2030
Downstream,sam_mi_moodys_mi,moodys_mi,Moody's MI,19-0000,"Life, Physical, and Social Science Occupations",Bachelor's degree,Unreported,Unreported,BA+,83909.99999999999,209.90871309470185,209.90871309470185,209.90871309470185,207.564866114061,207.564866114061,2.3438469806408477,2.3438469806408477,0.0,29.8,190.0,0.011292118095520354,0.011292118095520354,2030
Downstream,sam_mi_moodys_mi,moodys_mi,Moody's MI,23-0000,Legal Occupations,Associate's degree,Unreported,Unreported,SC or associate's,89946.91730240968,129.28034172406407,129.28034172406407,129.28034172406407,126.49320435653785,126.49320435653785,2.7871373675262276,2.7871373675262276,0.0,40.9,30.0,0.02203389013428984,0.02203389013428984,2030
Downstream,sam_mi_moodys_mi,moodys_mi,Moody's MI,27-0000,"Arts, Design, Entertainment, Sports, and Media Occupations",Bachelor's degree,Unreported,Unreported,BA+,61037.94071060397,187.77249492821778,187.77249492821778,187.77249492821778,179.13545507909055,179.13545507909055,8.637039849127234,8.637039849127234,0.0,35.2,80.0,0.04821513332083742,0.04821513332083742,2030
Downstream,sam_mi_moodys_mi,moodys_mi,Moody's MI,35-0000,Food Preparation and Serving Related Occupations,No formal educational credential,Unreported,Short-term on-the-job training,HS or less,31888.094900609638,1749.7738165668075,1749.7738165668075,1749.7738165668075,1874.064125722541,1874.064125722541,-124.29030915573344,-124.29030915573344,0.0,1236.1999999999998,2090.0,-0.06632126801307485,-0.06632126801307485,2030
Downstream,sam_mi_moodys_mi,moodys_mi,Moody's MI,37-0000,Building and Grounds Cleaning and Maintenance Occupations,No formal educational credential,Unreported,Short-term on-the-job training,HS or less,36132.887135216624,681.1708473633317,681.1708473633317,681.1708473633317,678.1337770102322,678.1337770102322,3.0370703530995797,3.0370703530995797,0.0,1212.1000000000001,920.0,0.004478571125729009,0.004478571125729009,2030
Downstream,sam_mi_moodys_mi,moodys_mi,Moody's MI,41-0000,Sales and Related Occupations,No formal educational credential,Unreported,Short-term on-the-job training,HS or less,41653.821609687846,56963.594698487155,56963.594698487155,56963.594698487155,57659.99564606896,57659.99564606896,-696.400947581802,-696.400947581802,0.0,3407.7,53300.0,-0.012077714189513297,-0.012077714189513297,2030
Downstream,sam_mi_moodys_mi,moodys_mi,Moody's MI,43-0000,Office and Administrative Support Occupations,High school diploma or equivalent,Unreported,Short-term on-the-job training,HS or less,46664.06512485817,21569.356703406018,21569.356703406018,21569.356703406018,22612.121276096565,22612.121276096565,-1042.7645726905466,-1042.7645726905466,0.0,4295.5,22660.0,-0.0461152918807693,-0.0461152918807693,2030
Downstream,sam_mi_moodys_mi,moodys_mi,Moody's MI,47-0000,Construction and Extraction Occupations,High school diploma or equivalent,Unreported,Moderate-term on-the-job training,HS or less,59402.65646658262,651.427741190996,651.427741190996,651.427741190996,659.08843047457,659.08843047457,-7.6606892835740155,-7.6606892835740155,0.0,619.5000000000001,100.0,-0.011623158485816559,-0.011623158485816559,2030
Downstream,sam_mi_moodys_mi,moodys_mi,Moody's MI,49-0000,"Installation, Maintenance, and Repair Occupations",High school diploma or equivalent,Unreported,Short-term on-the-job training,HS or less,53680.41517426814,43439.534144624195,43439.534144624195,43439.534144624195,41935.23650636454,41935.23650636454,1504.2976382596535,1504.2976382596535,0.0,1057.8000000000002,36080.0,0.03587192450986523,0.03587192450986523,2030
Downstream,sam_mi_moodys_mi,moodys_mi,Moody's MI,51-0000,Production Occupations,High school diploma or equivalent,Unreported,Moderate-term on-the-job training,HS or less,48370.65550254021,8931.724038870014,8931.724038870014,8931.724038870014,8699.566232337553,8699.566232337553,232.1578065324611,232.1578065324611,0.0,922.0000000000001,8040.0,0.026686135875314883,0.026686135875314883,2030
Downstream,sam_mi_moodys_mi,moodys_mi,Moody's MI,53-0000,Transportation and Material Moving Occupations,No formal educational credential,Unreported,Short-term on-the-job training,HS or less,47490.41250983578,65972.34253201776,65972.34253201776,65972.34253201776,67687.0992629046,67687.0992629046,-1714.756730886831,-1714.756730886831,0.0,4474.700000000001,64930.0,-0.02533358275890234,-0.02533358275890234,2030
Downstream,sam_mi_moodys_mi_detail,moodys_mi_detail,Moody's MI (detail),00-0000,All Occupations,High school diploma or equivalent,Unreported,Short-term on-the-job training,HS or less,55007.40686937168,230847.5484259796,230847.5484259796,230847.5484259796,234220.00000000003,234220.00000000003,-3372.451574020437,-3372.451574020437,0.0,21598.100000000002,210150.0,-0.014398649022373993,-0.014398649022373993,2030
Downstream,sam_mi_moodys_mi_detail,moodys_mi_detail,Moody's MI (detail),11-0000,Management Occupations,Bachelor's degree,5 years or more,Unreported,BA+,119198.12268000892,15687.840964949826,15687.840964949826,15687.840964949826,15635.17156876293,15635.17156876293,52.66939618689685,52.66939618689685,0.0,2001.8999999999996,12340.0,0.0033686484318549825,0.0033686484318549825,2030
Downstream,sam_mi_moodys_mi_detail,moodys_mi_detail,Moody's MI (detail),13-0000,Business and Financial Operations Occupations,Bachelor's degree,Unreported,Unreported,BA+,80458.68897856526,9058.023119765116,9058.023119765116,9058.023119765116,8996.425845145297,8996.425845145297,61.59727461981856,61.59727461981856,0.0,1687.6999999999998,5430.0,0.006846860706694763,0.006846860706694763,2030
Downstream,sam_mi_moodys_mi_detail,moodys_mi_detail,Moody's MI (detail),15-0000,Computer and Mathematical Occupations,Bachelor's degree,Unreported,Unreported,BA+,101324.11621241638,1776.9521507735517,1776.9521507735517,1776.9521507735517,1752.9959278400088,1752.9959278400088,23.956222933542904,23.956222933542904,0.0,485.90000000000003,1060.0,0.013665874833526324,0.013665874833526324,2030
Downstream,sam_mi_moodys_mi_detail,moodys_mi_detail,Moody's MI (detail),17-0000,Architecture and Engineering Occupations,Bachelor's degree,Unreported,Unreported,BA+,98938.60040063692,5910.312414743242,5910.312414743242,5910.312414743242,5516.907875722529,5516.907875722529,393.40453902071295,393.40453902071295,0.0,91.2,2900.0,0.07130888314302153,0.07130888314302153,2030
Downstream,sam_mi_moodys_mi_detail,moodys_mi_detail,Moody's MI (detail),19-0000,"Life, Physical, and Social Science Occupations",Bachelor's degree,Unreported,Unreported,BA+,83910.0,206.36666278744872,206.36666278744872,206.36666278744872,207.564866114061,207.564866114061,-1.198203326612287,-1.198203326612287,0.0,29.8,190.0,-0.0057726692818709045,-0.0057726692818709045,2030
Downstream,sam_mi_moodys_mi_detail,moodys_mi_detail,Moody's MI (detail),23-0000,Legal Occupations,Associate's degree,Unreported,Unreported,SC or associate's,89975.2677623019,128.28953059176055,128.28953059176055,128.28953059176055,126.49320435653785,126.49320435653785,1.7963262352227076,1.7963262352227076,0.0,40.9,30.0,0.014200970276312428,0.014200970276312428,2030
Downstream,sam_mi_moodys_mi_detail,moodys_mi_detail,Moody's MI (detail),27-0000,"Arts, Design, Entertainment, Sports, and Media Occupations",Bachelor's degree,Unreported,Unreported,BA+,61055.77004044822,186.40326019014213,186.40326019014213,186.40326019014213,179.13545507909055,179.13545507909055,7.267805111051587,7.267805111051587,0.0,35.2,80.0,0.0405715613798662,0.0405715613798662,2030
Downstream,sam_mi_moodys_mi_detail,moodys_mi_detail,Moody's MI (detail),35-0000,Food Preparation and Serving Related Occupations,No formal educational credential,Unreported,Short-term on-the-job training,HS or less,31888.09490060964,1738.6869088931294,1738.6869088931294,1738.6869088931294,1874.064125722541,1874.064125722541,-135.3772168294115,-135.3772168294115,0.0,1236.1999999999998,2090.0,-0.07223723829472332,-0.07223723829472332,2030
Downstream,sam_mi_moodys_mi_detail,moodys_mi_detail,Moody's MI (detail),37-0000,Building and Grounds Cleaning and Maintenance Occupations,No formal educational credential,Unreported,Short-term on-the-job training,HS or less,36133.56872341642,674.5885729142057,674.5885729142057,674.5885729142057,678.1337770102322,678.1337770102322,-3.5452040960265094,-3.5452040960265094,0.0,1212.1000000000001,920.0,-0.005227883075897895,-0.005227883075897895,2030
Downstream,sam_mi_moodys_mi_detail,moodys_mi_detail,Moody's MI (detail),41-0000,Sales and Related Occupations,No formal educational credential,Unreported,Short-term on-the-job training,HS or less,41654.02816831741,56547.79597044526,56547.79597044526,56547.79597044526,57659.99564606896,57659.99564606896,-1112.1996756236986,-1112.1996756236986,0.0,3407.7,53300.0,-0.019288930967852478,-0.019288930967852478,2030
Downstream,sam_mi_moodys_mi_detail,moodys_mi_detail,Moody's MI (detail),43-0000,Office and Administrative Support Occupations,High school diploma or equivalent,Unreported,Short-term on-the-job training,HS or less,46660.48724280273,21342.107481298546,21342.107481298546,21342.107481298546,22612.121276096565,22612.121276096565,-1270.0137947980184,-1270.0137947980184,0.0,4295.5,22660.0,-0.056165177043365634,-0.056165177043365634,2030
Downstream,sam_mi_moodys_mi_detail,moodys_mi_detail,Moody's MI (detail),47-0000,Construction and Extraction Occupations,High school diploma or equivalent,Unreported,Moderate-term on-the-job training,HS or less,59424.2704731406,643.3946927081064,643.3946927081064,643.3946927081064,659.08843047457,659.08843047457,-15.693737766463641,-15.693737766463641,0.0,619.5000000000001,100.0,-0.023811277881427114,-0.023811277881427114,2030
Downstream,sam_mi_moodys_mi_detail,moodys_mi_detail,Moody's MI (detail),49-0000,"Installation, Maintenance, and Repair Occupations",High school diploma or equivalent,Unreported,Short-term on-the-job training,HS or less,53677.246493225124,43039.581020913974,43039.581020913974,43039.581020913974,41935.23650636454,41935.23650636454,1104.3445145494334,1104.3445145494334,0.0,1057.8000000000002,36080.0,0.026334524532413837,0.026334524532413837,2030
Downstream,sam_mi_moodys_mi_detail,moodys_mi_detail,Moody's MI (detail),51-0000,Production Occupations,High school diploma or equivalent,Unreported,Moderate-term on-the-job training,HS or less,48370.452786783164,8871.610363768536,8871.610363768536,8871.610363768536,8699.566232337553,8699.566232337553,172.04413143098282,172.04413143098282,0.0,922.0000000000001,8040.0,0.019776173528223712,0.019776173528223712,2030
Downstream,sam_mi_moodys_mi_detail,moodys_mi_detail,Moody's MI (detail),53-0000,Transportation and Material Moving Occupations,No formal educational credential,Unreported,Short-term on-the-job training,HS or less,47448.2059112256,65035.59531123676,65035.59531123676,65035.59531123676,67687.0992629046,67687.0992629046,-2651.503951667837,-2651.503951667837,0.0,4474.700000000001,64930.0,-0.03917295881404352,-0.03917295881404352,2030
Downstream,sam_mi_moodys_us,moodys_us,Moody's US,00-0000,All Occupations,High school diploma or equivalent,Unreported,Short-term on-the-job training,HS or less,55007.76699240255,235902.37858947268,235902.37858947268,235902.37858947268,234220.00000000003,234220.00000000003,1682.3785894726461,1682.3785894726461,0.0,21598.100000000002,210150.0,0.007182898938914891,0.007182898938914891,2030
Downstream,sam_mi_moodys_us,moodys_us,Moody's US,11-0000,Management Occupations,Bachelor's degree,5 years or more,Unreported,BA+,119220.99528152832,16044.519181767504,16044.519181767504,16044.519181767504,15635.17156876293,15635.17156876293,409.34761300457467,409.34761300457467,0.0,2001.8999999999996,12340.0,0.02618120378176078,0.02618120378176078,2030
Downstream,sam_mi_moodys_us,moodys_us,Moody's US,13-0000,Business and Financial Operations Occupations,Bachelor's degree,Unreported,Unreported,BA+,80463.5087216201,9257.23206012382,9257.23206012382,9257.23206012382,8996.425845145297,8996.425845145297,260.8062149785237,260.8062149785237,0.0,1687.6999999999998,5430.0,0.028989981073346084,0.028989981073346084,2030
Downstream,sam_mi_moodys_us,moodys_us,Moody's US,15-0000,Computer and Mathematical Occupations,Bachelor's degree,Unreported,Unreported,BA+,101341.96559381708,1821.3069542371318,1821.3069542371318,1821.3069542371318,1752.9959278400088,1752.9959278400088,68.31102639712299,68.31102639712299,0.0,485.90000000000003,1060.0,0.03896816034324385,0.03896816034324385,2030
Downstream,sam_mi_moodys_us,moodys_us,Moody's US,17-0000,Architecture and Engineering Occupations,Bachelor's degree,Unreported,Unreported,BA+,98938.60040063695,6070.026274801689,6070.026274801689,6070.026274801689,5516.907875722529,5516.907875722529,553.1183990791606,553.1183990791606,0.0,91.2,2900.0,0.1002587702276469,0.1002587702276469,2030
Downstream,sam_mi_moodys_us,moodys_us,Moody's US,19-0000,"Life, Physical, and Social Science Occupations",Bachelor's degree,Unreported,Unreported,BA+,83910.00000000001,209.75482051229486,209.75482051229486,209.75482051229486,207.564866114061,207.564866114061,2.1899543982338514,2.1899543982338514,0.0,29.8,190.0,0.010550698869385863,0.010550698869385863,2030
Downstream,sam_mi_moodys_us,moodys_us,Moody's US,23-0000,Legal Occupations,Associate's degree,Unreported,Unreported,SC or associate's,90037.5296339533,131.37074490516017,131.37074490516017,131.37074490516017,126.49320435653785,126.49320435653785,4.877540548622321,4.877540548622321,0.0,40.9,30.0,0.03855970424208977,0.03855970424208977,2030
Downstream,sam_mi_moodys_us,moodys_us,Moody's US,27-0000,"Arts, Design, Entertainment, Sports, and Media Occupations",Bachelor's degree,Unreported,Unreported,BA+,61094.87906248349,191.03734550584608,191.03734550584608,191.03734550584608,179.13545507909055,179.13545507909055,11.901890426755529,11.901890426755529,0.0,35.2,80.0,0.06644073012514856,0.06644073012514856,2030
Downstream,sam_mi_moodys_us,moodys_us,Moody's US,35-0000,Food Preparation and Serving Related Occupations,No formal educational credential,Unreported,Short-term on-the-job training,HS or less,31888.094900609638,1785.6712945170962,1785.6712945170962,1785.6712945170962,1874.064125722541,1874.064125722541,-88.39283120544474,-88.39283120544474,0.0,1236.1999999999998,2090.0,-0.047166385606663856,-0.047166385606663856,2030
Downstream,sam_mi_moodys_us,moodys_us,Moody's US,37-0000,Building and Grounds Cleaning and Maintenance Occupations,No formal educational credential,Unreported,Short-term on-the-job training,HS or less,36134.65959147105,689.1250921334431,689.1250921334431,689.1250921334431,678.1337770102322,678.1337770102322,10.991315123210939,10.991315123210939,0.0,1212.1000000000001,920.0,0.01620818118169786,0.01620818118169786,2030
Downstream,sam_mi_moodys_us,moodys_us,Moody's US,41-0000,Sales and Related Occupations,No formal educational credential,Unreported,Short-term on-the-job training,HS or less,41658.225164842355,57961.434428405286,57961.434428405286,57961.434428405286,57659.99564606896,57659.99564606896,301.4387823363286,301.4387823363286,0.0,3407.7,53300.0,0.00522786689382762,0.00522786689382762,2030
Downstream,sam_mi_moodys_us,moodys_us,Moody's US,43-0000,Office and Administrative Support Occupations,High school diploma or equivalent,Unreported,Short-term on-the-job training,HS or less,46658.522016325085,21796.385555011424,21796.385555011424,21796.385555011424,22612.121276096565,22612.121276096565,-815.7357210851405,-815.7357210851405,0.0,4295.5,22660.0,-0.03607515239834931,-0.03607515239834931,2030
Downstream,sam_mi_moodys_us,moodys_us,Moody's US,47-0000,Construction and Extraction Occupations,High school diploma or equivalent,Unreported,Moderate-term on-the-job training,HS or less,59445.341248408215,656.9172078345289,656.9172078345289,656.9172078345289,659.08843047457,659.08843047457,-2.171222640041151,-2.171222640041151,0.0,619.5000000000001,100.0,-0.0032942812218351093,-0.0032942812218351093,2030
Downstream,sam_mi_moodys_us,moodys_us,Moody's US,49-0000,"Installation, Maintenance, and Repair Occupations",High school diploma or equivalent,Unreported,Short-term on-the-job training,HS or less,53676.78321037425,43966.221483386646,43966.221483386646,43966.221483386646,41935.23650636454,41935.23650636454,2030.9849770221044,2030.9849770221044,0.0,1057.8000000000002,36080.0,0.04843146590371227,0.04843146590371227,2030
Downstream,sam_mi_moodys_us,moodys_us,Moody's US,51-0000,Production Occupations,High school diploma or equivalent,Unreported,Moderate-term on-the-job training,HS or less,48370.00892731757,9103.44038858081,9103.44038858081,9103.44038858081,8699.566232337553,8699.566232337553,403.87415624325695,403.87415624325695,0.0,922.0000000000001,8040.0,0.04642463146518708,0.04642463146518708,2030
Downstream,sam_mi_moodys_us,moodys_us,Moody's US,53-0000,Transportation and Material Moving Occupations,No formal educational credential,Unreported,Short-term on-the-job training,HS or less,47415.629679908896,66217.93575774999,66217.93575774999,66217.93575774999,67687.0992629046,67687.0992629046,-1469.1635051546036,-1469.1635051546036,0.0,4474.700000000001,64930.0,-0.021705221839219333,-0.021705221839219333,2030
Upstream,sam_mi_bls_us,bls_us,BLS US,00-0000,All Occupations,High school diploma or equivalent,Unreported,Moderate-term on-the-job training,HS or less,61880.40996993212,55948.919503567864,55948.919503567864,198250.7295191959,56442.172593017414,199629.00000000003,-493.2530894495503,-1378.2704808041162,0.0,29773.4,190620.0,-0.00873908757917961,-0.006904159620115895,2030
Upstream,sam_mi_bls_us,bls_us,BLS US,11-0000,Management Occupations,Bachelor's degree,5 years or more,Unreported,BA+,130059.19732411497,4034.841128905845,4034.841128905845,14578.957519811036,3989.912572624614,14428.194341451577,44.92855628123107,150.76317835945883,0.0,3480.0,13740.0,0.011260536531424925,0.01044920624102787,2030
Upstream,sam_mi_bls_us,bls_us,BLS US,13-0000,Business and Financial Operations Occupations,Bachelor's degree,Unreported,Unreported,BA+,80960.62122784977,2789.8913752453245,2789.8913752453245,10429.348864356676,2721.409348739371,10200.962279021362,68.4820265059534,228.38658533531452,0.0,3317.5,8860.0,0.02516417698707329,0.022388729522605882,2030
Upstream,sam_mi_bls_us,bls_us,BLS US,15-0000,Computer and Mathematical Occupations,Bachelor's degree,Unreported,Unreported,BA+,105183.81208658288,704.4731897598067,704.4731897598067,2510.7398685789617,699.6641706740414,2504.3625817074576,4.8090190857652715,6.377286871504111,0.0,922.5,2160.0,0.006873324785421506,0.002546471073352374,2030
Upstream,sam_mi_bls_us,bls_us,BLS US,17-0000,Architecture and Engineering Occupations,Bachelor's degree,Unreported,Unreported,BA+,96827.98404451733,4363.5360181078995,4363.5360181078995,16869.935858866404,4182.664525935822,16231.256452277481,180.87149217207752,638.6794065889226,0.0,438.90000000000003,13950.0,0.04324312673190295,0.039348734860221286,2030
Upstream,sam_mi_bls_us,bls_us,BLS US,19-0000,"Life, Physical, and Social Science Occupations",Bachelor's degree,Unreported,Unreported,BA+,76441.76851810257,401.4633128152107,401.4633128152107,1317.6603122494932,391.8535237411929,1284.5252725863309,9.60978907401784,33.13503966316239,0.0,103.5,1020.0,0.02452393175457268,0.02579555293330006,2030
Upstream,sam_mi_bls_us,bls_us,BLS US,27-0000,"Arts, Design, Entertainment, Sports, and Media Occupations",Bachelor's degree,Unreported,Unreported,BA+,80045.29713244515,69.02252640164855,69.02252640164855,317.4047827374046,68.83077471292034,318.263316043786,0.19175168872820336,-0.8585333063813891,0.0,34.0,390.0,0.002785842372513778,-0.0026975565926148836,2030
Upstream,sam_mi_bls_us,bls_us,BLS US,33-0000,Protective Service Occupations,High school diploma or equivalent,Unreported,Short-term on-the-job training,HS or less,38370.0,23.309871766183246,23.309871766183246,78.60030405785074,23.327888262736007,78.70029260136461,-0.01801649655276094,-0.09998854351387365,0.0,161.0,30.0,-0.000772315794290755,-0.0012704977352541624,2030
Upstream,sam_mi_bls_us,bls_us,BLS US,37-0000,Building and Grounds Cleaning and Maintenance Occupations,No formal educational credential,Unreported,Short-term on-the-job training,HS or less,35930.0,273.59019376656926,273.59019376656926,1015.7849023678048,272.80744487483304,1011.6328160723085,0.7827488917362189,4.152086295496247,0.0,1756.5,1060.0,0.0028692358161096095,0.004104341248652681,2030
Upstream,sam_mi_bls_us,bls_us,BLS US,41-0000,Sales and Related Occupations,High school diploma or equivalent,Unreported,Moderate-term on-the-job training,HS or less,75175.34267253881,1379.3542839672066,1379.3542839672066,5355.970330259839,1393.1971316038457,5427.43390674915,-13.842847636639135,-71.46357648931098,0.0,1534.8,4940.0,-0.009936029383511059,-0.013167102118082771,2030
Upstream,sam_mi_bls_us,bls_us,BLS US,43-0000,Office and Administrative Support Occupations,High school diploma or equivalent,Unreported,Short-term on-the-job training,HS or less,47138.318334654134,4096.473706153181,4096.473706153181,14920.113316734161,4304.507929494404,15675.88588594714,-208.03422334122297,-755.7725692129789,0.0,6865.0,16770.0,-0.04832938555317241,-0.0482124311641297,2030
Upstream,sam_mi_bls_us,bls_us,BLS US,47-0000,Construction and Extraction Occupations,High school diploma or equivalent,Unreported,Apprenticeship,HS or less,62350.0,275.2016259924241,275.2016259924241,1056.8897343379829,274.4721059587123,1055.808256502304,0.7295200337118217,1.0814778356789247,0.0,405.0,640.0,0.002657902270847007,0.001024312728204702,2030
Upstream,sam_mi_bls_us,bls_us,BLS US,49-0000,"Installation, Maintenance, and Repair Occupations",High school diploma or equivalent,Unreported,Long-term on-the-job training,HS or less,61028.03194451785,2687.344357989131,2687.344357989131,9054.629866323623,2557.21991147307,8582.90129276398,130.12444651606074,471.72857355964334,0.0,1352.6,8320.0,0.05088512174187764,0.05496143523837859,2030
Upstream,sam_mi_bls_us,bls_us,BLS US,51-0000,Production Occupations,High school diploma or equivalent,Unreported,Moderate-term on-the-job training,HS or less,49068.644969195695,31504.036529432058,31504.036529432058,109685.38843893197,32213.379876927942,111792.2099327841,-709.3433474958838,-2106.821493852127,0.0,2950.1000000000004,108350.0,-0.02202014660386301,-0.018845870343907407,2030
Upstream,sam_mi_bls_us,bls_us,BLS US,53-0000,Transportation and Material Moving Occupations,No formal educational credential,Unreported,Short-term on-the-job training,HS or less,43072.23421368615,3346.3813832653746,3346.3813832653746,11059.30541958268,3348.9253879939006,11036.86337349168,-2.5440047285260334,22.44204609100052,0.0,6452.0,10390.0,-0.0007596480762594604,0.002033371740824643,2030
Upstream,sam_mi_dtmb_mi,dtmb_mi,DTMB MI,00-0000,All Occupations,High school diploma or equivalent,Unreported,Moderate-term on-the-job training,HS or less,61848.41794424234,55516.035160046726,55516.035160046726,196858.60483435914,56442.172593017414,199629.00000000003,-926.1374329706887,-2770.39516564089,0.0,29773.4,190620.0,-0.016408607082663278,-0.013877718996943778,2030
Upstream,sam_mi_dtmb_mi,dtmb_mi,DTMB MI,11-0000,Management Occupations,Bachelor's degree,5 years or more,Unreported,BA+,130049.74620493394,3998.350200066623,3998.350200066623,14474.523658060138,3989.912572624614,14428.194341451577,8.437627442009216,46.329316608560475,0.0,3480.0,13740.0,0.002114739931872452,0.003211026654628456,2030
Upstream,sam_mi_dtmb_mi,dtmb_mi,DTMB MI,13-0000,Business and Financial Operations Occupations,Bachelor's degree,Unreported,Unreported,BA+,80955.8065304708,2758.5399616525347,2758.5399616525347,10347.811177071115,2721.409348739371,10200.962279021362,37.13061291316353,146.8488980497532,0.0,3317.5,8860.0,0.01364389114425708,0.014395592693421985,2030
Upstream,sam_mi_dtmb_mi,dtmb_mi,DTMB MI,15-0000,Computer and Mathematical Occupations,Bachelor's degree,Unreported,Unreported,BA+,105002.83983254842,693.4793912712029,693.4793912712029,2484.3454308400624,699.6641706740414,2504.3625817074576,-6.184779402838558,-20.01715086739523,0.0,922.5,2160.0,-0.008839640018839716,-0.007992912453494523,2030
Upstream,sam_mi_dtmb_mi,dtmb_mi,DTMB MI,17-0000,Architecture and Engineering Occupations,Bachelor's degree,Unreported,Unreported,BA+,96817.80709715582,4313.072796066784,4313.072796066784,16749.885737235934,4182.664525935822,16231.256452277481,130.40827013096168,518.6292849584534,0.0,438.90000000000003,13950.0,0.031178276269188565,0.03195250389169239,2030
Upstream,sam_mi_dtmb_mi,dtmb_mi,DTMB MI,19-0000,"Life, Physical, and Social Science Occupations",Bachelor's degree,Unreported,Unreported,BA+,76466.09999956265,394.63931653012145,394.63931653012145,1295.4268427117804,391.8535237411929,1284.5252725863309,2.7857927889285747,10.901570125449553,0.0,103.5,1020.0,0.007109270735481518,0.008486847521107744,2030
Upstream,sam_mi_dtmb_mi,dtmb_mi,DTMB MI,27-0000,"Arts, Design, Entertainment, Sports, and Media Occupations",Bachelor's degree,Unreported,Unreported,BA+,80053.20171104197,67.79179609506858,67.79179609506858,314.82777516486954,68.83077471292034,318.263316043786,-1.0389786178517681,-3.43554087891647,0.0,34.0,390.0,-0.015094681444239791,-0.010794649291104021,2030
Upstream,sam_mi_dtmb_mi,dtmb_mi,DTMB MI,33-0000,Protective Service Occupations,High school diploma or equivalent,Unreported,Short-term on-the-job training,HS or less,38370.0,22.77873587980772,22.77873587980772,76.91793469253547,23.327888262736007,78.70029260136461,-0.5491523829282876,-1.782357908829141,0.0,161.0,30.0,-0.02354059556284416,-0.022647411463349962,2030
Upstream,sam_mi_dtmb_mi,dtmb_mi,DTMB MI,37-0000,Building and Grounds Cleaning and Maintenance Occupations,No formal educational credential,Unreported,Short-term on-the-job training,HS or less,35930.0,271.4503553261468,271.4503553261468,1008.9455951759566,272.80744487483304,1011.6328160723085,-1.3570895486862469,-2.6872208963519597,0.0,1756.5,1060.0,-0.004974532675634619,-0.0026563204095979872,2030
Upstream,sam_mi_dtmb_mi,dtmb_mi,DTMB MI,41-0000,Sales and Related Occupations,High school diploma or equivalent,Unreported,Moderate-term on-the-job training,HS or less,75133.2553171078,1362.8794034788455,1362.8794034788455,5316.200122166655,1393.1971316038457,5427.43390674915,-30.317728125000258,-111.23378458249499,0.0,1534.8,4940.0,-0.02176126223436776,-0.02049472853905655,2030
Upstream,sam_mi_dtmb_mi,dtmb_mi,DTMB MI,43-0000,Office and Administrative Support Occupations,High school diploma or equivalent,Unreported,Short-term on-the-job training,HS or less,47140.673815055285,4059.259871169589,4059.259871169589,14809.311959517772,4304.507929494404,15675.88588594714,-245.24805832481525,-866.5739264293679,0.0,6865.0,16770.0,-0.05697470241473603,-0.05528069882201808,2030
Upstream,sam_mi_dtmb_mi,dtmb_mi,DTMB MI,47-0000,Construction and Extraction Occupations,High school diploma or equivalent,Unreported,Apprenticeship,HS or less,62350.0,272.7917049387216,272.7917049387216,1050.7636349489037,274.4721059587123,1055.808256502304,-1.6804010199907111,-5.044621553400248,0.0,405.0,640.0,-0.00612230162377042,-0.004777971305236937,2030
Upstream,sam_mi_dtmb_mi,dtmb_mi,DTMB MI,49-0000,"Installation, Maintenance, and Repair Occupations",High school diploma or equivalent,Unreported,Long-term on-the-job training,HS or less,61035.46358863003,2671.847813598525,2671.847813598525,8991.651297185132,2557.21991147307,8582.90129276398,114.62790212545497,408.75000442115197,0.0,1352.6,8320.0,0.044825203186934476,0.04762375687178862,2030
Upstream,sam_mi_dtmb_mi,dtmb_mi,DTMB MI,51-0000,Production Occupations,High school diploma or equivalent,Unreported,Moderate-term on-the-job training,HS or less,49084.34351469938,31312.35407675987,31312.35407675987,108988.67064581062,32213.379876927942,111792.2099327841,-901.0258001680704,-2803.5392869734787,0.0,2950.1000000000004,108350.0,-0.027970545270644156,-0.025078127435347486,2030
Upstream,sam_mi_dtmb_mi,dtmb_mi,DTMB MI,53-0000,Transportation and Material Moving Occupations,No formal educational credential,Unreported,Short-term on-the-job training,HS or less,43071.106353209536,3316.7997372128852,3316.7997372128852,10949.323023777653,3348.9253879939006,11036.86337349168,-32.12565078101534,-87.54034971402689,0.0,6452.0,10390.0,-0.009592823684931213,-0.00793163299676982,2030
Upstream,sam_mi_moodys_mi,moodys_mi,Moody's MI,00-0000,All Occupations,High school diploma or equivalent,Unreported,Moderate-term on-the-job training,HS or less,61941.94991541903,53007.57115967445,53007.57115967445,189869.03868065422,56442.172593017414,199629.00000000003,-3434.601433342963,-9759.961319345806,0.0,29773.4,190620.0,-0.06085168723232077,-0.048890498471393457,2030
Upstream,sam_mi_moodys_mi,moodys_mi,Moody's MI,11-0000,Management Occupations,Bachelor's degree,5 years or more,Unreported,BA+,130002.09413348403,3829.9691324463793,3829.9691324463793,13980.631658788841,3989.912572624614,14428.194341451577,-159.9434401782346,-447.5626826627358,0.0,3480.0,13740.0,-0.04008695360285096,-0.03102000652825334,2030
Upstream,sam_mi_moodys_mi,moodys_mi,Moody's MI,13-0000,Business and Financial Operations Occupations,Bachelor's degree,Unreported,Unreported,BA+,80981.54784443589,2653.9605744144956,2653.9605744144956,10013.008212421904,2721.409348739371,10200.962279021362,-67.44877432487556,-187.9540665994573,0.0,3317.5,8860.0,-0.024784501587796638,-0.018425131027686618,2030
Upstream,sam_mi_moodys_mi,moodys_mi,Moody's MI,15-0000,Computer and Mathematical Occupations,Bachelor's degree,Unreported,Unreported,BA+,105206.64941197181,669.5917479579218,669.5917479579218,2405.1905607401063,699.6641706740414,2504.3625817074576,-30.072422716119604,-99.17202096735127,0.0,922.5,2160.0,-0.04298122438819252,-0.0395997056064208,2030
Upstream,sam_mi_moodys_mi,moodys_mi,Moody's MI,17-0000,Architecture and Engineering Occupations,Bachelor's degree,Unreported,Unreported,BA+,96854.22730795076,4159.804682014983,4159.804682014983,16226.678048148355,4182.664525935822,16231.256452277481,-22.859843920839012,-4.578404129126284,0.0,438.90000000000003,13950.0,-0.005465378296320427,-0.00028207330360329976,2030
Upstream,sam_mi_moodys_mi,moodys_mi,Moody's MI,19-0000,"Life, Physical, and Social Science Occupations",Bachelor's degree,Unreported,Unreported,BA+,76432.98852098161,375.8175108163002,375.8175108163002,1243.6246427595047,391.8535237411929,1284.5252725863309,-16.036012924892646,-40.90062982682616,0.0,103.5,1020.0,-0.04092348786809414,-0.03184104719440411,2030
Upstream,sam_mi_moodys_mi,moodys_mi,Moody's MI,27-0000,"Arts, Design, Entertainment, Sports, and Media Occupations",Bachelor's degree,Unreported,Unreported,BA+,80143.47901780921,65.87578281967741,65.87578281967741,305.52655249186876,68.83077471292034,318.263316043786,-2.9549918932429335,-12.73676355191725,0.0,34.0,390.0,-0.042931260116824556,-0.04001957784592727,2030
Upstream,sam_mi_moodys_mi,moodys_mi,Moody's MI,33-0000,Protective Service Occupations,High school diploma or equivalent,Unreported,Short-term on-the-job training,HS or less,38370.0,21.72673496578287,21.72673496578287,73.80708653895309,23.327888262736007,78.70029260136461,-1.601153296953136,-4.893206062411522,0.0,161.0,30.0,-0.06863687269588048,-0.06217519529688099,2030
Upstream,sam_mi_moodys_mi,moodys_mi,Moody's MI,37-0000,Building and Grounds Cleaning and Maintenance Occupations,No formal educational credential,Unreported,Short-term on-the-job training,HS or less,35930.0,258.8468609348934,258.8468609348934,972.5876994221195,272.80744487483304,1011.6328160723085,-13.960583939939625,-39.045116650189016,0.0,1756.5,1060.0,-0.05117376450758112,-0.038596134911659676,2030
Upstream,sam_mi_moodys_mi,moodys_mi,Moody's MI,41-0000,Sales and Related Occupations,High school diploma or equivalent,Unreported,Moderate-term on-the-job training,HS or less,75212.43313897443,1314.8119603396617,1314.8119603396617,5150.5200262485905,1393.1971316038457,5427.43390674915,-78.38517126418401,-276.91388050055957,0.0,1534.8,4940.0,-0.05626279977618613,-0.051021142819668464,2030
Upstream,sam_mi_moodys_mi,moodys_mi,Moody's MI,43-0000,Office and Administrative Support Occupations,High school diploma or equivalent,Unreported,Short-term on-the-job training,HS or less,47144.805283987174,3887.300533143976,3887.300533143976,14303.176369624147,4304.507929494404,15675.88588594714,-417.20739635042855,-1372.7095163229933,0.0,6865.0,16770.0,-0.09692336573287079,-0.08756822589232914,2030
Upstream,sam_mi_moodys_mi,moodys_mi,Moody's MI,47-0000,Construction and Extraction Occupations,High school diploma or equivalent,Unreported,Apprenticeship,HS or less,62350.0,261.0310889267057,261.0310889267057,1014.4169505497626,274.4721059587123,1055.808256502304,-13.441017032006584,-41.3913059525413,0.0,405.0,640.0,-0.04897042992787202,-0.03920343082906264,2030
Upstream,sam_mi_moodys_mi,moodys_mi,Moody's MI,49-0000,"Installation, Maintenance, and Repair Occupations",High school diploma or equivalent,Unreported,Long-term on-the-job training,HS or less,61022.337840135384,2531.105917854814,2531.105917854814,8634.811283805648,2557.21991147307,8582.90129276398,-26.113993618256245,51.909991041668036,0.0,1352.6,8320.0,-0.010211868561282023,0.00604807037515764,2030
Upstream,sam_mi_moodys_mi,moodys_mi,Moody's MI,51-0000,Production Occupations,High school diploma or equivalent,Unreported,Moderate-term on-the-job training,HS or less,49100.957664709196,29828.76012772947,29828.76012772947,105026.62679138882,32213.379876927942,111792.2099327841,-2384.6197491984713,-6765.583141395284,0.0,2950.1000000000004,108350.0,-0.07402575446317565,-0.06051927182997045,2030
Upstream,sam_mi_moodys_mi,moodys_mi,Moody's MI,53-0000,Transportation and Material Moving Occupations,No formal educational credential,Unreported,Short-term on-the-job training,HS or less,43055.908433927725,3148.9685053093826,3148.9685053093826,10518.432797725574,3348.9253879939006,11036.86337349168,-199.95688268451795,-518.4305757661059,0.0,6452.0,10390.0,-0.05970777473913735,-0.04697263690074044,2030
Upstream,sam_mi_moodys_mi_detail,moodys_mi_detail,Moody's MI (detail),00-0000,All Occupations,High school diploma or equivalent,Unreported,Moderate-term on-the-job training,HS or less,61934.36995476879,53584.70486200643,53584.70486200643,192245.54135988856,56442.172593017414,199629.00000000003,-2857.4677310109837,-7383.458640111465,0.0,29773.4,190620.0,-0.050626465986968176,-0.036985902048857947,2030
Upstream,sam_mi_moodys_mi_detail,moodys_mi_detail,Moody's MI (detail),11-0000,Management Occupations,Bachelor's degree,5 years or more,Unreported,BA+,129986.9779087832,3870.0264404728423,3870.0264404728423,14153.391196074577,3989.912572624614,14428.194341451577,-119.88613215177156,-274.80314537699996,0.0,3480.0,13740.0,-0.030047308047381344,-0.019046260320149864,2030
Upstream,sam_mi_moodys_mi_detail,moodys_mi_detail,Moody's MI (detail),13-0000,Business and Financial Operations Occupations,Bachelor's degree,Unreported,Unreported,BA+,80984.96853148688,2681.5659331097045,2681.5659331097045,10137.634885131849,2721.409348739371,10200.962279021362,-39.84341562966665,-63.32739388951268,0.0,3317.5,8860.0,-0.014640728579889378,-0.006207982360619811,2030
Upstream,sam_mi_moodys_mi_detail,moodys_mi_detail,Moody's MI (detail),15-0000,Computer and Mathematical Occupations,Bachelor's degree,Unreported,Unreported,BA+,105147.08426073995,674.8743097914603,674.8743097914603,2431.6276593477414,699.6641706740414,2504.3625817074576,-24.789860882581138,-72.73492235971617,0.0,922.5,2160.0,-0.03543108525723008,-0.029043287458050897,2030
Upstream,sam_mi_moodys_mi_detail,moodys_mi_detail,Moody's MI (detail),17-0000,Architecture and Engineering Occupations,Bachelor's degree,Unreported,Unreported,BA+,96853.91631322399,4202.834962863623,4202.834962863623,16430.330619914297,4182.664525935822,16231.256452277481,20.170436927801347,199.07416763681613,0.0,438.90000000000003,13950.0,0.004822389365135242,0.012264864905691458,2030
Upstream,sam_mi_moodys_mi_detail,moodys_mi_detail,Moody's MI (detail),19-0000,"Life, Physical, and Social Science Occupations",Bachelor's degree,Unreported,Unreported,BA+,76427.43827412845,379.96337630344334,379.96337630344334,1259.291455025361,391.8535237411929,1284.5252725863309,-11.890147437749533,-25.233817560969783,0.0,103.5,1020.0,-0.0303433469839169,-0.019644469516868816,2030
Upstream,sam_mi_moodys_mi_detail,moodys_mi_detail,Moody's MI (detail),27-0000,"Arts, Design, Entertainment, Sports, and Media Occupations",Bachelor's degree,Unreported,Unreported,BA+,80126.06344300175,66.71736564702717,66.71736564702717,309.9217129698541,68.83077471292034,318.263316043786,-2.1134090658931797,-8.341603073931878,0.0,34.0,390.0,-0.03070442072906769,-0.026209753538746695,2030
Upstream,sam_mi_moodys_mi_detail,moodys_mi_detail,Moody's MI (detail),33-0000,Protective Service Occupations,High school diploma or equivalent,Unreported,Short-term on-the-job training,HS or less,38370.0,21.989213029614817,21.989213029614817,74.79988980227152,23.327888262736007,78.70029260136461,-1.3386752331211902,-3.9004027990930865,0.0,161.0,30.0,-0.05738518712212761,-0.04956020708651668,2030
Upstream,sam_mi_moodys_mi_detail,moodys_mi_detail,Moody's MI (detail),37-0000,Building and Grounds Cleaning and Maintenance Occupations,No formal educational credential,Unreported,Short-term on-the-job training,HS or less,35930.0,261.95181339448766,261.95181339448766,985.5884110092603,272.80744487483304,1011.6328160723085,-10.85563148034538,-26.044405063048202,0.0,1756.5,1060.0,-0.039792284573927444,-0.025744919153736334,2030
Upstream,sam_mi_moodys_mi_detail,moodys_mi_detail,Moody's MI (detail),41-0000,Sales and Related Occupations,High school diploma or equivalent,Unreported,Moderate-term on-the-job training,HS or less,75188.3128366694,1328.7113643252965,1328.7113643252965,5215.801675911508,1393.1971316038457,5427.43390674915,-64.48576727854925,-211.63223083764206,0.0,1534.8,4940.0,-0.04628617574335181,-0.03899305536903399,2030
Upstream,sam_mi_moodys_mi_detail,moodys_mi_detail,Moody's MI (detail),43-0000,Office and Administrative Support Occupations,High school diploma or equivalent,Unreported,Short-term on-the-job training,HS or less,47146.01082780237,3930.2537952780417,3930.2537952780417,14484.600562906282,4304.507929494404,15675.88588594714,-374.2541342163627,-1191.2853230408582,0.0,6865.0,16770.0,-0.08694469619906625,-0.07599476876192382,2030
Upstream,sam_mi_moodys_mi_detail,moodys_mi_detail,Moody's MI (detail),47-0000,Construction and Extraction Occupations,High school diploma or equivalent,Unreported,Apprenticeship,HS or less,62350.0,263.88724093224863,263.88724093224863,1027.612031526638,274.4721059587123,1055.808256502304,-10.58486502646366,-28.196224975665928,0.0,405.0,640.0,-0.038564447157540656,-0.02670581973764324,2030
Upstream,sam_mi_moodys_mi_detail,moodys_mi_detail,Moody's MI (detail),49-0000,"Installation, Maintenance, and Repair Occupations",High school diploma or equivalent,Unreported,Long-term on-the-job training,HS or less,61021.57687621623,2559.048329935626,2559.048329935626,8743.261727909427,2557.21991147307,8582.90129276398,1.8284184625558737,160.3604351454469,0.0,1352.6,8320.0,0.0007150024346176098,0.018683709584385248,2030
Upstream,sam_mi_moodys_mi_detail,moodys_mi_detail,Moody's MI (detail),51-0000,Production Occupations,High school diploma or equivalent,Unreported,Moderate-term on-the-job training,HS or less,49104.6751600152,30159.187544872613,30159.187544872613,106342.39790065183,32213.379876927942,111792.2099327841,-2054.1923320553287,-5449.812032132264,0.0,2950.1000000000004,108350.0,-0.06376829565551408,-0.04874947937256992,2030
Upstream,sam_mi_moodys_mi_detail,moodys_mi_detail,Moody's MI (detail),53-0000,Transportation and Material Moving Occupations,No formal educational credential,Unreported,Short-term on-the-job training,HS or less,43058.54378048273,3183.6931720504094,3183.6931720504094,10649.281631707698,3348.9253879939006,11036.86337349168,-165.23221594349116,-387.5817417839826,0.0,6452.0,10390.0,-0.049338876445518494,-0.03511701909030384,2030
Upstream,sam_mi_moodys_us,moodys_us,Moody's US,00-0000,All Occupations,High school diploma or equivalent,Unreported,Moderate-term on-the-job training,HS or less,61867.76529122207,53732.98794897717,53732.98794897717,191524.5413983516,56442.172593017414,199629.00000000003,-2709.184644040244,-8104.4586016484245,0.0,29773.4,190620.0,-0.047999297680745255,-0.04059760155913431,2030
Upstream,sam_mi_moodys_us,moodys_us,Moody's US,11-0000,Management Occupations,Bachelor's degree,5 years or more,Unreported,BA+,130006.51799631001,3872.1380441774904,3872.1380441774904,14075.353627229828,3989.912572624614,14428.194341451577,-117.77452844712343,-352.8407142217493,0.0,3480.0,13740.0,-0.029518072464843483,-0.024454946050182676,2030
Upstream,sam_mi_moodys_us,moodys_us,Moody's US,13-0000,Business and Financial Operations Occupations,Bachelor's degree,Unreported,Unreported,BA+,80964.85858682741,2677.3106204250016,2677.3106204250016,10065.731474329836,2721.409348739371,10200.962279021362,-44.09872831436951,-135.23080469152592,0.0,3317.5,8860.0,-0.016204371582245504,-0.01325667137987882,2030
Upstream,sam_mi_moodys_us,moodys_us,Moody's US,15-0000,Computer and Mathematical Occupations,Bachelor's degree,Unreported,Unreported,BA+,105044.48617155809,671.9636304702434,671.9636304702434,2414.6569688349973,699.6641706740414,2504.3625817074576,-27.700540203798028,-89.70561287246028,0.0,922.5,2160.0,-0.03959119441133011,-0.035819738534545426,2030
Upstream,sam_mi_moodys_us,moodys_us,Moody's US,17-0000,Architecture and Engineering Occupations,Bachelor's degree,Unreported,Unreported,BA+,96823.69141533598,4187.199136391502,4187.199136391502,16277.355430638056,4182.664525935822,16231.256452277481,4.534610455680195,46.09897836057462,0.0,438.90000000000003,13950.0,0.0010841439535879654,0.0028401361592747345,2030
Upstream,sam_mi_moodys_us,moodys_us,Moody's US,19-0000,"Life, Physical, and Social Science Occupations",Bachelor's degree,Unreported,Unreported,BA+,76427.3307805157,384.02714829016475,384.02714829016475,1269.5471590674297,391.8535237411929,1284.5252725863309,-7.826375451028127,-14.978113518901182,0.0,103.5,1020.0,-0.019972706577463896,-0.0116604272711143,2030
Upstream,sam_mi_moodys_us,moodys_us,Moody's US,27-0000,"Arts, Design, Entertainment, Sports, and Media Occupations",Bachelor's degree,Unreported,Unreported,BA+,80025.58730139003,66.31910955043737,66.31910955043737,305.9985217824163,68.83077471292034,318.263316043786,-2.51166516248297,-12.26479426136973,0.0,34.0,390.0,-0.03649043865855982,-0.03853662562757426,2030
Upstream,sam_mi_moodys_us,moodys_us,Moody's US,33-0000,Protective Service Occupations,High school diploma or equivalent,Unreported,Short-term on-the-job training,HS or less,38370.0,22.292329296273557,22.292329296273557,75.67809616389896,23.327888262736007,78.70029260136461,-1.0355589664624496,-3.0221964374656523,0.0,161.0,30.0,-0.0443914577607375,-0.03840133673674867,2030
Upstream,sam_mi_moodys_us,moodys_us,Moody's US,37-0000,Building and Grounds Cleaning and Maintenance Occupations,No formal educational credential,Unreported,Short-term on-the-job training,HS or less,35930.0,262.9905333189623,262.9905333189623,981.3865540564594,272.80744487483304,1011.6328160723085,-9.816911555870718,-30.246262015849084,0.0,1756.5,1060.0,-0.03598476412685446,-0.02989845874442963,2030
Upstream,sam_mi_moodys_us,moodys_us,Moody's US,41-0000,Sales and Related Occupations,High school diploma or equivalent,Unreported,Moderate-term on-the-job training,HS or less,75137.78128082803,1324.1896601590279,1324.1896601590279,5168.85399498147,1393.1971316038457,5427.43390674915,-69.00747144481784,-258.57991176767973,0.0,1534.8,4940.0,-0.049531735229297075,-0.0476431249482613,2030
Upstream,sam_mi_moodys_us,moodys_us,Moody's US,43-0000,Office and Administrative Support Occupations,High school diploma or equivalent,Unreported,Short-term on-the-job training,HS or less,47142.25969045664,3936.1696727613594,3936.1696727613594,14414.459692954153,4304.507929494404,15675.88588594714,-368.338256733045,-1261.4261929929871,0.0,6865.0,16770.0,-0.08557035153988182,-0.08046921253259502,2030
Upstream,sam_mi_moodys_us,moodys_us,Moody's US,47-0000,Construction and Extraction Occupations,High school diploma or equivalent,Unreported,Apprenticeship,HS or less,62350.0,263.8472644556522,263.8472644556522,1019.2684617850869,274.4721059587123,1055.808256502304,-10.62484150306011,-36.53979471721709,0.0,405.0,640.0,-0.03871009575252926,-0.034608362353848815,2030
Upstream,sam_mi_moodys_us,moodys_us,Moody's US,49-0000,"Installation, Maintenance, and Repair Occupations",High school diploma or equivalent,Unreported,Long-term on-the-job training,HS or less,61022.75506502331,2577.461543183179,2577.461543183179,8743.183318477304,2557.21991147307,8582.90129276398,20.241631710108777,160.2820257133244,0.0,1352.6,8320.0,0.007915483380718992,0.018674574045078905,2030
Upstream,sam_mi_moodys_us,moodys_us,Moody's US,51-0000,Production Occupations,High school diploma or equivalent,Unreported,Moderate-term on-the-job training,HS or less,49084.940715844525,30277.514167908572,30277.514167908572,106033.89282087833,32213.379876927942,111792.2099327841,-1935.8657090193701,-5758.317111905766,0.0,2950.1000000000004,108350.0,-0.06009508211852949,-0.05150910886695949,2030
Upstream,sam_mi_moodys_us,moodys_us,Moody's US,53-0000,Transportation and Material Moving Occupations,No formal educational credential,Unreported,Short-term on-the-job training,HS or less,43071.00623651994,3209.5650885893015,3209.5650885893015,10679.175277172373,3348.9253879939006,11036.86337349168,-139.36029940459912,-357.6880963193071,0.0,6452.0,10390.0,-0.04161343812084145,-0.0324084918164704,2030
Upstream + Core/OEM,sam_mi_bls_us,bls_us,BLS US,00-0000,All Occupations,High school diploma or equivalent,Unreported,Moderate-term on-the-job training,HS or less,59389.60961263928,211376.88549625358,211376.88549625358,472269.7663337519,223902.05726159737,482939.99999999994,-12525.17176534378,-10670.233666248037,0.0,45284.6,474500.0,-0.055940405008025086,-0.022094325726276638,2030
Upstream + Core/OEM,sam_mi_bls_us,bls_us,BLS US,11-0000,Management Occupations,Bachelor's degree,5 years or more,Unreported,BA+,132466.0452612693,12151.278784127868,12151.278784127868,36939.90166784146,12700.553028666454,37020.26413249301,-549.2742445385866,-80.36246465154545,0.0,5121.200000000001,35740.0,-0.04324805725379187,-0.0021707696186049254,2030
Upstream + Core/OEM,sam_mi_bls_us,bls_us,BLS US,13-0000,Business and Financial Operations Occupations,Bachelor's degree,Unreported,Unreported,BA+,82168.4642648246,8352.079159304803,8352.079159304803,27727.856103576283,8560.357866447192,27483.855251888166,-208.27870714238816,244.0008516881171,0.0,4888.6,26150.0,-0.02433060748064615,0.008877970337562232,2030
Upstream + Core/OEM,sam_mi_bls_us,bls_us,BLS US,15-0000,Computer and Mathematical Occupations,Bachelor's degree,Unreported,Unreported,BA+,115117.48637821936,3059.4665217217685,3059.4665217217685,16554.59877172535,3140.2402077365264,15861.859316125532,-80.77368601475791,692.7394555998162,0.0,1564.0999999999997,11450.0,-0.0257221361014861,0.0436732820404958,2030
Upstream + Core/OEM,sam_mi_bls_us,bls_us,BLS US,17-0000,Architecture and Engineering Occupations,Bachelor's degree,Unreported,Unreported,BA+,96451.76762665453,16978.85627213818,16978.85627213818,76971.7004013092,17428.997217439235,75836.85755341357,-450.1409453010565,1134.8428478956193,0.0,714.5000000000001,77330.0,-0.02582712818673533,0.014964265193825106,2030
Upstream + Core/OEM,sam_mi_bls_us,bls_us,BLS US,19-0000,"Life, Physical, and Social Science Occupations",Bachelor's degree,Unreported,Unreported,BA+,78531.00105155206,729.7547212056318,729.7547212056318,7163.028772224249,743.5646096336915,6972.351906237904,-13.809888428059708,190.67686598634555,0.0,224.29999999999998,6470.0,-0.018572546688125715,0.02734756772901179,2030
Upstream + Core/OEM,sam_mi_bls_us,bls_us,BLS US,23-0000,Legal Occupations,Doctoral or professional degree,Unreported,Unreported,BA+,150054.97585891542,39.834438152369835,39.834438152369835,289.51187907457034,40.271505598243486,284.9611074355079,-0.43706744587365165,4.550771639062418,0.0,102.3,240.0,-0.010853019756299232,0.01596979910703198,2030
Upstream + Core/OEM,sam_mi_bls_us,bls_us,BLS US,27-0000,"Arts, Design, Entertainment, Sports, and Media Occupations",Bachelor's degree,Unreported,Unreported,BA+,77619.46371461217,265.5003463384736,265.5003463384736,3613.3631280732097,267.00252892435697,3556.232816156792,-1.5021825858833608,57.13031191641767,0.0,153.6,4380.0,-0.005626098718746354,0.016064840203054587,2030
Upstream + Core/OEM,sam_mi_bls_us,bls_us,BLS US,29-0000,Healthcare Practitioners and Technical Occupations,Bachelor's degree,Unreported,Unreported,BA+,91314.19425910356,92.24872827106199,92.24872827106199,954.7512137967624,93.12047186834673,930.7118012344204,-0.871743597284734,24.039412562342022,0.0,415.0,430.0,-0.009361460265334576,0.025829061725077627,2030
Upstream + Core/OEM,sam_mi_bls_us,bls_us,BLS US,33-0000,Protective Service Occupations,High school diploma or equivalent,Unreported,Short-term on-the-job training,HS or less,38370.0,128.10110554643322,128.10110554643322,238.43067304941897,147.75118751039795,259.59042304223874,-19.650081963964737,-21.15974999281977,0.0,483.0,140.0,-0.13299440969015472,-0.08151205943902176,2030
Upstream + Core/OEM,sam_mi_bls_us,bls_us,BLS US,37-0000,Building and Grounds Cleaning and Maintenance Occupations,No formal educational credential,Unreported,Short-term on-the-job training,HS or less,35933.16773284008,675.5650271551167,675.5650271551167,1736.6557591658525,714.0428931425299,1763.4358359027074,-38.477865987413225,-26.78007673685488,0.0,2617.2999999999997,1570.0,-0.05388733135914381,-0.015186306295712817,2030
Upstream + Core/OEM,sam_mi_bls_us,bls_us,BLS US,41-0000,Sales and Related Occupations,High school diploma or equivalent,Unreported,Moderate-term on-the-job training,HS or less,75893.71777022026,2387.5034501278715,2387.5034501278715,9797.316362601056,2500.299605503861,9950.779667838862,-112.79615537598966,-153.4633052378067,0.0,2682.3,9220.0,-0.04511305570248208,-0.01542223929787165,2030
Upstream + Core/OEM,sam_mi_bls_us,bls_us,BLS US,43-0000,Office and Administrative Support Occupations,High school diploma or equivalent,Unreported,Short-term on-the-job training,HS or less,48375.20381906559,8902.285915283253,8902.285915283253,26153.750618123497,9786.902357083578,27802.544117271675,-884.6164418003245,-1648.793499148178,0.0,9674.400000000001,28430.0,-0.09038778660748113,-0.059303691496488044,2030
Upstream + Core/OEM,sam_mi_bls_us,bls_us,BLS US,47-0000,Construction and Extraction Occupations,High school diploma or equivalent,Unreported,Apprenticeship,HS or less,62418.15469627086,4398.934775270499,4398.934775270499,6555.38630679165,4528.691097083171,6684.053473328399,-129.75632181267247,-128.6671665367494,0.0,960.0,6340.0,-0.028652058405185907,-0.01924987091293842,2030
Upstream + Core/OEM,sam_mi_bls_us,bls_us,BLS US,49-0000,"Installation, Maintenance, and Repair Occupations",High school diploma or equivalent,Unreported,Long-term on-the-job training,HS or less,62204.6202872715,10745.526760900937,10745.526760900937,18693.244743832154,10797.733599882307,18366.84170045448,-52.20683898137031,326.4030433776752,0.0,2231.1000000000004,19550.0,-0.004834981202160734,0.017771321204864444,2030
Upstream + Core/OEM,sam_mi_bls_us,bls_us,BLS US,51-0000,Production Occupations,High school diploma or equivalent,Unreported,Moderate-term on-the-job training,HS or less,46568.52738153556,131701.37895938123,131701.37895938123,219278.3827324725,140895.55637779058,229819.6469961244,-9194.177418409352,-10541.264263651887,0.0,4161.800000000001,227490.0,-0.06525526890114637,-0.04586755049636662,2030
Upstream + Core/OEM,sam_mi_bls_us,bls_us,BLS US,53-0000,Transportation and Material Moving Occupations,No formal educational credential,Unreported,Short-term on-the-job training,HS or less,42564.08020972776,10768.570531328103,10768.570531328103,19601.887200094723,11556.972707286859,20346.01390105237,-788.4021759587558,-744.1267009576477,0.0,9291.099999999999,19570.0,-0.0682187451616681,-0.036573586579490086,2030
Upstream + Core/OEM,sam_mi_dtmb_mi,dtmb_mi,DTMB MI,00-0000,All Occupations,High school diploma or equivalent,Unreported,Moderate-term on-the-job training,HS or less,59339.802503719126,218707.52588429232,218707.52588429232,478964.2615789574,223902.05726159737,482939.99999999994,-5194.531377305044,-3975.738421042566,0.0,45284.6,474500.0,-0.023200016296571944,-0.008232365140685316,2030
Upstream + Core/OEM,sam_mi_dtmb_mi,dtmb_mi,DTMB MI,11-0000,Management Occupations,Bachelor's degree,5 years or more,Unreported,BA+,132505.29824451197,12518.169092578322,12518.169092578322,37277.6574597364,12700.553028666454,37020.26413249301,-182.38393608813203,257.3933272433933,0.0,5121.200000000001,35740.0,-0.014360314521460029,0.006952768524886805,2030
Upstream + Core/OEM,sam_mi_dtmb_mi,dtmb_mi,DTMB MI,13-0000,Business and Financial Operations Occupations,Bachelor's degree,Unreported,Unreported,BA+,82189.34271988031,8596.666857219365,8596.666857219365,27954.232519148925,8560.357866447192,27483.855251888166,36.308990772173274,470.37726726075925,0.0,4888.6,26150.0,0.004241527204661434,0.017114675614093255,2030
Upstream + Core/OEM,sam_mi_dtmb_mi,dtmb_mi,DTMB MI,15-0000,Computer and Mathematical Occupations,Bachelor's degree,Unreported,Unreported,BA+,115218.16935517182,3163.6097364898474,3163.6097364898474,16675.187052957583,3140.2402077365264,15861.859316125532,23.369528753320992,813.3277368320505,0.0,1564.0999999999997,11450.0,0.007441955776423124,0.05127568720806915,2030
Upstream + Core/OEM,sam_mi_dtmb_mi,dtmb_mi,DTMB MI,17-0000,Architecture and Engineering Occupations,Bachelor's degree,Unreported,Unreported,BA+,96442.43369553178,17548.976858374004,17548.976858374004,77601.60843322681,17428.997217439235,75836.85755341357,119.97964093476912,1764.750879813233,0.0,714.5000000000001,77330.0,0.006883909581138667,0.0232703587245856,2030
Upstream + Core/OEM,sam_mi_dtmb_mi,dtmb_mi,DTMB MI,19-0000,"Life, Physical, and Social Science Occupations",Bachelor's degree,Unreported,Unreported,BA+,78604.72908503567,738.0011812294051,738.0011812294051,7170.896748197793,743.5646096336915,6972.351906237904,-5.5634284042863555,198.5448419598897,0.0,224.29999999999998,6470.0,-0.0074821048933825865,0.028476021381287287,2030
Upstream + Core/OEM,sam_mi_dtmb_mi,dtmb_mi,DTMB MI,23-0000,Legal Occupations,Doctoral or professional degree,Unreported,Unreported,BA+,150083.78596435676,41.76887001360947,41.76887001360947,292.12654412514075,40.271505598243486,284.9611074355079,1.4973644153659862,7.165436689632827,0.0,102.3,240.0,0.03718173415973046,0.025145314580357254,2030
Upstream + Core/OEM,sam_mi_dtmb_mi,dtmb_mi,DTMB MI,27-0000,"Arts, Design, Entertainment, Sports, and Media Occupations",Bachelor's degree,Unreported,Unreported,BA+,77591.79339173992,273.34009322186995,273.34009322186995,3628.3009710199894,267.00252892435697,3556.232816156792,6.337564297512984,72.06815486319738,0.0,153.6,4380.0,0.023735971052575477,0.020265308428563788,2030
Upstream + Core/OEM,sam_mi_dtmb_mi,dtmb_mi,DTMB MI,29-0000,Healthcare Practitioners and Technical Occupations,Bachelor's degree,Unreported,Unreported,BA+,91372.13914150943,96.65683261201559,96.65683261201559,961.5091612567733,93.12047186834673,930.7118012344204,3.5363607436688653,30.797360022352905,0.0,415.0,430.0,0.03797619011927426,0.03309011444950606,2030
Upstream + Core/OEM,sam_mi_dtmb_mi,dtmb_mi,DTMB MI,33-0000,Protective Service Occupations,High school diploma or equivalent,Unreported,Short-term on-the-job training,HS or less,38370.0,132.81050323296847,132.81050323296847,242.13878851550433,147.75118751039795,259.59042304223874,-14.940684277429483,-17.45163452673441,0.0,483.0,140.0,-0.10112056985246251,-0.06722757458542607,2030
Upstream + Core/OEM,sam_mi_dtmb_mi,dtmb_mi,DTMB MI,37-0000,Building and Grounds Cleaning and Maintenance Occupations,No formal educational credential,Unreported,Short-term on-the-job training,HS or less,35933.15130070444,693.500494716521,693.500494716521,1750.7605735895581,714.0428931425299,1763.4358359027074,-20.54239842600896,-12.675262313149233,0.0,2617.2999999999997,1570.0,-0.028769137853331305,-0.007187821668975403,2030
Upstream + Core/OEM,sam_mi_dtmb_mi,dtmb_mi,DTMB MI,41-0000,Sales and Related Occupations,High school diploma or equivalent,Unreported,Moderate-term on-the-job training,HS or less,75895.74979827015,2420.7134812229756,2420.7134812229756,9816.58463221752,2500.299605503861,9950.779667838862,-79.58612428088554,-134.19503562134196,0.0,2682.3,9220.0,-0.03183063505897219,-0.013485881518918889,2030
Upstream + Core/OEM,sam_mi_dtmb_mi,dtmb_mi,DTMB MI,43-0000,Office and Administrative Support Occupations,High school diploma or equivalent,Unreported,Short-term on-the-job training,HS or less,48409.42722978913,9104.423309199385,9104.423309199385,26299.81276463157,9786.902357083578,27802.544117271675,-682.4790478841933,-1502.731352640105,0.0,9674.400000000001,28430.0,-0.06973391814727033,-0.05405013822841372,2030
Upstream + Core/OEM,sam_mi_dtmb_mi,dtmb_mi,DTMB MI,47-0000,Construction and Extraction Occupations,High school diploma or equivalent,Unreported,Apprenticeship,HS or less,62417.90531646384,4602.949167519777,4602.949167519777,6759.429992080411,4528.691097083171,6684.053473328399,74.25807043660552,75.37651875201118,0.0,960.0,6340.0,0.016397247868028243,0.01127706698529397,2030
Upstream + Core/OEM,sam_mi_dtmb_mi,dtmb_mi,DTMB MI,49-0000,"Installation, Maintenance, and Repair Occupations",High school diploma or equivalent,Unreported,Long-term on-the-job training,HS or less,62222.454084759614,11133.682513008813,11133.682513008813,19038.22427719026,10797.733599882307,18366.84170045448,335.94891312650543,671.3825767357812,0.0,2231.1000000000004,19550.0,0.031112909947154762,0.03655405690784432,2030
Upstream + Core/OEM,sam_mi_dtmb_mi,dtmb_mi,DTMB MI,51-0000,Production Occupations,High school diploma or equivalent,Unreported,Moderate-term on-the-job training,HS or less,46539.65125178737,136531.3895140585,136531.3895140585,223628.95591105576,140895.55637779058,229819.6469961244,-4364.166863732069,-6190.691085068625,0.0,4161.800000000001,227490.0,-0.03097448192070871,-0.026937170803212587,2030
Upstream + Core/OEM,sam_mi_dtmb_mi,dtmb_mi,DTMB MI,53-0000,Transportation and Material Moving Occupations,No formal educational credential,Unreported,Short-term on-the-job training,HS or less,42554.72226779844,11110.867379594949,11110.867379594949,19866.835750007358,11556.972707286859,20346.01390105237,-446.10532769191013,-479.1781510450128,0.0,9291.099999999999,19570.0,-0.03860053484513583,-0.02355145107908473,2030
Upstream + Core/OEM,sam_mi_moodys_mi,moodys_mi,Moody's MI,00-0000,All Occupations,High school diploma or equivalent,Unreported,Moderate-term on-the-job training,HS or less,59302.0558159658,221651.61270079287,221651.61270079287,477892.513260168,223902.05726159737,482939.99999999994,-2250.4445608044916,-5047.486739831918,0.0,45284.6,474500.0,-0.010051022256464445,-0.01045158143834,2030
Upstream + Core/OEM,sam_mi_moodys_mi,moodys_mi,Moody's MI,11-0000,Management Occupations,Bachelor's degree,5 years or more,Unreported,BA+,132541.93274806053,12629.974447997984,12629.974447997984,37119.83719606242,12700.553028666454,37020.26413249301,-70.57858066847075,99.57306356941262,0.0,5121.200000000001,35740.0,-0.005557126568360262,0.0026896907924008158,2030
Upstream + Core/OEM,sam_mi_moodys_mi,moodys_mi,Moody's MI,13-0000,Business and Financial Operations Occupations,Bachelor's degree,Unreported,Unreported,BA+,82221.76194221355,8682.98428517996,8682.98428517996,27856.37134018269,8560.357866447192,27483.855251888166,122.6264187327688,372.5160882945238,0.0,4888.6,26150.0,0.014324917327745141,0.013553996878546783,2030
Upstream + Core/OEM,sam_mi_moodys_mi,moodys_mi,Moody's MI,15-0000,Computer and Mathematical Occupations,Bachelor's degree,Unreported,Unreported,BA+,115400.10246135893,3216.75302808136,3216.75302808136,16718.921912955997,3140.2402077365264,15861.859316125532,76.51282034483347,857.0625968304648,0.0,1564.0999999999997,11450.0,0.024365276311134054,0.05403292134605905,2030
Upstream + Core/OEM,sam_mi_moodys_mi,moodys_mi,Moody's MI,17-0000,Architecture and Engineering Occupations,Bachelor's degree,Unreported,Unreported,BA+,96442.31735377229,17816.891768607897,17816.891768607897,77685.88680269559,17428.997217439235,75836.85755341357,387.89455116866156,1849.0292492820154,0.0,714.5000000000001,77330.0,0.022255701021085664,0.024381670192224186,2030
Upstream + Core/OEM,sam_mi_moodys_mi,moodys_mi,Moody's MI,19-0000,"Life, Physical, and Social Science Occupations",Bachelor's degree,Unreported,Unreported,BA+,78647.60133431239,727.7229903973478,727.7229903973478,7149.283249644446,743.5646096336915,6972.351906237904,-15.841619236343718,176.9313434065425,0.0,224.29999999999998,6470.0,-0.021304966684936644,0.02537613502385739,2030
Upstream + Core/OEM,sam_mi_moodys_mi,moodys_mi,Moody's MI,23-0000,Legal Occupations,Doctoral or professional degree,Unreported,Unreported,BA+,150145.5495650548,43.04250551006307,43.04250551006307,294.3797363251922,40.271505598243486,284.9611074355079,2.7709999118195867,9.418628889684271,0.0,102.3,240.0,0.06880795417642516,0.033052331156510135,2030
Upstream + Core/OEM,sam_mi_moodys_mi,moodys_mi,Moody's MI,27-0000,"Arts, Design, Entertainment, Sports, and Media Occupations",Bachelor's degree,Unreported,Unreported,BA+,77601.8420311597,276.65158186130407,276.65158186130407,3636.3874074434616,267.00252892435697,3556.232816156792,9.6490529369471,80.15459128666953,0.0,153.6,4380.0,0.03613843275499732,0.022539185545588748,2030
Upstream + Core/OEM,sam_mi_moodys_mi,moodys_mi,Moody's MI,29-0000,Healthcare Practitioners and Technical Occupations,Bachelor's degree,Unreported,Unreported,BA+,91496.65237576842,99.44582751530389,99.44582751530389,967.682002487731,93.12047186834673,930.7118012344204,6.3253556469571635,36.97020125331062,0.0,415.0,430.0,0.06792658499303914,0.03972250185747764,2030
Upstream + Core/OEM,sam_mi_moodys_mi,moodys_mi,Moody's MI,33-0000,Protective Service Occupations,High school diploma or equivalent,Unreported,Short-term on-the-job training,HS or less,38370.0,135.4487376141188,135.4487376141188,242.93411007895497,147.75118751039795,259.59042304223874,-12.302449896279143,-16.656312963283767,0.0,483.0,140.0,-0.08326464310422792,-0.06416381917361245,2030
Upstream + Core/OEM,sam_mi_moodys_mi,moodys_mi,Moody's MI,37-0000,Building and Grounds Cleaning and Maintenance Occupations,No formal educational credential,Unreported,Short-term on-the-job training,HS or less,35933.05445667714,694.9917519453163,694.9917519453163,1729.7485506476874,714.0428931425299,1763.4358359027074,-19.05114119721361,-33.687285255020015,0.0,2617.2999999999997,1570.0,-0.026680667758443494,-0.01910321009087093,2030
Upstream + Core/OEM,sam_mi_moodys_mi,moodys_mi,Moody's MI,41-0000,Sales and Related Occupations,High school diploma or equivalent,Unreported,Moderate-term on-the-job training,HS or less,75969.53879665089,2406.5089118460605,2406.5089118460605,9698.23683282021,2500.299605503861,9950.779667838862,-93.7906936578006,-252.5428350186521,0.0,2682.3,9220.0,-0.03751178196858527,-0.025379200771058784,2030
Upstream + Core/OEM,sam_mi_moodys_mi,moodys_mi,Moody's MI,43-0000,Office and Administrative Support Occupations,High school diploma or equivalent,Unreported,Short-term on-the-job training,HS or less,48454.7900158991,9099.497458637205,9099.497458637205,25985.92887629161,9786.902357083578,27802.544117271675,-687.4048984463734,-1816.6152409800634,0.0,9674.400000000001,28430.0,-0.07023722863126784,-0.0653398923968089,2030
Upstream + Core/OEM,sam_mi_moodys_mi,moodys_mi,Moody's MI,47-0000,Construction and Extraction Occupations,High school diploma or equivalent,Unreported,Apprenticeship,HS or less,62417.157118076306,4736.852901896909,4736.852901896909,6874.14125198927,4528.691097083171,6684.053473328399,208.16180481373794,190.08777866087075,0.0,960.0,6340.0,0.04596511450026042,0.02843899729698219,2030
Upstream + Core/OEM,sam_mi_moodys_mi,moodys_mi,Moody's MI,49-0000,"Installation, Maintenance, and Repair Occupations",High school diploma or equivalent,Unreported,Long-term on-the-job training,HS or less,62244.20771234871,11278.207526907756,11278.207526907756,18972.851666454942,10797.733599882307,18366.84170045448,480.4739270254486,606.0099660004635,0.0,2231.1000000000004,19550.0,0.04449766449421253,0.03299478352805034,2030
Upstream + Core/OEM,sam_mi_moodys_mi,moodys_mi,Moody's MI,51-0000,Production Occupations,High school diploma or equivalent,Unreported,Moderate-term on-the-job training,HS or less,46496.459383523,138600.66136459657,138600.66136459657,223256.6397117776,140895.55637779058,229819.6469961244,-2294.8950131940073,-6563.007284346793,0.0,4161.800000000001,227490.0,-0.016287916185522458,-0.028557207228055093,2030
Upstream + Core/OEM,sam_mi_moodys_mi,moodys_mi,Moody's MI,53-0000,Transportation and Material Moving Occupations,No formal educational credential,Unreported,Short-term on-the-job training,HS or less,42537.56101935897,11205.977612197712,11205.977612197712,19703.282612310155,11556.972707286859,20346.01390105237,-350.99509508914707,-642.7312887422158,0.0,9291.099999999999,19570.0,-0.0303708509121804,-0.031590034877002196,2030
Upstream + Core/OEM,sam_mi_moodys_mi_detail,moodys_mi_detail,Moody's MI (detail),00-0000,All Occupations,High school diploma or equivalent,Unreported,Moderate-term on-the-job training,HS or less,59283.76179622777,227787.24665217524,227787.24665217524,488052.93307950604,223902.05726159737,482939.99999999994,3885.1893905778707,5112.933079506096,0.0,45284.6,474500.0,0.01735218263777981,0.010587097940750604,2030
Upstream + Core/OEM,sam_mi_moodys_mi_detail,moodys_mi_detail,Moody's MI (detail),11-0000,Management Occupations,Bachelor's degree,5 years or more,Unreported,BA+,132552.21153827407,12958.81390081448,12958.81390081448,37848.683702473834,12700.553028666454,37020.26413249301,258.26087214802646,828.419569980826,0.0,5121.200000000001,35740.0,0.020334616261599405,0.02237746243559929,2030
Upstream + Core/OEM,sam_mi_moodys_mi_detail,moodys_mi_detail,Moody's MI (detail),13-0000,Business and Financial Operations Occupations,Bachelor's degree,Unreported,Unreported,BA+,82230.1945022748,8908.128272691813,8908.128272691813,28398.77416358429,8560.357866447192,27483.855251888166,347.770406244621,914.9189116961243,0.0,4888.6,26150.0,0.040625685476039126,0.03328932216062623,2030
Upstream + Core/OEM,sam_mi_moodys_mi_detail,moodys_mi_detail,Moody's MI (detail),15-0000,Computer and Mathematical Occupations,Bachelor's degree,Unreported,Unreported,BA+,115437.07456390167,3304.4349873843253,3304.4349873843253,17047.105436588266,3140.2402077365264,15861.859316125532,164.1947796477989,1185.2461204627343,0.0,1564.0999999999997,11450.0,0.052287331154883175,0.07472302564541004,2030
Upstream + Core/OEM,sam_mi_moodys_mi_detail,moodys_mi_detail,Moody's MI (detail),17-0000,Architecture and Engineering Occupations,Bachelor's degree,Unreported,Unreported,BA+,96439.48107244277,18304.1076679145,18304.1076679145,79224.83032220884,17428.997217439235,75836.85755341357,875.1104504752657,3387.972768795269,0.0,714.5000000000001,77330.0,0.050210028698589794,0.044674487816284386,2030
Upstream + Core/OEM,sam_mi_moodys_mi_detail,moodys_mi_detail,Moody's MI (detail),19-0000,"Life, Physical, and Social Science Occupations",Bachelor's degree,Unreported,Unreported,BA+,78659.94212283446,742.6397886930149,742.6397886930149,7279.251525093083,743.5646096336915,6972.351906237904,-0.9248209406765682,306.89961885517914,0.0,224.29999999999998,6470.0,-0.0012437667536815268,0.044016656500169976,2030
Upstream + Core/OEM,sam_mi_moodys_mi_detail,moodys_mi_detail,Moody's MI (detail),23-0000,Legal Occupations,Doctoral or professional degree,Unreported,Unreported,BA+,150162.51176509255,44.426715342250475,44.426715342250475,300.4492600726056,40.271505598243486,284.9611074355079,4.155209744006989,15.488152637097699,0.0,102.3,240.0,0.10317989561801298,0.054351812345489844,2030
Upstream + Core/OEM,sam_mi_moodys_mi_detail,moodys_mi_detail,Moody's MI (detail),27-0000,"Arts, Design, Entertainment, Sports, and Media Occupations",Bachelor's degree,Unreported,Unreported,BA+,77592.95720661865,283.976682647955,283.976682647955,3705.4292870974286,267.00252892435697,3556.232816156792,16.97415372359802,149.19647094063657,0.0,153.6,4380.0,0.06357300731187784,0.04195351616542155,2030
Upstream + Core/OEM,sam_mi_moodys_mi_detail,moodys_mi_detail,Moody's MI (detail),29-0000,Healthcare Practitioners and Technical Occupations,Bachelor's degree,Unreported,Unreported,BA+,91530.91698707784,102.59904464736178,102.59904464736178,987.0204820224494,93.12047186834673,930.7118012344204,9.478572779015053,56.30868078802905,0.0,415.0,430.0,0.10178828123224948,0.060500662732916675,2030
Upstream + Core/OEM,sam_mi_moodys_mi_detail,moodys_mi_detail,Moody's MI (detail),33-0000,Protective Service Occupations,High school diploma or equivalent,Unreported,Short-term on-the-job training,HS or less,38370.0,139.46340451337156,139.46340451337156,248.71193728340143,147.75118751039795,259.59042304223874,-8.287782997026397,-10.878485758837314,0.0,483.0,140.0,-0.056092835101194345,-0.04190634473856242,2030
Upstream + Core/OEM,sam_mi_moodys_mi_detail,moodys_mi_detail,Moody's MI (detail),37-0000,Building and Grounds Cleaning and Maintenance Occupations,No formal educational credential,Unreported,Short-term on-the-job training,HS or less,35933.02392200158,712.4701047615389,712.4701047615389,1763.1068955701032,714.0428931425299,1763.4358359027074,-1.5727883809910281,-0.3289403326041338,0.0,2617.2999999999997,1570.0,-0.0022026525242330006,-0.00018653376885456588,2030
Upstream + Core/OEM,sam_mi_moodys_mi_detail,moodys_mi_detail,Moody's MI (detail),41-0000,Sales and Related Occupations,High school diploma or equivalent,Unreported,Moderate-term on-the-job training,HS or less,75965.8178952239,2455.971847913574,2455.971847913574,9863.50755894504,2500.299605503861,9950.779667838862,-44.32775759028709,-87.2721088938215,0.0,2682.3,9220.0,-0.017728978356317482,-0.00877037898606949,2030
Upstream + Core/OEM,sam_mi_moodys_mi_detail,moodys_mi_detail,Moody's MI (detail),43-0000,Office and Administrative Support Occupations,High school diploma or equivalent,Unreported,Short-term on-the-job training,HS or less,48467.47649518823,9313.810501143464,9313.810501143464,26459.333993122367,9786.902357083578,27802.544117271675,-473.0918559401143,-1343.2101241493074,0.0,9674.400000000001,28430.0,-0.048339284349526515,-0.048312489622662616,2030
Upstream + Core/OEM,sam_mi_moodys_mi_detail,moodys_mi_detail,Moody's MI (detail),47-0000,Construction and Extraction Occupations,High school diploma or equivalent,Unreported,Apprenticeship,HS or less,62416.949184343845,4887.510428743544,4887.510428743544,7060.935786211747,4528.691097083171,6684.053473328399,358.8193316603729,376.88231288334737,0.0,960.0,6340.0,0.07923245899714387,0.0563852929045576,2030
Upstream + Core/OEM,sam_mi_moodys_mi_detail,moodys_mi_detail,Moody's MI (detail),49-0000,"Installation, Maintenance, and Repair Occupations",High school diploma or equivalent,Unreported,Long-term on-the-job training,HS or less,62250.02011679656,11595.172060980613,11595.172060980613,19399.981786865465,10797.733599882307,18366.84170045448,797.4384610983052,1033.1400864109855,0.0,2231.1000000000004,19550.0,0.07385239260829672,0.05625028533813851,2030
Upstream + Core/OEM,sam_mi_moodys_mi_detail,moodys_mi_detail,Moody's MI (detail),51-0000,Production Occupations,High school diploma or equivalent,Unreported,Moderate-term on-the-job training,HS or less,46485.23331598974,142526.74622631512,142526.74622631512,228344.38206575948,140895.55637779058,229819.6469961244,1631.1898485245474,-1475.2649303649087,0.0,4161.800000000001,227490.0,0.011577298038773866,-0.00641922894603431,2030
Upstream + Core/OEM,sam_mi_moodys_mi_detail,moodys_mi_detail,Moody's MI (detail),53-0000,Transportation and Material Moving Occupations,No formal educational credential,Unreported,Short-term on-the-job training,HS or less,42535.16634396883,11506.975017668312,11506.975017668312,20121.428876607686,11556.972707286859,20346.01390105237,-49.997689618547156,-224.58502444468468,0.0,9291.099999999999,19570.0,-0.004326192583895504,-0.011038281283837534,2030
Upstream + Core/OEM,sam_mi_moodys_us,moodys_us,Moody's US,00-0000,All Occupations,High school diploma or equivalent,Unreported,Moderate-term on-the-job training,HS or less,59270.46281140793,228366.4384064016,228366.4384064016,489598.18011926545,223902.05726159737,482939.99999999994,4464.38114480424,6658.180119265511,0.0,45284.6,474500.0,0.019938991179470282,0.013786764648332115,2030
Upstream + Core/OEM,sam_mi_moodys_us,moodys_us,Moody's US,11-0000,Management Occupations,Bachelor's degree,5 years or more,Unreported,BA+,132561.06905933682,12984.349074423106,12984.349074423106,38014.52043928038,12700.553028666454,37020.26413249301,283.79604575665144,994.2563067873707,0.0,5121.200000000001,35740.0,0.022345172302032406,0.0268570830080789,2030
Upstream + Core/OEM,sam_mi_moodys_us,moodys_us,Moody's US,13-0000,Business and Financial Operations Occupations,Bachelor's degree,Unreported,Unreported,BA+,82226.37040100273,8920.151110272813,8920.151110272813,28524.782451403044,8560.357866447192,27483.855251888166,359.7932438256212,1040.9271995148774,0.0,4888.6,26150.0,0.04203016385983712,0.037874133376661734,2030
Upstream + Core/OEM,sam_mi_moodys_us,moodys_us,Moody's US,15-0000,Computer and Mathematical Occupations,Bachelor's degree,Unreported,Unreported,BA+,115432.43634327907,3309.185475917422,3309.185475917422,17218.69505680432,3140.2402077365264,15861.859316125532,168.9452681808957,1356.835740678789,0.0,1564.0999999999997,11450.0,0.053800109865694265,0.08554077511577717,2030
Upstream + Core/OEM,sam_mi_moodys_us,moodys_us,Moody's US,17-0000,Architecture and Engineering Occupations,Bachelor's degree,Unreported,Unreported,BA+,96432.469133024,18327.779916414882,18327.779916414882,79846.07259818057,17428.997217439235,75836.85755341357,898.7826989756468,4009.215044766999,0.0,714.5000000000001,77330.0,0.051568239283229456,0.05286631295268558,2030
Upstream + Core/OEM,sam_mi_moodys_us,moodys_us,Moody's US,19-0000,"Life, Physical, and Social Science Occupations",Bachelor's degree,Unreported,Unreported,BA+,78657.49243333637,748.2164993122542,748.2164993122542,7376.403518592102,743.5646096336915,6972.351906237904,4.651889678562725,404.05161235419837,0.0,224.29999999999998,6470.0,0.006256201032556437,0.05795054779043904,2030
Upstream + Core/OEM,sam_mi_moodys_us,moodys_us,Moody's US,23-0000,Legal Occupations,Doctoral or professional degree,Unreported,Unreported,BA+,150149.92266758654,44.56225032919221,44.56225032919221,304.4488513944294,40.271505598243486,284.9611074355079,4.290744730948724,19.4877439589215,0.0,102.3,240.0,0.1065454262811538,0.06838738147216088,2030
Upstream + Core/OEM,sam_mi_moodys_us,moodys_us,Moody's US,27-0000,"Arts, Design, Entertainment, Sports, and Media Occupations",Bachelor's degree,Unreported,Unreported,BA+,77559.24876503754,284.46073217702997,284.46073217702997,3750.356561233126,267.00252892435697,3556.232816156792,17.458203252673,194.12374507633376,0.0,153.6,4380.0,0.06538590972529323,0.054586905613823844,2030
Upstream + Core/OEM,sam_mi_moodys_us,moodys_us,Moody's US,29-0000,Healthcare Practitioners and Technical Occupations,Bachelor's degree,Unreported,Unreported,BA+,91505.48342553416,102.94545618424759,102.94545618424759,1000.7151487350426,93.12047186834673,930.7118012344204,9.824984315900863,70.00334750062223,0.0,415.0,430.0,0.10550831754580646,0.07521484890142736,2030
Upstream + Core/OEM,sam_mi_moodys_us,moodys_us,Moody's US,33-0000,Protective Service Occupations,High school diploma or equivalent,Unreported,Short-term on-the-job training,HS or less,38370.0,140.05419234514184,140.05419234514184,250.72961150496866,147.75118751039795,259.59042304223874,-7.696995165256112,-8.86081153727008,0.0,483.0,140.0,-0.05209430323336276,-0.03413381523642847,2030
Upstream + Core/OEM,sam_mi_moodys_us,moodys_us,Moody's US,37-0000,Building and Grounds Cleaning and Maintenance Occupations,No formal educational credential,Unreported,Short-term on-the-job training,HS or less,35933.06216781096,714.624655410471,714.624655410471,1764.956165838203,714.0428931425299,1763.4358359027074,0.5817622679410306,1.520329935495738,0.0,2617.2999999999997,1570.0,0.000814744147064713,0.0008621407734506412,2030
Upstream + Core/OEM,sam_mi_moodys_us,moodys_us,Moody's US,41-0000,Sales and Related Occupations,High school diploma or equivalent,Unreported,Moderate-term on-the-job training,HS or less,75940.84177916142,2454.5500413746154,2454.5500413746154,9872.792593932434,2500.299605503861,9950.779667838862,-45.749564129245755,-77.98707390642812,0.0,2682.3,9220.0,-0.01829763282309773,-0.007837282756695343,2030
Upstream + Core/OEM,sam_mi_moodys_us,moodys_us,Moody's US,43-0000,Office and Administrative Support Occupations,High school diploma or equivalent,Unreported,Short-term on-the-job training,HS or less,48466.28572703671,9333.366026187332,9333.366026187332,26502.311034267615,9786.902357083578,27802.544117271675,-453.536330896246,-1300.2330830040592,0.0,9674.400000000001,28430.0,-0.04634115211826803,-0.04676669435428825,2030
Upstream + Core/OEM,sam_mi_moodys_us,moodys_us,Moody's US,47-0000,Construction and Extraction Occupations,High school diploma or equivalent,Unreported,Apprenticeship,HS or less,62417.17157724582,4898.70032401283,4898.70032401283,7085.098192675758,4528.691097083171,6684.053473328399,370.0092269296583,401.0447193473583,0.0,960.0,6340.0,0.08170334849466174,0.06000022605259823,2030
Upstream + Core/OEM,sam_mi_moodys_us,moodys_us,Moody's US,49-0000,"Installation, Maintenance, and Repair Occupations",High school diploma or equivalent,Unreported,Long-term on-the-job training,HS or less,62248.90653480141,11635.402968971215,11635.402968971215,19446.18015062882,10797.733599882307,18366.84170045448,837.6693690889078,1079.3384501743421,0.0,2231.1000000000004,19550.0,0.07757825856141128,0.05876559877725926,2030
Upstream + Core/OEM,sam_mi_moodys_us,moodys_us,Moody's US,51-0000,Production Occupations,High school diploma or equivalent,Unreported,Moderate-term on-the-job training,HS or less,46481.91624720565,142915.18539587292,142915.18539587292,228451.39845679735,140895.55637779058,229819.6469961244,2019.6290180823416,-1368.2485393270326,0.0,4161.800000000001,227490.0,0.014334227920339839,-0.005953575149952721,2030
Upstream + Core/OEM,sam_mi_moodys_us,moodys_us,Moody's US,53-0000,Transportation and Material Moving Occupations,No formal educational credential,Unreported,Short-term on-the-job training,HS or less,42539.45317500906,11552.904287196103,11552.904287196103,20188.719287997334,11556.972707286859,20346.01390105237,-4.068420090756263,-157.2946130550372,0.0,9291.099999999999,19570.0,-0.0003520316430436024,-0.007730979336787995,2030
