adjustment_source,forecast_source,projection_label,segment_id,segment_name,year,value_type,employment_auto,employment_raw,auto_share_ratio,,,,
sam_mi,bls_us,BLS US,1,1. Materials & Processing,2001,QCEW,30402.00345,96567,0.314828083,,,,
sam_mi,bls_us,BLS US,2,2. Equipment Manufacturing,2001,QCEW,8381.597087,69888,0.119928988,,,,
sam_mi,bls_us,BLS US,3,3. Forging & Foundries,2001,QCEW,13346.70693,22569,0.59137343,,,,
sam_mi,bls_us,BLS US,4,4. Parts & Machining,2001,QCEW,15908.56355,53878,0.29527012,,,,
sam_mi,bls_us,BLS US,5,5. Component Systems,2001,QCEW,4625.09372,16198,0.285534864,,,,
sam_mi,bls_us,BLS US,6,6. Engineering & Design,2001,QCEW,760.7010813,102457,0.007424589,,,,
sam_mi,bls_us,BLS US,7,7. Core Automotive,2001,QCEW,304333,304333,1,,,,
sam_mi,bls_us,BLS US,8,"8. Motor Vehicle Parts, Materials, & Products Sales",2001,QCEW,107590.1765,107590.1765,1,,,,
sam_mi,bls_us,BLS US,9,"9. Dealers, Maintenance, & Repair",2001,QCEW,75615,75615,1,,,,
sam_mi,bls_us,BLS US,10,10. Logistics,2001,QCEW,36463,36463,1,,,,
sam_mi,bls_us,BLS US,1,1. Materials & Processing,2002,QCEW,28412.12142,90158,0.315136997,,,,
sam_mi,bls_us,BLS US,2,2. Equipment Manufacturing,2002,QCEW,7321.470104,61235,0.119563487,,,,
sam_mi,bls_us,BLS US,3,3. Forging & Foundries,2002,QCEW,12255.34878,20853,0.587701951,,,,
sam_mi,bls_us,BLS US,4,4. Parts & Machining,2002,QCEW,15193.47042,50874,0.298649023,,,,
sam_mi,bls_us,BLS US,5,5. Component Systems,2002,QCEW,4548.832473,15254,0.298205879,,,,
sam_mi,bls_us,BLS US,6,6. Engineering & Design,2002,QCEW,732.387828,102250,0.007162717,,,,
sam_mi,bls_us,BLS US,7,7. Core Automotive,2002,QCEW,283180,283180,1,,,,
sam_mi,bls_us,BLS US,8,"8. Motor Vehicle Parts, Materials, & Products Sales",2002,QCEW,104826.7278,104826.7278,1,,,,
sam_mi,bls_us,BLS US,9,"9. Dealers, Maintenance, & Repair",2002,QCEW,76404,76404,1,,,,
sam_mi,bls_us,BLS US,10,10. Logistics,2002,QCEW,35744,35744,1,,,,
sam_mi,bls_us,BLS US,1,1. Materials & Processing,2003,QCEW,27749.57827,88475,0.313643157,,,,
sam_mi,bls_us,BLS US,2,2. Equipment Manufacturing,2003,QCEW,6925.564339,58385,0.118618898,,,,
sam_mi,bls_us,BLS US,3,3. Forging & Foundries,2003,QCEW,11732.46671,20120,0.583124588,,,,
sam_mi,bls_us,BLS US,4,4. Parts & Machining,2003,QCEW,14944.78079,49178,0.303891594,,,,
sam_mi,bls_us,BLS US,5,5. Component Systems,2003,QCEW,4342.599401,14725,0.294913372,,,,
sam_mi,bls_us,BLS US,6,6. Engineering & Design,2003,QCEW,709.2731274,99969,0.007094931,,,,
sam_mi,bls_us,BLS US,7,7. Core Automotive,2003,QCEW,261958,261958,1,,,,
sam_mi,bls_us,BLS US,8,"8. Motor Vehicle Parts, Materials, & Products Sales",2003,QCEW,102056.93,102056.93,1,,,,
sam_mi,bls_us,BLS US,9,"9. Dealers, Maintenance, & Repair",2003,QCEW,74642,74642,1,,,,
sam_mi,bls_us,BLS US,10,10. Logistics,2003,QCEW,34947,34947,1,,,,
sam_mi,bls_us,BLS US,1,1. Materials & Processing,2004,QCEW,27040.36351,87072,0.310551768,,,,
sam_mi,bls_us,BLS US,2,2. Equipment Manufacturing,2004,QCEW,6748.251814,56958,0.118477682,,,,
sam_mi,bls_us,BLS US,3,3. Forging & Foundries,2004,QCEW,12734.71093,21836,0.583197972,,,,
sam_mi,bls_us,BLS US,4,4. Parts & Machining,2004,QCEW,14984.626,49248,0.304268722,,,,
sam_mi,bls_us,BLS US,5,5. Component Systems,2004,QCEW,4482.971181,14908,0.300709094,,,,
sam_mi,bls_us,BLS US,6,6. Engineering & Design,2004,QCEW,703.4872748,98337,0.007153841,,,,
sam_mi,bls_us,BLS US,7,7. Core Automotive,2004,QCEW,249612,249612,1,,,,
sam_mi,bls_us,BLS US,8,"8. Motor Vehicle Parts, Materials, & Products Sales",2004,QCEW,100039.4028,100039.4028,1,,,,
sam_mi,bls_us,BLS US,9,"9. Dealers, Maintenance, & Repair",2004,QCEW,74365,74365,1,,,,
sam_mi,bls_us,BLS US,10,10. Logistics,2004,QCEW,36028,36028,1,,,,
sam_mi,bls_us,BLS US,1,1. Materials & Processing,2005,QCEW,26662.19257,88546,0.301111203,,,,
sam_mi,bls_us,BLS US,2,2. Equipment Manufacturing,2005,QCEW,6612.348685,55729,0.118651845,,,,
sam_mi,bls_us,BLS US,3,3. Forging & Foundries,2005,QCEW,12505.74454,21459,0.582773873,,,,
sam_mi,bls_us,BLS US,4,4. Parts & Machining,2005,QCEW,15638.4699,50724,0.30830514,,,,
sam_mi,bls_us,BLS US,5,5. Component Systems,2005,QCEW,4384.700351,15615,0.280800535,,,,
sam_mi,bls_us,BLS US,6,6. Engineering & Design,2005,QCEW,717.3347451,97957,0.007322955,,,,
sam_mi,bls_us,BLS US,7,7. Core Automotive,2005,QCEW,232083,232083,1,,,,
sam_mi,bls_us,BLS US,8,"8. Motor Vehicle Parts, Materials, & Products Sales",2005,QCEW,99441.067,99441.067,1,,,,
sam_mi,bls_us,BLS US,9,"9. Dealers, Maintenance, & Repair",2005,QCEW,71952,71952,1,,,,
sam_mi,bls_us,BLS US,10,10. Logistics,2005,QCEW,37382,37382,1,,,,
sam_mi,bls_us,BLS US,1,1. Materials & Processing,2006,QCEW,25513.73721,85620,0.297988054,,,,
sam_mi,bls_us,BLS US,2,2. Equipment Manufacturing,2006,QCEW,6464.63708,54338,0.118970832,,,,
sam_mi,bls_us,BLS US,3,3. Forging & Foundries,2006,QCEW,12066.15366,20882,0.577825575,,,,
sam_mi,bls_us,BLS US,4,4. Parts & Machining,2006,QCEW,15471.29329,50064,0.309030307,,,,
sam_mi,bls_us,BLS US,5,5. Component Systems,2006,QCEW,4258.335351,15814,0.269276296,,,,
sam_mi,bls_us,BLS US,6,6. Engineering & Design,2006,QCEW,702.9105062,95510,0.007359549,,,,
sam_mi,bls_us,BLS US,7,7. Core Automotive,2006,QCEW,213893,213893,1,,,,
sam_mi,bls_us,BLS US,8,"8. Motor Vehicle Parts, Materials, & Products Sales",2006,QCEW,98829.07437,98829.07437,1,,,,
sam_mi,bls_us,BLS US,9,"9. Dealers, Maintenance, & Repair",2006,QCEW,68884,68884,1,,,,
sam_mi,bls_us,BLS US,10,10. Logistics,2006,QCEW,38765,38765,1,,,,
sam_mi,bls_us,BLS US,1,1. Materials & Processing,2007,QCEW,24394.54566,82139,0.296991023,,,,
sam_mi,bls_us,BLS US,2,2. Equipment Manufacturing,2007,QCEW,6121.481468,51185,0.119595223,,,,
sam_mi,bls_us,BLS US,3,3. Forging & Foundries,2007,QCEW,11290.77274,19764,0.571279738,,,,
sam_mi,bls_us,BLS US,4,4. Parts & Machining,2007,QCEW,14954.38004,48225,0.310096009,,,,
sam_mi,bls_us,BLS US,5,5. Component Systems,2007,QCEW,4118.463209,15751,0.261473126,,,,
sam_mi,bls_us,BLS US,6,6. Engineering & Design,2007,QCEW,698.960594,93220,0.007497968,,,,
sam_mi,bls_us,BLS US,7,7. Core Automotive,2007,QCEW,198068,198068,1,,,,
sam_mi,bls_us,BLS US,8,"8. Motor Vehicle Parts, Materials, & Products Sales",2007,QCEW,97215.685,97215.685,1,,,,
sam_mi,bls_us,BLS US,9,"9. Dealers, Maintenance, & Repair",2007,QCEW,66333,66333,1,,,,
sam_mi,bls_us,BLS US,10,10. Logistics,2007,QCEW,40761,40761,1,,,,
sam_mi,bls_us,BLS US,1,1. Materials & Processing,2008,QCEW,22980.53767,77593,0.296167665,,,,
sam_mi,bls_us,BLS US,2,2. Equipment Manufacturing,2008,QCEW,5888.679286,49109,0.119910389,,,,
sam_mi,bls_us,BLS US,3,3. Forging & Foundries,2008,QCEW,10282.61941,17934,0.57335895,,,,
sam_mi,bls_us,BLS US,4,4. Parts & Machining,2008,QCEW,14528.85552,46965,0.309354956,,,,
sam_mi,bls_us,BLS US,5,5. Component Systems,2008,QCEW,4292.290996,15865,0.270550961,,,,
sam_mi,bls_us,BLS US,6,6. Engineering & Design,2008,QCEW,673.0359223,88873,0.007573008,,,,
sam_mi,bls_us,BLS US,7,7. Core Automotive,2008,QCEW,167000,167000,1,,,,
sam_mi,bls_us,BLS US,8,"8. Motor Vehicle Parts, Materials, & Products Sales",2008,QCEW,95828.59295,95828.59295,1,,,,
sam_mi,bls_us,BLS US,9,"9. Dealers, Maintenance, & Repair",2008,QCEW,63843,63843,1,,,,
sam_mi,bls_us,BLS US,10,10. Logistics,2008,QCEW,38940,38940,1,,,,
sam_mi,bls_us,BLS US,1,1. Materials & Processing,2009,QCEW,17615.54464,59620,0.295463681,,,,
sam_mi,bls_us,BLS US,2,2. Equipment Manufacturing,2009,QCEW,4766.456353,39495,0.120685058,,,,
sam_mi,bls_us,BLS US,3,3. Forging & Foundries,2009,QCEW,7444.944743,13152,0.5660694,,,,
sam_mi,bls_us,BLS US,4,4. Parts & Machining,2009,QCEW,11381.08026,37232,0.305680067,,,,
sam_mi,bls_us,BLS US,5,5. Component Systems,2009,QCEW,3708.358735,13865,0.267461863,,,,
sam_mi,bls_us,BLS US,6,6. Engineering & Design,2009,QCEW,587.9915569,77775,0.007560161,,,,
sam_mi,bls_us,BLS US,7,7. Core Automotive,2009,QCEW,122598,122598,1,,,,
sam_mi,bls_us,BLS US,8,"8. Motor Vehicle Parts, Materials, & Products Sales",2009,QCEW,87246.23037,87246.23037,1,,,,
sam_mi,bls_us,BLS US,9,"9. Dealers, Maintenance, & Repair",2009,QCEW,58528,58528,1,,,,
sam_mi,bls_us,BLS US,10,10. Logistics,2009,QCEW,33872,33872,1,,,,
sam_mi,bls_us,BLS US,1,1. Materials & Processing,2010,QCEW,18899.93778,64137,0.294680727,,,,
sam_mi,bls_us,BLS US,2,2. Equipment Manufacturing,2010,QCEW,4728.47101,40126,0.117840577,,,,
sam_mi,bls_us,BLS US,3,3. Forging & Foundries,2010,QCEW,8069.098646,14405,0.560159573,,,,
sam_mi,bls_us,BLS US,4,4. Parts & Machining,2010,QCEW,12321.6292,40120,0.307119372,,,,
sam_mi,bls_us,BLS US,5,5. Component Systems,2010,QCEW,3644.743681,13189,0.276347235,,,,
sam_mi,bls_us,BLS US,6,6. Engineering & Design,2010,QCEW,609.1015191,80680,0.007549597,,,,
sam_mi,bls_us,BLS US,7,7. Core Automotive,2010,QCEW,126033,126033,1,,,,
sam_mi,bls_us,BLS US,8,"8. Motor Vehicle Parts, Materials, & Products Sales",2010,QCEW,89086.8125,89086.8125,1,,,,
sam_mi,bls_us,BLS US,9,"9. Dealers, Maintenance, & Repair",2010,QCEW,57415,57415,1,,,,
sam_mi,bls_us,BLS US,10,10. Logistics,2010,QCEW,34234,34234,1,,,,
sam_mi,bls_us,BLS US,1,1. Materials & Processing,2011,QCEW,20536.11974,69846,0.294019983,,,,
sam_mi,bls_us,BLS US,2,2. Equipment Manufacturing,2011,QCEW,5218.672474,44416,0.117495328,,,,
sam_mi,bls_us,BLS US,3,3. Forging & Foundries,2011,QCEW,9328.231486,16777,0.556013083,,,,
sam_mi,bls_us,BLS US,4,4. Parts & Machining,2011,QCEW,13891.08772,44729,0.310561106,,,,
sam_mi,bls_us,BLS US,5,5. Component Systems,2011,QCEW,4381.646917,14492,0.302349359,,,,
sam_mi,bls_us,BLS US,6,6. Engineering & Design,2011,QCEW,663.4546497,86598,0.007661316,,,,
sam_mi,bls_us,BLS US,7,7. Core Automotive,2011,QCEW,137663,137663,1,,,,
sam_mi,bls_us,BLS US,8,"8. Motor Vehicle Parts, Materials, & Products Sales",2011,QCEW,92585.61085,92585.61085,1,,,,
sam_mi,bls_us,BLS US,9,"9. Dealers, Maintenance, & Repair",2011,QCEW,58514,58514,1,,,,
sam_mi,bls_us,BLS US,10,10. Logistics,2011,QCEW,36615,36615,1,,,,
sam_mi,bls_us,BLS US,1,1. Materials & Processing,2012,QCEW,20874.04374,72219,0.289038116,,,,
sam_mi,bls_us,BLS US,2,2. Equipment Manufacturing,2012,QCEW,5709.020442,48753,0.117100905,,,,
sam_mi,bls_us,BLS US,3,3. Forging & Foundries,2012,QCEW,9888.2863,17730,0.557714963,,,,
sam_mi,bls_us,BLS US,4,4. Parts & Machining,2012,QCEW,14869.70862,47604,0.312362588,,,,
sam_mi,bls_us,BLS US,5,5. Component Systems,2012,QCEW,4579.766128,15170,0.301896251,,,,
sam_mi,bls_us,BLS US,6,6. Engineering & Design,2012,QCEW,713.3704627,93379,0.007639517,,,,
sam_mi,bls_us,BLS US,7,7. Core Automotive,2012,QCEW,150169,150169,1,,,,
sam_mi,bls_us,BLS US,8,"8. Motor Vehicle Parts, Materials, & Products Sales",2012,QCEW,95608.29067,95608.29067,1,,,,
sam_mi,bls_us,BLS US,9,"9. Dealers, Maintenance, & Repair",2012,QCEW,60173,60173,1,,,,
sam_mi,bls_us,BLS US,10,10. Logistics,2012,QCEW,38488,38488,1,,,,
sam_mi,bls_us,BLS US,1,1. Materials & Processing,2013,QCEW,21753.94493,74741,0.291057718,,,,
sam_mi,bls_us,BLS US,2,2. Equipment Manufacturing,2013,QCEW,5969.451894,50347,0.118566189,,,,
sam_mi,bls_us,BLS US,3,3. Forging & Foundries,2013,QCEW,9678.86421,17469,0.554059432,,,,
sam_mi,bls_us,BLS US,4,4. Parts & Machining,2013,QCEW,15149.99965,48091,0.315027752,,,,
sam_mi,bls_us,BLS US,5,5. Component Systems,2013,QCEW,4432.149125,15239,0.290842518,,,,
sam_mi,bls_us,BLS US,6,6. Engineering & Design,2013,QCEW,758.5062954,98826,0.007675169,,,,
sam_mi,bls_us,BLS US,7,7. Core Automotive,2013,QCEW,160593,160593,1,,,,
sam_mi,bls_us,BLS US,8,"8. Motor Vehicle Parts, Materials, & Products Sales",2013,QCEW,98503.90548,98503.90548,1,,,,
sam_mi,bls_us,BLS US,9,"9. Dealers, Maintenance, & Repair",2013,QCEW,61157,61157,1,,,,
sam_mi,bls_us,BLS US,10,10. Logistics,2013,QCEW,40737,40737,1,,,,
sam_mi,bls_us,BLS US,1,1. Materials & Processing,2014,QCEW,23003.117,78687,0.292336943,,,,
sam_mi,bls_us,BLS US,2,2. Equipment Manufacturing,2014,QCEW,6177.456012,51620,0.119671755,,,,
sam_mi,bls_us,BLS US,3,3. Forging & Foundries,2014,QCEW,9915.100577,17851,0.555436703,,,,
sam_mi,bls_us,BLS US,4,4. Parts & Machining,2014,QCEW,15846.2048,50307,0.314990057,,,,
sam_mi,bls_us,BLS US,5,5. Component Systems,2014,QCEW,4533.05101,15439,0.293610403,,,,
sam_mi,bls_us,BLS US,6,6. Engineering & Design,2014,QCEW,776.8738953,102924,0.007548034,,,,
sam_mi,bls_us,BLS US,7,7. Core Automotive,2014,QCEW,170363,170363,1,,,,
sam_mi,bls_us,BLS US,8,"8. Motor Vehicle Parts, Materials, & Products Sales",2014,QCEW,102424.8873,102424.8873,1,,,,
sam_mi,bls_us,BLS US,9,"9. Dealers, Maintenance, & Repair",2014,QCEW,64200,64200,1,,,,
sam_mi,bls_us,BLS US,10,10. Logistics,2014,QCEW,43426,43426,1,,,,
sam_mi,bls_us,BLS US,1,1. Materials & Processing,2015,QCEW,23448.8534,79982,0.293176632,,,,
sam_mi,bls_us,BLS US,2,2. Equipment Manufacturing,2015,QCEW,6365.532035,52970,0.1201724,,,,
sam_mi,bls_us,BLS US,3,3. Forging & Foundries,2015,QCEW,9963.247352,18047,0.55207222,,,,
sam_mi,bls_us,BLS US,4,4. Parts & Machining,2015,QCEW,16512.84515,52603,0.313914513,,,,
sam_mi,bls_us,BLS US,5,5. Component Systems,2015,QCEW,4992.017393,16676,0.299353406,,,,
sam_mi,bls_us,BLS US,6,6. Engineering & Design,2015,QCEW,938.655054,117555,0.007984816,,,,
sam_mi,bls_us,BLS US,7,7. Core Automotive,2015,QCEW,166670,166670,1,,,,
sam_mi,bls_us,BLS US,8,"8. Motor Vehicle Parts, Materials, & Products Sales",2015,QCEW,104833.717,104833.717,1,,,,
sam_mi,bls_us,BLS US,9,"9. Dealers, Maintenance, & Repair",2015,QCEW,66784,66784,1,,,,
sam_mi,bls_us,BLS US,10,10. Logistics,2015,QCEW,45930,45930,1,,,,
sam_mi,bls_us,BLS US,1,1. Materials & Processing,2016,QCEW,23739.79796,81235,0.29223608,,,,
sam_mi,bls_us,BLS US,2,2. Equipment Manufacturing,2016,QCEW,6427.853245,53396,0.120380801,,,,
sam_mi,bls_us,BLS US,3,3. Forging & Foundries,2016,QCEW,10023.45172,18194,0.550920728,,,,
sam_mi,bls_us,BLS US,4,4. Parts & Machining,2016,QCEW,16367.76462,52458,0.312016558,,,,
sam_mi,bls_us,BLS US,5,5. Component Systems,2016,QCEW,4955.65388,16542,0.299580092,,,,
sam_mi,bls_us,BLS US,6,6. Engineering & Design,2016,QCEW,974.8572872,121842,0.008000995,,,,
sam_mi,bls_us,BLS US,7,7. Core Automotive,2016,QCEW,173344,173344,1,,,,
sam_mi,bls_us,BLS US,8,"8. Motor Vehicle Parts, Materials, & Products Sales",2016,QCEW,105625.1859,105625.1859,1,,,,
sam_mi,bls_us,BLS US,9,"9. Dealers, Maintenance, & Repair",2016,QCEW,68358,68358,1,,,,
sam_mi,bls_us,BLS US,10,10. Logistics,2016,QCEW,46900,46900,1,,,,
sam_mi,bls_us,BLS US,1,1. Materials & Processing,2017,QCEW,24108.82173,82226,0.293201928,,,,
sam_mi,bls_us,BLS US,2,2. Equipment Manufacturing,2017,QCEW,6570.844634,54519,0.120523939,,,,
sam_mi,bls_us,BLS US,3,3. Forging & Foundries,2017,QCEW,10197.75072,18552,0.549684709,,,,
sam_mi,bls_us,BLS US,4,4. Parts & Machining,2017,QCEW,16139.39663,52257,0.308846597,,,,
sam_mi,bls_us,BLS US,5,5. Component Systems,2017,QCEW,5074.521584,16794,0.302162771,,,,
sam_mi,bls_us,BLS US,6,6. Engineering & Design,2017,QCEW,948.5175797,113721,0.008340743,,,,
sam_mi,bls_us,BLS US,7,7. Core Automotive,2017,QCEW,180711,180711,1,,,,
sam_mi,bls_us,BLS US,8,"8. Motor Vehicle Parts, Materials, & Products Sales",2017,QCEW,107098.9302,107098.9302,1,,,,
sam_mi,bls_us,BLS US,9,"9. Dealers, Maintenance, & Repair",2017,QCEW,68500,68500,1,,,,
sam_mi,bls_us,BLS US,10,10. Logistics,2017,QCEW,46723,46723,1,,,,
sam_mi,bls_us,BLS US,1,1. Materials & Processing,2018,QCEW,24548.64085,83724,0.293209126,,,,
sam_mi,bls_us,BLS US,2,2. Equipment Manufacturing,2018,QCEW,6739.387338,55424,0.121596914,,,,
sam_mi,bls_us,BLS US,3,3. Forging & Foundries,2018,QCEW,10595.13614,19277,0.549625779,,,,
sam_mi,bls_us,BLS US,4,4. Parts & Machining,2018,QCEW,16414.67444,53718,0.305571213,,,,
sam_mi,bls_us,BLS US,5,5. Component Systems,2018,QCEW,5353.222206,17376,0.308081388,,,,
sam_mi,bls_us,BLS US,6,6. Engineering & Design,2018,QCEW,975.529221,116698,0.008359434,,,,
sam_mi,bls_us,BLS US,7,7. Core Automotive,2018,QCEW,182995,182995,1,,,,
sam_mi,bls_us,BLS US,8,"8. Motor Vehicle Parts, Materials, & Products Sales",2018,QCEW,110520.0778,110520.0778,1,,,,
sam_mi,bls_us,BLS US,9,"9. Dealers, Maintenance, & Repair",2018,QCEW,68540,68540,1,,,,
sam_mi,bls_us,BLS US,10,10. Logistics,2018,QCEW,47502,47502,1,,,,
sam_mi,bls_us,BLS US,1,1. Materials & Processing,2019,QCEW,24426.35337,83591,0.292212719,,,,
sam_mi,bls_us,BLS US,2,2. Equipment Manufacturing,2019,QCEW,6576.70413,53502,0.122924454,,,,
sam_mi,bls_us,BLS US,3,3. Forging & Foundries,2019,QCEW,10542.21836,19271,0.547050924,,,,
sam_mi,bls_us,BLS US,4,4. Parts & Machining,2019,QCEW,15908.69373,52591,0.302498407,,,,
sam_mi,bls_us,BLS US,5,5. Component Systems,2019,QCEW,5780.272514,18237,0.316953036,,,,
sam_mi,bls_us,BLS US,6,6. Engineering & Design,2019,QCEW,972.141431,118343,0.008214609,,,,
sam_mi,bls_us,BLS US,7,7. Core Automotive,2019,QCEW,180821,180821,1,,,,
sam_mi,bls_us,BLS US,8,"8. Motor Vehicle Parts, Materials, & Products Sales",2019,QCEW,111801.6657,111801.6657,1,,,,
sam_mi,bls_us,BLS US,9,"9. Dealers, Maintenance, & Repair",2019,QCEW,68868,68868,1,,,,
sam_mi,bls_us,BLS US,10,10. Logistics,2019,QCEW,48382,48382,1,,,,
sam_mi,bls_us,BLS US,1,1. Materials & Processing,2020,QCEW,20793.90897,70950,0.293078351,,,,
sam_mi,bls_us,BLS US,2,2. Equipment Manufacturing,2020,QCEW,6069.646603,48267,0.125751478,,,,
sam_mi,bls_us,BLS US,3,3. Forging & Foundries,2020,QCEW,8708.642444,15883,0.548299594,,,,
sam_mi,bls_us,BLS US,4,4. Parts & Machining,2020,QCEW,13677.9739,45730,0.299102862,,,,
sam_mi,bls_us,BLS US,5,5. Component Systems,2020,QCEW,5449.419588,16885,0.322737316,,,,
sam_mi,bls_us,BLS US,6,6. Engineering & Design,2020,QCEW,947.1381094,115403,0.008207223,,,,
sam_mi,bls_us,BLS US,7,7. Core Automotive,2020,QCEW,154727,154727,1,,,,
sam_mi,bls_us,BLS US,8,"8. Motor Vehicle Parts, Materials, & Products Sales",2020,QCEW,103058.2354,103058.2354,1,,,,
sam_mi,bls_us,BLS US,9,"9. Dealers, Maintenance, & Repair",2020,QCEW,62425,62425,1,,,,
sam_mi,bls_us,BLS US,10,10. Logistics,2020,QCEW,44778,44778,1,,,,
sam_mi,bls_us,BLS US,1,1. Materials & Processing,2021,QCEW,21220.81779,72517,0.292632318,,,,
sam_mi,bls_us,BLS US,2,2. Equipment Manufacturing,2021,QCEW,6132.49678,48420,0.126652143,,,,
sam_mi,bls_us,BLS US,3,3. Forging & Foundries,2021,QCEW,8863.944357,16199,0.547190836,,,,
sam_mi,bls_us,BLS US,4,4. Parts & Machining,2021,QCEW,14221.98047,47346,0.300383992,,,,
sam_mi,bls_us,BLS US,5,5. Component Systems,2021,QCEW,5536.350019,17142,0.3229699,,,,
sam_mi,bls_us,BLS US,6,6. Engineering & Design,2021,QCEW,980.8345274,119483,0.008208988,,,,
sam_mi,bls_us,BLS US,7,7. Core Automotive,2021,QCEW,174869,174869,1,,,,
sam_mi,bls_us,BLS US,8,"8. Motor Vehicle Parts, Materials, & Products Sales",2021,QCEW,105546.6236,105546.6236,1,,,,
sam_mi,bls_us,BLS US,9,"9. Dealers, Maintenance, & Repair",2021,QCEW,66198,66198,1,,,,
sam_mi,bls_us,BLS US,10,10. Logistics,2021,QCEW,46770,46770,1,,,,
sam_mi,bls_us,BLS US,1,1. Materials & Processing,2022,QCEW,21422.17723,73289,0.292297306,,,,
sam_mi,bls_us,BLS US,2,2. Equipment Manufacturing,2022,QCEW,6324.972447,48839,0.129506592,,,,
sam_mi,bls_us,BLS US,3,3. Forging & Foundries,2022,QCEW,9215.777438,16746,0.550327089,,,,
sam_mi,bls_us,BLS US,4,4. Parts & Machining,2022,QCEW,14548.30636,48605,0.299317073,,,,
sam_mi,bls_us,BLS US,5,5. Component Systems,2022,QCEW,5902.349733,17979,0.328291325,,,,
sam_mi,bls_us,BLS US,6,6. Engineering & Design,2022,QCEW,1002.835428,122404,0.008192832,,,,
sam_mi,bls_us,BLS US,7,7. Core Automotive,2022,QCEW,177138,177138,1,,,,
sam_mi,bls_us,BLS US,8,"8. Motor Vehicle Parts, Materials, & Products Sales",2022,QCEW,110573,110573,1,,,,
sam_mi,bls_us,BLS US,9,"9. Dealers, Maintenance, & Repair",2022,QCEW,67706,67706,1,,,,
sam_mi,bls_us,BLS US,10,10. Logistics,2022,QCEW,49197,49197,1,,,,
sam_mi,bls_us,BLS US,1,1. Materials & Processing,2023,QCEW,21625.6694,73569,0.293950841,,,,
sam_mi,bls_us,BLS US,2,2. Equipment Manufacturing,2023,QCEW,6394.270739,48876,0.130826392,,,,
sam_mi,bls_us,BLS US,3,3. Forging & Foundries,2023,QCEW,9391.518582,17055,0.55066072,,,,
sam_mi,bls_us,BLS US,4,4. Parts & Machining,2023,QCEW,15119.80529,50818,0.297528539,,,,
sam_mi,bls_us,BLS US,5,5. Component Systems,2023,QCEW,6261.752202,18726,0.334388134,,,,
sam_mi,bls_us,BLS US,6,6. Engineering & Design,2023,QCEW,1018.848095,123111,0.008275849,,,,
sam_mi,bls_us,BLS US,7,7. Core Automotive,2023,QCEW,179115,179115,1,,,,
sam_mi,bls_us,BLS US,8,"8. Motor Vehicle Parts, Materials, & Products Sales",2023,QCEW,114410,114410,1,,,,
sam_mi,bls_us,BLS US,9,"9. Dealers, Maintenance, & Repair",2023,QCEW,69189,69189,1,,,,
sam_mi,bls_us,BLS US,10,10. Logistics,2023,QCEW,49037,49037,1,,,,
sam_mi,bls_us,BLS US,1,1. Materials & Processing,2024,QCEW,21247.66879,72604,0.29265149,,,,
sam_mi,bls_us,BLS US,2,2. Equipment Manufacturing,2024,QCEW,6244.586843,47550,0.131326747,,,,
sam_mi,bls_us,BLS US,3,3. Forging & Foundries,2024,QCEW,9023.139595,16337,0.552313129,,,,
sam_mi,bls_us,BLS US,4,4. Parts & Machining,2024,QCEW,14936.44449,50443,0.296105396,,,,
sam_mi,bls_us,BLS US,5,5. Component Systems,2024,QCEW,5987.024881,18283,0.327464031,,,,
sam_mi,bls_us,BLS US,6,6. Engineering & Design,2024,QCEW,1032.025505,120207,0.008585403,,271.3244241,17750,0.173243409
sam_mi,bls_us,BLS US,7,7. Core Automotive,2024,QCEW,173082,173082,1,,,,
sam_mi,bls_us,BLS US,8,"8. Motor Vehicle Parts, Materials, & Products Sales",2024,QCEW,115340,115340,1,,,,
sam_mi,bls_us,BLS US,9,"9. Dealers, Maintenance, & Repair",2024,QCEW,69600,69600,1,,,,
sam_mi,bls_us,BLS US,10,10. Logistics,2024,QCEW,46889,46889,1,,,,
sam_mi,bls_us,BLS US,1,1. Materials & Processing,2025,QCEW,20928.03176,70604,0.296414251,,,,
sam_mi,bls_us,BLS US,2,2. Equipment Manufacturing,2025,QCEW,6089.070013,45958,0.132492058,,,,
sam_mi,bls_us,BLS US,3,3. Forging & Foundries,2025,QCEW,8874.553682,15947,0.556503021,,,,
sam_mi,bls_us,BLS US,4,4. Parts & Machining,2025,QCEW,14602.46596,49289,0.296262167,,,,
sam_mi,bls_us,BLS US,5,5. Component Systems,2025,QCEW,5948.051176,17831,0.333579226,,,,
sam_mi,bls_us,BLS US,6,6. Engineering & Design,2025,QCEW,1012.884669,116864,0.008667209,,,,
sam_mi,bls_us,BLS US,7,7. Core Automotive,2025,QCEW,166447,166447,1,,,,
sam_mi,bls_us,BLS US,8,"8. Motor Vehicle Parts, Materials, & Products Sales",2025,QCEW,116571,116571,1,,,,
sam_mi,bls_us,BLS US,9,"9. Dealers, Maintenance, & Repair",2025,QCEW,72444,72444,1,,,,
sam_mi,bls_us,BLS US,10,10. Logistics,2025,QCEW,45205,45205,1,,,,
sam_mi,bls_us,BLS US,1,1. Materials & Processing,2026,Forecast,20949.19475,70667.56715,0.296447092,,,,
sam_mi,bls_us,BLS US,2,2. Equipment Manufacturing,2026,Forecast,6076.169613,45782.1957,0.132719052,,,,
sam_mi,bls_us,BLS US,3,3. Forging & Foundries,2026,Forecast,8749.704456,15734.03792,0.55610038,,,,
sam_mi,bls_us,BLS US,4,4. Parts & Machining,2026,Forecast,14566.8349,49189.38447,0.296137776,,,,
sam_mi,bls_us,BLS US,5,5. Component Systems,2026,Forecast,5992.034839,17954.96115,0.333725859,,,,
sam_mi,bls_us,BLS US,6,6. Engineering & Design,2026,Forecast,1017.007279,117410.3232,0.008661992,,,,
sam_mi,bls_us,BLS US,7,7. Core Automotive,2026,Forecast,163896.193,163896.193,1,,,,
sam_mi,bls_us,BLS US,8,"8. Motor Vehicle Parts, Materials, & Products Sales",2026,Forecast,116464.0773,116464.0773,1,,,,
sam_mi,bls_us,BLS US,9,"9. Dealers, Maintenance, & Repair",2026,Forecast,72598.8857,72598.8857,1,,,,
sam_mi,bls_us,BLS US,10,10. Logistics,2026,Forecast,45265.0734,45265.0734,1,,,,
sam_mi,bls_us,BLS US,1,1. Materials & Processing,2027,Forecast,20970.84377,70733.15258,0.296478285,,,,
sam_mi,bls_us,BLS US,2,2. Equipment Manufacturing,2027,Forecast,6063.360996,45607.56285,0.132946393,,,,
sam_mi,bls_us,BLS US,3,3. Forging & Foundries,2027,Forecast,8626.674673,15524.05286,0.555697327,,,,
sam_mi,bls_us,BLS US,4,4. Parts & Machining,2027,Forecast,14531.94071,49092.87143,0.296009182,,,,
sam_mi,bls_us,BLS US,5,5. Component Systems,2027,Forecast,6037.665658,18082.23285,0.333900448,,,,
sam_mi,bls_us,BLS US,6,6. Engineering & Design,2027,Forecast,1021.147758,117959.542,0.008656763,,,,
sam_mi,bls_us,BLS US,7,7. Core Automotive,2027,Forecast,161417.2529,161417.2529,1,,,,
sam_mi,bls_us,BLS US,8,"8. Motor Vehicle Parts, Materials, & Products Sales",2027,Forecast,116364.8733,116364.8733,1,,,,
sam_mi,bls_us,BLS US,9,"9. Dealers, Maintenance, & Repair",2027,Forecast,72754.12637,72754.12637,1,,,,
sam_mi,bls_us,BLS US,10,10. Logistics,2027,Forecast,45325.22663,45325.22663,1,,,,
sam_mi,bls_us,BLS US,1,1. Materials & Processing,2028,Forecast,20992.97605,70800.74436,0.296507844,,,,
sam_mi,bls_us,BLS US,2,2. Equipment Manufacturing,2028,Forecast,6050.643574,45434.0939,0.133174078,,,,
sam_mi,bls_us,BLS US,3,3. Forging & Foundries,2028,Forecast,8505.437117,15317.00165,0.55529387,,,,
sam_mi,bls_us,BLS US,4,4. Parts & Machining,2028,Forecast,14497.78349,48999.46164,0.295876383,,,,
sam_mi,bls_us,BLS US,5,5. Component Systems,2028,Forecast,6084.983753,18212.89532,0.334103043,,,,
sam_mi,bls_us,BLS US,6,6. Engineering & Design,2028,Forecast,1025.30619,118511.674,0.008651521,,,,
sam_mi,bls_us,BLS US,7,7. Core Automotive,2028,Forecast,159008.4233,159008.4233,1,,,,
sam_mi,bls_us,BLS US,8,"8. Motor Vehicle Parts, Materials, & Products Sales",2028,Forecast,116273.2953,116273.2953,1,,,,
sam_mi,bls_us,BLS US,9,"9. Dealers, Maintenance, & Repair",2028,Forecast,72909.72288,72909.72288,1,,,,
sam_mi,bls_us,BLS US,10,10. Logistics,2028,Forecast,45385.4598,45385.4598,1,,,,
sam_mi,bls_us,BLS US,1,1. Materials & Processing,2029,Forecast,21015.58881,70870.33073,0.29653578,,,,
sam_mi,bls_us,BLS US,2,2. Equipment Manufacturing,2029,Forecast,6038.016763,45261.78139,0.133402102,,,,
sam_mi,bls_us,BLS US,3,3. Forging & Foundries,2029,Forecast,8385.964986,15112.84177,0.554890014,,,,
sam_mi,bls_us,BLS US,4,4. Parts & Machining,2029,Forecast,14464.36343,48909.15617,0.295739378,,,,
sam_mi,bls_us,BLS US,5,5. Component Systems,2029,Forecast,6134.030293,18347.03083,0.334333678,,,,
sam_mi,bls_us,BLS US,6,6. Engineering & Design,2029,Forecast,1029.482661,119066.7367,0.008646266,,,,
sam_mi,bls_us,BLS US,7,7. Core Automotive,2029,Forecast,156667.9917,156667.9917,1,,,,
sam_mi,bls_us,BLS US,8,"8. Motor Vehicle Parts, Materials, & Products Sales",2029,Forecast,116189.2521,116189.2521,1,,,,
sam_mi,bls_us,BLS US,9,"9. Dealers, Maintenance, & Repair",2029,Forecast,73065.67608,73065.67608,1,,,,
sam_mi,bls_us,BLS US,10,10. Logistics,2029,Forecast,45445.77301,45445.77301,1,,,,
sam_mi,bls_us,BLS US,1,1. Materials & Processing,2030,Forecast,21038.67935,70941.90008,0.296562107,,,,
sam_mi,bls_us,BLS US,2,2. Equipment Manufacturing,2030,Forecast,6025.479982,45090.61788,0.133630459,,,,
sam_mi,bls_us,BLS US,3,3. Forging & Foundries,2030,Forecast,8268.231889,14911.53131,0.554485768,,,,
sam_mi,bls_us,BLS US,4,4. Parts & Machining,2030,Forecast,14431.68076,48821.9564,0.295598166,,,,
sam_mi,bls_us,BLS US,5,5. Component Systems,2030,Forecast,6184.847529,18484.72385,0.334592368,,,,
sam_mi,bls_us,BLS US,6,6. Engineering & Design,2030,Forecast,1033.677259,119624.7481,0.008640998,,,,
sam_mi,bls_us,BLS US,7,7. Core Automotive,2030,Forecast,154394.2887,154394.2887,1,,,,
sam_mi,bls_us,BLS US,8,"8. Motor Vehicle Parts, Materials, & Products Sales",2030,Forecast,116112.6541,116112.6541,1,,,,
sam_mi,bls_us,BLS US,9,"9. Dealers, Maintenance, & Repair",2030,Forecast,73221.98683,73221.98683,1,,,,
sam_mi,bls_us,BLS US,10,10. Logistics,2030,Forecast,45506.16638,45506.16638,1,,,,
sam_mi,bls_us,BLS US,1,1. Materials & Processing,2031,Forecast,21062.24499,71015.441,0.296586837,,,,
sam_mi,bls_us,BLS US,2,2. Equipment Manufacturing,2031,Forecast,6013.032655,44920.596,0.133859147,,,,
sam_mi,bls_us,BLS US,3,3. Forging & Foundries,2031,Forecast,8152.211834,14713.029,0.554081137,,,,
sam_mi,bls_us,BLS US,4,4. Parts & Machining,2031,Forecast,14399.73578,48737.864,0.295452747,,,,
sam_mi,bls_us,BLS US,5,5. Component Systems,2031,Forecast,6237.47882,18626.061,0.334879115,,,,
sam_mi,bls_us,BLS US,6,6. Engineering & Design,2031,Forecast,1037.89007,120185.726,0.008635718,,,,
sam_mi,bls_us,BLS US,7,7. Core Automotive,2031,Forecast,152185.687,152185.687,1,,,,
sam_mi,bls_us,BLS US,8,"8. Motor Vehicle Parts, Materials, & Products Sales",2031,Forecast,116043.413,116043.413,1,,,,
sam_mi,bls_us,BLS US,9,"9. Dealers, Maintenance, & Repair",2031,Forecast,73378.656,73378.656,1,,,,
sam_mi,bls_us,BLS US,10,10. Logistics,2031,Forecast,45566.64,45566.64,1,,,,
sam_mi,bls_us,BLS US,1,1. Materials & Processing,2032,Forecast,21086.28312,71090.94224,0.296609982,,,,
sam_mi,bls_us,BLS US,2,2. Equipment Manufacturing,2032,Forecast,6000.67421,44751.7084,0.134088159,,,,
sam_mi,bls_us,BLS US,3,3. Forging & Foundries,2032,Forecast,8037.879228,14517.29419,0.553676127,,,,
sam_mi,bls_us,BLS US,4,4. Parts & Machining,2032,Forecast,14368.52888,48656.88094,0.295303123,,,,
sam_mi,bls_us,BLS US,5,5. Component Systems,2032,Forecast,6291.968659,18771.13118,0.335193899,,,,
sam_mi,bls_us,BLS US,6,6. Engineering & Design,2032,Forecast,1042.121181,120749.6885,0.008630425,,,,
sam_mi,bls_us,BLS US,7,7. Core Automotive,2032,Forecast,150040.6,150040.6,1,,,,
sam_mi,bls_us,BLS US,8,"8. Motor Vehicle Parts, Materials, & Products Sales",2032,Forecast,115981.4421,115981.4421,1,,,,
sam_mi,bls_us,BLS US,9,"9. Dealers, Maintenance, & Repair",2032,Forecast,73535.68445,73535.68445,1,,,,
sam_mi,bls_us,BLS US,10,10. Logistics,2032,Forecast,45627.19399,45627.19399,1,,,,
sam_mi,bls_us,BLS US,1,1. Materials & Processing,2033,Forecast,21110.79112,71168.39272,0.296631557,,,,
sam_mi,bls_us,BLS US,2,2. Equipment Manufacturing,2033,Forecast,5988.404077,44583.94781,0.134317493,,,,
sam_mi,bls_us,BLS US,3,3. Forging & Foundries,2033,Forecast,7925.208863,14324.28682,0.553270747,,,,
sam_mi,bls_us,BLS US,4,4. Parts & Machining,2033,Forecast,14338.06049,48579.0095,0.295149297,,,,
sam_mi,bls_us,BLS US,5,5. Component Systems,2033,Forecast,6348.362708,18920.02561,0.335536687,,,,
sam_mi,bls_us,BLS US,6,6. Engineering & Design,2033,Forecast,1046.370681,121316.6538,0.00862512,,,,
sam_mi,bls_us,BLS US,7,7. Core Automotive,2033,Forecast,147957.4813,147957.4813,1,,,,
sam_mi,bls_us,BLS US,8,"8. Motor Vehicle Parts, Materials, & Products Sales",2033,Forecast,115926.6558,115926.6558,1,,,,
sam_mi,bls_us,BLS US,9,"9. Dealers, Maintenance, & Repair",2033,Forecast,73693.07306,73693.07306,1,,,,
sam_mi,bls_us,BLS US,10,10. Logistics,2033,Forecast,45687.82844,45687.82844,1,,,,
sam_mi,bls_us,BLS US,1,1. Materials & Processing,2034,Forecast,21135.76646,71247.78153,0.296651573,,,,
sam_mi,bls_us,BLS US,2,2. Equipment Manufacturing,2034,Forecast,5976.221691,44417.30698,0.134547142,,,,
sam_mi,bls_us,BLS US,3,3. Forging & Foundries,2034,Forecast,7814.17592,14133.96744,0.552865001,,,,
sam_mi,bls_us,BLS US,4,4. Parts & Machining,2034,Forecast,14308.33112,48504.25226,0.294991273,,,,
sam_mi,bls_us,BLS US,5,5. Component Systems,2034,Forecast,6406.707822,19072.83787,0.335907423,,,,
sam_mi,bls_us,BLS US,6,6. Engineering & Design,2034,Forecast,1050.638657,121886.6402,0.008619802,,,,
sam_mi,bls_us,BLS US,7,7. Core Automotive,2034,Forecast,145934.823,145934.823,1,,,,
sam_mi,bls_us,BLS US,8,"8. Motor Vehicle Parts, Materials, & Products Sales",2034,Forecast,115878.9703,115878.9703,1,,,,
sam_mi,bls_us,BLS US,9,"9. Dealers, Maintenance, & Repair",2034,Forecast,73850.82269,73850.82269,1,,,,
sam_mi,bls_us,BLS US,10,10. Logistics,2034,Forecast,45748.54348,45748.54348,1,,,,
sam_mi,dtmb_mi,DTMB MI,1,1. Materials & Processing,2001,QCEW,30402.00345,96567,0.314828083,,,,
sam_mi,dtmb_mi,DTMB MI,2,2. Equipment Manufacturing,2001,QCEW,8381.597087,69888,0.119928988,,,,
sam_mi,dtmb_mi,DTMB MI,3,3. Forging & Foundries,2001,QCEW,13346.70693,22569,0.59137343,,,,
sam_mi,dtmb_mi,DTMB MI,4,4. Parts & Machining,2001,QCEW,15908.56355,53878,0.29527012,,,,
sam_mi,dtmb_mi,DTMB MI,5,5. Component Systems,2001,QCEW,4625.09372,16198,0.285534864,,,,
sam_mi,dtmb_mi,DTMB MI,6,6. Engineering & Design,2001,QCEW,760.7010813,102457,0.007424589,,,,
sam_mi,dtmb_mi,DTMB MI,7,7. Core Automotive,2001,QCEW,304333,304333,1,,,,
sam_mi,dtmb_mi,DTMB MI,8,"8. Motor Vehicle Parts, Materials, & Products Sales",2001,QCEW,107590.1765,107590.1765,1,,,,
sam_mi,dtmb_mi,DTMB MI,9,"9. Dealers, Maintenance, & Repair",2001,QCEW,75615,75615,1,,,,
sam_mi,dtmb_mi,DTMB MI,10,10. Logistics,2001,QCEW,36463,36463,1,,,,
sam_mi,dtmb_mi,DTMB MI,1,1. Materials & Processing,2002,QCEW,28412.12142,90158,0.315136997,,,,
sam_mi,dtmb_mi,DTMB MI,2,2. Equipment Manufacturing,2002,QCEW,7321.470104,61235,0.119563487,,,,
sam_mi,dtmb_mi,DTMB MI,3,3. Forging & Foundries,2002,QCEW,12255.34878,20853,0.587701951,,,,
sam_mi,dtmb_mi,DTMB MI,4,4. Parts & Machining,2002,QCEW,15193.47042,50874,0.298649023,,,,
sam_mi,dtmb_mi,DTMB MI,5,5. Component Systems,2002,QCEW,4548.832473,15254,0.298205879,,,,
sam_mi,dtmb_mi,DTMB MI,6,6. Engineering & Design,2002,QCEW,732.387828,102250,0.007162717,,,,
sam_mi,dtmb_mi,DTMB MI,7,7. Core Automotive,2002,QCEW,283180,283180,1,,,,
sam_mi,dtmb_mi,DTMB MI,8,"8. Motor Vehicle Parts, Materials, & Products Sales",2002,QCEW,104826.7278,104826.7278,1,,,,
sam_mi,dtmb_mi,DTMB MI,9,"9. Dealers, Maintenance, & Repair",2002,QCEW,76404,76404,1,,,,
sam_mi,dtmb_mi,DTMB MI,10,10. Logistics,2002,QCEW,35744,35744,1,,,,
sam_mi,dtmb_mi,DTMB MI,1,1. Materials & Processing,2003,QCEW,27749.57827,88475,0.313643157,,,,
sam_mi,dtmb_mi,DTMB MI,2,2. Equipment Manufacturing,2003,QCEW,6925.564339,58385,0.118618898,,,,
sam_mi,dtmb_mi,DTMB MI,3,3. Forging & Foundries,2003,QCEW,11732.46671,20120,0.583124588,,,,
sam_mi,dtmb_mi,DTMB MI,4,4. Parts & Machining,2003,QCEW,14944.78079,49178,0.303891594,,,,
sam_mi,dtmb_mi,DTMB MI,5,5. Component Systems,2003,QCEW,4342.599401,14725,0.294913372,,,,
sam_mi,dtmb_mi,DTMB MI,6,6. Engineering & Design,2003,QCEW,709.2731274,99969,0.007094931,,,,
sam_mi,dtmb_mi,DTMB MI,7,7. Core Automotive,2003,QCEW,261958,261958,1,,,,
sam_mi,dtmb_mi,DTMB MI,8,"8. Motor Vehicle Parts, Materials, & Products Sales",2003,QCEW,102056.93,102056.93,1,,,,
sam_mi,dtmb_mi,DTMB MI,9,"9. Dealers, Maintenance, & Repair",2003,QCEW,74642,74642,1,,,,
sam_mi,dtmb_mi,DTMB MI,10,10. Logistics,2003,QCEW,34947,34947,1,,,,
sam_mi,dtmb_mi,DTMB MI,1,1. Materials & Processing,2004,QCEW,27040.36351,87072,0.310551768,,,,
sam_mi,dtmb_mi,DTMB MI,2,2. Equipment Manufacturing,2004,QCEW,6748.251814,56958,0.118477682,,,,
sam_mi,dtmb_mi,DTMB MI,3,3. Forging & Foundries,2004,QCEW,12734.71093,21836,0.583197972,,,,
sam_mi,dtmb_mi,DTMB MI,4,4. Parts & Machining,2004,QCEW,14984.626,49248,0.304268722,,,,
sam_mi,dtmb_mi,DTMB MI,5,5. Component Systems,2004,QCEW,4482.971181,14908,0.300709094,,,,
sam_mi,dtmb_mi,DTMB MI,6,6. Engineering & Design,2004,QCEW,703.4872748,98337,0.007153841,,,,
sam_mi,dtmb_mi,DTMB MI,7,7. Core Automotive,2004,QCEW,249612,249612,1,,,,
sam_mi,dtmb_mi,DTMB MI,8,"8. Motor Vehicle Parts, Materials, & Products Sales",2004,QCEW,100039.4028,100039.4028,1,,,,
sam_mi,dtmb_mi,DTMB MI,9,"9. Dealers, Maintenance, & Repair",2004,QCEW,74365,74365,1,,,,
sam_mi,dtmb_mi,DTMB MI,10,10. Logistics,2004,QCEW,36028,36028,1,,,,
sam_mi,dtmb_mi,DTMB MI,1,1. Materials & Processing,2005,QCEW,26662.19257,88546,0.301111203,,,,
sam_mi,dtmb_mi,DTMB MI,2,2. Equipment Manufacturing,2005,QCEW,6612.348685,55729,0.118651845,,,,
sam_mi,dtmb_mi,DTMB MI,3,3. Forging & Foundries,2005,QCEW,12505.74454,21459,0.582773873,,,,
sam_mi,dtmb_mi,DTMB MI,4,4. Parts & Machining,2005,QCEW,15638.4699,50724,0.30830514,,,,
sam_mi,dtmb_mi,DTMB MI,5,5. Component Systems,2005,QCEW,4384.700351,15615,0.280800535,,,,
sam_mi,dtmb_mi,DTMB MI,6,6. Engineering & Design,2005,QCEW,717.3347451,97957,0.007322955,,,,
sam_mi,dtmb_mi,DTMB MI,7,7. Core Automotive,2005,QCEW,232083,232083,1,,,,
sam_mi,dtmb_mi,DTMB MI,8,"8. Motor Vehicle Parts, Materials, & Products Sales",2005,QCEW,99441.067,99441.067,1,,,,
sam_mi,dtmb_mi,DTMB MI,9,"9. Dealers, Maintenance, & Repair",2005,QCEW,71952,71952,1,,,,
sam_mi,dtmb_mi,DTMB MI,10,10. Logistics,2005,QCEW,37382,37382,1,,,,
sam_mi,dtmb_mi,DTMB MI,1,1. Materials & Processing,2006,QCEW,25513.73721,85620,0.297988054,,,,
sam_mi,dtmb_mi,DTMB MI,2,2. Equipment Manufacturing,2006,QCEW,6464.63708,54338,0.118970832,,,,
sam_mi,dtmb_mi,DTMB MI,3,3. Forging & Foundries,2006,QCEW,12066.15366,20882,0.577825575,,,,
sam_mi,dtmb_mi,DTMB MI,4,4. Parts & Machining,2006,QCEW,15471.29329,50064,0.309030307,,,,
sam_mi,dtmb_mi,DTMB MI,5,5. Component Systems,2006,QCEW,4258.335351,15814,0.269276296,,,,
sam_mi,dtmb_mi,DTMB MI,6,6. Engineering & Design,2006,QCEW,702.9105062,95510,0.007359549,,,,
sam_mi,dtmb_mi,DTMB MI,7,7. Core Automotive,2006,QCEW,213893,213893,1,,,,
sam_mi,dtmb_mi,DTMB MI,8,"8. Motor Vehicle Parts, Materials, & Products Sales",2006,QCEW,98829.07437,98829.07437,1,,,,
sam_mi,dtmb_mi,DTMB MI,9,"9. Dealers, Maintenance, & Repair",2006,QCEW,68884,68884,1,,,,
sam_mi,dtmb_mi,DTMB MI,10,10. Logistics,2006,QCEW,38765,38765,1,,,,
sam_mi,dtmb_mi,DTMB MI,1,1. Materials & Processing,2007,QCEW,24394.54566,82139,0.296991023,,,,
sam_mi,dtmb_mi,DTMB MI,2,2. Equipment Manufacturing,2007,QCEW,6121.481468,51185,0.119595223,,,,
sam_mi,dtmb_mi,DTMB MI,3,3. Forging & Foundries,2007,QCEW,11290.77274,19764,0.571279738,,,,
sam_mi,dtmb_mi,DTMB MI,4,4. Parts & Machining,2007,QCEW,14954.38004,48225,0.310096009,,,,
sam_mi,dtmb_mi,DTMB MI,5,5. Component Systems,2007,QCEW,4118.463209,15751,0.261473126,,,,
sam_mi,dtmb_mi,DTMB MI,6,6. Engineering & Design,2007,QCEW,698.960594,93220,0.007497968,,,,
sam_mi,dtmb_mi,DTMB MI,7,7. Core Automotive,2007,QCEW,198068,198068,1,,,,
sam_mi,dtmb_mi,DTMB MI,8,"8. Motor Vehicle Parts, Materials, & Products Sales",2007,QCEW,97215.685,97215.685,1,,,,
sam_mi,dtmb_mi,DTMB MI,9,"9. Dealers, Maintenance, & Repair",2007,QCEW,66333,66333,1,,,,
sam_mi,dtmb_mi,DTMB MI,10,10. Logistics,2007,QCEW,40761,40761,1,,,,
sam_mi,dtmb_mi,DTMB MI,1,1. Materials & Processing,2008,QCEW,22980.53767,77593,0.296167665,,,,
sam_mi,dtmb_mi,DTMB MI,2,2. Equipment Manufacturing,2008,QCEW,5888.679286,49109,0.119910389,,,,
sam_mi,dtmb_mi,DTMB MI,3,3. Forging & Foundries,2008,QCEW,10282.61941,17934,0.57335895,,,,
sam_mi,dtmb_mi,DTMB MI,4,4. Parts & Machining,2008,QCEW,14528.85552,46965,0.309354956,,,,
sam_mi,dtmb_mi,DTMB MI,5,5. Component Systems,2008,QCEW,4292.290996,15865,0.270550961,,,,
sam_mi,dtmb_mi,DTMB MI,6,6. Engineering & Design,2008,QCEW,673.0359223,88873,0.007573008,,,,
sam_mi,dtmb_mi,DTMB MI,7,7. Core Automotive,2008,QCEW,167000,167000,1,,,,
sam_mi,dtmb_mi,DTMB MI,8,"8. Motor Vehicle Parts, Materials, & Products Sales",2008,QCEW,95828.59295,95828.59295,1,,,,
sam_mi,dtmb_mi,DTMB MI,9,"9. Dealers, Maintenance, & Repair",2008,QCEW,63843,63843,1,,,,
sam_mi,dtmb_mi,DTMB MI,10,10. Logistics,2008,QCEW,38940,38940,1,,,,
sam_mi,dtmb_mi,DTMB MI,1,1. Materials & Processing,2009,QCEW,17615.54464,59620,0.295463681,,,,
sam_mi,dtmb_mi,DTMB MI,2,2. Equipment Manufacturing,2009,QCEW,4766.456353,39495,0.120685058,,,,
sam_mi,dtmb_mi,DTMB MI,3,3. Forging & Foundries,2009,QCEW,7444.944743,13152,0.5660694,,,,
sam_mi,dtmb_mi,DTMB MI,4,4. Parts & Machining,2009,QCEW,11381.08026,37232,0.305680067,,,,
sam_mi,dtmb_mi,DTMB MI,5,5. Component Systems,2009,QCEW,3708.358735,13865,0.267461863,,,,
sam_mi,dtmb_mi,DTMB MI,6,6. Engineering & Design,2009,QCEW,587.9915569,77775,0.007560161,,,,
sam_mi,dtmb_mi,DTMB MI,7,7. Core Automotive,2009,QCEW,122598,122598,1,,,,
sam_mi,dtmb_mi,DTMB MI,8,"8. Motor Vehicle Parts, Materials, & Products Sales",2009,QCEW,87246.23037,87246.23037,1,,,,
sam_mi,dtmb_mi,DTMB MI,9,"9. Dealers, Maintenance, & Repair",2009,QCEW,58528,58528,1,,,,
sam_mi,dtmb_mi,DTMB MI,10,10. Logistics,2009,QCEW,33872,33872,1,,,,
sam_mi,dtmb_mi,DTMB MI,1,1. Materials & Processing,2010,QCEW,18899.93778,64137,0.294680727,,,,
sam_mi,dtmb_mi,DTMB MI,2,2. Equipment Manufacturing,2010,QCEW,4728.47101,40126,0.117840577,,,,
sam_mi,dtmb_mi,DTMB MI,3,3. Forging & Foundries,2010,QCEW,8069.098646,14405,0.560159573,,,,
sam_mi,dtmb_mi,DTMB MI,4,4. Parts & Machining,2010,QCEW,12321.6292,40120,0.307119372,,,,
sam_mi,dtmb_mi,DTMB MI,5,5. Component Systems,2010,QCEW,3644.743681,13189,0.276347235,,,,
sam_mi,dtmb_mi,DTMB MI,6,6. Engineering & Design,2010,QCEW,609.1015191,80680,0.007549597,,,,
sam_mi,dtmb_mi,DTMB MI,7,7. Core Automotive,2010,QCEW,126033,126033,1,,,,
sam_mi,dtmb_mi,DTMB MI,8,"8. Motor Vehicle Parts, Materials, & Products Sales",2010,QCEW,89086.8125,89086.8125,1,,,,
sam_mi,dtmb_mi,DTMB MI,9,"9. Dealers, Maintenance, & Repair",2010,QCEW,57415,57415,1,,,,
sam_mi,dtmb_mi,DTMB MI,10,10. Logistics,2010,QCEW,34234,34234,1,,,,
sam_mi,dtmb_mi,DTMB MI,1,1. Materials & Processing,2011,QCEW,20536.11974,69846,0.294019983,,,,
sam_mi,dtmb_mi,DTMB MI,2,2. Equipment Manufacturing,2011,QCEW,5218.672474,44416,0.117495328,,,,
sam_mi,dtmb_mi,DTMB MI,3,3. Forging & Foundries,2011,QCEW,9328.231486,16777,0.556013083,,,,
sam_mi,dtmb_mi,DTMB MI,4,4. Parts & Machining,2011,QCEW,13891.08772,44729,0.310561106,,,,
sam_mi,dtmb_mi,DTMB MI,5,5. Component Systems,2011,QCEW,4381.646917,14492,0.302349359,,,,
sam_mi,dtmb_mi,DTMB MI,6,6. Engineering & Design,2011,QCEW,663.4546497,86598,0.007661316,,,,
sam_mi,dtmb_mi,DTMB MI,7,7. Core Automotive,2011,QCEW,137663,137663,1,,,,
sam_mi,dtmb_mi,DTMB MI,8,"8. Motor Vehicle Parts, Materials, & Products Sales",2011,QCEW,92585.61085,92585.61085,1,,,,
sam_mi,dtmb_mi,DTMB MI,9,"9. Dealers, Maintenance, & Repair",2011,QCEW,58514,58514,1,,,,
sam_mi,dtmb_mi,DTMB MI,10,10. Logistics,2011,QCEW,36615,36615,1,,,,
sam_mi,dtmb_mi,DTMB MI,1,1. Materials & Processing,2012,QCEW,20874.04374,72219,0.289038116,,,,
sam_mi,dtmb_mi,DTMB MI,2,2. Equipment Manufacturing,2012,QCEW,5709.020442,48753,0.117100905,,,,
sam_mi,dtmb_mi,DTMB MI,3,3. Forging & Foundries,2012,QCEW,9888.2863,17730,0.557714963,,,,
sam_mi,dtmb_mi,DTMB MI,4,4. Parts & Machining,2012,QCEW,14869.70862,47604,0.312362588,,,,
sam_mi,dtmb_mi,DTMB MI,5,5. Component Systems,2012,QCEW,4579.766128,15170,0.301896251,,,,
sam_mi,dtmb_mi,DTMB MI,6,6. Engineering & Design,2012,QCEW,713.3704627,93379,0.007639517,,,,
sam_mi,dtmb_mi,DTMB MI,7,7. Core Automotive,2012,QCEW,150169,150169,1,,,,
sam_mi,dtmb_mi,DTMB MI,8,"8. Motor Vehicle Parts, Materials, & Products Sales",2012,QCEW,95608.29067,95608.29067,1,,,,
sam_mi,dtmb_mi,DTMB MI,9,"9. Dealers, Maintenance, & Repair",2012,QCEW,60173,60173,1,,,,
sam_mi,dtmb_mi,DTMB MI,10,10. Logistics,2012,QCEW,38488,38488,1,,,,
sam_mi,dtmb_mi,DTMB MI,1,1. Materials & Processing,2013,QCEW,21753.94493,74741,0.291057718,,,,
sam_mi,dtmb_mi,DTMB MI,2,2. Equipment Manufacturing,2013,QCEW,5969.451894,50347,0.118566189,,,,
sam_mi,dtmb_mi,DTMB MI,3,3. Forging & Foundries,2013,QCEW,9678.86421,17469,0.554059432,,,,
sam_mi,dtmb_mi,DTMB MI,4,4. Parts & Machining,2013,QCEW,15149.99965,48091,0.315027752,,,,
sam_mi,dtmb_mi,DTMB MI,5,5. Component Systems,2013,QCEW,4432.149125,15239,0.290842518,,,,
sam_mi,dtmb_mi,DTMB MI,6,6. Engineering & Design,2013,QCEW,758.5062954,98826,0.007675169,,,,
sam_mi,dtmb_mi,DTMB MI,7,7. Core Automotive,2013,QCEW,160593,160593,1,,,,
sam_mi,dtmb_mi,DTMB MI,8,"8. Motor Vehicle Parts, Materials, & Products Sales",2013,QCEW,98503.90548,98503.90548,1,,,,
sam_mi,dtmb_mi,DTMB MI,9,"9. Dealers, Maintenance, & Repair",2013,QCEW,61157,61157,1,,,,
sam_mi,dtmb_mi,DTMB MI,10,10. Logistics,2013,QCEW,40737,40737,1,,,,
sam_mi,dtmb_mi,DTMB MI,1,1. Materials & Processing,2014,QCEW,23003.117,78687,0.292336943,,,,
sam_mi,dtmb_mi,DTMB MI,2,2. Equipment Manufacturing,2014,QCEW,6177.456012,51620,0.119671755,,,,
sam_mi,dtmb_mi,DTMB MI,3,3. Forging & Foundries,2014,QCEW,9915.100577,17851,0.555436703,,,,
sam_mi,dtmb_mi,DTMB MI,4,4. Parts & Machining,2014,QCEW,15846.2048,50307,0.314990057,,,,
sam_mi,dtmb_mi,DTMB MI,5,5. Component Systems,2014,QCEW,4533.05101,15439,0.293610403,,,,
sam_mi,dtmb_mi,DTMB MI,6,6. Engineering & Design,2014,QCEW,776.8738953,102924,0.007548034,,,,
sam_mi,dtmb_mi,DTMB MI,7,7. Core Automotive,2014,QCEW,170363,170363,1,,,,
sam_mi,dtmb_mi,DTMB MI,8,"8. Motor Vehicle Parts, Materials, & Products Sales",2014,QCEW,102424.8873,102424.8873,1,,,,
sam_mi,dtmb_mi,DTMB MI,9,"9. Dealers, Maintenance, & Repair",2014,QCEW,64200,64200,1,,,,
sam_mi,dtmb_mi,DTMB MI,10,10. Logistics,2014,QCEW,43426,43426,1,,,,
sam_mi,dtmb_mi,DTMB MI,1,1. Materials & Processing,2015,QCEW,23448.8534,79982,0.293176632,,,,
sam_mi,dtmb_mi,DTMB MI,2,2. Equipment Manufacturing,2015,QCEW,6365.532035,52970,0.1201724,,,,
sam_mi,dtmb_mi,DTMB MI,3,3. Forging & Foundries,2015,QCEW,9963.247352,18047,0.55207222,,,,
sam_mi,dtmb_mi,DTMB MI,4,4. Parts & Machining,2015,QCEW,16512.84515,52603,0.313914513,,,,
sam_mi,dtmb_mi,DTMB MI,5,5. Component Systems,2015,QCEW,4992.017393,16676,0.299353406,,,,
sam_mi,dtmb_mi,DTMB MI,6,6. Engineering & Design,2015,QCEW,938.655054,117555,0.007984816,,,,
sam_mi,dtmb_mi,DTMB MI,7,7. Core Automotive,2015,QCEW,166670,166670,1,,,,
sam_mi,dtmb_mi,DTMB MI,8,"8. Motor Vehicle Parts, Materials, & Products Sales",2015,QCEW,104833.717,104833.717,1,,,,
sam_mi,dtmb_mi,DTMB MI,9,"9. Dealers, Maintenance, & Repair",2015,QCEW,66784,66784,1,,,,
sam_mi,dtmb_mi,DTMB MI,10,10. Logistics,2015,QCEW,45930,45930,1,,,,
sam_mi,dtmb_mi,DTMB MI,1,1. Materials & Processing,2016,QCEW,23739.79796,81235,0.29223608,,,,
sam_mi,dtmb_mi,DTMB MI,2,2. Equipment Manufacturing,2016,QCEW,6427.853245,53396,0.120380801,,,,
sam_mi,dtmb_mi,DTMB MI,3,3. Forging & Foundries,2016,QCEW,10023.45172,18194,0.550920728,,,,
sam_mi,dtmb_mi,DTMB MI,4,4. Parts & Machining,2016,QCEW,16367.76462,52458,0.312016558,,,,
sam_mi,dtmb_mi,DTMB MI,5,5. Component Systems,2016,QCEW,4955.65388,16542,0.299580092,,,,
sam_mi,dtmb_mi,DTMB MI,6,6. Engineering & Design,2016,QCEW,974.8572872,121842,0.008000995,,,,
sam_mi,dtmb_mi,DTMB MI,7,7. Core Automotive,2016,QCEW,173344,173344,1,,,,
sam_mi,dtmb_mi,DTMB MI,8,"8. Motor Vehicle Parts, Materials, & Products Sales",2016,QCEW,105625.1859,105625.1859,1,,,,
sam_mi,dtmb_mi,DTMB MI,9,"9. Dealers, Maintenance, & Repair",2016,QCEW,68358,68358,1,,,,
sam_mi,dtmb_mi,DTMB MI,10,10. Logistics,2016,QCEW,46900,46900,1,,,,
sam_mi,dtmb_mi,DTMB MI,1,1. Materials & Processing,2017,QCEW,24108.82173,82226,0.293201928,,,,
sam_mi,dtmb_mi,DTMB MI,2,2. Equipment Manufacturing,2017,QCEW,6570.844634,54519,0.120523939,,,,
sam_mi,dtmb_mi,DTMB MI,3,3. Forging & Foundries,2017,QCEW,10197.75072,18552,0.549684709,,,,
sam_mi,dtmb_mi,DTMB MI,4,4. Parts & Machining,2017,QCEW,16139.39663,52257,0.308846597,,,,
sam_mi,dtmb_mi,DTMB MI,5,5. Component Systems,2017,QCEW,5074.521584,16794,0.302162771,,,,
sam_mi,dtmb_mi,DTMB MI,6,6. Engineering & Design,2017,QCEW,948.5175797,113721,0.008340743,,,,
sam_mi,dtmb_mi,DTMB MI,7,7. Core Automotive,2017,QCEW,180711,180711,1,,,,
sam_mi,dtmb_mi,DTMB MI,8,"8. Motor Vehicle Parts, Materials, & Products Sales",2017,QCEW,107098.9302,107098.9302,1,,,,
sam_mi,dtmb_mi,DTMB MI,9,"9. Dealers, Maintenance, & Repair",2017,QCEW,68500,68500,1,,,,
sam_mi,dtmb_mi,DTMB MI,10,10. Logistics,2017,QCEW,46723,46723,1,,,,
sam_mi,dtmb_mi,DTMB MI,1,1. Materials & Processing,2018,QCEW,24548.64085,83724,0.293209126,,,,
sam_mi,dtmb_mi,DTMB MI,2,2. Equipment Manufacturing,2018,QCEW,6739.387338,55424,0.121596914,,,,
sam_mi,dtmb_mi,DTMB MI,3,3. Forging & Foundries,2018,QCEW,10595.13614,19277,0.549625779,,,,
sam_mi,dtmb_mi,DTMB MI,4,4. Parts & Machining,2018,QCEW,16414.67444,53718,0.305571213,,,,
sam_mi,dtmb_mi,DTMB MI,5,5. Component Systems,2018,QCEW,5353.222206,17376,0.308081388,,,,
sam_mi,dtmb_mi,DTMB MI,6,6. Engineering & Design,2018,QCEW,975.529221,116698,0.008359434,,,,
sam_mi,dtmb_mi,DTMB MI,7,7. Core Automotive,2018,QCEW,182995,182995,1,,,,
sam_mi,dtmb_mi,DTMB MI,8,"8. Motor Vehicle Parts, Materials, & Products Sales",2018,QCEW,110520.0778,110520.0778,1,,,,
sam_mi,dtmb_mi,DTMB MI,9,"9. Dealers, Maintenance, & Repair",2018,QCEW,68540,68540,1,,,,
sam_mi,dtmb_mi,DTMB MI,10,10. Logistics,2018,QCEW,47502,47502,1,,,,
sam_mi,dtmb_mi,DTMB MI,1,1. Materials & Processing,2019,QCEW,24426.35337,83591,0.292212719,,,,
sam_mi,dtmb_mi,DTMB MI,2,2. Equipment Manufacturing,2019,QCEW,6576.70413,53502,0.122924454,,,,
sam_mi,dtmb_mi,DTMB MI,3,3. Forging & Foundries,2019,QCEW,10542.21836,19271,0.547050924,,,,
sam_mi,dtmb_mi,DTMB MI,4,4. Parts & Machining,2019,QCEW,15908.69373,52591,0.302498407,,,,
sam_mi,dtmb_mi,DTMB MI,5,5. Component Systems,2019,QCEW,5780.272514,18237,0.316953036,,,,
sam_mi,dtmb_mi,DTMB MI,6,6. Engineering & Design,2019,QCEW,972.141431,118343,0.008214609,,,,
sam_mi,dtmb_mi,DTMB MI,7,7. Core Automotive,2019,QCEW,180821,180821,1,,,,
sam_mi,dtmb_mi,DTMB MI,8,"8. Motor Vehicle Parts, Materials, & Products Sales",2019,QCEW,111801.6657,111801.6657,1,,,,
sam_mi,dtmb_mi,DTMB MI,9,"9. Dealers, Maintenance, & Repair",2019,QCEW,68868,68868,1,,,,
sam_mi,dtmb_mi,DTMB MI,10,10. Logistics,2019,QCEW,48382,48382,1,,,,
sam_mi,dtmb_mi,DTMB MI,1,1. Materials & Processing,2020,QCEW,20793.90897,70950,0.293078351,,,,
sam_mi,dtmb_mi,DTMB MI,2,2. Equipment Manufacturing,2020,QCEW,6069.646603,48267,0.125751478,,,,
sam_mi,dtmb_mi,DTMB MI,3,3. Forging & Foundries,2020,QCEW,8708.642444,15883,0.548299594,,,,
sam_mi,dtmb_mi,DTMB MI,4,4. Parts & Machining,2020,QCEW,13677.9739,45730,0.299102862,,,,
sam_mi,dtmb_mi,DTMB MI,5,5. Component Systems,2020,QCEW,5449.419588,16885,0.322737316,,,,
sam_mi,dtmb_mi,DTMB MI,6,6. Engineering & Design,2020,QCEW,947.1381094,115403,0.008207223,,,,
sam_mi,dtmb_mi,DTMB MI,7,7. Core Automotive,2020,QCEW,154727,154727,1,,,,
sam_mi,dtmb_mi,DTMB MI,8,"8. Motor Vehicle Parts, Materials, & Products Sales",2020,QCEW,103058.2354,103058.2354,1,,,,
sam_mi,dtmb_mi,DTMB MI,9,"9. Dealers, Maintenance, & Repair",2020,QCEW,62425,62425,1,,,,
sam_mi,dtmb_mi,DTMB MI,10,10. Logistics,2020,QCEW,44778,44778,1,,,,
sam_mi,dtmb_mi,DTMB MI,1,1. Materials & Processing,2021,QCEW,21220.81779,72517,0.292632318,,,,
sam_mi,dtmb_mi,DTMB MI,2,2. Equipment Manufacturing,2021,QCEW,6132.49678,48420,0.126652143,,,,
sam_mi,dtmb_mi,DTMB MI,3,3. Forging & Foundries,2021,QCEW,8863.944357,16199,0.547190836,,,,
sam_mi,dtmb_mi,DTMB MI,4,4. Parts & Machining,2021,QCEW,14221.98047,47346,0.300383992,,,,
sam_mi,dtmb_mi,DTMB MI,5,5. Component Systems,2021,QCEW,5536.350019,17142,0.3229699,,,,
sam_mi,dtmb_mi,DTMB MI,6,6. Engineering & Design,2021,QCEW,980.8345274,119483,0.008208988,,,,
sam_mi,dtmb_mi,DTMB MI,7,7. Core Automotive,2021,QCEW,174869,174869,1,,,,
sam_mi,dtmb_mi,DTMB MI,8,"8. Motor Vehicle Parts, Materials, & Products Sales",2021,QCEW,105546.6236,105546.6236,1,,,,
sam_mi,dtmb_mi,DTMB MI,9,"9. Dealers, Maintenance, & Repair",2021,QCEW,66198,66198,1,,,,
sam_mi,dtmb_mi,DTMB MI,10,10. Logistics,2021,QCEW,46770,46770,1,,,,
sam_mi,dtmb_mi,DTMB MI,1,1. Materials & Processing,2022,QCEW,21422.17723,73289,0.292297306,,,,
sam_mi,dtmb_mi,DTMB MI,2,2. Equipment Manufacturing,2022,QCEW,6324.972447,48839,0.129506592,,,,
sam_mi,dtmb_mi,DTMB MI,3,3. Forging & Foundries,2022,QCEW,9215.777438,16746,0.550327089,,,,
sam_mi,dtmb_mi,DTMB MI,4,4. Parts & Machining,2022,QCEW,14548.30636,48605,0.299317073,,,,
sam_mi,dtmb_mi,DTMB MI,5,5. Component Systems,2022,QCEW,5902.349733,17979,0.328291325,,,,
sam_mi,dtmb_mi,DTMB MI,6,6. Engineering & Design,2022,QCEW,1002.835428,122404,0.008192832,,,,
sam_mi,dtmb_mi,DTMB MI,7,7. Core Automotive,2022,QCEW,177138,177138,1,,,,
sam_mi,dtmb_mi,DTMB MI,8,"8. Motor Vehicle Parts, Materials, & Products Sales",2022,QCEW,110573,110573,1,,,,
sam_mi,dtmb_mi,DTMB MI,9,"9. Dealers, Maintenance, & Repair",2022,QCEW,67706,67706,1,,,,
sam_mi,dtmb_mi,DTMB MI,10,10. Logistics,2022,QCEW,49197,49197,1,,,,
sam_mi,dtmb_mi,DTMB MI,1,1. Materials & Processing,2023,QCEW,21625.6694,73569,0.293950841,,,,
sam_mi,dtmb_mi,DTMB MI,2,2. Equipment Manufacturing,2023,QCEW,6394.270739,48876,0.130826392,,,,
sam_mi,dtmb_mi,DTMB MI,3,3. Forging & Foundries,2023,QCEW,9391.518582,17055,0.55066072,,,,
sam_mi,dtmb_mi,DTMB MI,4,4. Parts & Machining,2023,QCEW,15119.80529,50818,0.297528539,,,,
sam_mi,dtmb_mi,DTMB MI,5,5. Component Systems,2023,QCEW,6261.752202,18726,0.334388134,,,,
sam_mi,dtmb_mi,DTMB MI,6,6. Engineering & Design,2023,QCEW,1018.848095,123111,0.008275849,,,,
sam_mi,dtmb_mi,DTMB MI,7,7. Core Automotive,2023,QCEW,179115,179115,1,,,,
sam_mi,dtmb_mi,DTMB MI,8,"8. Motor Vehicle Parts, Materials, & Products Sales",2023,QCEW,114410,114410,1,,,,
sam_mi,dtmb_mi,DTMB MI,9,"9. Dealers, Maintenance, & Repair",2023,QCEW,69189,69189,1,,,,
sam_mi,dtmb_mi,DTMB MI,10,10. Logistics,2023,QCEW,49037,49037,1,,,,
sam_mi,dtmb_mi,DTMB MI,1,1. Materials & Processing,2024,QCEW,21247.66879,72604,0.29265149,,,,
sam_mi,dtmb_mi,DTMB MI,2,2. Equipment Manufacturing,2024,QCEW,6244.586843,47550,0.131326747,,,,
sam_mi,dtmb_mi,DTMB MI,3,3. Forging & Foundries,2024,QCEW,9023.139595,16337,0.552313129,,,,
sam_mi,dtmb_mi,DTMB MI,4,4. Parts & Machining,2024,QCEW,14936.44449,50443,0.296105396,,,,
sam_mi,dtmb_mi,DTMB MI,5,5. Component Systems,2024,QCEW,5987.024881,18283,0.327464031,,,,
sam_mi,dtmb_mi,DTMB MI,6,6. Engineering & Design,2024,QCEW,1032.025505,120207,0.008585403,,,,
sam_mi,dtmb_mi,DTMB MI,7,7. Core Automotive,2024,QCEW,173082,173082,1,,,,
sam_mi,dtmb_mi,DTMB MI,8,"8. Motor Vehicle Parts, Materials, & Products Sales",2024,QCEW,115340,115340,1,,,,
sam_mi,dtmb_mi,DTMB MI,9,"9. Dealers, Maintenance, & Repair",2024,QCEW,69600,69600,1,,,,
sam_mi,dtmb_mi,DTMB MI,10,10. Logistics,2024,QCEW,46889,46889,1,,,,
sam_mi,dtmb_mi,DTMB MI,1,1. Materials & Processing,2025,QCEW,20928.03176,70604,0.296414251,,,,
sam_mi,dtmb_mi,DTMB MI,2,2. Equipment Manufacturing,2025,QCEW,6089.070013,45958,0.132492058,,,,
sam_mi,dtmb_mi,DTMB MI,3,3. Forging & Foundries,2025,QCEW,8874.553682,15947,0.556503021,,,,
sam_mi,dtmb_mi,DTMB MI,4,4. Parts & Machining,2025,QCEW,14602.46596,49289,0.296262167,,,,
sam_mi,dtmb_mi,DTMB MI,5,5. Component Systems,2025,QCEW,5948.051176,17831,0.333579226,,,,
sam_mi,dtmb_mi,DTMB MI,6,6. Engineering & Design,2025,QCEW,1012.884669,116864,0.008667209,,,,
sam_mi,dtmb_mi,DTMB MI,7,7. Core Automotive,2025,QCEW,166447,166447,1,,,,
sam_mi,dtmb_mi,DTMB MI,8,"8. Motor Vehicle Parts, Materials, & Products Sales",2025,QCEW,116571,116571,1,,,,
sam_mi,dtmb_mi,DTMB MI,9,"9. Dealers, Maintenance, & Repair",2025,QCEW,72444,72444,1,,,,
sam_mi,dtmb_mi,DTMB MI,10,10. Logistics,2025,QCEW,45205,45205,1,,,,
sam_mi,dtmb_mi,DTMB MI,1,1. Materials & Processing,2026,Forecast,20853.45949,70365.38276,0.29635964,,,,
sam_mi,dtmb_mi,DTMB MI,2,2. Equipment Manufacturing,2026,Forecast,6070.664272,45819.08042,0.132492058,,,,
sam_mi,dtmb_mi,DTMB MI,3,3. Forging & Foundries,2026,Forecast,8810.775289,15840.07325,0.556233242,,,,
sam_mi,dtmb_mi,DTMB MI,4,4. Parts & Machining,2026,Forecast,14557.20622,49156.73527,0.296138589,,,,
sam_mi,dtmb_mi,DTMB MI,5,5. Component Systems,2026,Forecast,5961.886577,17885.98179,0.333327331,,,,
sam_mi,dtmb_mi,DTMB MI,6,6. Engineering & Design,2026,Forecast,1021.206203,117474.8652,0.008692976,,,,
sam_mi,dtmb_mi,DTMB MI,7,7. Core Automotive,2026,Forecast,165575.7006,165575.7006,1,,,,
sam_mi,dtmb_mi,DTMB MI,8,"8. Motor Vehicle Parts, Materials, & Products Sales",2026,Forecast,116264.9564,116264.9564,1,,,,
sam_mi,dtmb_mi,DTMB MI,9,"9. Dealers, Maintenance, & Repair",2026,Forecast,72387.63356,72387.63356,1,,,,
sam_mi,dtmb_mi,DTMB MI,10,10. Logistics,2026,Forecast,45302.41781,45302.41781,1,,,,
sam_mi,dtmb_mi,DTMB MI,1,1. Materials & Processing,2027,Forecast,20779.3022,70128.02677,0.296305246,,,,
sam_mi,dtmb_mi,DTMB MI,2,2. Equipment Manufacturing,2027,Forecast,6052.314168,45680.58077,0.132492058,,,,
sam_mi,dtmb_mi,DTMB MI,3,3. Forging & Foundries,2027,Forecast,8747.483931,15733.92399,0.555963276,,,,
sam_mi,dtmb_mi,DTMB MI,4,4. Parts & Machining,2027,Forecast,14512.19433,49025.27164,0.296014562,,,,
sam_mi,dtmb_mi,DTMB MI,5,5. Component Systems,2027,Forecast,5975.998219,17941.55012,0.333081488,,,,
sam_mi,dtmb_mi,DTMB MI,6,6. Engineering & Design,2027,Forecast,1029.63831,118090.8129,0.008719038,,,,
sam_mi,dtmb_mi,DTMB MI,7,7. Core Automotive,2027,Forecast,164708.9623,164708.9623,1,,,,
sam_mi,dtmb_mi,DTMB MI,8,"8. Motor Vehicle Parts, Materials, & Products Sales",2027,Forecast,115960.2919,115960.2919,1,,,,
sam_mi,dtmb_mi,DTMB MI,9,"9. Dealers, Maintenance, & Repair",2027,Forecast,72331.329,72331.329,1,,,,
sam_mi,dtmb_mi,DTMB MI,10,10. Logistics,2027,Forecast,45400.04556,45400.04556,1,,,,
sam_mi,dtmb_mi,DTMB MI,1,1. Materials & Processing,2028,Forecast,20705.55732,69891.92457,0.296251068,,,,
sam_mi,dtmb_mi,DTMB MI,2,2. Equipment Manufacturing,2028,Forecast,6034.019531,45542.49976,0.132492058,,,,
sam_mi,dtmb_mi,DTMB MI,3,3. Forging & Foundries,2028,Forecast,8684.675743,15628.54625,0.555693127,,,,
sam_mi,dtmb_mi,DTMB MI,4,4. Parts & Machining,2028,Forecast,14467.42935,48894.6062,0.295890088,,,,
sam_mi,dtmb_mi,DTMB MI,5,5. Component Systems,2028,Forecast,5990.388501,17997.70996,0.332841707,,,,
sam_mi,dtmb_mi,DTMB MI,6,6. Engineering & Design,2028,Forecast,1038.182747,118711.9057,0.008745397,,,,
sam_mi,dtmb_mi,DTMB MI,7,7. Core Automotive,2028,Forecast,163846.761,163846.761,1,,,,
sam_mi,dtmb_mi,DTMB MI,8,"8. Motor Vehicle Parts, Materials, & Products Sales",2028,Forecast,115656.9984,115656.9984,1,,,,
sam_mi,dtmb_mi,DTMB MI,9,"9. Dealers, Maintenance, & Repair",2028,Forecast,72275.08625,72275.08625,1,,,,
sam_mi,dtmb_mi,DTMB MI,10,10. Logistics,2028,Forecast,45497.8837,45497.8837,1,,,,
sam_mi,dtmb_mi,DTMB MI,1,1. Materials & Processing,2029,Forecast,20632.22229,69657.06877,0.296197108,,,,
sam_mi,dtmb_mi,DTMB MI,2,2. Equipment Manufacturing,2029,Forecast,6015.780194,45404.83614,0.132492058,,,,
sam_mi,dtmb_mi,DTMB MI,3,3. Forging & Foundries,2029,Forecast,8622.346891,15523.93409,0.555422797,,,,
sam_mi,dtmb_mi,DTMB MI,4,4. Parts & Machining,2029,Forecast,14422.91032,48764.73604,0.295765167,,,,
sam_mi,dtmb_mi,DTMB MI,5,5. Component Systems,2029,Forecast,6005.05985,18054.46632,0.332607995,,,,
sam_mi,dtmb_mi,DTMB MI,6,6. Engineering & Design,2029,Forecast,1046.841301,119338.2072,0.008772055,,,,
sam_mi,dtmb_mi,DTMB MI,7,7. Core Automotive,2029,Forecast,162989.0731,162989.0731,1,,,,
sam_mi,dtmb_mi,DTMB MI,8,"8. Motor Vehicle Parts, Materials, & Products Sales",2029,Forecast,115355.0682,115355.0682,1,,,,
sam_mi,dtmb_mi,DTMB MI,9,"9. Dealers, Maintenance, & Repair",2029,Forecast,72218.90521,72218.90521,1,,,,
sam_mi,dtmb_mi,DTMB MI,10,10. Logistics,2029,Forecast,45595.93268,45595.93268,1,,,,
sam_mi,dtmb_mi,DTMB MI,1,1. Materials & Processing,2030,Forecast,20559.29457,69423.45202,0.296143363,,,,
sam_mi,dtmb_mi,DTMB MI,2,2. Equipment Manufacturing,2030,Forecast,5997.59599,45267.58864,0.132492058,,,,
sam_mi,dtmb_mi,DTMB MI,3,3. Forging & Foundries,2030,Forecast,8560.493573,15420.08162,0.555152287,,,,
sam_mi,dtmb_mi,DTMB MI,4,4. Parts & Machining,2030,Forecast,14378.63631,48635.65827,0.2956398,,,,
sam_mi,dtmb_mi,DTMB MI,5,5. Component Systems,2030,Forecast,6020.014718,18111.82429,0.332380362,,,,
sam_mi,dtmb_mi,DTMB MI,6,6. Engineering & Design,2030,Forecast,1055.61579,119969.7818,0.008799014,,,,
sam_mi,dtmb_mi,DTMB MI,7,7. Core Automotive,2030,Forecast,162135.8749,162135.8749,1,,,,
sam_mi,dtmb_mi,DTMB MI,8,"8. Motor Vehicle Parts, Materials, & Products Sales",2030,Forecast,115054.4933,115054.4933,1,,,,
sam_mi,dtmb_mi,DTMB MI,9,"9. Dealers, Maintenance, & Repair",2030,Forecast,72162.78582,72162.78582,1,,,,
sam_mi,dtmb_mi,DTMB MI,10,10. Logistics,2030,Forecast,45694.19297,45694.19297,1,,,,
sam_mi,dtmb_mi,DTMB MI,1,1. Materials & Processing,2031,Forecast,20486.77164,69191.067,0.296089835,,,,
sam_mi,dtmb_mi,DTMB MI,2,2. Equipment Manufacturing,2031,Forecast,5979.466753,45130.756,0.132492058,,,,
sam_mi,dtmb_mi,DTMB MI,3,3. Forging & Foundries,2031,Forecast,8499.112017,15316.983,0.554881599,,,,
sam_mi,dtmb_mi,DTMB MI,4,4. Parts & Machining,2031,Forecast,14334.60636,48507.37,0.295513988,,,,
sam_mi,dtmb_mi,DTMB MI,5,5. Component Systems,2031,Forecast,6035.255583,18169.789,0.332158815,,,,
sam_mi,dtmb_mi,DTMB MI,6,6. Engineering & Design,2031,Forecast,1064.508062,120606.695,0.008826277,,,,
sam_mi,dtmb_mi,DTMB MI,7,7. Core Automotive,2031,Forecast,161287.143,161287.143,1,,,,
sam_mi,dtmb_mi,DTMB MI,8,"8. Motor Vehicle Parts, Materials, & Products Sales",2031,Forecast,114755.266,114755.266,1,,,,
sam_mi,dtmb_mi,DTMB MI,9,"9. Dealers, Maintenance, & Repair",2031,Forecast,72106.728,72106.728,1,,,,
sam_mi,dtmb_mi,DTMB MI,10,10. Logistics,2031,Forecast,45792.665,45792.665,1,,,,
sam_mi,dtmb_mi,DTMB MI,1,1. Materials & Processing,2032,Forecast,20414.65099,68959.90648,0.296036524,,,,
sam_mi,dtmb_mi,DTMB MI,2,2. Equipment Manufacturing,2032,Forecast,5961.392316,44994.33698,0.132492058,,,,
sam_mi,dtmb_mi,DTMB MI,3,3. Forging & Foundries,2032,Forecast,8438.198482,15214.63243,0.554610735,,,,
sam_mi,dtmb_mi,DTMB MI,4,4. Parts & Machining,2032,Forecast,14290.81954,48379.86837,0.295387731,,,,
sam_mi,dtmb_mi,DTMB MI,5,5. Component Systems,2032,Forecast,6050.78495,18228.36563,0.331943361,,,,
sam_mi,dtmb_mi,DTMB MI,6,6. Engineering & Design,2032,Forecast,1073.519995,121249.0132,0.008853845,,,,
sam_mi,dtmb_mi,DTMB MI,7,7. Core Automotive,2032,Forecast,160442.8539,160442.8539,1,,,,
sam_mi,dtmb_mi,DTMB MI,8,"8. Motor Vehicle Parts, Materials, & Products Sales",2032,Forecast,114457.3785,114457.3785,1,,,,
sam_mi,dtmb_mi,DTMB MI,9,"9. Dealers, Maintenance, & Repair",2032,Forecast,72050.73167,72050.73167,1,,,,
sam_mi,dtmb_mi,DTMB MI,10,10. Logistics,2032,Forecast,45891.34924,45891.34924,1,,,,
sam_mi,dtmb_mi,DTMB MI,1,1. Materials & Processing,2033,Forecast,20342.93013,68729.96325,0.295983428,,,,
sam_mi,dtmb_mi,DTMB MI,2,2. Equipment Manufacturing,2033,Forecast,5943.372513,44858.33031,0.132492058,,,,
sam_mi,dtmb_mi,DTMB MI,3,3. Forging & Foundries,2033,Forecast,8377.749257,15113.02417,0.554339698,,,,
sam_mi,dtmb_mi,DTMB MI,4,4. Parts & Machining,2033,Forecast,14247.27492,48253.15053,0.29526103,,,,
sam_mi,dtmb_mi,DTMB MI,5,5. Component Systems,2033,Forecast,6066.605351,18287.5594,0.331734007,,,,
sam_mi,dtmb_mi,DTMB MI,6,6. Engineering & Design,2033,Forecast,1082.653499,121896.8038,0.008881722,,,,
sam_mi,dtmb_mi,DTMB MI,7,7. Core Automotive,2033,Forecast,159602.9844,159602.9844,1,,,,
sam_mi,dtmb_mi,DTMB MI,8,"8. Motor Vehicle Parts, Materials, & Products Sales",2033,Forecast,114160.8232,114160.8232,1,,,,
sam_mi,dtmb_mi,DTMB MI,9,"9. Dealers, Maintenance, & Repair",2033,Forecast,71994.79674,71994.79674,1,,,,
sam_mi,dtmb_mi,DTMB MI,10,10. Logistics,2033,Forecast,45990.24615,45990.24615,1,,,,
sam_mi,dtmb_mi,DTMB MI,1,1. Materials & Processing,2034,Forecast,20271.6066,68501.23016,0.295930548,,,,
sam_mi,dtmb_mi,DTMB MI,2,2. Equipment Manufacturing,2034,Forecast,5925.407179,44722.73476,0.132492058,,,,
sam_mi,dtmb_mi,DTMB MI,3,3. Forging & Foundries,2034,Forecast,8317.760662,15012.15251,0.554068489,,,,
sam_mi,dtmb_mi,DTMB MI,4,4. Parts & Machining,2034,Forecast,14203.97158,48127.21364,0.295133886,,,,
sam_mi,dtmb_mi,DTMB MI,5,5. Component Systems,2034,Forecast,6082.719345,18347.37563,0.331530758,,,,
sam_mi,dtmb_mi,DTMB MI,6,6. Engineering & Design,2034,Forecast,1091.910516,122550.1354,0.008909909,,,,
sam_mi,dtmb_mi,DTMB MI,7,7. Core Automotive,2034,Forecast,158767.5114,158767.5114,1,,,,
sam_mi,dtmb_mi,DTMB MI,8,"8. Motor Vehicle Parts, Materials, & Products Sales",2034,Forecast,113865.5923,113865.5923,1,,,,
sam_mi,dtmb_mi,DTMB MI,9,"9. Dealers, Maintenance, & Repair",2034,Forecast,71938.92316,71938.92316,1,,,,
sam_mi,dtmb_mi,DTMB MI,10,10. Logistics,2034,Forecast,46089.35619,46089.35619,1,,,,
sam_mi,moodys_mi,Moody's MI,1,1. Materials & Processing,2001,QCEW,30402.00345,96567,0.314828083,,,,
sam_mi,moodys_mi,Moody's MI,2,2. Equipment Manufacturing,2001,QCEW,8381.597087,69888,0.119928988,,,,
sam_mi,moodys_mi,Moody's MI,3,3. Forging & Foundries,2001,QCEW,13346.70693,22569,0.59137343,,,,
sam_mi,moodys_mi,Moody's MI,4,4. Parts & Machining,2001,QCEW,15908.56355,53878,0.29527012,,,,
sam_mi,moodys_mi,Moody's MI,5,5. Component Systems,2001,QCEW,4625.09372,16198,0.285534864,,,,
sam_mi,moodys_mi,Moody's MI,6,6. Engineering & Design,2001,QCEW,760.7010813,102457,0.007424589,,,,
sam_mi,moodys_mi,Moody's MI,7,7. Core Automotive,2001,QCEW,304333,304333,1,,,,
sam_mi,moodys_mi,Moody's MI,8,"8. Motor Vehicle Parts, Materials, & Products Sales",2001,QCEW,107590.1765,107590.1765,1,,,,
sam_mi,moodys_mi,Moody's MI,9,"9. Dealers, Maintenance, & Repair",2001,QCEW,75615,75615,1,,,,
sam_mi,moodys_mi,Moody's MI,10,10. Logistics,2001,QCEW,36463,36463,1,,,,
sam_mi,moodys_mi,Moody's MI,1,1. Materials & Processing,2002,QCEW,28412.12142,90158,0.315136997,,,,
sam_mi,moodys_mi,Moody's MI,2,2. Equipment Manufacturing,2002,QCEW,7321.470104,61235,0.119563487,,,,
sam_mi,moodys_mi,Moody's MI,3,3. Forging & Foundries,2002,QCEW,12255.34878,20853,0.587701951,,,,
sam_mi,moodys_mi,Moody's MI,4,4. Parts & Machining,2002,QCEW,15193.47042,50874,0.298649023,,,,
sam_mi,moodys_mi,Moody's MI,5,5. Component Systems,2002,QCEW,4548.832473,15254,0.298205879,,,,
sam_mi,moodys_mi,Moody's MI,6,6. Engineering & Design,2002,QCEW,732.387828,102250,0.007162717,,,,
sam_mi,moodys_mi,Moody's MI,7,7. Core Automotive,2002,QCEW,283180,283180,1,,,,
sam_mi,moodys_mi,Moody's MI,8,"8. Motor Vehicle Parts, Materials, & Products Sales",2002,QCEW,104826.7278,104826.7278,1,,,,
sam_mi,moodys_mi,Moody's MI,9,"9. Dealers, Maintenance, & Repair",2002,QCEW,76404,76404,1,,,,
sam_mi,moodys_mi,Moody's MI,10,10. Logistics,2002,QCEW,35744,35744,1,,,,
sam_mi,moodys_mi,Moody's MI,1,1. Materials & Processing,2003,QCEW,27749.57827,88475,0.313643157,,,,
sam_mi,moodys_mi,Moody's MI,2,2. Equipment Manufacturing,2003,QCEW,6925.564339,58385,0.118618898,,,,
sam_mi,moodys_mi,Moody's MI,3,3. Forging & Foundries,2003,QCEW,11732.46671,20120,0.583124588,,,,
sam_mi,moodys_mi,Moody's MI,4,4. Parts & Machining,2003,QCEW,14944.78079,49178,0.303891594,,,,
sam_mi,moodys_mi,Moody's MI,5,5. Component Systems,2003,QCEW,4342.599401,14725,0.294913372,,,,
sam_mi,moodys_mi,Moody's MI,6,6. Engineering & Design,2003,QCEW,709.2731274,99969,0.007094931,,,,
sam_mi,moodys_mi,Moody's MI,7,7. Core Automotive,2003,QCEW,261958,261958,1,,,,
sam_mi,moodys_mi,Moody's MI,8,"8. Motor Vehicle Parts, Materials, & Products Sales",2003,QCEW,102056.93,102056.93,1,,,,
sam_mi,moodys_mi,Moody's MI,9,"9. Dealers, Maintenance, & Repair",2003,QCEW,74642,74642,1,,,,
sam_mi,moodys_mi,Moody's MI,10,10. Logistics,2003,QCEW,34947,34947,1,,,,
sam_mi,moodys_mi,Moody's MI,1,1. Materials & Processing,2004,QCEW,27040.36351,87072,0.310551768,,,,
sam_mi,moodys_mi,Moody's MI,2,2. Equipment Manufacturing,2004,QCEW,6748.251814,56958,0.118477682,,,,
sam_mi,moodys_mi,Moody's MI,3,3. Forging & Foundries,2004,QCEW,12734.71093,21836,0.583197972,,,,
sam_mi,moodys_mi,Moody's MI,4,4. Parts & Machining,2004,QCEW,14984.626,49248,0.304268722,,,,
sam_mi,moodys_mi,Moody's MI,5,5. Component Systems,2004,QCEW,4482.971181,14908,0.300709094,,,,
sam_mi,moodys_mi,Moody's MI,6,6. Engineering & Design,2004,QCEW,703.4872748,98337,0.007153841,,,,
sam_mi,moodys_mi,Moody's MI,7,7. Core Automotive,2004,QCEW,249612,249612,1,,,,
sam_mi,moodys_mi,Moody's MI,8,"8. Motor Vehicle Parts, Materials, & Products Sales",2004,QCEW,100039.4028,100039.4028,1,,,,
sam_mi,moodys_mi,Moody's MI,9,"9. Dealers, Maintenance, & Repair",2004,QCEW,74365,74365,1,,,,
sam_mi,moodys_mi,Moody's MI,10,10. Logistics,2004,QCEW,36028,36028,1,,,,
sam_mi,moodys_mi,Moody's MI,1,1. Materials & Processing,2005,QCEW,26662.19257,88546,0.301111203,,,,
sam_mi,moodys_mi,Moody's MI,2,2. Equipment Manufacturing,2005,QCEW,6612.348685,55729,0.118651845,,,,
sam_mi,moodys_mi,Moody's MI,3,3. Forging & Foundries,2005,QCEW,12505.74454,21459,0.582773873,,,,
sam_mi,moodys_mi,Moody's MI,4,4. Parts & Machining,2005,QCEW,15638.4699,50724,0.30830514,,,,
sam_mi,moodys_mi,Moody's MI,5,5. Component Systems,2005,QCEW,4384.700351,15615,0.280800535,,,,
sam_mi,moodys_mi,Moody's MI,6,6. Engineering & Design,2005,QCEW,717.3347451,97957,0.007322955,,,,
sam_mi,moodys_mi,Moody's MI,7,7. Core Automotive,2005,QCEW,232083,232083,1,,,,
sam_mi,moodys_mi,Moody's MI,8,"8. Motor Vehicle Parts, Materials, & Products Sales",2005,QCEW,99441.067,99441.067,1,,,,
sam_mi,moodys_mi,Moody's MI,9,"9. Dealers, Maintenance, & Repair",2005,QCEW,71952,71952,1,,,,
sam_mi,moodys_mi,Moody's MI,10,10. Logistics,2005,QCEW,37382,37382,1,,,,
sam_mi,moodys_mi,Moody's MI,1,1. Materials & Processing,2006,QCEW,25513.73721,85620,0.297988054,,,,
sam_mi,moodys_mi,Moody's MI,2,2. Equipment Manufacturing,2006,QCEW,6464.63708,54338,0.118970832,,,,
sam_mi,moodys_mi,Moody's MI,3,3. Forging & Foundries,2006,QCEW,12066.15366,20882,0.577825575,,,,
sam_mi,moodys_mi,Moody's MI,4,4. Parts & Machining,2006,QCEW,15471.29329,50064,0.309030307,,,,
sam_mi,moodys_mi,Moody's MI,5,5. Component Systems,2006,QCEW,4258.335351,15814,0.269276296,,,,
sam_mi,moodys_mi,Moody's MI,6,6. Engineering & Design,2006,QCEW,702.9105062,95510,0.007359549,,,,
sam_mi,moodys_mi,Moody's MI,7,7. Core Automotive,2006,QCEW,213893,213893,1,,,,
sam_mi,moodys_mi,Moody's MI,8,"8. Motor Vehicle Parts, Materials, & Products Sales",2006,QCEW,98829.07437,98829.07437,1,,,,
sam_mi,moodys_mi,Moody's MI,9,"9. Dealers, Maintenance, & Repair",2006,QCEW,68884,68884,1,,,,
sam_mi,moodys_mi,Moody's MI,10,10. Logistics,2006,QCEW,38765,38765,1,,,,
sam_mi,moodys_mi,Moody's MI,1,1. Materials & Processing,2007,QCEW,24394.54566,82139,0.296991023,,,,
sam_mi,moodys_mi,Moody's MI,2,2. Equipment Manufacturing,2007,QCEW,6121.481468,51185,0.119595223,,,,
sam_mi,moodys_mi,Moody's MI,3,3. Forging & Foundries,2007,QCEW,11290.77274,19764,0.571279738,,,,
sam_mi,moodys_mi,Moody's MI,4,4. Parts & Machining,2007,QCEW,14954.38004,48225,0.310096009,,,,
sam_mi,moodys_mi,Moody's MI,5,5. Component Systems,2007,QCEW,4118.463209,15751,0.261473126,,,,
sam_mi,moodys_mi,Moody's MI,6,6. Engineering & Design,2007,QCEW,698.960594,93220,0.007497968,,,,
sam_mi,moodys_mi,Moody's MI,7,7. Core Automotive,2007,QCEW,198068,198068,1,,,,
sam_mi,moodys_mi,Moody's MI,8,"8. Motor Vehicle Parts, Materials, & Products Sales",2007,QCEW,97215.685,97215.685,1,,,,
sam_mi,moodys_mi,Moody's MI,9,"9. Dealers, Maintenance, & Repair",2007,QCEW,66333,66333,1,,,,
sam_mi,moodys_mi,Moody's MI,10,10. Logistics,2007,QCEW,40761,40761,1,,,,
sam_mi,moodys_mi,Moody's MI,1,1. Materials & Processing,2008,QCEW,22980.53767,77593,0.296167665,,,,
sam_mi,moodys_mi,Moody's MI,2,2. Equipment Manufacturing,2008,QCEW,5888.679286,49109,0.119910389,,,,
sam_mi,moodys_mi,Moody's MI,3,3. Forging & Foundries,2008,QCEW,10282.61941,17934,0.57335895,,,,
sam_mi,moodys_mi,Moody's MI,4,4. Parts & Machining,2008,QCEW,14528.85552,46965,0.309354956,,,,
sam_mi,moodys_mi,Moody's MI,5,5. Component Systems,2008,QCEW,4292.290996,15865,0.270550961,,,,
sam_mi,moodys_mi,Moody's MI,6,6. Engineering & Design,2008,QCEW,673.0359223,88873,0.007573008,,,,
sam_mi,moodys_mi,Moody's MI,7,7. Core Automotive,2008,QCEW,167000,167000,1,,,,
sam_mi,moodys_mi,Moody's MI,8,"8. Motor Vehicle Parts, Materials, & Products Sales",2008,QCEW,95828.59295,95828.59295,1,,,,
sam_mi,moodys_mi,Moody's MI,9,"9. Dealers, Maintenance, & Repair",2008,QCEW,63843,63843,1,,,,
sam_mi,moodys_mi,Moody's MI,10,10. Logistics,2008,QCEW,38940,38940,1,,,,
sam_mi,moodys_mi,Moody's MI,1,1. Materials & Processing,2009,QCEW,17615.54464,59620,0.295463681,,,,
sam_mi,moodys_mi,Moody's MI,2,2. Equipment Manufacturing,2009,QCEW,4766.456353,39495,0.120685058,,,,
sam_mi,moodys_mi,Moody's MI,3,3. Forging & Foundries,2009,QCEW,7444.944743,13152,0.5660694,,,,
sam_mi,moodys_mi,Moody's MI,4,4. Parts & Machining,2009,QCEW,11381.08026,37232,0.305680067,,,,
sam_mi,moodys_mi,Moody's MI,5,5. Component Systems,2009,QCEW,3708.358735,13865,0.267461863,,,,
sam_mi,moodys_mi,Moody's MI,6,6. Engineering & Design,2009,QCEW,587.9915569,77775,0.007560161,,,,
sam_mi,moodys_mi,Moody's MI,7,7. Core Automotive,2009,QCEW,122598,122598,1,,,,
sam_mi,moodys_mi,Moody's MI,8,"8. Motor Vehicle Parts, Materials, & Products Sales",2009,QCEW,87246.23037,87246.23037,1,,,,
sam_mi,moodys_mi,Moody's MI,9,"9. Dealers, Maintenance, & Repair",2009,QCEW,58528,58528,1,,,,
sam_mi,moodys_mi,Moody's MI,10,10. Logistics,2009,QCEW,33872,33872,1,,,,
sam_mi,moodys_mi,Moody's MI,1,1. Materials & Processing,2010,QCEW,18899.93778,64137,0.294680727,,,,
sam_mi,moodys_mi,Moody's MI,2,2. Equipment Manufacturing,2010,QCEW,4728.47101,40126,0.117840577,,,,
sam_mi,moodys_mi,Moody's MI,3,3. Forging & Foundries,2010,QCEW,8069.098646,14405,0.560159573,,,,
sam_mi,moodys_mi,Moody's MI,4,4. Parts & Machining,2010,QCEW,12321.6292,40120,0.307119372,,,,
sam_mi,moodys_mi,Moody's MI,5,5. Component Systems,2010,QCEW,3644.743681,13189,0.276347235,,,,
sam_mi,moodys_mi,Moody's MI,6,6. Engineering & Design,2010,QCEW,609.1015191,80680,0.007549597,,,,
sam_mi,moodys_mi,Moody's MI,7,7. Core Automotive,2010,QCEW,126033,126033,1,,,,
sam_mi,moodys_mi,Moody's MI,8,"8. Motor Vehicle Parts, Materials, & Products Sales",2010,QCEW,89086.8125,89086.8125,1,,,,
sam_mi,moodys_mi,Moody's MI,9,"9. Dealers, Maintenance, & Repair",2010,QCEW,57415,57415,1,,,,
sam_mi,moodys_mi,Moody's MI,10,10. Logistics,2010,QCEW,34234,34234,1,,,,
sam_mi,moodys_mi,Moody's MI,1,1. Materials & Processing,2011,QCEW,20536.11974,69846,0.294019983,,,,
sam_mi,moodys_mi,Moody's MI,2,2. Equipment Manufacturing,2011,QCEW,5218.672474,44416,0.117495328,,,,
sam_mi,moodys_mi,Moody's MI,3,3. Forging & Foundries,2011,QCEW,9328.231486,16777,0.556013083,,,,
sam_mi,moodys_mi,Moody's MI,4,4. Parts & Machining,2011,QCEW,13891.08772,44729,0.310561106,,,,
sam_mi,moodys_mi,Moody's MI,5,5. Component Systems,2011,QCEW,4381.646917,14492,0.302349359,,,,
sam_mi,moodys_mi,Moody's MI,6,6. Engineering & Design,2011,QCEW,663.4546497,86598,0.007661316,,,,
sam_mi,moodys_mi,Moody's MI,7,7. Core Automotive,2011,QCEW,137663,137663,1,,,,
sam_mi,moodys_mi,Moody's MI,8,"8. Motor Vehicle Parts, Materials, & Products Sales",2011,QCEW,92585.61085,92585.61085,1,,,,
sam_mi,moodys_mi,Moody's MI,9,"9. Dealers, Maintenance, & Repair",2011,QCEW,58514,58514,1,,,,
sam_mi,moodys_mi,Moody's MI,10,10. Logistics,2011,QCEW,36615,36615,1,,,,
sam_mi,moodys_mi,Moody's MI,1,1. Materials & Processing,2012,QCEW,20874.04374,72219,0.289038116,,,,
sam_mi,moodys_mi,Moody's MI,2,2. Equipment Manufacturing,2012,QCEW,5709.020442,48753,0.117100905,,,,
sam_mi,moodys_mi,Moody's MI,3,3. Forging & Foundries,2012,QCEW,9888.2863,17730,0.557714963,,,,
sam_mi,moodys_mi,Moody's MI,4,4. Parts & Machining,2012,QCEW,14869.70862,47604,0.312362588,,,,
sam_mi,moodys_mi,Moody's MI,5,5. Component Systems,2012,QCEW,4579.766128,15170,0.301896251,,,,
sam_mi,moodys_mi,Moody's MI,6,6. Engineering & Design,2012,QCEW,713.3704627,93379,0.007639517,,,,
sam_mi,moodys_mi,Moody's MI,7,7. Core Automotive,2012,QCEW,150169,150169,1,,,,
sam_mi,moodys_mi,Moody's MI,8,"8. Motor Vehicle Parts, Materials, & Products Sales",2012,QCEW,95608.29067,95608.29067,1,,,,
sam_mi,moodys_mi,Moody's MI,9,"9. Dealers, Maintenance, & Repair",2012,QCEW,60173,60173,1,,,,
sam_mi,moodys_mi,Moody's MI,10,10. Logistics,2012,QCEW,38488,38488,1,,,,
sam_mi,moodys_mi,Moody's MI,1,1. Materials & Processing,2013,QCEW,21753.94493,74741,0.291057718,,,,
sam_mi,moodys_mi,Moody's MI,2,2. Equipment Manufacturing,2013,QCEW,5969.451894,50347,0.118566189,,,,
sam_mi,moodys_mi,Moody's MI,3,3. Forging & Foundries,2013,QCEW,9678.86421,17469,0.554059432,,,,
sam_mi,moodys_mi,Moody's MI,4,4. Parts & Machining,2013,QCEW,15149.99965,48091,0.315027752,,,,
sam_mi,moodys_mi,Moody's MI,5,5. Component Systems,2013,QCEW,4432.149125,15239,0.290842518,,,,
sam_mi,moodys_mi,Moody's MI,6,6. Engineering & Design,2013,QCEW,758.5062954,98826,0.007675169,,,,
sam_mi,moodys_mi,Moody's MI,7,7. Core Automotive,2013,QCEW,160593,160593,1,,,,
sam_mi,moodys_mi,Moody's MI,8,"8. Motor Vehicle Parts, Materials, & Products Sales",2013,QCEW,98503.90548,98503.90548,1,,,,
sam_mi,moodys_mi,Moody's MI,9,"9. Dealers, Maintenance, & Repair",2013,QCEW,61157,61157,1,,,,
sam_mi,moodys_mi,Moody's MI,10,10. Logistics,2013,QCEW,40737,40737,1,,,,
sam_mi,moodys_mi,Moody's MI,1,1. Materials & Processing,2014,QCEW,23003.117,78687,0.292336943,,,,
sam_mi,moodys_mi,Moody's MI,2,2. Equipment Manufacturing,2014,QCEW,6177.456012,51620,0.119671755,,,,
sam_mi,moodys_mi,Moody's MI,3,3. Forging & Foundries,2014,QCEW,9915.100577,17851,0.555436703,,,,
sam_mi,moodys_mi,Moody's MI,4,4. Parts & Machining,2014,QCEW,15846.2048,50307,0.314990057,,,,
sam_mi,moodys_mi,Moody's MI,5,5. Component Systems,2014,QCEW,4533.05101,15439,0.293610403,,,,
sam_mi,moodys_mi,Moody's MI,6,6. Engineering & Design,2014,QCEW,776.8738953,102924,0.007548034,,,,
sam_mi,moodys_mi,Moody's MI,7,7. Core Automotive,2014,QCEW,170363,170363,1,,,,
sam_mi,moodys_mi,Moody's MI,8,"8. Motor Vehicle Parts, Materials, & Products Sales",2014,QCEW,102424.8873,102424.8873,1,,,,
sam_mi,moodys_mi,Moody's MI,9,"9. Dealers, Maintenance, & Repair",2014,QCEW,64200,64200,1,,,,
sam_mi,moodys_mi,Moody's MI,10,10. Logistics,2014,QCEW,43426,43426,1,,,,
sam_mi,moodys_mi,Moody's MI,1,1. Materials & Processing,2015,QCEW,23448.8534,79982,0.293176632,,,,
sam_mi,moodys_mi,Moody's MI,2,2. Equipment Manufacturing,2015,QCEW,6365.532035,52970,0.1201724,,,,
sam_mi,moodys_mi,Moody's MI,3,3. Forging & Foundries,2015,QCEW,9963.247352,18047,0.55207222,,,,
sam_mi,moodys_mi,Moody's MI,4,4. Parts & Machining,2015,QCEW,16512.84515,52603,0.313914513,,,,
sam_mi,moodys_mi,Moody's MI,5,5. Component Systems,2015,QCEW,4992.017393,16676,0.299353406,,,,
sam_mi,moodys_mi,Moody's MI,6,6. Engineering & Design,2015,QCEW,938.655054,117555,0.007984816,,,,
sam_mi,moodys_mi,Moody's MI,7,7. Core Automotive,2015,QCEW,166670,166670,1,,,,
sam_mi,moodys_mi,Moody's MI,8,"8. Motor Vehicle Parts, Materials, & Products Sales",2015,QCEW,104833.717,104833.717,1,,,,
sam_mi,moodys_mi,Moody's MI,9,"9. Dealers, Maintenance, & Repair",2015,QCEW,66784,66784,1,,,,
sam_mi,moodys_mi,Moody's MI,10,10. Logistics,2015,QCEW,45930,45930,1,,,,
sam_mi,moodys_mi,Moody's MI,1,1. Materials & Processing,2016,QCEW,23739.79796,81235,0.29223608,,,,
sam_mi,moodys_mi,Moody's MI,2,2. Equipment Manufacturing,2016,QCEW,6427.853245,53396,0.120380801,,,,
sam_mi,moodys_mi,Moody's MI,3,3. Forging & Foundries,2016,QCEW,10023.45172,18194,0.550920728,,,,
sam_mi,moodys_mi,Moody's MI,4,4. Parts & Machining,2016,QCEW,16367.76462,52458,0.312016558,,,,
sam_mi,moodys_mi,Moody's MI,5,5. Component Systems,2016,QCEW,4955.65388,16542,0.299580092,,,,
sam_mi,moodys_mi,Moody's MI,6,6. Engineering & Design,2016,QCEW,974.8572872,121842,0.008000995,,,,
sam_mi,moodys_mi,Moody's MI,7,7. Core Automotive,2016,QCEW,173344,173344,1,,,,
sam_mi,moodys_mi,Moody's MI,8,"8. Motor Vehicle Parts, Materials, & Products Sales",2016,QCEW,105625.1859,105625.1859,1,,,,
sam_mi,moodys_mi,Moody's MI,9,"9. Dealers, Maintenance, & Repair",2016,QCEW,68358,68358,1,,,,
sam_mi,moodys_mi,Moody's MI,10,10. Logistics,2016,QCEW,46900,46900,1,,,,
sam_mi,moodys_mi,Moody's MI,1,1. Materials & Processing,2017,QCEW,24108.82173,82226,0.293201928,,,,
sam_mi,moodys_mi,Moody's MI,2,2. Equipment Manufacturing,2017,QCEW,6570.844634,54519,0.120523939,,,,
sam_mi,moodys_mi,Moody's MI,3,3. Forging & Foundries,2017,QCEW,10197.75072,18552,0.549684709,,,,
sam_mi,moodys_mi,Moody's MI,4,4. Parts & Machining,2017,QCEW,16139.39663,52257,0.308846597,,,,
sam_mi,moodys_mi,Moody's MI,5,5. Component Systems,2017,QCEW,5074.521584,16794,0.302162771,,,,
sam_mi,moodys_mi,Moody's MI,6,6. Engineering & Design,2017,QCEW,948.5175797,113721,0.008340743,,,,
sam_mi,moodys_mi,Moody's MI,7,7. Core Automotive,2017,QCEW,180711,180711,1,,,,
sam_mi,moodys_mi,Moody's MI,8,"8. Motor Vehicle Parts, Materials, & Products Sales",2017,QCEW,107098.9302,107098.9302,1,,,,
sam_mi,moodys_mi,Moody's MI,9,"9. Dealers, Maintenance, & Repair",2017,QCEW,68500,68500,1,,,,
sam_mi,moodys_mi,Moody's MI,10,10. Logistics,2017,QCEW,46723,46723,1,,,,
sam_mi,moodys_mi,Moody's MI,1,1. Materials & Processing,2018,QCEW,24548.64085,83724,0.293209126,,,,
sam_mi,moodys_mi,Moody's MI,2,2. Equipment Manufacturing,2018,QCEW,6739.387338,55424,0.121596914,,,,
sam_mi,moodys_mi,Moody's MI,3,3. Forging & Foundries,2018,QCEW,10595.13614,19277,0.549625779,,,,
sam_mi,moodys_mi,Moody's MI,4,4. Parts & Machining,2018,QCEW,16414.67444,53718,0.305571213,,,,
sam_mi,moodys_mi,Moody's MI,5,5. Component Systems,2018,QCEW,5353.222206,17376,0.308081388,,,,
sam_mi,moodys_mi,Moody's MI,6,6. Engineering & Design,2018,QCEW,975.529221,116698,0.008359434,,,,
sam_mi,moodys_mi,Moody's MI,7,7. Core Automotive,2018,QCEW,182995,182995,1,,,,
sam_mi,moodys_mi,Moody's MI,8,"8. Motor Vehicle Parts, Materials, & Products Sales",2018,QCEW,110520.0778,110520.0778,1,,,,
sam_mi,moodys_mi,Moody's MI,9,"9. Dealers, Maintenance, & Repair",2018,QCEW,68540,68540,1,,,,
sam_mi,moodys_mi,Moody's MI,10,10. Logistics,2018,QCEW,47502,47502,1,,,,
sam_mi,moodys_mi,Moody's MI,1,1. Materials & Processing,2019,QCEW,24426.35337,83591,0.292212719,,,,
sam_mi,moodys_mi,Moody's MI,2,2. Equipment Manufacturing,2019,QCEW,6576.70413,53502,0.122924454,,,,
sam_mi,moodys_mi,Moody's MI,3,3. Forging & Foundries,2019,QCEW,10542.21836,19271,0.547050924,,,,
sam_mi,moodys_mi,Moody's MI,4,4. Parts & Machining,2019,QCEW,15908.69373,52591,0.302498407,,,,
sam_mi,moodys_mi,Moody's MI,5,5. Component Systems,2019,QCEW,5780.272514,18237,0.316953036,,,,
sam_mi,moodys_mi,Moody's MI,6,6. Engineering & Design,2019,QCEW,972.141431,118343,0.008214609,,,,
sam_mi,moodys_mi,Moody's MI,7,7. Core Automotive,2019,QCEW,180821,180821,1,,,,
sam_mi,moodys_mi,Moody's MI,8,"8. Motor Vehicle Parts, Materials, & Products Sales",2019,QCEW,111801.6657,111801.6657,1,,,,
sam_mi,moodys_mi,Moody's MI,9,"9. Dealers, Maintenance, & Repair",2019,QCEW,68868,68868,1,,,,
sam_mi,moodys_mi,Moody's MI,10,10. Logistics,2019,QCEW,48382,48382,1,,,,
sam_mi,moodys_mi,Moody's MI,1,1. Materials & Processing,2020,QCEW,20793.90897,70950,0.293078351,,,,
sam_mi,moodys_mi,Moody's MI,2,2. Equipment Manufacturing,2020,QCEW,6069.646603,48267,0.125751478,,,,
sam_mi,moodys_mi,Moody's MI,3,3. Forging & Foundries,2020,QCEW,8708.642444,15883,0.548299594,,,,
sam_mi,moodys_mi,Moody's MI,4,4. Parts & Machining,2020,QCEW,13677.9739,45730,0.299102862,,,,
sam_mi,moodys_mi,Moody's MI,5,5. Component Systems,2020,QCEW,5449.419588,16885,0.322737316,,,,
sam_mi,moodys_mi,Moody's MI,6,6. Engineering & Design,2020,QCEW,947.1381094,115403,0.008207223,,,,
sam_mi,moodys_mi,Moody's MI,7,7. Core Automotive,2020,QCEW,154727,154727,1,,,,
sam_mi,moodys_mi,Moody's MI,8,"8. Motor Vehicle Parts, Materials, & Products Sales",2020,QCEW,103058.2354,103058.2354,1,,,,
sam_mi,moodys_mi,Moody's MI,9,"9. Dealers, Maintenance, & Repair",2020,QCEW,62425,62425,1,,,,
sam_mi,moodys_mi,Moody's MI,10,10. Logistics,2020,QCEW,44778,44778,1,,,,
sam_mi,moodys_mi,Moody's MI,1,1. Materials & Processing,2021,QCEW,21220.81779,72517,0.292632318,,,,
sam_mi,moodys_mi,Moody's MI,2,2. Equipment Manufacturing,2021,QCEW,6132.49678,48420,0.126652143,,,,
sam_mi,moodys_mi,Moody's MI,3,3. Forging & Foundries,2021,QCEW,8863.944357,16199,0.547190836,,,,
sam_mi,moodys_mi,Moody's MI,4,4. Parts & Machining,2021,QCEW,14221.98047,47346,0.300383992,,,,
sam_mi,moodys_mi,Moody's MI,5,5. Component Systems,2021,QCEW,5536.350019,17142,0.3229699,,,,
sam_mi,moodys_mi,Moody's MI,6,6. Engineering & Design,2021,QCEW,980.8345274,119483,0.008208988,,,,
sam_mi,moodys_mi,Moody's MI,7,7. Core Automotive,2021,QCEW,174869,174869,1,,,,
sam_mi,moodys_mi,Moody's MI,8,"8. Motor Vehicle Parts, Materials, & Products Sales",2021,QCEW,105546.6236,105546.6236,1,,,,
sam_mi,moodys_mi,Moody's MI,9,"9. Dealers, Maintenance, & Repair",2021,QCEW,66198,66198,1,,,,
sam_mi,moodys_mi,Moody's MI,10,10. Logistics,2021,QCEW,46770,46770,1,,,,
sam_mi,moodys_mi,Moody's MI,1,1. Materials & Processing,2022,QCEW,21422.17723,73289,0.292297306,,,,
sam_mi,moodys_mi,Moody's MI,2,2. Equipment Manufacturing,2022,QCEW,6324.972447,48839,0.129506592,,,,
sam_mi,moodys_mi,Moody's MI,3,3. Forging & Foundries,2022,QCEW,9215.777438,16746,0.550327089,,,,
sam_mi,moodys_mi,Moody's MI,4,4. Parts & Machining,2022,QCEW,14548.30636,48605,0.299317073,,,,
sam_mi,moodys_mi,Moody's MI,5,5. Component Systems,2022,QCEW,5902.349733,17979,0.328291325,,,,
sam_mi,moodys_mi,Moody's MI,6,6. Engineering & Design,2022,QCEW,1002.835428,122404,0.008192832,,,,
sam_mi,moodys_mi,Moody's MI,7,7. Core Automotive,2022,QCEW,177138,177138,1,,,,
sam_mi,moodys_mi,Moody's MI,8,"8. Motor Vehicle Parts, Materials, & Products Sales",2022,QCEW,110573,110573,1,,,,
sam_mi,moodys_mi,Moody's MI,9,"9. Dealers, Maintenance, & Repair",2022,QCEW,67706,67706,1,,,,
sam_mi,moodys_mi,Moody's MI,10,10. Logistics,2022,QCEW,49197,49197,1,,,,
sam_mi,moodys_mi,Moody's MI,1,1. Materials & Processing,2023,QCEW,21625.6694,73569,0.293950841,,,,
sam_mi,moodys_mi,Moody's MI,2,2. Equipment Manufacturing,2023,QCEW,6394.270739,48876,0.130826392,,,,
sam_mi,moodys_mi,Moody's MI,3,3. Forging & Foundries,2023,QCEW,9391.518582,17055,0.55066072,,,,
sam_mi,moodys_mi,Moody's MI,4,4. Parts & Machining,2023,QCEW,15119.80529,50818,0.297528539,,,,
sam_mi,moodys_mi,Moody's MI,5,5. Component Systems,2023,QCEW,6261.752202,18726,0.334388134,,,,
sam_mi,moodys_mi,Moody's MI,6,6. Engineering & Design,2023,QCEW,1018.848095,123111,0.008275849,,,,
sam_mi,moodys_mi,Moody's MI,7,7. Core Automotive,2023,QCEW,179115,179115,1,,,,
sam_mi,moodys_mi,Moody's MI,8,"8. Motor Vehicle Parts, Materials, & Products Sales",2023,QCEW,114410,114410,1,,,,
sam_mi,moodys_mi,Moody's MI,9,"9. Dealers, Maintenance, & Repair",2023,QCEW,69189,69189,1,,,,
sam_mi,moodys_mi,Moody's MI,10,10. Logistics,2023,QCEW,49037,49037,1,,,,
sam_mi,moodys_mi,Moody's MI,1,1. Materials & Processing,2024,QCEW,21247.66879,72604,0.29265149,,,,
sam_mi,moodys_mi,Moody's MI,2,2. Equipment Manufacturing,2024,QCEW,6244.586843,47550,0.131326747,,,,
sam_mi,moodys_mi,Moody's MI,3,3. Forging & Foundries,2024,QCEW,9023.139595,16337,0.552313129,,,,
sam_mi,moodys_mi,Moody's MI,4,4. Parts & Machining,2024,QCEW,14936.44449,50443,0.296105396,,,,
sam_mi,moodys_mi,Moody's MI,5,5. Component Systems,2024,QCEW,5987.024881,18283,0.327464031,,,,
sam_mi,moodys_mi,Moody's MI,6,6. Engineering & Design,2024,QCEW,1032.025505,120207,0.008585403,,,,
sam_mi,moodys_mi,Moody's MI,7,7. Core Automotive,2024,QCEW,173082,173082,1,,,,
sam_mi,moodys_mi,Moody's MI,8,"8. Motor Vehicle Parts, Materials, & Products Sales",2024,QCEW,115340,115340,1,,,,
sam_mi,moodys_mi,Moody's MI,9,"9. Dealers, Maintenance, & Repair",2024,QCEW,69600,69600,1,,,,
sam_mi,moodys_mi,Moody's MI,10,10. Logistics,2024,QCEW,46889,46889,1,,,,
sam_mi,moodys_mi,Moody's MI,1,1. Materials & Processing,2025,QCEW,20928.03176,70604,0.296414251,,,,
sam_mi,moodys_mi,Moody's MI,2,2. Equipment Manufacturing,2025,QCEW,6089.070013,45958,0.132492058,,,,
sam_mi,moodys_mi,Moody's MI,3,3. Forging & Foundries,2025,QCEW,8874.553682,15947,0.556503021,,,,
sam_mi,moodys_mi,Moody's MI,4,4. Parts & Machining,2025,QCEW,14602.46596,49289,0.296262167,,,,
sam_mi,moodys_mi,Moody's MI,5,5. Component Systems,2025,QCEW,5948.051176,17831,0.333579226,,,,
sam_mi,moodys_mi,Moody's MI,6,6. Engineering & Design,2025,QCEW,1012.884669,116864,0.008667209,,,,
sam_mi,moodys_mi,Moody's MI,7,7. Core Automotive,2025,QCEW,166447,166447,1,,,,
sam_mi,moodys_mi,Moody's MI,8,"8. Motor Vehicle Parts, Materials, & Products Sales",2025,QCEW,116571,116571,1,,,,
sam_mi,moodys_mi,Moody's MI,9,"9. Dealers, Maintenance, & Repair",2025,QCEW,72444,72444,1,,,,
sam_mi,moodys_mi,Moody's MI,10,10. Logistics,2025,QCEW,45205,45205,1,,,,
sam_mi,moodys_mi,Moody's MI,1,1. Materials & Processing,2026,Forecast,20654.22215,69779.40209,0.295993109,,,,
sam_mi,moodys_mi,Moody's MI,2,2. Equipment Manufacturing,2026,Forecast,6066.508844,45610.78844,0.133006007,,,,
sam_mi,moodys_mi,Moody's MI,3,3. Forging & Foundries,2026,Forecast,8589.273165,15502.84876,0.554044827,,,,
sam_mi,moodys_mi,Moody's MI,4,4. Parts & Machining,2026,Forecast,14480.41452,48934.07174,0.295916812,,,,
sam_mi,moodys_mi,Moody's MI,5,5. Component Systems,2026,Forecast,5928.961318,17772.00175,0.333612465,,,,
sam_mi,moodys_mi,Moody's MI,6,6. Engineering & Design,2026,Forecast,1015.321472,117557.6293,0.008636798,,,,
sam_mi,moodys_mi,Moody's MI,7,7. Core Automotive,2026,Forecast,166458.842,166458.842,1,,,,
sam_mi,moodys_mi,Moody's MI,8,"8. Motor Vehicle Parts, Materials, & Products Sales",2026,Forecast,116843.3915,116843.3915,1,,,,
sam_mi,moodys_mi,Moody's MI,9,"9. Dealers, Maintenance, & Repair",2026,Forecast,72793.95464,72793.95464,1,,,,
sam_mi,moodys_mi,Moody's MI,10,10. Logistics,2026,Forecast,44338.20891,44338.20891,1,,,,
sam_mi,moodys_mi,Moody's MI,1,1. Materials & Processing,2027,Forecast,20385.60975,68968.5622,0.295578291,,,,
sam_mi,moodys_mi,Moody's MI,2,2. Equipment Manufacturing,2027,Forecast,6044.359203,45268.73864,0.133521706,,,,
sam_mi,moodys_mi,Moody's MI,3,3. Forging & Foundries,2027,Forecast,8315.444212,15075.88248,0.551572634,,,,
sam_mi,moodys_mi,Moody's MI,4,4. Parts & Machining,2027,Forecast,14359.61322,48582.57291,0.295571279,,,,
sam_mi,moodys_mi,Moody's MI,5,5. Component Systems,2027,Forecast,5910.104576,17713.51425,0.333649466,,,,
sam_mi,moodys_mi,Moody's MI,6,6. Engineering & Design,2027,Forecast,1017.788682,118258.4362,0.008606478,,,,
sam_mi,moodys_mi,Moody's MI,7,7. Core Automotive,2027,Forecast,166579.2254,166579.2254,1,,,,
sam_mi,moodys_mi,Moody's MI,8,"8. Motor Vehicle Parts, Materials, & Products Sales",2027,Forecast,117117.4702,117117.4702,1,,,,
sam_mi,moodys_mi,Moody's MI,9,"9. Dealers, Maintenance, & Repair",2027,Forecast,73147.18254,73147.18254,1,,,,
sam_mi,moodys_mi,Moody's MI,10,10. Logistics,2027,Forecast,43488.82749,43488.82749,1,,,,
sam_mi,moodys_mi,Moody's MI,1,1. Materials & Processing,2028,Forecast,20122.07703,68171.18857,0.295169814,,,,
sam_mi,moodys_mi,Moody's MI,2,2. Equipment Manufacturing,2028,Forecast,6022.615756,44931.78211,0.134039103,,,,
sam_mi,moodys_mi,Moody's MI,3,3. Forging & Foundries,2028,Forecast,8052.585693,14665.38399,0.549087954,,,,
sam_mi,moodys_mi,Moody's MI,4,4. Parts & Machining,2028,Forecast,14240.04843,48234.46697,0.295225579,,,,
sam_mi,moodys_mi,Moody's MI,5,5. Component Systems,2028,Forecast,5891.47949,17655.53474,0.333690232,,,,
sam_mi,moodys_mi,Moody's MI,6,6. Engineering & Design,2028,Forecast,1020.286559,118966.5086,0.00857625,,,,
sam_mi,moodys_mi,Moody's MI,7,7. Core Automotive,2028,Forecast,166810.7849,166810.7849,1,,,,
sam_mi,moodys_mi,Moody's MI,8,"8. Motor Vehicle Parts, Materials, & Products Sales",2028,Forecast,117393.2395,117393.2395,1,,,,
sam_mi,moodys_mi,Moody's MI,9,"9. Dealers, Maintenance, & Repair",2028,Forecast,73503.71652,73503.71652,1,,,,
sam_mi,moodys_mi,Moody's MI,10,10. Logistics,2028,Forecast,42656.48752,42656.48752,1,,,,
sam_mi,moodys_mi,Moody's MI,1,1. Materials & Processing,2029,Forecast,19863.50941,67386.9966,0.294767691,,,,
sam_mi,moodys_mi,Moody's MI,2,2. Equipment Manufacturing,2029,Forecast,6001.273239,44599.85129,0.134558145,,,,
sam_mi,moodys_mi,Moody's MI,3,3. Forging & Foundries,2029,Forecast,7800.236854,14270.66646,0.546592332,,,,
sam_mi,moodys_mi,Moody's MI,4,4. Parts & Machining,2029,Forecast,14121.70666,47889.71776,0.294879722,,,,
sam_mi,moodys_mi,Moody's MI,5,5. Component Systems,2029,Forecast,5873.084613,17598.0605,0.333734767,,,,
sam_mi,moodys_mi,Moody's MI,6,6. Engineering & Design,2029,Forecast,1022.815363,119681.9359,0.008546113,,,,
sam_mi,moodys_mi,Moody's MI,7,7. Core Automotive,2029,Forecast,167156.2932,167156.2932,1,,,,
sam_mi,moodys_mi,Moody's MI,8,"8. Motor Vehicle Parts, Materials, & Products Sales",2029,Forecast,117670.7026,117670.7026,1,,,,
sam_mi,moodys_mi,Moody's MI,9,"9. Dealers, Maintenance, & Repair",2029,Forecast,73863.58971,73863.58971,1,,,,
sam_mi,moodys_mi,Moody's MI,10,10. Logistics,2029,Forecast,41840.82898,41840.82898,1,,,,
sam_mi,moodys_mi,Moody's MI,1,1. Materials & Processing,2030,Forecast,19609.79515,66615.70869,0.294371936,,,,
sam_mi,moodys_mi,Moody's MI,2,2. Equipment Manufacturing,2030,Forecast,5980.326461,44272.8795,0.135078778,,,,
sam_mi,moodys_mi,Moody's MI,3,3. Forging & Foundries,2030,Forecast,7557.956455,13891.07212,0.544087338,,,,
sam_mi,moodys_mi,Moody's MI,4,4. Parts & Machining,2030,Forecast,14004.57459,47548.28956,0.29453372,,,,
sam_mi,moodys_mi,Moody's MI,5,5. Component Systems,2030,Forecast,5854.91851,17541.08881,0.333783072,,,,
sam_mi,moodys_mi,Moody's MI,6,6. Engineering & Design,2030,Forecast,1025.375358,120404.8084,0.008516067,,,,
sam_mi,moodys_mi,Moody's MI,7,7. Core Automotive,2030,Forecast,167618.6662,167618.6662,1,,,,
sam_mi,moodys_mi,Moody's MI,8,"8. Motor Vehicle Parts, Materials, & Products Sales",2030,Forecast,117949.8629,117949.8629,1,,,,
sam_mi,moodys_mi,Moody's MI,9,"9. Dealers, Maintenance, & Repair",2030,Forecast,74226.8356,74226.8356,1,,,,
sam_mi,moodys_mi,Moody's MI,10,10. Logistics,2030,Forecast,41041.49987,41041.49987,1,,,,
sam_mi,moodys_mi,Moody's MI,1,1. Materials & Processing,2031,Forecast,19360.8253,65857.054,0.29398256,,,,
sam_mi,moodys_mi,Moody's MI,2,2. Equipment Manufacturing,2031,Forecast,5959.770301,43950.801,0.135600948,,,,
sam_mi,moodys_mi,Moody's MI,3,3. Forging & Foundries,2031,Forecast,7325.321936,13525.971,0.541574571,,,,
sam_mi,moodys_mi,Moody's MI,4,4. Parts & Machining,2031,Forecast,13888.63902,47210.147,0.294187583,,,,
sam_mi,moodys_mi,Moody's MI,5,5. Component Systems,2031,Forecast,5836.979756,17484.617,0.333835151,,,,
sam_mi,moodys_mi,Moody's MI,6,6. Engineering & Design,2031,Forecast,1027.966814,121135.218,0.00848611,,,,
sam_mi,moodys_mi,Moody's MI,7,7. Core Automotive,2031,Forecast,168200.968,168200.968,1,,,,
sam_mi,moodys_mi,Moody's MI,8,"8. Motor Vehicle Parts, Materials, & Products Sales",2031,Forecast,118230.724,118230.724,1,,,,
sam_mi,moodys_mi,Moody's MI,9,"9. Dealers, Maintenance, & Repair",2031,Forecast,74593.488,74593.488,1,,,,
sam_mi,moodys_mi,Moody's MI,10,10. Logistics,2031,Forecast,40258.156,40258.156,1,,,,
sam_mi,moodys_mi,Moody's MI,1,1. Materials & Processing,2032,Forecast,19116.49364,65110.7683,0.293599571,,,,
sam_mi,moodys_mi,Moody's MI,2,2. Equipment Manufacturing,2032,Forecast,5939.599705,43633.5509,0.136124601,,,,
sam_mi,moodys_mi,Moody's MI,3,3. Forging & Foundries,2032,Forecast,7101.928632,13174.75979,0.539055645,,,,
sam_mi,moodys_mi,Moody's MI,4,4. Parts & Machining,2032,Forecast,13773.88693,46875.25513,0.293841322,,,,
sam_mi,moodys_mi,Moody's MI,5,5. Component Systems,2032,Forecast,5819.266941,17428.6424,0.333891006,,,,
sam_mi,moodys_mi,Moody's MI,6,6. Engineering & Design,2032,Forecast,1030.590003,121873.2577,0.008456244,,,,
sam_mi,moodys_mi,Moody's MI,7,7. Core Automotive,2032,Forecast,168906.4169,168906.4169,1,,,,
sam_mi,moodys_mi,Moody's MI,8,"8. Motor Vehicle Parts, Materials, & Products Sales",2032,Forecast,118513.2893,118513.2893,1,,,,
sam_mi,moodys_mi,Moody's MI,9,"9. Dealers, Maintenance, & Repair",2032,Forecast,74963.58106,74963.58106,1,,,,
sam_mi,moodys_mi,Moody's MI,10,10. Logistics,2032,Forecast,39490.46084,39490.46084,1,,,,
sam_mi,moodys_mi,Moody's MI,1,1. Materials & Processing,2033,Forecast,18876.69657,64376.59381,0.293222978,,,,
sam_mi,moodys_mi,Moody's MI,2,2. Equipment Manufacturing,2033,Forecast,5919.80969,43321.0652,0.13664968,,,,
sam_mi,moodys_mi,Moody's MI,3,3. Forging & Foundries,2033,Forecast,6887.389011,12836.86068,0.536532193,,,,
sam_mi,moodys_mi,Moody's MI,4,4. Parts & Machining,2033,Forecast,13660.30543,46543.57939,0.293494948,,,,
sam_mi,moodys_mi,Moody's MI,5,5. Component Systems,2033,Forecast,5801.778665,17373.16235,0.333950639,,,,
sam_mi,moodys_mi,Moody's MI,6,6. Engineering & Design,2033,Forecast,1033.2452,122619.022,0.008426467,,,,
sam_mi,moodys_mi,Moody's MI,7,7. Core Automotive,2033,Forecast,169738.3908,169738.3908,1,,,,
sam_mi,moodys_mi,Moody's MI,8,"8. Motor Vehicle Parts, Materials, & Products Sales",2033,Forecast,118797.5625,118797.5625,1,,,,
sam_mi,moodys_mi,Moody's MI,9,"9. Dealers, Maintenance, & Repair",2033,Forecast,75337.1493,75337.1493,1,,,,
sam_mi,moodys_mi,Moody's MI,10,10. Logistics,2033,Forecast,38738.08531,38738.08531,1,,,,
sam_mi,moodys_mi,Moody's MI,1,1. Materials & Processing,2034,Forecast,18641.33308,63654.27899,0.292852788,,,,
sam_mi,moodys_mi,Moody's MI,2,2. Equipment Manufacturing,2034,Forecast,5900.395339,43013.28076,0.137176129,,,,
sam_mi,moodys_mi,Moody's MI,3,3. Forging & Foundries,2034,Forecast,6681.331946,12511.72029,0.534005859,,,,
sam_mi,moodys_mi,Moody's MI,4,4. Parts & Machining,2034,Forecast,13547.88175,46215.08557,0.293148473,,,,
sam_mi,moodys_mi,Moody's MI,5,5. Component Systems,2034,Forecast,5784.513539,17318.17424,0.334014051,,,,
sam_mi,moodys_mi,Moody's MI,6,6. Engineering & Design,2034,Forecast,1035.932686,123372.6066,0.00839678,,,,
sam_mi,moodys_mi,Moody's MI,7,7. Core Automotive,2034,Forecast,170700.4338,170700.4338,1,,,,
sam_mi,moodys_mi,Moody's MI,8,"8. Motor Vehicle Parts, Materials, & Products Sales",2034,Forecast,119083.5472,119083.5472,1,,,,
sam_mi,moodys_mi,Moody's MI,9,"9. Dealers, Maintenance, & Repair",2034,Forecast,75714.22754,75714.22754,1,,,,
sam_mi,moodys_mi,Moody's MI,10,10. Logistics,2034,Forecast,38000.70763,38000.70763,1,,,,
sam_mi,moodys_mi_detail,Moody's MI (detail),1,1. Materials & Processing,2025,QCEW,20928.03176,70604,0.296414251,,,,
sam_mi,moodys_mi_detail,Moody's MI (detail),2,2. Equipment Manufacturing,2025,QCEW,6089.070013,45958,0.132492058,,,,
sam_mi,moodys_mi_detail,Moody's MI (detail),3,3. Forging & Foundries,2025,QCEW,8874.553682,15947,0.556503021,,,,
sam_mi,moodys_mi_detail,Moody's MI (detail),4,4. Parts & Machining,2025,QCEW,14602.46596,49289,0.296262167,,,,
sam_mi,moodys_mi_detail,Moody's MI (detail),5,5. Component Systems,2025,QCEW,5948.051176,17831,0.333579226,,,,
sam_mi,moodys_mi_detail,Moody's MI (detail),6,6. Engineering & Design,2025,QCEW,1012.884669,116864,0.008667209,,,,
sam_mi,moodys_mi_detail,Moody's MI (detail),7,7. Core Automotive,2025,QCEW,166447,166447,1,,,,
sam_mi,moodys_mi_detail,Moody's MI (detail),8,"8. Motor Vehicle Parts, Materials, & Products Sales",2025,QCEW,116571,116571,1,,,,
sam_mi,moodys_mi_detail,Moody's MI (detail),9,"9. Dealers, Maintenance, & Repair",2025,QCEW,72444,72444,1,,,,
sam_mi,moodys_mi_detail,Moody's MI (detail),10,10. Logistics,2025,QCEW,45205,45205,1,,,,
sam_mi,moodys_mi_detail,Moody's MI (detail),1,1. Materials & Processing,2026,Forecast,20809.80873,70393.00929,0.295623229,,,,
sam_mi,moodys_mi_detail,Moody's MI (detail),2,2. Equipment Manufacturing,2026,Forecast,6068.305542,45615.67195,0.133031155,,,,
sam_mi,moodys_mi_detail,Moody's MI (detail),3,3. Forging & Foundries,2026,Forecast,8658.128038,15620.06631,0.554295217,,,,
sam_mi,moodys_mi_detail,Moody's MI (detail),4,4. Parts & Machining,2026,Forecast,14539.46365,49149.68452,0.295820081,,,,
sam_mi,moodys_mi_detail,Moody's MI (detail),5,5. Component Systems,2026,Forecast,5897.579836,17748.25744,0.332290641,,,,
sam_mi,moodys_mi_detail,Moody's MI (detail),6,6. Engineering & Design,2026,Forecast,1011.627091,117524.7221,0.008607781,,,,
sam_mi,moodys_mi_detail,Moody's MI (detail),7,7. Core Automotive,2026,Forecast,166494.4357,166494.4357,1,,,,
sam_mi,moodys_mi_detail,Moody's MI (detail),8,"8. Motor Vehicle Parts, Materials, & Products Sales",2026,Forecast,116530.0041,116530.0041,1,,,,
sam_mi,moodys_mi_detail,Moody's MI (detail),9,"9. Dealers, Maintenance, & Repair",2026,Forecast,72576.57866,72576.57866,1,,,,
sam_mi,moodys_mi_detail,Moody's MI (detail),10,10. Logistics,2026,Forecast,44286.98805,44286.98805,1,,,,
sam_mi,moodys_mi_detail,Moody's MI (detail),1,1. Materials & Processing,2027,Forecast,20596.79741,69792.36451,0.29511534,,,,
sam_mi,moodys_mi_detail,Moody's MI (detail),2,2. Equipment Manufacturing,2027,Forecast,6088.125413,45534.18409,0.133704502,,,,
sam_mi,moodys_mi_detail,Moody's MI (detail),3,3. Forging & Foundries,2027,Forecast,8371.493587,15174.83739,0.55166941,,,,
sam_mi,moodys_mi_detail,Moody's MI (detail),4,4. Parts & Machining,2027,Forecast,14449.19554,48916.86892,0.295382674,,,,
sam_mi,moodys_mi_detail,Moody's MI (detail),5,5. Component Systems,2027,Forecast,5897.476491,17761.92482,0.332029133,,,,
sam_mi,moodys_mi_detail,Moody's MI (detail),6,6. Engineering & Design,2027,Forecast,1018.749583,118800.1518,0.008575322,,,,
sam_mi,moodys_mi_detail,Moody's MI (detail),7,7. Core Automotive,2027,Forecast,167973.4482,167973.4482,1,,,,
sam_mi,moodys_mi_detail,Moody's MI (detail),8,"8. Motor Vehicle Parts, Materials, & Products Sales",2027,Forecast,116592.878,116592.878,1,,,,
sam_mi,moodys_mi_detail,Moody's MI (detail),9,"9. Dealers, Maintenance, & Repair",2027,Forecast,72510.0595,72510.0595,1,,,,
sam_mi,moodys_mi_detail,Moody's MI (detail),10,10. Logistics,2027,Forecast,43148.37002,43148.37002,1,,,,
sam_mi,moodys_mi_detail,Moody's MI (detail),1,1. Materials & Processing,2028,Forecast,20368.10063,69117.38143,0.294688546,,,,
sam_mi,moodys_mi_detail,Moody's MI (detail),2,2. Equipment Manufacturing,2028,Forecast,6106.626581,45450.94323,0.134356432,,,,
sam_mi,moodys_mi_detail,Moody's MI (detail),3,3. Forging & Foundries,2028,Forecast,8115.028973,14778.16993,0.549122727,,,,
sam_mi,moodys_mi_detail,Moody's MI (detail),4,4. Parts & Machining,2028,Forecast,14367.68208,48698.95838,0.295030583,,,,
sam_mi,moodys_mi_detail,Moody's MI (detail),5,5. Component Systems,2028,Forecast,5896.040115,17749.20386,0.332186174,,,,
sam_mi,moodys_mi_detail,Moody's MI (detail),6,6. Engineering & Design,2028,Forecast,1026.772038,120173.7691,0.008544061,,,,
sam_mi,moodys_mi_detail,Moody's MI (detail),7,7. Core Automotive,2028,Forecast,169780.3644,169780.3644,1,,,,
sam_mi,moodys_mi_detail,Moody's MI (detail),8,"8. Motor Vehicle Parts, Materials, & Products Sales",2028,Forecast,116812.3001,116812.3001,1,,,,
sam_mi,moodys_mi_detail,Moody's MI (detail),9,"9. Dealers, Maintenance, & Repair",2028,Forecast,72649.55062,72649.55062,1,,,,
sam_mi,moodys_mi_detail,Moody's MI (detail),10,10. Logistics,2028,Forecast,42092.02745,42092.02745,1,,,,
sam_mi,moodys_mi_detail,Moody's MI (detail),1,1. Materials & Processing,2029,Forecast,20096.0428,68280.73923,0.294314957,,,,
sam_mi,moodys_mi_detail,Moody's MI (detail),2,2. Equipment Manufacturing,2029,Forecast,6106.121483,45234.58599,0.134987894,,,,
sam_mi,moodys_mi_detail,Moody's MI (detail),3,3. Forging & Foundries,2029,Forecast,7860.743579,14378.57271,0.546698462,,,,
sam_mi,moodys_mi_detail,Moody's MI (detail),4,4. Parts & Machining,2029,Forecast,14254.82207,48373.41584,0.294682975,,,,
sam_mi,moodys_mi_detail,Moody's MI (detail),5,5. Component Systems,2029,Forecast,5879.312641,17696.01295,0.332239395,,,,
sam_mi,moodys_mi_detail,Moody's MI (detail),6,6. Engineering & Design,2029,Forecast,1033.685386,121410.4519,0.008513974,,,,
sam_mi,moodys_mi_detail,Moody's MI (detail),7,7. Core Automotive,2029,Forecast,171382.9683,171382.9683,1,,,,
sam_mi,moodys_mi_detail,Moody's MI (detail),8,"8. Motor Vehicle Parts, Materials, & Products Sales",2029,Forecast,116997.6461,116997.6461,1,,,,
sam_mi,moodys_mi_detail,Moody's MI (detail),9,"9. Dealers, Maintenance, & Repair",2029,Forecast,72973.8422,72973.8422,1,,,,
sam_mi,moodys_mi_detail,Moody's MI (detail),10,10. Logistics,2029,Forecast,41077.21166,41077.21166,1,,,,
sam_mi,moodys_mi_detail,Moody's MI (detail),1,1. Materials & Processing,2030,Forecast,19846.69871,67511.77838,0.293973869,,,,
sam_mi,moodys_mi_detail,Moody's MI (detail),2,2. Equipment Manufacturing,2030,Forecast,6106.302443,45032.4165,0.13559793,,,,
sam_mi,moodys_mi_detail,Moody's MI (detail),3,3. Forging & Foundries,2030,Forecast,7627.7941,14010.17595,0.544446703,,,,
sam_mi,moodys_mi_detail,Moody's MI (detail),4,4. Parts & Machining,2030,Forecast,14141.45017,48045.64526,0.294333651,,,,
sam_mi,moodys_mi_detail,Moody's MI (detail),5,5. Component Systems,2030,Forecast,5862.459435,17645.52526,0.332234906,,,,
sam_mi,moodys_mi_detail,Moody's MI (detail),6,6. Engineering & Design,2030,Forecast,1040.65431,122645.5042,0.008485059,,,,
sam_mi,moodys_mi_detail,Moody's MI (detail),7,7. Core Automotive,2030,Forecast,173161.8875,173161.8875,1,,,,
sam_mi,moodys_mi_detail,Moody's MI (detail),8,"8. Motor Vehicle Parts, Materials, & Products Sales",2030,Forecast,117202.5096,117202.5096,1,,,,
sam_mi,moodys_mi_detail,Moody's MI (detail),9,"9. Dealers, Maintenance, & Repair",2030,Forecast,73517.83418,73517.83418,1,,,,
sam_mi,moodys_mi_detail,Moody's MI (detail),10,10. Logistics,2030,Forecast,40127.2046,40127.2046,1,,,,
sam_mi,moodys_mi_detail,Moody's MI (detail),1,1. Materials & Processing,2031,Forecast,19575.40295,66659.82667,0.293661174,,,,
sam_mi,moodys_mi_detail,Moody's MI (detail),2,2. Equipment Manufacturing,2031,Forecast,6094.232186,44749.23482,0.136186288,,,,
sam_mi,moodys_mi_detail,Moody's MI (detail),3,3. Forging & Foundries,2031,Forecast,7398.483729,13639.7736,0.542419834,,,,
sam_mi,moodys_mi_detail,Moody's MI (detail),4,4. Parts & Machining,2031,Forecast,13996.01661,47613.71468,0.293949269,,,,
sam_mi,moodys_mi_detail,Moody's MI (detail),5,5. Component Systems,2031,Forecast,5834.851634,17575.343,0.331990769,,,,
sam_mi,moodys_mi_detail,Moody's MI (detail),6,6. Engineering & Design,2031,Forecast,1046.428203,123730.5835,0.008457312,,,,
sam_mi,moodys_mi_detail,Moody's MI (detail),7,7. Core Automotive,2031,Forecast,174031.5681,174031.5681,1,,,,
sam_mi,moodys_mi_detail,Moody's MI (detail),8,"8. Motor Vehicle Parts, Materials, & Products Sales",2031,Forecast,117259.113,117259.113,1,,,,
sam_mi,moodys_mi_detail,Moody's MI (detail),9,"9. Dealers, Maintenance, & Repair",2031,Forecast,73987.42806,73987.42806,1,,,,
sam_mi,moodys_mi_detail,Moody's MI (detail),10,10. Logistics,2031,Forecast,39125.38471,39125.38471,1,,,,
sam_mi,moodys_mi_detail,Moody's MI (detail),1,1. Materials & Processing,2032,Forecast,19223.57498,65524.00711,0.293382164,,,,
sam_mi,moodys_mi_detail,Moody's MI (detail),2,2. Equipment Manufacturing,2032,Forecast,6059.407809,44309.11458,0.136753078,,,,
sam_mi,moodys_mi_detail,Moody's MI (detail),3,3. Forging & Foundries,2032,Forecast,7155.762139,13236.42173,0.540611525,,,,
sam_mi,moodys_mi_detail,Moody's MI (detail),4,4. Parts & Machining,2032,Forecast,13790.60371,46984.06476,0.293516616,,,,
sam_mi,moodys_mi_detail,Moody's MI (detail),5,5. Component Systems,2032,Forecast,5785.296869,17454.78439,0.331444763,,,,
sam_mi,moodys_mi_detail,Moody's MI (detail),6,6. Engineering & Design,2032,Forecast,1048.970164,124422.4385,0.008430715,,,,
sam_mi,moodys_mi_detail,Moody's MI (detail),7,7. Core Automotive,2032,Forecast,173531.04,173531.04,1,,,,
sam_mi,moodys_mi_detail,Moody's MI (detail),8,"8. Motor Vehicle Parts, Materials, & Products Sales",2032,Forecast,116940.1959,116940.1959,1,,,,
sam_mi,moodys_mi_detail,Moody's MI (detail),9,"9. Dealers, Maintenance, & Repair",2032,Forecast,74107.35575,74107.35575,1,,,,
sam_mi,moodys_mi_detail,Moody's MI (detail),10,10. Logistics,2032,Forecast,38005.35,38005.35,1,,,,
sam_mi,moodys_mi_detail,Moody's MI (detail),1,1. Materials & Processing,2033,Forecast,18802.05521,64141.8205,0.293132547,,,,
sam_mi,moodys_mi_detail,Moody's MI (detail),2,2. Equipment Manufacturing,2033,Forecast,6009.52855,43770.00872,0.13729786,,,,
sam_mi,moodys_mi_detail,Moody's MI (detail),3,3. Forging & Foundries,2033,Forecast,6902.089487,12806.33487,0.538959004,,,,
sam_mi,moodys_mi_detail,Moody's MI (detail),4,4. Parts & Machining,2033,Forecast,13535.88647,46189.34851,0.293052119,,,,
sam_mi,moodys_mi_detail,Moody's MI (detail),5,5. Component Systems,2033,Forecast,5720.936129,17294.07475,0.33080325,,,,
sam_mi,moodys_mi_detail,Moody's MI (detail),6,6. Engineering & Design,2033,Forecast,1049.18618,124824.8578,0.008405266,,,,
sam_mi,moodys_mi_detail,Moody's MI (detail),7,7. Core Automotive,2033,Forecast,172153.9178,172153.9178,1,,,,
sam_mi,moodys_mi_detail,Moody's MI (detail),8,"8. Motor Vehicle Parts, Materials, & Products Sales",2033,Forecast,116261.4695,116261.4695,1,,,,
sam_mi,moodys_mi_detail,Moody's MI (detail),9,"9. Dealers, Maintenance, & Repair",2033,Forecast,73938.1135,73938.1135,1,,,,
sam_mi,moodys_mi_detail,Moody's MI (detail),10,10. Logistics,2033,Forecast,36835.61688,36835.61688,1,,,,
sam_mi,moodys_mi_detail,Moody's MI (detail),1,1. Materials & Processing,2034,Forecast,18376.48556,62739.81724,0.29289989,,,,
sam_mi,moodys_mi_detail,Moody's MI (detail),2,2. Equipment Manufacturing,2034,Forecast,5951.659976,43184.24466,0.137820171,,,,
sam_mi,moodys_mi_detail,Moody's MI (detail),3,3. Forging & Foundries,2034,Forecast,6650.722137,12375.79554,0.537397545,,,,
sam_mi,moodys_mi_detail,Moody's MI (detail),4,4. Parts & Machining,2034,Forecast,13264.31449,45337.24305,0.29256994,,,,
sam_mi,moodys_mi_detail,Moody's MI (detail),5,5. Component Systems,2034,Forecast,5647.900083,17115.51338,0.329987185,,,,
sam_mi,moodys_mi_detail,Moody's MI (detail),6,6. Engineering & Design,2034,Forecast,1049.291516,125199.2784,0.008380971,,,,
sam_mi,moodys_mi_detail,Moody's MI (detail),7,7. Core Automotive,2034,Forecast,170375.2605,170375.2605,1,,,,
sam_mi,moodys_mi_detail,Moody's MI (detail),8,"8. Motor Vehicle Parts, Materials, & Products Sales",2034,Forecast,115444.4401,115444.4401,1,,,,
sam_mi,moodys_mi_detail,Moody's MI (detail),9,"9. Dealers, Maintenance, & Repair",2034,Forecast,73642.26849,73642.26849,1,,,,
sam_mi,moodys_mi_detail,Moody's MI (detail),10,10. Logistics,2034,Forecast,35700.04629,35700.04629,1,,,,
sam_mi,moodys_us,Moody's US,1,1. Materials & Processing,2001,QCEW,30402.00345,96567,0.314828083,,,,
sam_mi,moodys_us,Moody's US,2,2. Equipment Manufacturing,2001,QCEW,8381.597087,69888,0.119928988,,,,
sam_mi,moodys_us,Moody's US,3,3. Forging & Foundries,2001,QCEW,13346.70693,22569,0.59137343,,,,
sam_mi,moodys_us,Moody's US,4,4. Parts & Machining,2001,QCEW,15908.56355,53878,0.29527012,,,,
sam_mi,moodys_us,Moody's US,5,5. Component Systems,2001,QCEW,4625.09372,16198,0.285534864,,,,
sam_mi,moodys_us,Moody's US,6,6. Engineering & Design,2001,QCEW,760.7010813,102457,0.007424589,,,,
sam_mi,moodys_us,Moody's US,7,7. Core Automotive,2001,QCEW,304333,304333,1,,,,
sam_mi,moodys_us,Moody's US,8,"8. Motor Vehicle Parts, Materials, & Products Sales",2001,QCEW,107590.1765,107590.1765,1,,,,
sam_mi,moodys_us,Moody's US,9,"9. Dealers, Maintenance, & Repair",2001,QCEW,75615,75615,1,,,,
sam_mi,moodys_us,Moody's US,10,10. Logistics,2001,QCEW,36463,36463,1,,,,
sam_mi,moodys_us,Moody's US,1,1. Materials & Processing,2002,QCEW,28412.12142,90158,0.315136997,,,,
sam_mi,moodys_us,Moody's US,2,2. Equipment Manufacturing,2002,QCEW,7321.470104,61235,0.119563487,,,,
sam_mi,moodys_us,Moody's US,3,3. Forging & Foundries,2002,QCEW,12255.34878,20853,0.587701951,,,,
sam_mi,moodys_us,Moody's US,4,4. Parts & Machining,2002,QCEW,15193.47042,50874,0.298649023,,,,
sam_mi,moodys_us,Moody's US,5,5. Component Systems,2002,QCEW,4548.832473,15254,0.298205879,,,,
sam_mi,moodys_us,Moody's US,6,6. Engineering & Design,2002,QCEW,732.387828,102250,0.007162717,,,,
sam_mi,moodys_us,Moody's US,7,7. Core Automotive,2002,QCEW,283180,283180,1,,,,
sam_mi,moodys_us,Moody's US,8,"8. Motor Vehicle Parts, Materials, & Products Sales",2002,QCEW,104826.7278,104826.7278,1,,,,
sam_mi,moodys_us,Moody's US,9,"9. Dealers, Maintenance, & Repair",2002,QCEW,76404,76404,1,,,,
sam_mi,moodys_us,Moody's US,10,10. Logistics,2002,QCEW,35744,35744,1,,,,
sam_mi,moodys_us,Moody's US,1,1. Materials & Processing,2003,QCEW,27749.57827,88475,0.313643157,,,,
sam_mi,moodys_us,Moody's US,2,2. Equipment Manufacturing,2003,QCEW,6925.564339,58385,0.118618898,,,,
sam_mi,moodys_us,Moody's US,3,3. Forging & Foundries,2003,QCEW,11732.46671,20120,0.583124588,,,,
sam_mi,moodys_us,Moody's US,4,4. Parts & Machining,2003,QCEW,14944.78079,49178,0.303891594,,,,
sam_mi,moodys_us,Moody's US,5,5. Component Systems,2003,QCEW,4342.599401,14725,0.294913372,,,,
sam_mi,moodys_us,Moody's US,6,6. Engineering & Design,2003,QCEW,709.2731274,99969,0.007094931,,,,
sam_mi,moodys_us,Moody's US,7,7. Core Automotive,2003,QCEW,261958,261958,1,,,,
sam_mi,moodys_us,Moody's US,8,"8. Motor Vehicle Parts, Materials, & Products Sales",2003,QCEW,102056.93,102056.93,1,,,,
sam_mi,moodys_us,Moody's US,9,"9. Dealers, Maintenance, & Repair",2003,QCEW,74642,74642,1,,,,
sam_mi,moodys_us,Moody's US,10,10. Logistics,2003,QCEW,34947,34947,1,,,,
sam_mi,moodys_us,Moody's US,1,1. Materials & Processing,2004,QCEW,27040.36351,87072,0.310551768,,,,
sam_mi,moodys_us,Moody's US,2,2. Equipment Manufacturing,2004,QCEW,6748.251814,56958,0.118477682,,,,
sam_mi,moodys_us,Moody's US,3,3. Forging & Foundries,2004,QCEW,12734.71093,21836,0.583197972,,,,
sam_mi,moodys_us,Moody's US,4,4. Parts & Machining,2004,QCEW,14984.626,49248,0.304268722,,,,
sam_mi,moodys_us,Moody's US,5,5. Component Systems,2004,QCEW,4482.971181,14908,0.300709094,,,,
sam_mi,moodys_us,Moody's US,6,6. Engineering & Design,2004,QCEW,703.4872748,98337,0.007153841,,,,
sam_mi,moodys_us,Moody's US,7,7. Core Automotive,2004,QCEW,249612,249612,1,,,,
sam_mi,moodys_us,Moody's US,8,"8. Motor Vehicle Parts, Materials, & Products Sales",2004,QCEW,100039.4028,100039.4028,1,,,,
sam_mi,moodys_us,Moody's US,9,"9. Dealers, Maintenance, & Repair",2004,QCEW,74365,74365,1,,,,
sam_mi,moodys_us,Moody's US,10,10. Logistics,2004,QCEW,36028,36028,1,,,,
sam_mi,moodys_us,Moody's US,1,1. Materials & Processing,2005,QCEW,26662.19257,88546,0.301111203,,,,
sam_mi,moodys_us,Moody's US,2,2. Equipment Manufacturing,2005,QCEW,6612.348685,55729,0.118651845,,,,
sam_mi,moodys_us,Moody's US,3,3. Forging & Foundries,2005,QCEW,12505.74454,21459,0.582773873,,,,
sam_mi,moodys_us,Moody's US,4,4. Parts & Machining,2005,QCEW,15638.4699,50724,0.30830514,,,,
sam_mi,moodys_us,Moody's US,5,5. Component Systems,2005,QCEW,4384.700351,15615,0.280800535,,,,
sam_mi,moodys_us,Moody's US,6,6. Engineering & Design,2005,QCEW,717.3347451,97957,0.007322955,,,,
sam_mi,moodys_us,Moody's US,7,7. Core Automotive,2005,QCEW,232083,232083,1,,,,
sam_mi,moodys_us,Moody's US,8,"8. Motor Vehicle Parts, Materials, & Products Sales",2005,QCEW,99441.067,99441.067,1,,,,
sam_mi,moodys_us,Moody's US,9,"9. Dealers, Maintenance, & Repair",2005,QCEW,71952,71952,1,,,,
sam_mi,moodys_us,Moody's US,10,10. Logistics,2005,QCEW,37382,37382,1,,,,
sam_mi,moodys_us,Moody's US,1,1. Materials & Processing,2006,QCEW,25513.73721,85620,0.297988054,,,,
sam_mi,moodys_us,Moody's US,2,2. Equipment Manufacturing,2006,QCEW,6464.63708,54338,0.118970832,,,,
sam_mi,moodys_us,Moody's US,3,3. Forging & Foundries,2006,QCEW,12066.15366,20882,0.577825575,,,,
sam_mi,moodys_us,Moody's US,4,4. Parts & Machining,2006,QCEW,15471.29329,50064,0.309030307,,,,
sam_mi,moodys_us,Moody's US,5,5. Component Systems,2006,QCEW,4258.335351,15814,0.269276296,,,,
sam_mi,moodys_us,Moody's US,6,6. Engineering & Design,2006,QCEW,702.9105062,95510,0.007359549,,,,
sam_mi,moodys_us,Moody's US,7,7. Core Automotive,2006,QCEW,213893,213893,1,,,,
sam_mi,moodys_us,Moody's US,8,"8. Motor Vehicle Parts, Materials, & Products Sales",2006,QCEW,98829.07437,98829.07437,1,,,,
sam_mi,moodys_us,Moody's US,9,"9. Dealers, Maintenance, & Repair",2006,QCEW,68884,68884,1,,,,
sam_mi,moodys_us,Moody's US,10,10. Logistics,2006,QCEW,38765,38765,1,,,,
sam_mi,moodys_us,Moody's US,1,1. Materials & Processing,2007,QCEW,24394.54566,82139,0.296991023,,,,
sam_mi,moodys_us,Moody's US,2,2. Equipment Manufacturing,2007,QCEW,6121.481468,51185,0.119595223,,,,
sam_mi,moodys_us,Moody's US,3,3. Forging & Foundries,2007,QCEW,11290.77274,19764,0.571279738,,,,
sam_mi,moodys_us,Moody's US,4,4. Parts & Machining,2007,QCEW,14954.38004,48225,0.310096009,,,,
sam_mi,moodys_us,Moody's US,5,5. Component Systems,2007,QCEW,4118.463209,15751,0.261473126,,,,
sam_mi,moodys_us,Moody's US,6,6. Engineering & Design,2007,QCEW,698.960594,93220,0.007497968,,,,
sam_mi,moodys_us,Moody's US,7,7. Core Automotive,2007,QCEW,198068,198068,1,,,,
sam_mi,moodys_us,Moody's US,8,"8. Motor Vehicle Parts, Materials, & Products Sales",2007,QCEW,97215.685,97215.685,1,,,,
sam_mi,moodys_us,Moody's US,9,"9. Dealers, Maintenance, & Repair",2007,QCEW,66333,66333,1,,,,
sam_mi,moodys_us,Moody's US,10,10. Logistics,2007,QCEW,40761,40761,1,,,,
sam_mi,moodys_us,Moody's US,1,1. Materials & Processing,2008,QCEW,22980.53767,77593,0.296167665,,,,
sam_mi,moodys_us,Moody's US,2,2. Equipment Manufacturing,2008,QCEW,5888.679286,49109,0.119910389,,,,
sam_mi,moodys_us,Moody's US,3,3. Forging & Foundries,2008,QCEW,10282.61941,17934,0.57335895,,,,
sam_mi,moodys_us,Moody's US,4,4. Parts & Machining,2008,QCEW,14528.85552,46965,0.309354956,,,,
sam_mi,moodys_us,Moody's US,5,5. Component Systems,2008,QCEW,4292.290996,15865,0.270550961,,,,
sam_mi,moodys_us,Moody's US,6,6. Engineering & Design,2008,QCEW,673.0359223,88873,0.007573008,,,,
sam_mi,moodys_us,Moody's US,7,7. Core Automotive,2008,QCEW,167000,167000,1,,,,
sam_mi,moodys_us,Moody's US,8,"8. Motor Vehicle Parts, Materials, & Products Sales",2008,QCEW,95828.59295,95828.59295,1,,,,
sam_mi,moodys_us,Moody's US,9,"9. Dealers, Maintenance, & Repair",2008,QCEW,63843,63843,1,,,,
sam_mi,moodys_us,Moody's US,10,10. Logistics,2008,QCEW,38940,38940,1,,,,
sam_mi,moodys_us,Moody's US,1,1. Materials & Processing,2009,QCEW,17615.54464,59620,0.295463681,,,,
sam_mi,moodys_us,Moody's US,2,2. Equipment Manufacturing,2009,QCEW,4766.456353,39495,0.120685058,,,,
sam_mi,moodys_us,Moody's US,3,3. Forging & Foundries,2009,QCEW,7444.944743,13152,0.5660694,,,,
sam_mi,moodys_us,Moody's US,4,4. Parts & Machining,2009,QCEW,11381.08026,37232,0.305680067,,,,
sam_mi,moodys_us,Moody's US,5,5. Component Systems,2009,QCEW,3708.358735,13865,0.267461863,,,,
sam_mi,moodys_us,Moody's US,6,6. Engineering & Design,2009,QCEW,587.9915569,77775,0.007560161,,,,
sam_mi,moodys_us,Moody's US,7,7. Core Automotive,2009,QCEW,122598,122598,1,,,,
sam_mi,moodys_us,Moody's US,8,"8. Motor Vehicle Parts, Materials, & Products Sales",2009,QCEW,87246.23037,87246.23037,1,,,,
sam_mi,moodys_us,Moody's US,9,"9. Dealers, Maintenance, & Repair",2009,QCEW,58528,58528,1,,,,
sam_mi,moodys_us,Moody's US,10,10. Logistics,2009,QCEW,33872,33872,1,,,,
sam_mi,moodys_us,Moody's US,1,1. Materials & Processing,2010,QCEW,18899.93778,64137,0.294680727,,,,
sam_mi,moodys_us,Moody's US,2,2. Equipment Manufacturing,2010,QCEW,4728.47101,40126,0.117840577,,,,
sam_mi,moodys_us,Moody's US,3,3. Forging & Foundries,2010,QCEW,8069.098646,14405,0.560159573,,,,
sam_mi,moodys_us,Moody's US,4,4. Parts & Machining,2010,QCEW,12321.6292,40120,0.307119372,,,,
sam_mi,moodys_us,Moody's US,5,5. Component Systems,2010,QCEW,3644.743681,13189,0.276347235,,,,
sam_mi,moodys_us,Moody's US,6,6. Engineering & Design,2010,QCEW,609.1015191,80680,0.007549597,,,,
sam_mi,moodys_us,Moody's US,7,7. Core Automotive,2010,QCEW,126033,126033,1,,,,
sam_mi,moodys_us,Moody's US,8,"8. Motor Vehicle Parts, Materials, & Products Sales",2010,QCEW,89086.8125,89086.8125,1,,,,
sam_mi,moodys_us,Moody's US,9,"9. Dealers, Maintenance, & Repair",2010,QCEW,57415,57415,1,,,,
sam_mi,moodys_us,Moody's US,10,10. Logistics,2010,QCEW,34234,34234,1,,,,
sam_mi,moodys_us,Moody's US,1,1. Materials & Processing,2011,QCEW,20536.11974,69846,0.294019983,,,,
sam_mi,moodys_us,Moody's US,2,2. Equipment Manufacturing,2011,QCEW,5218.672474,44416,0.117495328,,,,
sam_mi,moodys_us,Moody's US,3,3. Forging & Foundries,2011,QCEW,9328.231486,16777,0.556013083,,,,
sam_mi,moodys_us,Moody's US,4,4. Parts & Machining,2011,QCEW,13891.08772,44729,0.310561106,,,,
sam_mi,moodys_us,Moody's US,5,5. Component Systems,2011,QCEW,4381.646917,14492,0.302349359,,,,
sam_mi,moodys_us,Moody's US,6,6. Engineering & Design,2011,QCEW,663.4546497,86598,0.007661316,,,,
sam_mi,moodys_us,Moody's US,7,7. Core Automotive,2011,QCEW,137663,137663,1,,,,
sam_mi,moodys_us,Moody's US,8,"8. Motor Vehicle Parts, Materials, & Products Sales",2011,QCEW,92585.61085,92585.61085,1,,,,
sam_mi,moodys_us,Moody's US,9,"9. Dealers, Maintenance, & Repair",2011,QCEW,58514,58514,1,,,,
sam_mi,moodys_us,Moody's US,10,10. Logistics,2011,QCEW,36615,36615,1,,,,
sam_mi,moodys_us,Moody's US,1,1. Materials & Processing,2012,QCEW,20874.04374,72219,0.289038116,,,,
sam_mi,moodys_us,Moody's US,2,2. Equipment Manufacturing,2012,QCEW,5709.020442,48753,0.117100905,,,,
sam_mi,moodys_us,Moody's US,3,3. Forging & Foundries,2012,QCEW,9888.2863,17730,0.557714963,,,,
sam_mi,moodys_us,Moody's US,4,4. Parts & Machining,2012,QCEW,14869.70862,47604,0.312362588,,,,
sam_mi,moodys_us,Moody's US,5,5. Component Systems,2012,QCEW,4579.766128,15170,0.301896251,,,,
sam_mi,moodys_us,Moody's US,6,6. Engineering & Design,2012,QCEW,713.3704627,93379,0.007639517,,,,
sam_mi,moodys_us,Moody's US,7,7. Core Automotive,2012,QCEW,150169,150169,1,,,,
sam_mi,moodys_us,Moody's US,8,"8. Motor Vehicle Parts, Materials, & Products Sales",2012,QCEW,95608.29067,95608.29067,1,,,,
sam_mi,moodys_us,Moody's US,9,"9. Dealers, Maintenance, & Repair",2012,QCEW,60173,60173,1,,,,
sam_mi,moodys_us,Moody's US,10,10. Logistics,2012,QCEW,38488,38488,1,,,,
sam_mi,moodys_us,Moody's US,1,1. Materials & Processing,2013,QCEW,21753.94493,74741,0.291057718,,,,
sam_mi,moodys_us,Moody's US,2,2. Equipment Manufacturing,2013,QCEW,5969.451894,50347,0.118566189,,,,
sam_mi,moodys_us,Moody's US,3,3. Forging & Foundries,2013,QCEW,9678.86421,17469,0.554059432,,,,
sam_mi,moodys_us,Moody's US,4,4. Parts & Machining,2013,QCEW,15149.99965,48091,0.315027752,,,,
sam_mi,moodys_us,Moody's US,5,5. Component Systems,2013,QCEW,4432.149125,15239,0.290842518,,,,
sam_mi,moodys_us,Moody's US,6,6. Engineering & Design,2013,QCEW,758.5062954,98826,0.007675169,,,,
sam_mi,moodys_us,Moody's US,7,7. Core Automotive,2013,QCEW,160593,160593,1,,,,
sam_mi,moodys_us,Moody's US,8,"8. Motor Vehicle Parts, Materials, & Products Sales",2013,QCEW,98503.90548,98503.90548,1,,,,
sam_mi,moodys_us,Moody's US,9,"9. Dealers, Maintenance, & Repair",2013,QCEW,61157,61157,1,,,,
sam_mi,moodys_us,Moody's US,10,10. Logistics,2013,QCEW,40737,40737,1,,,,
sam_mi,moodys_us,Moody's US,1,1. Materials & Processing,2014,QCEW,23003.117,78687,0.292336943,,,,
sam_mi,moodys_us,Moody's US,2,2. Equipment Manufacturing,2014,QCEW,6177.456012,51620,0.119671755,,,,
sam_mi,moodys_us,Moody's US,3,3. Forging & Foundries,2014,QCEW,9915.100577,17851,0.555436703,,,,
sam_mi,moodys_us,Moody's US,4,4. Parts & Machining,2014,QCEW,15846.2048,50307,0.314990057,,,,
sam_mi,moodys_us,Moody's US,5,5. Component Systems,2014,QCEW,4533.05101,15439,0.293610403,,,,
sam_mi,moodys_us,Moody's US,6,6. Engineering & Design,2014,QCEW,776.8738953,102924,0.007548034,,,,
sam_mi,moodys_us,Moody's US,7,7. Core Automotive,2014,QCEW,170363,170363,1,,,,
sam_mi,moodys_us,Moody's US,8,"8. Motor Vehicle Parts, Materials, & Products Sales",2014,QCEW,102424.8873,102424.8873,1,,,,
sam_mi,moodys_us,Moody's US,9,"9. Dealers, Maintenance, & Repair",2014,QCEW,64200,64200,1,,,,
sam_mi,moodys_us,Moody's US,10,10. Logistics,2014,QCEW,43426,43426,1,,,,
sam_mi,moodys_us,Moody's US,1,1. Materials & Processing,2015,QCEW,23448.8534,79982,0.293176632,,,,
sam_mi,moodys_us,Moody's US,2,2. Equipment Manufacturing,2015,QCEW,6365.532035,52970,0.1201724,,,,
sam_mi,moodys_us,Moody's US,3,3. Forging & Foundries,2015,QCEW,9963.247352,18047,0.55207222,,,,
sam_mi,moodys_us,Moody's US,4,4. Parts & Machining,2015,QCEW,16512.84515,52603,0.313914513,,,,
sam_mi,moodys_us,Moody's US,5,5. Component Systems,2015,QCEW,4992.017393,16676,0.299353406,,,,
sam_mi,moodys_us,Moody's US,6,6. Engineering & Design,2015,QCEW,938.655054,117555,0.007984816,,,,
sam_mi,moodys_us,Moody's US,7,7. Core Automotive,2015,QCEW,166670,166670,1,,,,
sam_mi,moodys_us,Moody's US,8,"8. Motor Vehicle Parts, Materials, & Products Sales",2015,QCEW,104833.717,104833.717,1,,,,
sam_mi,moodys_us,Moody's US,9,"9. Dealers, Maintenance, & Repair",2015,QCEW,66784,66784,1,,,,
sam_mi,moodys_us,Moody's US,10,10. Logistics,2015,QCEW,45930,45930,1,,,,
sam_mi,moodys_us,Moody's US,1,1. Materials & Processing,2016,QCEW,23739.79796,81235,0.29223608,,,,
sam_mi,moodys_us,Moody's US,2,2. Equipment Manufacturing,2016,QCEW,6427.853245,53396,0.120380801,,,,
sam_mi,moodys_us,Moody's US,3,3. Forging & Foundries,2016,QCEW,10023.45172,18194,0.550920728,,,,
sam_mi,moodys_us,Moody's US,4,4. Parts & Machining,2016,QCEW,16367.76462,52458,0.312016558,,,,
sam_mi,moodys_us,Moody's US,5,5. Component Systems,2016,QCEW,4955.65388,16542,0.299580092,,,,
sam_mi,moodys_us,Moody's US,6,6. Engineering & Design,2016,QCEW,974.8572872,121842,0.008000995,,,,
sam_mi,moodys_us,Moody's US,7,7. Core Automotive,2016,QCEW,173344,173344,1,,,,
sam_mi,moodys_us,Moody's US,8,"8. Motor Vehicle Parts, Materials, & Products Sales",2016,QCEW,105625.1859,105625.1859,1,,,,
sam_mi,moodys_us,Moody's US,9,"9. Dealers, Maintenance, & Repair",2016,QCEW,68358,68358,1,,,,
sam_mi,moodys_us,Moody's US,10,10. Logistics,2016,QCEW,46900,46900,1,,,,
sam_mi,moodys_us,Moody's US,1,1. Materials & Processing,2017,QCEW,24108.82173,82226,0.293201928,,,,
sam_mi,moodys_us,Moody's US,2,2. Equipment Manufacturing,2017,QCEW,6570.844634,54519,0.120523939,,,,
sam_mi,moodys_us,Moody's US,3,3. Forging & Foundries,2017,QCEW,10197.75072,18552,0.549684709,,,,
sam_mi,moodys_us,Moody's US,4,4. Parts & Machining,2017,QCEW,16139.39663,52257,0.308846597,,,,
sam_mi,moodys_us,Moody's US,5,5. Component Systems,2017,QCEW,5074.521584,16794,0.302162771,,,,
sam_mi,moodys_us,Moody's US,6,6. Engineering & Design,2017,QCEW,948.5175797,113721,0.008340743,,,,
sam_mi,moodys_us,Moody's US,7,7. Core Automotive,2017,QCEW,180711,180711,1,,,,
sam_mi,moodys_us,Moody's US,8,"8. Motor Vehicle Parts, Materials, & Products Sales",2017,QCEW,107098.9302,107098.9302,1,,,,
sam_mi,moodys_us,Moody's US,9,"9. Dealers, Maintenance, & Repair",2017,QCEW,68500,68500,1,,,,
sam_mi,moodys_us,Moody's US,10,10. Logistics,2017,QCEW,46723,46723,1,,,,
sam_mi,moodys_us,Moody's US,1,1. Materials & Processing,2018,QCEW,24548.64085,83724,0.293209126,,,,
sam_mi,moodys_us,Moody's US,2,2. Equipment Manufacturing,2018,QCEW,6739.387338,55424,0.121596914,,,,
sam_mi,moodys_us,Moody's US,3,3. Forging & Foundries,2018,QCEW,10595.13614,19277,0.549625779,,,,
sam_mi,moodys_us,Moody's US,4,4. Parts & Machining,2018,QCEW,16414.67444,53718,0.305571213,,,,
sam_mi,moodys_us,Moody's US,5,5. Component Systems,2018,QCEW,5353.222206,17376,0.308081388,,,,
sam_mi,moodys_us,Moody's US,6,6. Engineering & Design,2018,QCEW,975.529221,116698,0.008359434,,,,
sam_mi,moodys_us,Moody's US,7,7. Core Automotive,2018,QCEW,182995,182995,1,,,,
sam_mi,moodys_us,Moody's US,8,"8. Motor Vehicle Parts, Materials, & Products Sales",2018,QCEW,110520.0778,110520.0778,1,,,,
sam_mi,moodys_us,Moody's US,9,"9. Dealers, Maintenance, & Repair",2018,QCEW,68540,68540,1,,,,
sam_mi,moodys_us,Moody's US,10,10. Logistics,2018,QCEW,47502,47502,1,,,,
sam_mi,moodys_us,Moody's US,1,1. Materials & Processing,2019,QCEW,24426.35337,83591,0.292212719,,,,
sam_mi,moodys_us,Moody's US,2,2. Equipment Manufacturing,2019,QCEW,6576.70413,53502,0.122924454,,,,
sam_mi,moodys_us,Moody's US,3,3. Forging & Foundries,2019,QCEW,10542.21836,19271,0.547050924,,,,
sam_mi,moodys_us,Moody's US,4,4. Parts & Machining,2019,QCEW,15908.69373,52591,0.302498407,,,,
sam_mi,moodys_us,Moody's US,5,5. Component Systems,2019,QCEW,5780.272514,18237,0.316953036,,,,
sam_mi,moodys_us,Moody's US,6,6. Engineering & Design,2019,QCEW,972.141431,118343,0.008214609,,,,
sam_mi,moodys_us,Moody's US,7,7. Core Automotive,2019,QCEW,180821,180821,1,,,,
sam_mi,moodys_us,Moody's US,8,"8. Motor Vehicle Parts, Materials, & Products Sales",2019,QCEW,111801.6657,111801.6657,1,,,,
sam_mi,moodys_us,Moody's US,9,"9. Dealers, Maintenance, & Repair",2019,QCEW,68868,68868,1,,,,
sam_mi,moodys_us,Moody's US,10,10. Logistics,2019,QCEW,48382,48382,1,,,,
sam_mi,moodys_us,Moody's US,1,1. Materials & Processing,2020,QCEW,20793.90897,70950,0.293078351,,,,
sam_mi,moodys_us,Moody's US,2,2. Equipment Manufacturing,2020,QCEW,6069.646603,48267,0.125751478,,,,
sam_mi,moodys_us,Moody's US,3,3. Forging & Foundries,2020,QCEW,8708.642444,15883,0.548299594,,,,
sam_mi,moodys_us,Moody's US,4,4. Parts & Machining,2020,QCEW,13677.9739,45730,0.299102862,,,,
sam_mi,moodys_us,Moody's US,5,5. Component Systems,2020,QCEW,5449.419588,16885,0.322737316,,,,
sam_mi,moodys_us,Moody's US,6,6. Engineering & Design,2020,QCEW,947.1381094,115403,0.008207223,,,,
sam_mi,moodys_us,Moody's US,7,7. Core Automotive,2020,QCEW,154727,154727,1,,,,
sam_mi,moodys_us,Moody's US,8,"8. Motor Vehicle Parts, Materials, & Products Sales",2020,QCEW,103058.2354,103058.2354,1,,,,
sam_mi,moodys_us,Moody's US,9,"9. Dealers, Maintenance, & Repair",2020,QCEW,62425,62425,1,,,,
sam_mi,moodys_us,Moody's US,10,10. Logistics,2020,QCEW,44778,44778,1,,,,
sam_mi,moodys_us,Moody's US,1,1. Materials & Processing,2021,QCEW,21220.81779,72517,0.292632318,,,,
sam_mi,moodys_us,Moody's US,2,2. Equipment Manufacturing,2021,QCEW,6132.49678,48420,0.126652143,,,,
sam_mi,moodys_us,Moody's US,3,3. Forging & Foundries,2021,QCEW,8863.944357,16199,0.547190836,,,,
sam_mi,moodys_us,Moody's US,4,4. Parts & Machining,2021,QCEW,14221.98047,47346,0.300383992,,,,
sam_mi,moodys_us,Moody's US,5,5. Component Systems,2021,QCEW,5536.350019,17142,0.3229699,,,,
sam_mi,moodys_us,Moody's US,6,6. Engineering & Design,2021,QCEW,980.8345274,119483,0.008208988,,,,
sam_mi,moodys_us,Moody's US,7,7. Core Automotive,2021,QCEW,174869,174869,1,,,,
sam_mi,moodys_us,Moody's US,8,"8. Motor Vehicle Parts, Materials, & Products Sales",2021,QCEW,105546.6236,105546.6236,1,,,,
sam_mi,moodys_us,Moody's US,9,"9. Dealers, Maintenance, & Repair",2021,QCEW,66198,66198,1,,,,
sam_mi,moodys_us,Moody's US,10,10. Logistics,2021,QCEW,46770,46770,1,,,,
sam_mi,moodys_us,Moody's US,1,1. Materials & Processing,2022,QCEW,21422.17723,73289,0.292297306,,,,
sam_mi,moodys_us,Moody's US,2,2. Equipment Manufacturing,2022,QCEW,6324.972447,48839,0.129506592,,,,
sam_mi,moodys_us,Moody's US,3,3. Forging & Foundries,2022,QCEW,9215.777438,16746,0.550327089,,,,
sam_mi,moodys_us,Moody's US,4,4. Parts & Machining,2022,QCEW,14548.30636,48605,0.299317073,,,,
sam_mi,moodys_us,Moody's US,5,5. Component Systems,2022,QCEW,5902.349733,17979,0.328291325,,,,
sam_mi,moodys_us,Moody's US,6,6. Engineering & Design,2022,QCEW,1002.835428,122404,0.008192832,,,,
sam_mi,moodys_us,Moody's US,7,7. Core Automotive,2022,QCEW,177138,177138,1,,,,
sam_mi,moodys_us,Moody's US,8,"8. Motor Vehicle Parts, Materials, & Products Sales",2022,QCEW,110573,110573,1,,,,
sam_mi,moodys_us,Moody's US,9,"9. Dealers, Maintenance, & Repair",2022,QCEW,67706,67706,1,,,,
sam_mi,moodys_us,Moody's US,10,10. Logistics,2022,QCEW,49197,49197,1,,,,
sam_mi,moodys_us,Moody's US,1,1. Materials & Processing,2023,QCEW,21625.6694,73569,0.293950841,,,,
sam_mi,moodys_us,Moody's US,2,2. Equipment Manufacturing,2023,QCEW,6394.270739,48876,0.130826392,,,,
sam_mi,moodys_us,Moody's US,3,3. Forging & Foundries,2023,QCEW,9391.518582,17055,0.55066072,,,,
sam_mi,moodys_us,Moody's US,4,4. Parts & Machining,2023,QCEW,15119.80529,50818,0.297528539,,,,
sam_mi,moodys_us,Moody's US,5,5. Component Systems,2023,QCEW,6261.752202,18726,0.334388134,,,,
sam_mi,moodys_us,Moody's US,6,6. Engineering & Design,2023,QCEW,1018.848095,123111,0.008275849,,,,
sam_mi,moodys_us,Moody's US,7,7. Core Automotive,2023,QCEW,179115,179115,1,,,,
sam_mi,moodys_us,Moody's US,8,"8. Motor Vehicle Parts, Materials, & Products Sales",2023,QCEW,114410,114410,1,,,,
sam_mi,moodys_us,Moody's US,9,"9. Dealers, Maintenance, & Repair",2023,QCEW,69189,69189,1,,,,
sam_mi,moodys_us,Moody's US,10,10. Logistics,2023,QCEW,49037,49037,1,,,,
sam_mi,moodys_us,Moody's US,1,1. Materials & Processing,2024,QCEW,21247.66879,72604,0.29265149,,,,
sam_mi,moodys_us,Moody's US,2,2. Equipment Manufacturing,2024,QCEW,6244.586843,47550,0.131326747,,,,
sam_mi,moodys_us,Moody's US,3,3. Forging & Foundries,2024,QCEW,9023.139595,16337,0.552313129,,,,
sam_mi,moodys_us,Moody's US,4,4. Parts & Machining,2024,QCEW,14936.44449,50443,0.296105396,,,,
sam_mi,moodys_us,Moody's US,5,5. Component Systems,2024,QCEW,5987.024881,18283,0.327464031,,,,
sam_mi,moodys_us,Moody's US,6,6. Engineering & Design,2024,QCEW,1032.025505,120207,0.008585403,,,,
sam_mi,moodys_us,Moody's US,7,7. Core Automotive,2024,QCEW,173082,173082,1,,,,
sam_mi,moodys_us,Moody's US,8,"8. Motor Vehicle Parts, Materials, & Products Sales",2024,QCEW,115340,115340,1,,,,
sam_mi,moodys_us,Moody's US,9,"9. Dealers, Maintenance, & Repair",2024,QCEW,69600,69600,1,,,,
sam_mi,moodys_us,Moody's US,10,10. Logistics,2024,QCEW,46889,46889,1,,,,
sam_mi,moodys_us,Moody's US,1,1. Materials & Processing,2025,QCEW,20928.03176,70604,0.296414251,,,,
sam_mi,moodys_us,Moody's US,2,2. Equipment Manufacturing,2025,QCEW,6089.070013,45958,0.132492058,,,,
sam_mi,moodys_us,Moody's US,3,3. Forging & Foundries,2025,QCEW,8874.553682,15947,0.556503021,,,,
sam_mi,moodys_us,Moody's US,4,4. Parts & Machining,2025,QCEW,14602.46596,49289,0.296262167,,,,
sam_mi,moodys_us,Moody's US,5,5. Component Systems,2025,QCEW,5948.051176,17831,0.333579226,,,,
sam_mi,moodys_us,Moody's US,6,6. Engineering & Design,2025,QCEW,1012.884669,116864,0.008667209,,,,
sam_mi,moodys_us,Moody's US,7,7. Core Automotive,2025,QCEW,166447,166447,1,,,,
sam_mi,moodys_us,Moody's US,8,"8. Motor Vehicle Parts, Materials, & Products Sales",2025,QCEW,116571,116571,1,,,,
sam_mi,moodys_us,Moody's US,9,"9. Dealers, Maintenance, & Repair",2025,QCEW,72444,72444,1,,,,
sam_mi,moodys_us,Moody's US,10,10. Logistics,2025,QCEW,45205,45205,1,,,,
sam_mi,moodys_us,Moody's US,1,1. Materials & Processing,2026,Forecast,20761.12591,70131.21271,0.29603261,,,,
sam_mi,moodys_us,Moody's US,2,2. Equipment Manufacturing,2026,Forecast,6053.667189,45483.48561,0.133095938,,,,
sam_mi,moodys_us,Moody's US,3,3. Forging & Foundries,2026,Forecast,8660.666014,15617.56303,0.55454657,,,,
sam_mi,moodys_us,Moody's US,4,4. Parts & Machining,2026,Forecast,14483.34948,48940.75011,0.295936402,,,,
sam_mi,moodys_us,Moody's US,5,5. Component Systems,2026,Forecast,5919.304568,17779.19949,0.332934257,,,,
sam_mi,moodys_us,Moody's US,6,6. Engineering & Design,2026,Forecast,1021.471015,118347.0781,0.008631147,,,,
sam_mi,moodys_us,Moody's US,7,7. Core Automotive,2026,Forecast,167641.9593,167641.9593,1,,,,
sam_mi,moodys_us,Moody's US,8,"8. Motor Vehicle Parts, Materials, & Products Sales",2026,Forecast,117318.6247,117318.6247,1,,,,
sam_mi,moodys_us,Moody's US,9,"9. Dealers, Maintenance, & Repair",2026,Forecast,72941.6958,72941.6958,1,,,,
sam_mi,moodys_us,Moody's US,10,10. Logistics,2026,Forecast,44236.16557,44236.16557,1,,,,
sam_mi,moodys_us,Moody's US,1,1. Materials & Processing,2027,Forecast,20596.94621,69664.97431,0.295657128,,,,
sam_mi,moodys_us,Moody's US,2,2. Equipment Manufacturing,2027,Forecast,6018.920419,45017.35575,0.13370222,,,,
sam_mi,moodys_us,Moody's US,3,3. Forging & Foundries,2027,Forecast,8453.399618,15298.0267,0.552581048,,,,
sam_mi,moodys_us,Moody's US,4,4. Parts & Machining,2027,Forecast,14365.48104,48595.98971,0.295610422,,,,
sam_mi,moodys_us,Moody's US,5,5. Component Systems,2027,Forecast,5890.700676,17727.63014,0.332289236,,,,
sam_mi,moodys_us,Moody's US,6,6. Engineering & Design,2027,Forecast,1030.174404,119851.6126,0.008595415,,,,
sam_mi,moodys_us,Moody's US,7,7. Core Automotive,2027,Forecast,168947.6165,168947.6165,1,,,,
sam_mi,moodys_us,Moody's US,8,"8. Motor Vehicle Parts, Materials, & Products Sales",2027,Forecast,118072.261,118072.261,1,,,,
sam_mi,moodys_us,Moody's US,9,"9. Dealers, Maintenance, & Repair",2027,Forecast,73442.96077,73442.96077,1,,,,
sam_mi,moodys_us,Moody's US,10,10. Logistics,2027,Forecast,43288.11779,43288.11779,1,,,,
sam_mi,moodys_us,Moody's US,1,1. Materials & Processing,2028,Forecast,20435.44387,69205.17008,0.295287821,,,,
sam_mi,moodys_us,Moody's US,2,2. Equipment Manufacturing,2028,Forecast,5984.818435,44559.46614,0.13431082,,,,
sam_mi,moodys_us,Moody's US,3,3. Forging & Foundries,2028,Forecast,8252.541573,14988.07388,0.550607212,,,,
sam_mi,moodys_us,Moody's US,4,4. Parts & Machining,2028,Forecast,14248.8473,48254.68232,0.295284242,,,,
sam_mi,moodys_us,Moody's US,5,5. Component Systems,2028,Forecast,5862.238785,17676.29084,0.331644169,,,,
sam_mi,moodys_us,Moody's US,6,6. Engineering & Design,2028,Forecast,1038.996446,121377.9248,0.008560012,,,,
sam_mi,moodys_us,Moody's US,7,7. Core Automotive,2028,Forecast,170368.6264,170368.6264,1,,,,
sam_mi,moodys_us,Moody's US,8,"8. Motor Vehicle Parts, Materials, & Products Sales",2028,Forecast,118831.951,118831.951,1,,,,
sam_mi,moodys_us,Moody's US,9,"9. Dealers, Maintenance, & Repair",2028,Forecast,73947.82153,73947.82153,1,,,,
sam_mi,moodys_us,Moody's US,10,10. Logistics,2028,Forecast,42360.41022,42360.41022,1,,,,
sam_mi,moodys_us,Moody's US,1,1. Materials & Processing,2029,Forecast,20276.57105,68751.68763,0.294924703,,,,
sam_mi,moodys_us,Moody's US,2,2. Equipment Manufacturing,2029,Forecast,5951.35016,44109.67498,0.134921651,,,,
sam_mi,moodys_us,Moody's US,3,3. Forging & Foundries,2029,Forecast,8057.885835,14687.39771,0.548625835,,,,
sam_mi,moodys_us,Moody's US,4,4. Parts & Machining,2029,Forecast,14133.43503,47916.79182,0.294957874,,,,
sam_mi,moodys_us,Moody's US,5,5. Component Systems,2029,Forecast,5833.918186,17625.18046,0.330999061,,,,
sam_mi,moodys_us,Moody's US,6,6. Engineering & Design,2029,Forecast,1047.938774,122926.3407,0.008524933,,,,
sam_mi,moodys_us,Moody's US,7,7. Core Automotive,2029,Forecast,171909.8666,171909.8666,1,,,,
sam_mi,moodys_us,Moody's US,8,"8. Motor Vehicle Parts, Materials, & Products Sales",2029,Forecast,119597.7373,119597.7373,1,,,,
sam_mi,moodys_us,Moody's US,9,"9. Dealers, Maintenance, & Repair",2029,Forecast,74456.30493,74456.30493,1,,,,
sam_mi,moodys_us,Moody's US,10,10. Logistics,2029,Forecast,41452.606,41452.606,1,,,,
sam_mi,moodys_us,Moody's US,1,1. Materials & Processing,2030,Forecast,20120.28091,68304.41689,0.294567787,,,,
sam_mi,moodys_us,Moody's US,2,2. Equipment Manufacturing,2030,Forecast,5918.504709,43667.84292,0.135534625,,,,
sam_mi,moodys_us,Moody's US,3,3. Forging & Foundries,2030,Forecast,7869.233021,14395.70121,0.546637702,,,,
sam_mi,moodys_us,Moody's US,4,4. Parts & Machining,2030,Forecast,14019.23113,47582.28249,0.294631329,,,,
sam_mi,moodys_us,Moody's US,5,5. Component Systems,2030,Forecast,5805.738171,17574.29788,0.330353919,,,,
sam_mi,moodys_us,Moody's US,6,6. Engineering & Design,2030,Forecast,1057.003046,124497.1913,0.008490176,,,,
sam_mi,moodys_us,Moody's US,7,7. Core Automotive,2030,Forecast,173576.4474,173576.4474,1,,,,
sam_mi,moodys_us,Moody's US,8,"8. Motor Vehicle Parts, Materials, & Products Sales",2030,Forecast,120369.6629,120369.6629,1,,,,
sam_mi,moodys_us,Moody's US,9,"9. Dealers, Maintenance, & Repair",2030,Forecast,74968.438,74968.438,1,,,,
sam_mi,moodys_us,Moody's US,10,10. Logistics,2030,Forecast,40564.27769,40564.27769,1,,,,
sam_mi,moodys_us,Moody's US,1,1. Materials & Processing,2031,Forecast,19966.52754,67863.25,0.294217084,,,,
sam_mi,moodys_us,Moody's US,2,2. Equipment Manufacturing,2031,Forecast,5886.271387,43233.833,0.136149654,,,,
sam_mi,moodys_us,Moody's US,3,3. Forging & Foundries,2031,Forecast,7686.390189,14112.697,0.544643606,,,,
sam_mi,moodys_us,Moody's US,4,4. Parts & Machining,2031,Forecast,13906.22269,47251.119,0.294304621,,,,
sam_mi,moodys_us,Moody's US,5,5. Component Systems,2031,Forecast,5777.698039,17523.642,0.329708747,,,,
sam_mi,moodys_us,Moody's US,6,6. Engineering & Design,2031,Forecast,1066.190942,126090.813,0.008455739,,,,
sam_mi,moodys_us,Moody's US,7,7. Core Automotive,2031,Forecast,175373.723,175373.723,1,,,,
sam_mi,moodys_us,Moody's US,8,"8. Motor Vehicle Parts, Materials, & Products Sales",2031,Forecast,121147.771,121147.771,1,,,,
sam_mi,moodys_us,Moody's US,9,"9. Dealers, Maintenance, & Repair",2031,Forecast,75484.248,75484.248,1,,,,
sam_mi,moodys_us,Moody's US,10,10. Logistics,2031,Forecast,39695.007,39695.007,1,,,,
sam_mi,moodys_us,Moody's US,1,1. Materials & Processing,2032,Forecast,19815.26595,67428.08131,0.293872606,,,,
sam_mi,moodys_us,Moody's US,2,2. Equipment Manufacturing,2032,Forecast,5854.639678,42807.51063,0.136766647,,,,
sam_mi,moodys_us,Moody's US,3,3. Forging & Foundries,2032,Forecast,7509.170633,13838.10699,0.542644354,,,,
sam_mi,moodys_us,Moody's US,4,4. Parts & Machining,2032,Forecast,13794.39689,46923.26638,0.293977763,,,,
sam_mi,moodys_us,Moody's US,5,5. Component Systems,2032,Forecast,5749.797088,17473.2117,0.329063551,,,,
sam_mi,moodys_us,Moody's US,6,6. Engineering & Design,2032,Forecast,1075.504166,127707.5473,0.008421618,,,,
sam_mi,moodys_us,Moody's US,7,7. Core Automotive,2032,Forecast,177307.3026,177307.3026,1,,,,
sam_mi,moodys_us,Moody's US,8,"8. Motor Vehicle Parts, Materials, & Products Sales",2032,Forecast,121932.1053,121932.1053,1,,,,
sam_mi,moodys_us,Moody's US,9,"9. Dealers, Maintenance, & Repair",2032,Forecast,76003.76239,76003.76239,1,,,,
sam_mi,moodys_us,Moody's US,10,10. Logistics,2032,Forecast,38844.38467,38844.38467,1,,,,
sam_mi,moodys_us,Moody's US,1,1. Materials & Processing,2033,Forecast,19666.45207,66998.8073,0.293534361,,,,
sam_mi,moodys_us,Moody's US,2,2. Equipment Manufacturing,2033,Forecast,5823.599252,42388.74353,0.137385512,,,,
sam_mi,moodys_us,Moody's US,3,3. Forging & Foundries,2033,Forecast,7337.393678,13571.66206,0.540640759,,,,
sam_mi,moodys_us,Moody's US,4,4. Parts & Machining,2033,Forecast,13683.74109,46598.69005,0.293650767,,,,
sam_mi,moodys_us,Moody's US,5,5. Component Systems,2033,Forecast,5722.034624,17423.00589,0.328418337,,,,
sam_mi,moodys_us,Moody's US,6,6. Engineering & Design,2033,Forecast,1084.944446,129347.7409,0.008387811,,,,
sam_mi,moodys_us,Moody's US,7,7. Core Automotive,2033,Forecast,179383.0627,179383.0627,1,,,,
sam_mi,moodys_us,Moody's US,8,"8. Motor Vehicle Parts, Materials, & Products Sales",2033,Forecast,122722.71,122722.71,1,,,,
sam_mi,moodys_us,Moody's US,9,"9. Dealers, Maintenance, & Repair",2033,Forecast,76527.00884,76527.00884,1,,,,
sam_mi,moodys_us,Moody's US,10,10. Logistics,2033,Forecast,38012.01021,38012.01021,1,,,,
sam_mi,moodys_us,Moody's US,1,1. Materials & Processing,2034,Forecast,19520.04272,66575.32658,0.293202358,,,,
sam_mi,moodys_us,Moody's US,2,2. Equipment Manufacturing,2034,Forecast,5793.139955,41977.4017,0.138006159,,,,
sam_mi,moodys_us,Moody's US,3,3. Forging & Foundries,2034,Forecast,7170.88449,13313.10179,0.538633641,,,,
sam_mi,moodys_us,Moody's US,4,4. Parts & Machining,2034,Forecast,13574.24275,46277.3558,0.293323647,,,,
sam_mi,moodys_us,Moody's US,5,5. Component Systems,2034,Forecast,5694.409953,17373.02348,0.327773111,,,,
sam_mi,moodys_us,Moody's US,6,6. Engineering & Design,2034,Forecast,1094.513536,131011.7463,0.008354316,,,,
sam_mi,moodys_us,Moody's US,7,7. Core Automotive,2034,Forecast,181607.1589,181607.1589,1,,,,
sam_mi,moodys_us,Moody's US,8,"8. Motor Vehicle Parts, Materials, & Products Sales",2034,Forecast,123519.6294,123519.6294,1,,,,
sam_mi,moodys_us,Moody's US,9,"9. Dealers, Maintenance, & Repair",2034,Forecast,77054.01525,77054.01525,1,,,,
sam_mi,moodys_us,Moody's US,10,10. Logistics,2034,Forecast,37197.49176,37197.49176,1,,,,
sam_mi,bls_us,BLS US,11,Upstream + Core/OEM,2001,QCEW,377757.6658,665890,0.5672974,,,,
sam_mi,bls_us,BLS US,11,Upstream + Core/OEM,2002,QCEW,351643.631,623804,0.563708522,,,,
sam_mi,bls_us,BLS US,11,Upstream + Core/OEM,2003,QCEW,328362.2626,592810,0.553908103,,,,
sam_mi,bls_us,BLS US,11,Upstream + Core/OEM,2004,QCEW,316306.4107,577971,0.547270383,,,,
sam_mi,bls_us,BLS US,11,Upstream + Core/OEM,2005,QCEW,298603.7908,562113,0.531216661,,,,
sam_mi,bls_us,BLS US,11,Upstream + Core/OEM,2006,QCEW,278370.0671,536121,0.519229926,,,,
sam_mi,bls_us,BLS US,11,Upstream + Core/OEM,2007,QCEW,259646.6037,508352,0.510761448,,,,
sam_mi,bls_us,BLS US,11,Upstream + Core/OEM,2008,QCEW,225646.0188,463339,0.48699984,,,,
sam_mi,bls_us,BLS US,11,Upstream + Core/OEM,2009,QCEW,168102.3763,363737,0.462153634,,,,
sam_mi,bls_us,BLS US,11,Upstream + Core/OEM,2010,QCEW,174305.9818,378690,0.46028673,,,,
sam_mi,bls_us,BLS US,11,Upstream + Core/OEM,2011,QCEW,191682.213,414521,0.462418582,,,,
sam_mi,bls_us,BLS US,11,Upstream + Core/OEM,2012,QCEW,206803.1957,445024,0.46470122,,,,
sam_mi,bls_us,BLS US,11,Upstream + Core/OEM,2013,QCEW,218335.9161,465306,0.46923082,,,,
sam_mi,bls_us,BLS US,11,Upstream + Core/OEM,2014,QCEW,230614.8033,487191,0.473356042,,,,
sam_mi,bls_us,BLS US,11,Upstream + Core/OEM,2015,QCEW,228891.1504,504503,0.453696312,,,,
sam_mi,bls_us,BLS US,11,Upstream + Core/OEM,2016,QCEW,235833.3787,517011,0.4561477,,,,
sam_mi,bls_us,BLS US,11,Upstream + Core/OEM,2017,QCEW,243750.8529,518780,0.46985399,,,,
sam_mi,bls_us,BLS US,11,Upstream + Core/OEM,2018,QCEW,247621.5902,529212,0.467906227,,,,
sam_mi,bls_us,BLS US,11,Upstream + Core/OEM,2019,QCEW,245027.3835,526356,0.465516463,,,,
sam_mi,bls_us,BLS US,11,Upstream + Core/OEM,2020,QCEW,210373.7296,467845,0.449665444,,,,
sam_mi,bls_us,BLS US,11,Upstream + Core/OEM,2021,QCEW,231825.4239,495976,0.467412584,,,,
sam_mi,bls_us,BLS US,11,Upstream + Core/OEM,2022,QCEW,235554.4186,505000,0.466444393,,,,
sam_mi,bls_us,BLS US,11,Upstream + Core/OEM,2023,QCEW,238926.8643,511270,0.467320328,,,,
sam_mi,bls_us,BLS US,11,Upstream + Core/OEM,2024,QCEW,231552.8901,498506,0.464493687,,,,
sam_mi,bls_us,BLS US,11,Upstream + Core/OEM,2025,QCEW,223902.0573,482940,0.463622929,,,,
sam_mi,bls_us,BLS US,11,Upstream + Core/OEM,2026,Forecast,221247.1388,480634.6626,0.460322894,,,,
sam_mi,bls_us,BLS US,11,Upstream + Core/OEM,2027,Forecast,218668.8865,478416.6676,0.457067869,,,,
sam_mi,bls_us,BLS US,11,Upstream + Core/OEM,2028,Forecast,216165.5535,476284.2942,0.453858244,,,,
sam_mi,bls_us,BLS US,11,Upstream + Core/OEM,2029,Forecast,213735.4386,474235.8693,0.450694375,,,,
sam_mi,bls_us,BLS US,11,Upstream + Core/OEM,2030,Forecast,211376.8855,472269.7663,0.447576577,,,,
sam_mi,bls_us,BLS US,11,Upstream + Core/OEM,2031,Forecast,209088.2812,470384.404,0.444505131,,,,
sam_mi,bls_us,BLS US,11,Upstream + Core/OEM,2032,Forecast,206868.0553,468578.2455,0.441480281,,,,
sam_mi,bls_us,BLS US,11,Upstream + Core/OEM,2033,Forecast,204714.6792,466849.7975,0.438502234,,,,
sam_mi,bls_us,BLS US,11,Upstream + Core/OEM,2034,Forecast,202626.6647,465197.6093,0.435571165,,,,
sam_mi,dtmb_mi,DTMB MI,11,Upstream + Core/OEM,2001,QCEW,377757.6658,665890,0.5672974,,,,
sam_mi,dtmb_mi,DTMB MI,11,Upstream + Core/OEM,2002,QCEW,351643.631,623804,0.563708522,,,,
sam_mi,dtmb_mi,DTMB MI,11,Upstream + Core/OEM,2003,QCEW,328362.2626,592810,0.553908103,,,,
sam_mi,dtmb_mi,DTMB MI,11,Upstream + Core/OEM,2004,QCEW,316306.4107,577971,0.547270383,,,,
sam_mi,dtmb_mi,DTMB MI,11,Upstream + Core/OEM,2005,QCEW,298603.7908,562113,0.531216661,,,,
sam_mi,dtmb_mi,DTMB MI,11,Upstream + Core/OEM,2006,QCEW,278370.0671,536121,0.519229926,,,,
sam_mi,dtmb_mi,DTMB MI,11,Upstream + Core/OEM,2007,QCEW,259646.6037,508352,0.510761448,,,,
sam_mi,dtmb_mi,DTMB MI,11,Upstream + Core/OEM,2008,QCEW,225646.0188,463339,0.48699984,,,,
sam_mi,dtmb_mi,DTMB MI,11,Upstream + Core/OEM,2009,QCEW,168102.3763,363737,0.462153634,,,,
sam_mi,dtmb_mi,DTMB MI,11,Upstream + Core/OEM,2010,QCEW,174305.9818,378690,0.46028673,,,,
sam_mi,dtmb_mi,DTMB MI,11,Upstream + Core/OEM,2011,QCEW,191682.213,414521,0.462418582,,,,
sam_mi,dtmb_mi,DTMB MI,11,Upstream + Core/OEM,2012,QCEW,206803.1957,445024,0.46470122,,,,
sam_mi,dtmb_mi,DTMB MI,11,Upstream + Core/OEM,2013,QCEW,218335.9161,465306,0.46923082,,,,
sam_mi,dtmb_mi,DTMB MI,11,Upstream + Core/OEM,2014,QCEW,230614.8033,487191,0.473356042,,,,
sam_mi,dtmb_mi,DTMB MI,11,Upstream + Core/OEM,2015,QCEW,228891.1504,504503,0.453696312,,,,
sam_mi,dtmb_mi,DTMB MI,11,Upstream + Core/OEM,2016,QCEW,235833.3787,517011,0.4561477,,,,
sam_mi,dtmb_mi,DTMB MI,11,Upstream + Core/OEM,2017,QCEW,243750.8529,518780,0.46985399,,,,
sam_mi,dtmb_mi,DTMB MI,11,Upstream + Core/OEM,2018,QCEW,247621.5902,529212,0.467906227,,,,
sam_mi,dtmb_mi,DTMB MI,11,Upstream + Core/OEM,2019,QCEW,245027.3835,526356,0.465516463,,,,
sam_mi,dtmb_mi,DTMB MI,11,Upstream + Core/OEM,2020,QCEW,210373.7296,467845,0.449665444,,,,
sam_mi,dtmb_mi,DTMB MI,11,Upstream + Core/OEM,2021,QCEW,231825.4239,495976,0.467412584,,,,
sam_mi,dtmb_mi,DTMB MI,11,Upstream + Core/OEM,2022,QCEW,235554.4186,505000,0.466444393,,,,
sam_mi,dtmb_mi,DTMB MI,11,Upstream + Core/OEM,2023,QCEW,238926.8643,511270,0.467320328,,,,
sam_mi,dtmb_mi,DTMB MI,11,Upstream + Core/OEM,2024,QCEW,231552.8901,498506,0.464493687,,,,
sam_mi,dtmb_mi,DTMB MI,11,Upstream + Core/OEM,2025,QCEW,223902.0573,482940,0.463622929,,,,
sam_mi,dtmb_mi,DTMB MI,11,Upstream + Core/OEM,2026,Forecast,222850.8987,482117.8193,0.462233275,,,,
sam_mi,dtmb_mi,DTMB MI,11,Upstream + Core/OEM,2027,Forecast,221805.8934,481309.1285,0.460838742,,,,
sam_mi,dtmb_mi,DTMB MI,11,Upstream + Core/OEM,2028,Forecast,220767.0142,480513.9535,0.459439341,,,,
sam_mi,dtmb_mi,DTMB MI,11,Upstream + Core/OEM,2029,Forecast,219734.234,479732.3217,0.458035083,,,,
sam_mi,dtmb_mi,DTMB MI,11,Upstream + Core/OEM,2030,Forecast,218707.5259,478964.2616,0.456625981,,,,
sam_mi,dtmb_mi,DTMB MI,11,Upstream + Core/OEM,2031,Forecast,217686.8634,478209.803,0.455212047,,,,
sam_mi,dtmb_mi,DTMB MI,11,Upstream + Core/OEM,2032,Forecast,216672.2202,477468.977,0.453793295,,,,
sam_mi,dtmb_mi,DTMB MI,11,Upstream + Core/OEM,2033,Forecast,215663.5701,476741.8159,0.452369737,,,,
sam_mi,dtmb_mi,DTMB MI,11,Upstream + Core/OEM,2034,Forecast,214660.8873,476028.3535,0.45094139,,,,
sam_mi,moodys_mi,Moody's MI,11,Upstream + Core/OEM,2001,QCEW,377757.6658,665890,0.5672974,,,,
sam_mi,moodys_mi,Moody's MI,11,Upstream + Core/OEM,2002,QCEW,351643.631,623804,0.563708522,,,,
sam_mi,moodys_mi,Moody's MI,11,Upstream + Core/OEM,2003,QCEW,328362.2626,592810,0.553908103,,,,
sam_mi,moodys_mi,Moody's MI,11,Upstream + Core/OEM,2004,QCEW,316306.4107,577971,0.547270383,,,,
sam_mi,moodys_mi,Moody's MI,11,Upstream + Core/OEM,2005,QCEW,298603.7908,562113,0.531216661,,,,
sam_mi,moodys_mi,Moody's MI,11,Upstream + Core/OEM,2006,QCEW,278370.0671,536121,0.519229926,,,,
sam_mi,moodys_mi,Moody's MI,11,Upstream + Core/OEM,2007,QCEW,259646.6037,508352,0.510761448,,,,
sam_mi,moodys_mi,Moody's MI,11,Upstream + Core/OEM,2008,QCEW,225646.0188,463339,0.48699984,,,,
sam_mi,moodys_mi,Moody's MI,11,Upstream + Core/OEM,2009,QCEW,168102.3763,363737,0.462153634,,,,
sam_mi,moodys_mi,Moody's MI,11,Upstream + Core/OEM,2010,QCEW,174305.9818,378690,0.46028673,,,,
sam_mi,moodys_mi,Moody's MI,11,Upstream + Core/OEM,2011,QCEW,191682.213,414521,0.462418582,,,,
sam_mi,moodys_mi,Moody's MI,11,Upstream + Core/OEM,2012,QCEW,206803.1957,445024,0.46470122,,,,
sam_mi,moodys_mi,Moody's MI,11,Upstream + Core/OEM,2013,QCEW,218335.9161,465306,0.46923082,,,,
sam_mi,moodys_mi,Moody's MI,11,Upstream + Core/OEM,2014,QCEW,230614.8033,487191,0.473356042,,,,
sam_mi,moodys_mi,Moody's MI,11,Upstream + Core/OEM,2015,QCEW,228891.1504,504503,0.453696312,,,,
sam_mi,moodys_mi,Moody's MI,11,Upstream + Core/OEM,2016,QCEW,235833.3787,517011,0.4561477,,,,
sam_mi,moodys_mi,Moody's MI,11,Upstream + Core/OEM,2017,QCEW,243750.8529,518780,0.46985399,,,,
sam_mi,moodys_mi,Moody's MI,11,Upstream + Core/OEM,2018,QCEW,247621.5902,529212,0.467906227,,,,
sam_mi,moodys_mi,Moody's MI,11,Upstream + Core/OEM,2019,QCEW,245027.3835,526356,0.465516463,,,,
sam_mi,moodys_mi,Moody's MI,11,Upstream + Core/OEM,2020,QCEW,210373.7296,467845,0.449665444,,,,
sam_mi,moodys_mi,Moody's MI,11,Upstream + Core/OEM,2021,QCEW,231825.4239,495976,0.467412584,,,,
sam_mi,moodys_mi,Moody's MI,11,Upstream + Core/OEM,2022,QCEW,235554.4186,505000,0.466444393,,,,
sam_mi,moodys_mi,Moody's MI,11,Upstream + Core/OEM,2023,QCEW,238926.8643,511270,0.467320328,,,,
sam_mi,moodys_mi,Moody's MI,11,Upstream + Core/OEM,2024,QCEW,231552.8901,498506,0.464493687,,,,
sam_mi,moodys_mi,Moody's MI,11,Upstream + Core/OEM,2025,QCEW,223902.0573,482940,0.463622929,,,,
sam_mi,moodys_mi,Moody's MI,11,Upstream + Core/OEM,2026,Forecast,223193.5435,481615.5841,0.463426747,,,,
sam_mi,moodys_mi,Moody's MI,11,Upstream + Core/OEM,2027,Forecast,222612.145,480446.932,0.463343879,,,,
sam_mi,moodys_mi,Moody's MI,11,Upstream + Core/OEM,2028,Forecast,222159.8778,479435.6498,0.463377886,,,,
sam_mi,moodys_mi,Moody's MI,11,Upstream + Core/OEM,2029,Forecast,221838.9193,478583.5217,0.463532297,,,,
sam_mi,moodys_mi,Moody's MI,11,Upstream + Core/OEM,2030,Forecast,221651.6127,477892.5133,0.463810599,,,,
sam_mi,moodys_mi,Moody's MI,11,Upstream + Core/OEM,2031,Forecast,221600.4711,477364.776,0.464216218,,,,
sam_mi,moodys_mi,Moody's MI,11,Upstream + Core/OEM,2032,Forecast,221688.1827,477002.6511,0.464752517,,,,
sam_mi,moodys_mi,Moody's MI,11,Upstream + Core/OEM,2033,Forecast,221917.6154,476808.6743,0.465422773,,,,
sam_mi,moodys_mi,Moody's MI,11,Upstream + Core/OEM,2034,Forecast,222291.8221,476785.5802,0.46623017,,,,
sam_mi,moodys_mi_detail,Moody's MI (detail),11,Upstream + Core/OEM,2025,QCEW,223902.0573,482940,0.463622929,,,,
sam_mi,moodys_mi_detail,Moody's MI (detail),11,Upstream + Core/OEM,2026,Forecast,223479.3485,482545.8473,0.463125628,,,,
sam_mi,moodys_mi_detail,Moody's MI (detail),11,Upstream + Core/OEM,2027,Forecast,224395.2862,483953.7797,0.463670903,,,,
sam_mi,moodys_mi_detail,Moody's MI (detail),11,Upstream + Core/OEM,2028,Forecast,225660.6149,485748.7904,0.464562381,,,,
sam_mi,moodys_mi_detail,Moody's MI (detail),11,Upstream + Core/OEM,2029,Forecast,226613.6962,486756.7469,0.465558408,,,,
sam_mi,moodys_mi_detail,Moody's MI (detail),11,Upstream + Core/OEM,2030,Forecast,227787.2467,488052.9331,0.466726519,,,,
sam_mi,moodys_mi_detail,Moody's MI (detail),11,Upstream + Core/OEM,2031,Forecast,227976.9834,488000.0445,0.467165907,,,,
sam_mi,moodys_mi_detail,Moody's MI (detail),11,Upstream + Core/OEM,2032,Forecast,226594.6556,485461.8711,0.466760974,,,,
sam_mi,moodys_mi_detail,Moody's MI (detail),11,Upstream + Core/OEM,2033,Forecast,224173.5998,481180.3629,0.465882686,,,,
sam_mi,moodys_mi_detail,Moody's MI (detail),11,Upstream + Core/OEM,2034,Forecast,221315.6343,476327.1528,0.464629474,,,,
sam_mi,moodys_us,Moody's US,11,Upstream + Core/OEM,2001,QCEW,377757.6658,665890,0.5672974,,,,
sam_mi,moodys_us,Moody's US,11,Upstream + Core/OEM,2002,QCEW,351643.631,623804,0.563708522,,,,
sam_mi,moodys_us,Moody's US,11,Upstream + Core/OEM,2003,QCEW,328362.2626,592810,0.553908103,,,,
sam_mi,moodys_us,Moody's US,11,Upstream + Core/OEM,2004,QCEW,316306.4107,577971,0.547270383,,,,
sam_mi,moodys_us,Moody's US,11,Upstream + Core/OEM,2005,QCEW,298603.7908,562113,0.531216661,,,,
sam_mi,moodys_us,Moody's US,11,Upstream + Core/OEM,2006,QCEW,278370.0671,536121,0.519229926,,,,
sam_mi,moodys_us,Moody's US,11,Upstream + Core/OEM,2007,QCEW,259646.6037,508352,0.510761448,,,,
sam_mi,moodys_us,Moody's US,11,Upstream + Core/OEM,2008,QCEW,225646.0188,463339,0.48699984,,,,
sam_mi,moodys_us,Moody's US,11,Upstream + Core/OEM,2009,QCEW,168102.3763,363737,0.462153634,,,,
sam_mi,moodys_us,Moody's US,11,Upstream + Core/OEM,2010,QCEW,174305.9818,378690,0.46028673,,,,
sam_mi,moodys_us,Moody's US,11,Upstream + Core/OEM,2011,QCEW,191682.213,414521,0.462418582,,,,
sam_mi,moodys_us,Moody's US,11,Upstream + Core/OEM,2012,QCEW,206803.1957,445024,0.46470122,,,,
sam_mi,moodys_us,Moody's US,11,Upstream + Core/OEM,2013,QCEW,218335.9161,465306,0.46923082,,,,
sam_mi,moodys_us,Moody's US,11,Upstream + Core/OEM,2014,QCEW,230614.8033,487191,0.473356042,,,,
sam_mi,moodys_us,Moody's US,11,Upstream + Core/OEM,2015,QCEW,228891.1504,504503,0.453696312,,,,
sam_mi,moodys_us,Moody's US,11,Upstream + Core/OEM,2016,QCEW,235833.3787,517011,0.4561477,,,,
sam_mi,moodys_us,Moody's US,11,Upstream + Core/OEM,2017,QCEW,243750.8529,518780,0.46985399,,,,
sam_mi,moodys_us,Moody's US,11,Upstream + Core/OEM,2018,QCEW,247621.5902,529212,0.467906227,,,,
sam_mi,moodys_us,Moody's US,11,Upstream + Core/OEM,2019,QCEW,245027.3835,526356,0.465516463,,,,
sam_mi,moodys_us,Moody's US,11,Upstream + Core/OEM,2020,QCEW,210373.7296,467845,0.449665444,,,,
sam_mi,moodys_us,Moody's US,11,Upstream + Core/OEM,2021,QCEW,231825.4239,495976,0.467412584,,,,
sam_mi,moodys_us,Moody's US,11,Upstream + Core/OEM,2022,QCEW,235554.4186,505000,0.466444393,,,,
sam_mi,moodys_us,Moody's US,11,Upstream + Core/OEM,2023,QCEW,238926.8643,511270,0.467320328,,,,
sam_mi,moodys_us,Moody's US,11,Upstream + Core/OEM,2024,QCEW,231552.8901,498506,0.464493687,,,,
sam_mi,moodys_us,Moody's US,11,Upstream + Core/OEM,2025,QCEW,223902.0573,482940,0.463622929,,,,
sam_mi,moodys_us,Moody's US,11,Upstream + Core/OEM,2026,Forecast,224541.5435,483941.2483,0.463985131,,,,
sam_mi,moodys_us,Moody's US,11,Upstream + Core/OEM,2027,Forecast,225303.2388,485103.2057,0.464443929,,,,
sam_mi,moodys_us,Moody's US,11,Upstream + Core/OEM,2028,Forecast,226191.5128,486430.2345,0.465002989,,,,
sam_mi,moodys_us,Moody's US,11,Upstream + Core/OEM,2029,Forecast,227210.9656,487926.9399,0.465665957,,,,
sam_mi,moodys_us,Moody's US,11,Upstream + Core/OEM,2030,Forecast,228366.4384,489598.1801,0.466436453,,,,
sam_mi,moodys_us,Moody's US,11,Upstream + Core/OEM,2031,Forecast,229663.0238,491449.077,0.467318049,,,,
sam_mi,moodys_us,Moody's US,11,Upstream + Core/OEM,2032,Forecast,231106.077,493485.0269,0.468314264,,,,
sam_mi,moodys_us,Moody's US,11,Upstream + Core/OEM,2033,Forecast,232701.2278,495711.7124,0.469428545,,,,
sam_mi,moodys_us,Moody's US,11,Upstream + Core/OEM,2034,Forecast,234454.3923,498135.1145,0.470664255,,,,
