projection_method,projection_label,naics_code,naics_title,segment_id,segment_name,segment_subgroup,stage,year,value_type,auto_share_of_output,employment_auto,employment,projection_rate_total,projection_cagr
moodys_mi_detail,Moody's MI (detail),3255,"Paint, Coating, and Adhesive Manufacturing",1,Materials & Processing - Coatings & Surface Treatments,Materials & Processing - Coatings & Surface Treatments,Upstream,2001,Moody's detailed,0.5150096802925763,2.216795749833777,4.304376858653256,,
moodys_mi_detail,Moody's MI (detail),3328,"Coating, Engraving, Heat Treating, and Allied Activities",1,Materials & Processing - Coatings & Surface Treatments,Materials & Processing - Coatings & Surface Treatments,Upstream,2001,Moody's detailed,0.2353528305668375,4.25608348098351,18.08384233464671,,
moodys_mi_detail,Moody's MI (detail),3311,Iron and Steel Mills and Ferroalloy Manufacturing,1,Materials & Processing - Metals,Materials & Processing - Metals,Upstream,2001,Moody's detailed,0.4155561904757487,2.960783552961126,7.124869321695048,,
moodys_mi_detail,Moody's MI (detail),3312,Steel Product Manufacturing from Purchased Steel,1,Materials & Processing - Metals,Materials & Processing - Metals,Upstream,2001,Moody's detailed,0.4018232314810702,1.218166263483918,3.031597399169554,,
moodys_mi_detail,Moody's MI (detail),3313,Alumina and Aluminum Production and Processing,1,Materials & Processing - Metals,Materials & Processing - Metals,Upstream,2001,Moody's detailed,0.3207778863371143,0.7847977266594673,2.446545600823312,,
moodys_mi_detail,Moody's MI (detail),3314,Nonferrous Metal (except Aluminum) Production and Processing,1,Materials & Processing - Metals,Materials & Processing - Metals,Upstream,2001,Moody's detailed,0.2932456097149427,0.781864846128284,2.666245700620435,,
moodys_mi_detail,Moody's MI (detail),3252,"Resin, Synthetic Rubber, and Artificial and Synthetic Fibers and Filaments Manufacturing",1,Materials & Processing - Non-Metals,Materials & Processing - Non-Metals,Upstream,2001,Moody's detailed,0.0885140651080839,0.5898189293727785,6.663561645853172,,
moodys_mi_detail,Moody's MI (detail),3261,Plastics Product Manufacturing,1,Materials & Processing - Non-Metals,Materials & Processing - Non-Metals,Upstream,2001,Moody's detailed,0.2346645503033676,9.190317403621975,39.16363759136604,,
moodys_mi_detail,Moody's MI (detail),3262,Rubber Product Manufacturing,1,Materials & Processing - Non-Metals,Materials & Processing - Non-Metals,Upstream,2001,Moody's detailed,0.5480013167432982,3.438948046411198,6.275437560713224,,
moodys_mi_detail,Moody's MI (detail),3272,Glass and Glass Product Manufacturing,1,Materials & Processing - Non-Metals,Materials & Processing - Non-Metals,Upstream,2001,Moody's detailed,0.5746759592860471,4.925984375911311,8.571759956743525,,
moodys_mi_detail,Moody's MI (detail),3335,Metalworking Machinery Manufacturing,2,Equipment Manufacturing,Equipment Manufacturing,Upstream,2001,Moody's detailed,0.0781138186814543,3.802527850532085,48.67932351430257,,
moodys_mi_detail,Moody's MI (detail),3339,Other General Purpose Machinery Manufacturing,2,Equipment Manufacturing,Equipment Manufacturing,Upstream,2001,Moody's detailed,0.2191076203234622,4.260005097497361,19.44252368406192,,
moodys_mi_detail,Moody's MI (detail),3315,Foundries,3,Forging & Foundries,Forging & Foundries,Upstream,2001,Moody's detailed,0.6718042155478705,10.810523201692892,16.0917763710022,,
moodys_mi_detail,Moody's MI (detail),3321,Forging and Stamping,3,Forging & Foundries,Forging & Foundries,Upstream,2001,Moody's detailed,0.3924501979798644,2.381404213842187,6.068041820593936,,
moodys_mi_detail,Moody's MI (detail),3326,Spring and Wire Product Manufacturing,4,Parts & Machining,Parts & Machining,Upstream,2001,Moody's detailed,0.4020278427245708,1.6953916388254668,4.21710005788574,,
moodys_mi_detail,Moody's MI (detail),3327,"Machine Shops; Turned Product; and Screw, Nut, and Bolt Manufacturing",4,Parts & Machining,Parts & Machining,Upstream,2001,Moody's detailed,0.3798883431259702,10.087201008215697,26.55306800206502,,
moodys_mi_detail,Moody's MI (detail),3329,Other Fabricated Metal Product Manufacturing,4,Parts & Machining,Parts & Machining,Upstream,2001,Moody's detailed,0.1601840236697625,2.4580385130807767,15.3450915813446,,
moodys_mi_detail,Moody's MI (detail),3344,Semiconductor and Other Electronic Component Manufacturing,4,Parts & Machining,Parts & Machining,Upstream,2001,Moody's detailed,0.2236609031791956,1.9011816622351754,8.500286081345033,,
moodys_mi_detail,Moody's MI (detail),3336,"Engine, Turbine, and Power Transmission Equipment Manufacturing",5,Component Systems,Component Systems,Upstream,2001,Moody's detailed,0.7169582878623106,3.2956124526862327,4.596658562260938,,
moodys_mi_detail,Moody's MI (detail),3345,"Navigational, Measuring, Electro medical, and Control Instruments Manufacturing",5,Component Systems,Component Systems,Upstream,2001,Moody's detailed,0.0208760538182582,0.20786836824385405,9.957263477738898,,
moodys_mi_detail,Moody's MI (detail),3359,Other Electrical Equipment and Component Manufacturing,5,Component Systems,Component Systems,Upstream,2001,Moody's detailed,0.503516468921238,1.0906661848841877,2.166098334818903,,
moodys_mi_detail,Moody's MI (detail),5413,"Architectural, Engineering, and Related Services",6,Engineering & Design,Engineering & Design,OEM,2001,Moody's detailed,0.007242971108885,0.5886454082017417,81.27126276669067,,
moodys_mi_detail,Moody's MI (detail),5414,Industrial design,6,Engineering & Design,Engineering & Design,OEM,2001,Moody's detailed,0.0336712633047057,0.3057827743444423,9.081416743330443,,
moodys_mi_detail,Moody's MI (detail),5417,Scientific Research and Development ,6,Engineering & Design,Engineering & Design,OEM,2001,Moody's detailed,0.0026962895876024,0.06464585984392168,23.97585932207163,,
moodys_mi_detail,Moody's MI (detail),3361,Motor Vehicle Manufacturing,7,Core Automotive,Core Automotive,OEM,2001,Moody's detailed,0.0069010519260291,0.5717807090138567,82.85413805643718,,
moodys_mi_detail,Moody's MI (detail),3362,Motor Vehicle Body and Trailer Manufacturing,7,Core Automotive,Core Automotive,OEM,2001,Moody's detailed,0.3212237652633554,3.6648430905790548,11.40900358843136,,
moodys_mi_detail,Moody's MI (detail),3363,Motor Vehicle Parts Manufacturing,7,Core Automotive,Core Automotive,OEM,2001,Moody's detailed,0.8663772574866386,176.38539014912797,203.589589436849,,
moodys_mi_detail,Moody's MI (detail),4231,Motor Vehicle and Motor Vehicle Parts and Supplies Merchant Wholesalers,8,"Motor Vehicle Parts, Materials, & Products Sales","Motor Vehicle Parts, Materials, & Products Sales",Downstream,2001,Moody's detailed,0.8079274458924952,17.007468101120185,21.050736904144287,,
moodys_mi_detail,Moody's MI (detail),4235,Metal and Mineral (except Petroleum) Merchant Wholesalers,8,"Motor Vehicle Parts, Materials, & Products Sales","Motor Vehicle Parts, Materials, & Products Sales",Downstream,2001,Moody's detailed,0.2166970044359996,1.771733835642848,8.176088267828922,,
moodys_mi_detail,Moody's MI (detail),4238,"Machinery, Equipment, and Supplies Merchant Wholesalers",8,"Motor Vehicle Parts, Materials, & Products Sales","Motor Vehicle Parts, Materials, & Products Sales",Downstream,2001,Moody's detailed,0.4099321154017989,11.300406451635958,27.566531206172407,,
moodys_mi_detail,Moody's MI (detail),4239,Miscellaneous Durable Goods Merchant Wholesalers,8,"Motor Vehicle Parts, Materials, & Products Sales","Motor Vehicle Parts, Materials, & Products Sales",Downstream,2001,Moody's detailed,0.2166970044359996,1.47603523604228,6.81151656841763,,
moodys_mi_detail,Moody's MI (detail),4247,Petroleum and Petroleum Products Merchant Wholesalers,8,"Motor Vehicle Parts, Materials, & Products Sales","Motor Vehicle Parts, Materials, & Products Sales",Downstream,2001,Moody's detailed,0.0091543465435165,0.033051782918828564,3.610501608357535,,
moodys_mi_detail,Moody's MI (detail),4413,"Automotive Parts, Accessories, and Tire Retailers",8,"Motor Vehicle Parts, Materials, & Products Sales","Motor Vehicle Parts, Materials, & Products Sales",Downstream,2001,Moody's detailed,0.055639800066299,0.7622449233927159,13.69963447899604,,
moodys_mi_detail,Moody's MI (detail),4571,Gasoline Stations,8,"Motor Vehicle Parts, Materials, & Products Sales","Motor Vehicle Parts, Materials, & Products Sales",Downstream,2001,Moody's detailed,0.0019959124612901,0.06028289634372698,30.20317649841309,,
moodys_mi_detail,Moody's MI (detail),4411,Automobile Dealers,9,"Dealers, Maintenance, & Repair","Dealers, Maintenance, & Repair",Downstream,2001,Moody's detailed,0.055639800066299,2.395002443060863,43.04477083323516,,
moodys_mi_detail,Moody's MI (detail),8111,Automotive Repair and Maintenance,9,"Dealers, Maintenance, & Repair","Dealers, Maintenance, & Repair",Downstream,2001,Moody's detailed,0.0062359117458964,0.2070651908318386,33.20527923893403,,
moodys_mi_detail,Moody's MI (detail),4841,General Freight Trucking,10,Logistics,Logistics,Downstream,2001,Moody's detailed,0.1403592121163865,3.4451443498190644,24.54519584337888,,
moodys_mi_detail,Moody's MI (detail),4842,Specialized Freight Trucking,10,Logistics,Logistics,Downstream,2001,Moody's detailed,0.1403592121163865,1.7277468738716417,12.30946546236656,,
moodys_mi_detail,Moody's MI (detail),3255,"Paint, Coating, and Adhesive Manufacturing",1,Materials & Processing - Coatings & Surface Treatments,Materials & Processing - Coatings & Surface Treatments,Upstream,2002,Moody's detailed,0.5150096802925763,2.169297502242449,4.212148985258052,,
moodys_mi_detail,Moody's MI (detail),3328,"Coating, Engraving, Heat Treating, and Allied Activities",1,Materials & Processing - Coatings & Surface Treatments,Materials & Processing - Coatings & Surface Treatments,Upstream,2002,Moody's detailed,0.2353528305668375,3.972998635153094,16.88103187705154,,
moodys_mi_detail,Moody's MI (detail),3311,Iron and Steel Mills and Ferroalloy Manufacturing,1,Materials & Processing - Metals,Materials & Processing - Metals,Upstream,2002,Moody's detailed,0.4155561904757487,2.874862911725023,6.918108736230693,,
moodys_mi_detail,Moody's MI (detail),3312,Steel Product Manufacturing from Purchased Steel,1,Materials & Processing - Metals,Materials & Processing - Metals,Upstream,2002,Moody's detailed,0.4018232314810702,1.0189557660348623,2.535830898276137,,
moodys_mi_detail,Moody's MI (detail),3313,Alumina and Aluminum Production and Processing,1,Materials & Processing - Metals,Materials & Processing - Metals,Upstream,2002,Moody's detailed,0.3207778863371143,0.636101332507642,1.982996208906825,,
moodys_mi_detail,Moody's MI (detail),3314,Nonferrous Metal (except Aluminum) Production and Processing,1,Materials & Processing - Metals,Materials & Processing - Metals,Upstream,2002,Moody's detailed,0.2932456097149427,0.6735330290194832,2.29682220877649,,
moodys_mi_detail,Moody's MI (detail),3252,"Resin, Synthetic Rubber, and Artificial and Synthetic Fibers and Filaments Manufacturing",1,Materials & Processing - Non-Metals,Materials & Processing - Non-Metals,Upstream,2002,Moody's detailed,0.0885140651080839,0.5418911467140997,6.122090834404681,,
moodys_mi_detail,Moody's MI (detail),3261,Plastics Product Manufacturing,1,Materials & Processing - Non-Metals,Materials & Processing - Non-Metals,Upstream,2002,Moody's detailed,0.2346645503033676,8.794328225492508,37.47616848869355,,
moodys_mi_detail,Moody's MI (detail),3262,Rubber Product Manufacturing,1,Materials & Processing - Non-Metals,Materials & Processing - Non-Metals,Upstream,2002,Moody's detailed,0.5480013167432982,3.1788776511324643,5.800857687759088,,
moodys_mi_detail,Moody's MI (detail),3272,Glass and Glass Product Manufacturing,1,Materials & Processing - Non-Metals,Materials & Processing - Non-Metals,Upstream,2002,Moody's detailed,0.5746759592860471,4.680130040279713,8.143946105026052,,
moodys_mi_detail,Moody's MI (detail),3335,Metalworking Machinery Manufacturing,2,Equipment Manufacturing,Equipment Manufacturing,Upstream,2002,Moody's detailed,0.0781138186814543,3.3895400150788646,43.3923225402832,,
moodys_mi_detail,Moody's MI (detail),3339,Other General Purpose Machinery Manufacturing,2,Equipment Manufacturing,Equipment Manufacturing,Upstream,2002,Moody's detailed,0.2191076203234622,3.728939549355509,17.0187579229357,,
moodys_mi_detail,Moody's MI (detail),3315,Foundries,3,Forging & Foundries,Forging & Foundries,Upstream,2002,Moody's detailed,0.6718042155478705,9.802535885737068,14.59135810534159,,
moodys_mi_detail,Moody's MI (detail),3321,Forging and Stamping,3,Forging & Foundries,Forging & Foundries,Upstream,2002,Moody's detailed,0.3924501979798644,2.3005132140837246,5.861923948377669,,
moodys_mi_detail,Moody's MI (detail),3326,Spring and Wire Product Manufacturing,4,Parts & Machining,Parts & Machining,Upstream,2002,Moody's detailed,0.4020278427245708,1.4552258953548058,3.619714210569691,,
moodys_mi_detail,Moody's MI (detail),3327,"Machine Shops; Turned Product; and Screw, Nut, and Bolt Manufacturing",4,Parts & Machining,Parts & Machining,Upstream,2002,Moody's detailed,0.3798883431259702,10.091650409471665,26.564780394236248,,
moodys_mi_detail,Moody's MI (detail),3329,Other Fabricated Metal Product Manufacturing,4,Parts & Machining,Parts & Machining,Upstream,2002,Moody's detailed,0.1601840236697625,2.259888802598405,14.10807863871257,,
moodys_mi_detail,Moody's MI (detail),3344,Semiconductor and Other Electronic Component Manufacturing,4,Parts & Machining,Parts & Machining,Upstream,2002,Moody's detailed,0.2236609031791956,1.630685827768511,7.290884569405573,,
moodys_mi_detail,Moody's MI (detail),3336,"Engine, Turbine, and Power Transmission Equipment Manufacturing",5,Component Systems,Component Systems,Upstream,2002,Moody's detailed,0.7169582878623106,3.169738492167637,4.421091918218225,,
moodys_mi_detail,Moody's MI (detail),3345,"Navigational, Measuring, Electro medical, and Control Instruments Manufacturing",5,Component Systems,Component Systems,Upstream,2002,Moody's detailed,0.0208760538182582,0.1876072079019464,8.98671796572325,,
moodys_mi_detail,Moody's MI (detail),3359,Other Electrical Equipment and Component Manufacturing,5,Component Systems,Component Systems,Upstream,2002,Moody's detailed,0.503516468921238,1.1895797852869179,2.362543945852537,,
moodys_mi_detail,Moody's MI (detail),5413,"Architectural, Engineering, and Related Services",6,Engineering & Design,Engineering & Design,OEM,2002,Moody's detailed,0.007242971108885,0.543602887307362,75.05247213267505,,
moodys_mi_detail,Moody's MI (detail),5414,Industrial design,6,Engineering & Design,Engineering & Design,OEM,2002,Moody's detailed,0.0336712633047057,0.2893945129994597,8.59470315623755,,
moodys_mi_detail,Moody's MI (detail),5417,Scientific Research and Development ,6,Engineering & Design,Engineering & Design,OEM,2002,Moody's detailed,0.0026962895876024,0.06904721952023563,25.608235791035312,,
moodys_mi_detail,Moody's MI (detail),3361,Motor Vehicle Manufacturing,7,Core Automotive,Core Automotive,OEM,2002,Moody's detailed,0.0069010519260291,0.5316819944261111,77.0436159769694,,
moodys_mi_detail,Moody's MI (detail),3362,Motor Vehicle Body and Trailer Manufacturing,7,Core Automotive,Core Automotive,OEM,2002,Moody's detailed,0.3212237652633554,3.421729509769304,10.65216798938895,,
moodys_mi_detail,Moody's MI (detail),3363,Motor Vehicle Parts Manufacturing,7,Core Automotive,Core Automotive,OEM,2002,Moody's detailed,0.8663772574866386,166.52374992786372,192.2069727579753,,
moodys_mi_detail,Moody's MI (detail),4231,Motor Vehicle and Motor Vehicle Parts and Supplies Merchant Wholesalers,8,"Motor Vehicle Parts, Materials, & Products Sales","Motor Vehicle Parts, Materials, & Products Sales",Downstream,2002,Moody's detailed,0.8079274458924952,16.542368440991314,20.47506682078044,,
moodys_mi_detail,Moody's MI (detail),4235,Metal and Mineral (except Petroleum) Merchant Wholesalers,8,"Motor Vehicle Parts, Materials, & Products Sales","Motor Vehicle Parts, Materials, & Products Sales",Downstream,2002,Moody's detailed,0.2166970044359996,1.757013858125824,8.108159421487294,,
moodys_mi_detail,Moody's MI (detail),4238,"Machinery, Equipment, and Supplies Merchant Wholesalers",8,"Motor Vehicle Parts, Materials, & Products Sales","Motor Vehicle Parts, Materials, & Products Sales",Downstream,2002,Moody's detailed,0.4099321154017989,10.57943408591415,25.8077708196749,,
moodys_mi_detail,Moody's MI (detail),4239,Miscellaneous Durable Goods Merchant Wholesalers,8,"Motor Vehicle Parts, Materials, & Products Sales","Motor Vehicle Parts, Materials, & Products Sales",Downstream,2002,Moody's detailed,0.2166970044359996,1.4425930159657603,6.657189469325696,,
moodys_mi_detail,Moody's MI (detail),4247,Petroleum and Petroleum Products Merchant Wholesalers,8,"Motor Vehicle Parts, Materials, & Products Sales","Motor Vehicle Parts, Materials, & Products Sales",Downstream,2002,Moody's detailed,0.0091543465435165,0.03204063434734975,3.500046037698049,,
moodys_mi_detail,Moody's MI (detail),4413,"Automotive Parts, Accessories, and Tire Retailers",8,"Motor Vehicle Parts, Materials, & Products Sales","Motor Vehicle Parts, Materials, & Products Sales",Downstream,2002,Moody's detailed,0.055639800066299,0.8029589479766086,14.43137730581028,,
moodys_mi_detail,Moody's MI (detail),4571,Gasoline Stations,8,"Motor Vehicle Parts, Materials, & Products Sales","Motor Vehicle Parts, Materials, & Products Sales",Downstream,2002,Moody's detailed,0.0019959124612901,0.057100516263847954,28.6087277730306,,
moodys_mi_detail,Moody's MI (detail),4411,Automobile Dealers,9,"Dealers, Maintenance, & Repair","Dealers, Maintenance, & Repair",Downstream,2002,Moody's detailed,0.055639800066299,2.413834989305141,43.383243405419776,,
moodys_mi_detail,Moody's MI (detail),8111,Automotive Repair and Maintenance,9,"Dealers, Maintenance, & Repair","Dealers, Maintenance, & Repair",Downstream,2002,Moody's detailed,0.0062359117458964,0.20791064184588284,33.34085700983507,,
moodys_mi_detail,Moody's MI (detail),4841,General Freight Trucking,10,Logistics,Logistics,Downstream,2002,Moody's detailed,0.1403592121163865,3.318383504065917,23.64207845021457,,
moodys_mi_detail,Moody's MI (detail),4842,Specialized Freight Trucking,10,Logistics,Logistics,Downstream,2002,Moody's detailed,0.1403592121163865,1.7386401398701192,12.38707537363797,,
moodys_mi_detail,Moody's MI (detail),3255,"Paint, Coating, and Adhesive Manufacturing",1,Materials & Processing - Coatings & Surface Treatments,Materials & Processing - Coatings & Surface Treatments,Upstream,2003,Moody's detailed,0.5150096802925763,2.1204502386020785,4.117301712459955,,
moodys_mi_detail,Moody's MI (detail),3328,"Coating, Engraving, Heat Treating, and Allied Activities",1,Materials & Processing - Coatings & Surface Treatments,Materials & Processing - Coatings & Surface Treatments,Upstream,2003,Moody's detailed,0.2353528305668375,3.8263002740056846,16.25771937728643,,
moodys_mi_detail,Moody's MI (detail),3311,Iron and Steel Mills and Ferroalloy Manufacturing,1,Materials & Processing - Metals,Materials & Processing - Metals,Upstream,2003,Moody's detailed,0.4155561904757487,2.7050864572186875,6.509556395061217,,
moodys_mi_detail,Moody's MI (detail),3312,Steel Product Manufacturing from Purchased Steel,1,Materials & Processing - Metals,Materials & Processing - Metals,Upstream,2003,Moody's detailed,0.4018232314810702,0.9488005257298568,2.361238602936661,,
moodys_mi_detail,Moody's MI (detail),3313,Alumina and Aluminum Production and Processing,1,Materials & Processing - Metals,Materials & Processing - Metals,Upstream,2003,Moody's detailed,0.3207778863371143,0.6835482023965886,2.130908119016125,,
moodys_mi_detail,Moody's MI (detail),3314,Nonferrous Metal (except Aluminum) Production and Processing,1,Materials & Processing - Metals,Materials & Processing - Metals,Upstream,2003,Moody's detailed,0.2932456097149427,0.6522849391997564,2.224363869705765,,
moodys_mi_detail,Moody's MI (detail),3252,"Resin, Synthetic Rubber, and Artificial and Synthetic Fibers and Filaments Manufacturing",1,Materials & Processing - Non-Metals,Materials & Processing - Non-Metals,Upstream,2003,Moody's detailed,0.0885140651080839,0.530985157189486,5.998878896151744,,
moodys_mi_detail,Moody's MI (detail),3261,Plastics Product Manufacturing,1,Materials & Processing - Non-Metals,Materials & Processing - Non-Metals,Upstream,2003,Moody's detailed,0.2346645503033676,8.784728153208576,37.43525872080777,,
moodys_mi_detail,Moody's MI (detail),3262,Rubber Product Manufacturing,1,Materials & Processing - Non-Metals,Materials & Processing - Non-Metals,Upstream,2003,Moody's detailed,0.5480013167432982,3.045940129657912,5.558271552629736,,
moodys_mi_detail,Moody's MI (detail),3272,Glass and Glass Product Manufacturing,1,Materials & Processing - Non-Metals,Materials & Processing - Non-Metals,Upstream,2003,Moody's detailed,0.5746759592860471,4.4848407431893484,7.804121036768483,,
moodys_mi_detail,Moody's MI (detail),3335,Metalworking Machinery Manufacturing,2,Equipment Manufacturing,Equipment Manufacturing,Upstream,2003,Moody's detailed,0.0781138186814543,3.269790190723588,41.859305381774895,,
moodys_mi_detail,Moody's MI (detail),3339,Other General Purpose Machinery Manufacturing,2,Equipment Manufacturing,Equipment Manufacturing,Upstream,2003,Moody's detailed,0.2191076203234622,3.5049031909863895,15.99626332398756,,
moodys_mi_detail,Moody's MI (detail),3315,Foundries,3,Forging & Foundries,Forging & Foundries,Upstream,2003,Moody's detailed,0.6718042155478705,9.583748283051367,14.26568643252055,,
moodys_mi_detail,Moody's MI (detail),3321,Forging and Stamping,3,Forging & Foundries,Forging & Foundries,Upstream,2003,Moody's detailed,0.3924501979798644,2.354251888242432,5.998855142285398,,
moodys_mi_detail,Moody's MI (detail),3326,Spring and Wire Product Manufacturing,4,Parts & Machining,Parts & Machining,Upstream,2003,Moody's detailed,0.4020278427245708,1.356606894130842,3.374410301876164,,
moodys_mi_detail,Moody's MI (detail),3327,"Machine Shops; Turned Product; and Screw, Nut, and Bolt Manufacturing",4,Parts & Machining,Parts & Machining,Upstream,2003,Moody's detailed,0.3798883431259702,10.200760792597144,26.85199737548828,,
moodys_mi_detail,Moody's MI (detail),3329,Other Fabricated Metal Product Manufacturing,4,Parts & Machining,Parts & Machining,Upstream,2003,Moody's detailed,0.1601840236697625,2.0452587612665156,12.768181959788,,
moodys_mi_detail,Moody's MI (detail),3344,Semiconductor and Other Electronic Component Manufacturing,4,Parts & Machining,Parts & Machining,Upstream,2003,Moody's detailed,0.2236609031791956,1.446018164445765,6.465225454657245,,
moodys_mi_detail,Moody's MI (detail),3336,"Engine, Turbine, and Power Transmission Equipment Manufacturing",5,Component Systems,Component Systems,Upstream,2003,Moody's detailed,0.7169582878623106,2.984915924807179,4.163304860743058,,
moodys_mi_detail,Moody's MI (detail),3345,"Navigational, Measuring, Electro medical, and Control Instruments Manufacturing",5,Component Systems,Component Systems,Upstream,2003,Moody's detailed,0.0208760538182582,0.1805514543678008,8.648734858591448,,
moodys_mi_detail,Moody's MI (detail),3359,Other Electrical Equipment and Component Manufacturing,5,Component Systems,Component Systems,Upstream,2003,Moody's detailed,0.503516468921238,1.2038798112624458,2.390944260158373,,
moodys_mi_detail,Moody's MI (detail),5413,"Architectural, Engineering, and Related Services",6,Engineering & Design,Engineering & Design,OEM,2003,Moody's detailed,0.007242971108885,0.5256896872861309,72.5792881654966,,
moodys_mi_detail,Moody's MI (detail),5414,Industrial design,6,Engineering & Design,Engineering & Design,OEM,2003,Moody's detailed,0.0336712633047057,0.32331223162560424,9.602022611976665,,
moodys_mi_detail,Moody's MI (detail),5417,Scientific Research and Development ,6,Engineering & Design,Engineering & Design,OEM,2003,Moody's detailed,0.0026962895876024,0.07014394891120111,26.014990835452007,,
moodys_mi_detail,Moody's MI (detail),3361,Motor Vehicle Manufacturing,7,Core Automotive,Core Automotive,OEM,2003,Moody's detailed,0.0069010519260291,0.48187522913063974,69.82634449005127,,
moodys_mi_detail,Moody's MI (detail),3362,Motor Vehicle Body and Trailer Manufacturing,7,Core Automotive,Core Automotive,OEM,2003,Moody's detailed,0.3212237652633554,2.9765761356892013,9.266363381454216,,
moodys_mi_detail,Moody's MI (detail),3363,Motor Vehicle Parts Manufacturing,7,Core Automotive,Core Automotive,OEM,2003,Moody's detailed,0.8663772574866386,154.40909500513854,178.2238553365072,,
moodys_mi_detail,Moody's MI (detail),4231,Motor Vehicle and Motor Vehicle Parts and Supplies Merchant Wholesalers,8,"Motor Vehicle Parts, Materials, & Products Sales","Motor Vehicle Parts, Materials, & Products Sales",Downstream,2003,Moody's detailed,0.8079274458924952,16.697208822092918,20.66671816507975,,
moodys_mi_detail,Moody's MI (detail),4235,Metal and Mineral (except Petroleum) Merchant Wholesalers,8,"Motor Vehicle Parts, Materials, & Products Sales","Motor Vehicle Parts, Materials, & Products Sales",Downstream,2003,Moody's detailed,0.2166970044359996,1.6977599551992901,7.834718156894112,,
moodys_mi_detail,Moody's MI (detail),4238,"Machinery, Equipment, and Supplies Merchant Wholesalers",8,"Motor Vehicle Parts, Materials, & Products Sales","Motor Vehicle Parts, Materials, & Products Sales",Downstream,2003,Moody's detailed,0.4099321154017989,10.149851490363586,24.75983488245392,,
moodys_mi_detail,Moody's MI (detail),4239,Miscellaneous Durable Goods Merchant Wholesalers,8,"Motor Vehicle Parts, Materials, & Products Sales","Motor Vehicle Parts, Materials, & Products Sales",Downstream,2003,Moody's detailed,0.2166970044359996,1.448199453753552,6.683061713394708,,
moodys_mi_detail,Moody's MI (detail),4247,Petroleum and Petroleum Products Merchant Wholesalers,8,"Motor Vehicle Parts, Materials, & Products Sales","Motor Vehicle Parts, Materials, & Products Sales",Downstream,2003,Moody's detailed,0.0091543465435165,0.0314118671980284,3.431360944083511,,
moodys_mi_detail,Moody's MI (detail),4413,"Automotive Parts, Accessories, and Tire Retailers",8,"Motor Vehicle Parts, Materials, & Products Sales","Motor Vehicle Parts, Materials, & Products Sales",Downstream,2003,Moody's detailed,0.055639800066299,0.7941970307344384,14.27390159181185,,
moodys_mi_detail,Moody's MI (detail),4571,Gasoline Stations,8,"Motor Vehicle Parts, Materials, & Products Sales","Motor Vehicle Parts, Materials, & Products Sales",Downstream,2003,Moody's detailed,0.0019959124612901,0.05445633584758276,27.28392998377482,,
moodys_mi_detail,Moody's MI (detail),4411,Automobile Dealers,9,"Dealers, Maintenance, & Repair","Dealers, Maintenance, & Repair",Downstream,2003,Moody's detailed,0.055639800066299,2.3485281227136214,42.209499673168736,,
moodys_mi_detail,Moody's MI (detail),8111,Automotive Repair and Maintenance,9,"Dealers, Maintenance, & Repair","Dealers, Maintenance, & Repair",Downstream,2003,Moody's detailed,0.0062359117458964,0.20592184354639714,33.02193038281947,,
moodys_mi_detail,Moody's MI (detail),4841,General Freight Trucking,10,Logistics,Logistics,Downstream,2003,Moody's detailed,0.1403592121163865,3.2894788826924315,23.436145252545167,,
moodys_mi_detail,Moody's MI (detail),4842,Specialized Freight Trucking,10,Logistics,Logistics,Downstream,2003,Moody's detailed,0.1403592121163865,1.654409202362286,11.78696558221232,,
moodys_mi_detail,Moody's MI (detail),3255,"Paint, Coating, and Adhesive Manufacturing",1,Materials & Processing - Coatings & Surface Treatments,Materials & Processing - Coatings & Surface Treatments,Upstream,2004,Moody's detailed,0.5150096802925763,2.1193712514061387,4.115206631071724,,
moodys_mi_detail,Moody's MI (detail),3328,"Coating, Engraving, Heat Treating, and Allied Activities",1,Materials & Processing - Coatings & Surface Treatments,Materials & Processing - Coatings & Surface Treatments,Upstream,2004,Moody's detailed,0.2353528305668375,3.8018382443237617,16.15378168670074,,
moodys_mi_detail,Moody's MI (detail),3311,Iron and Steel Mills and Ferroalloy Manufacturing,1,Materials & Processing - Metals,Materials & Processing - Metals,Upstream,2004,Moody's detailed,0.4155561904757487,2.4230122318231744,5.830769189238147,,
moodys_mi_detail,Moody's MI (detail),3312,Steel Product Manufacturing from Purchased Steel,1,Materials & Processing - Metals,Materials & Processing - Metals,Upstream,2004,Moody's detailed,0.4018232314810702,1.0012031788939946,2.491650806758198,,
moodys_mi_detail,Moody's MI (detail),3313,Alumina and Aluminum Production and Processing,1,Materials & Processing - Metals,Materials & Processing - Metals,Upstream,2004,Moody's detailed,0.3207778863371143,0.6911403090227909,2.154575918292736,,
moodys_mi_detail,Moody's MI (detail),3314,Nonferrous Metal (except Aluminum) Production and Processing,1,Materials & Processing - Metals,Materials & Processing - Metals,Upstream,2004,Moody's detailed,0.2932456097149427,0.6694804328929841,2.283002407244121,,
moodys_mi_detail,Moody's MI (detail),3252,"Resin, Synthetic Rubber, and Artificial and Synthetic Fibers and Filaments Manufacturing",1,Materials & Processing - Non-Metals,Materials & Processing - Non-Metals,Upstream,2004,Moody's detailed,0.0885140651080839,0.5269796733443692,5.953626383568284,,
moodys_mi_detail,Moody's MI (detail),3261,Plastics Product Manufacturing,1,Materials & Processing - Non-Metals,Materials & Processing - Non-Metals,Upstream,2004,Moody's detailed,0.2346645503033676,8.714200243525731,37.13471094061827,,
moodys_mi_detail,Moody's MI (detail),3262,Rubber Product Manufacturing,1,Materials & Processing - Non-Metals,Materials & Processing - Non-Metals,Upstream,2004,Moody's detailed,0.5480013167432982,3.0640247904021067,5.591272679071675,,
moodys_mi_detail,Moody's MI (detail),3272,Glass and Glass Product Manufacturing,1,Materials & Processing - Non-Metals,Materials & Processing - Non-Metals,Upstream,2004,Moody's detailed,0.5746759592860471,4.0311243254812545,7.0146040744237,,
moodys_mi_detail,Moody's MI (detail),3335,Metalworking Machinery Manufacturing,2,Equipment Manufacturing,Equipment Manufacturing,Upstream,2004,Moody's detailed,0.0781138186814543,3.169556057537572,40.576124827067055,,
moodys_mi_detail,Moody's MI (detail),3339,Other General Purpose Machinery Manufacturing,2,Equipment Manufacturing,Equipment Manufacturing,Upstream,2004,Moody's detailed,0.2191076203234622,3.4419110626226086,15.70876931409969,,
moodys_mi_detail,Moody's MI (detail),3315,Foundries,3,Forging & Foundries,Forging & Foundries,Upstream,2004,Moody's detailed,0.6718042155478705,9.999065807211377,14.88389857610067,,
moodys_mi_detail,Moody's MI (detail),3321,Forging and Stamping,3,Forging & Foundries,Forging & Foundries,Upstream,2004,Moody's detailed,0.3924501979798644,2.5426058039993085,6.478798627411479,,
moodys_mi_detail,Moody's MI (detail),3326,Spring and Wire Product Manufacturing,4,Parts & Machining,Parts & Machining,Upstream,2004,Moody's detailed,0.4020278427245708,1.253079337841539,3.116896902834721,,
moodys_mi_detail,Moody's MI (detail),3327,"Machine Shops; Turned Product; and Screw, Nut, and Bolt Manufacturing",4,Parts & Machining,Parts & Machining,Upstream,2004,Moody's detailed,0.3798883431259702,10.44628311103958,27.498298645019528,,
moodys_mi_detail,Moody's MI (detail),3329,Other Fabricated Metal Product Manufacturing,4,Parts & Machining,Parts & Machining,Upstream,2004,Moody's detailed,0.1601840236697625,2.0049563292698998,12.51658113797506,,
moodys_mi_detail,Moody's MI (detail),3344,Semiconductor and Other Electronic Component Manufacturing,4,Parts & Machining,Parts & Machining,Upstream,2004,Moody's detailed,0.2236609031791956,1.4398446631619168,6.437623396380203,,
moodys_mi_detail,Moody's MI (detail),3336,"Engine, Turbine, and Power Transmission Equipment Manufacturing",5,Component Systems,Component Systems,Upstream,2004,Moody's detailed,0.7169582878623106,3.1774048611166132,4.431784826130391,,
moodys_mi_detail,Moody's MI (detail),3345,"Navigational, Measuring, Electro medical, and Control Instruments Manufacturing",5,Component Systems,Component Systems,Upstream,2004,Moody's detailed,0.0208760538182582,0.18254755606014533,8.74435166959041,,
moodys_mi_detail,Moody's MI (detail),3359,Other Electrical Equipment and Component Manufacturing,5,Component Systems,Component Systems,Upstream,2004,Moody's detailed,0.503516468921238,1.2063415447457848,2.395833342512746,,
moodys_mi_detail,Moody's MI (detail),5413,"Architectural, Engineering, and Related Services",6,Engineering & Design,Engineering & Design,OEM,2004,Moody's detailed,0.007242971108885,0.5297175622614648,73.13539627566053,,
moodys_mi_detail,Moody's MI (detail),5414,Industrial design,6,Engineering & Design,Engineering & Design,OEM,2004,Moody's detailed,0.0336712633047057,0.3406958188529613,10.11829629823683,,
moodys_mi_detail,Moody's MI (detail),5417,Scientific Research and Development ,6,Engineering & Design,Engineering & Design,OEM,2004,Moody's detailed,0.0026962895876024,0.06674810012511452,24.75553828936765,,
moodys_mi_detail,Moody's MI (detail),3361,Motor Vehicle Manufacturing,7,Core Automotive,Core Automotive,OEM,2004,Moody's detailed,0.0069010519260291,0.442132741404132,64.06744162241617,,
moodys_mi_detail,Moody's MI (detail),3362,Motor Vehicle Body and Trailer Manufacturing,7,Core Automotive,Core Automotive,OEM,2004,Moody's detailed,0.3212237652633554,2.9417504260025122,9.15794764933011,,
moodys_mi_detail,Moody's MI (detail),3363,Motor Vehicle Parts Manufacturing,7,Core Automotive,Core Automotive,OEM,2004,Moody's detailed,0.8663772574866386,147.4553982619993,170.1976788838705,,
moodys_mi_detail,Moody's MI (detail),4231,Motor Vehicle and Motor Vehicle Parts and Supplies Merchant Wholesalers,8,"Motor Vehicle Parts, Materials, & Products Sales","Motor Vehicle Parts, Materials, & Products Sales",Downstream,2004,Moody's detailed,0.8079274458924952,16.730957220633783,20.70848973592122,,
moodys_mi_detail,Moody's MI (detail),4235,Metal and Mineral (except Petroleum) Merchant Wholesalers,8,"Motor Vehicle Parts, Materials, & Products Sales","Motor Vehicle Parts, Materials, & Products Sales",Downstream,2004,Moody's detailed,0.2166970044359996,1.656580444530428,7.644685485348695,,
moodys_mi_detail,Moody's MI (detail),4238,"Machinery, Equipment, and Supplies Merchant Wholesalers",8,"Motor Vehicle Parts, Materials, & Products Sales","Motor Vehicle Parts, Materials, & Products Sales",Downstream,2004,Moody's detailed,0.4099321154017989,9.98225678101159,24.35099960691634,,
moodys_mi_detail,Moody's MI (detail),4239,Miscellaneous Durable Goods Merchant Wholesalers,8,"Motor Vehicle Parts, Materials, & Products Sales","Motor Vehicle Parts, Materials, & Products Sales",Downstream,2004,Moody's detailed,0.2166970044359996,1.4724980920177777,6.795193573857976,,
moodys_mi_detail,Moody's MI (detail),4247,Petroleum and Petroleum Products Merchant Wholesalers,8,"Motor Vehicle Parts, Materials, & Products Sales","Motor Vehicle Parts, Materials, & Products Sales",Downstream,2004,Moody's detailed,0.0091543465435165,0.029079529488139477,3.176581676245897,,
moodys_mi_detail,Moody's MI (detail),4413,"Automotive Parts, Accessories, and Tire Retailers",8,"Motor Vehicle Parts, Materials, & Products Sales","Motor Vehicle Parts, Materials, & Products Sales",Downstream,2004,Moody's detailed,0.055639800066299,0.7881333142586774,14.16491995513207,,
moodys_mi_detail,Moody's MI (detail),4571,Gasoline Stations,8,"Motor Vehicle Parts, Materials, & Products Sales","Motor Vehicle Parts, Materials, & Products Sales",Downstream,2004,Moody's detailed,0.0019959124612901,0.05171888762813031,25.91240278879802,,
moodys_mi_detail,Moody's MI (detail),4411,Automobile Dealers,9,"Dealers, Maintenance, & Repair","Dealers, Maintenance, & Repair",Downstream,2004,Moody's detailed,0.055639800066299,2.3311681494500545,41.89749328128952,,
moodys_mi_detail,Moody's MI (detail),8111,Automotive Repair and Maintenance,9,"Dealers, Maintenance, & Repair","Dealers, Maintenance, & Repair",Downstream,2004,Moody's detailed,0.0062359117458964,0.20414891042711386,32.73762021431043,,
moodys_mi_detail,Moody's MI (detail),4841,General Freight Trucking,10,Logistics,Logistics,Downstream,2004,Moody's detailed,0.1403592121163865,3.5067677052742927,24.984236178003513,,
moodys_mi_detail,Moody's MI (detail),4842,Specialized Freight Trucking,10,Logistics,Logistics,Downstream,2004,Moody's detailed,0.1403592121163865,1.5568044896252968,11.09157330075626,,
moodys_mi_detail,Moody's MI (detail),3255,"Paint, Coating, and Adhesive Manufacturing",1,Materials & Processing - Coatings & Surface Treatments,Materials & Processing - Coatings & Surface Treatments,Upstream,2005,Moody's detailed,0.5150096802925763,1.8385058799686265,3.569847228743688,,
moodys_mi_detail,Moody's MI (detail),3328,"Coating, Engraving, Heat Treating, and Allied Activities",1,Materials & Processing - Coatings & Surface Treatments,Materials & Processing - Coatings & Surface Treatments,Upstream,2005,Moody's detailed,0.2353528305668375,3.8197302453553554,16.22980372131363,,
moodys_mi_detail,Moody's MI (detail),3311,Iron and Steel Mills and Ferroalloy Manufacturing,1,Materials & Processing - Metals,Materials & Processing - Metals,Upstream,2005,Moody's detailed,0.4155561904757487,2.3501133630272744,5.655344371928984,,
moodys_mi_detail,Moody's MI (detail),3312,Steel Product Manufacturing from Purchased Steel,1,Materials & Processing - Metals,Materials & Processing - Metals,Upstream,2005,Moody's detailed,0.4018232314810702,1.0363721946018052,2.579174406571434,,
moodys_mi_detail,Moody's MI (detail),3313,Alumina and Aluminum Production and Processing,1,Materials & Processing - Metals,Materials & Processing - Metals,Upstream,2005,Moody's detailed,0.3207778863371143,0.6063462392348596,1.890237030234789,,
moodys_mi_detail,Moody's MI (detail),3314,Nonferrous Metal (except Aluminum) Production and Processing,1,Materials & Processing - Metals,Materials & Processing - Metals,Upstream,2005,Moody's detailed,0.2932456097149427,0.6704332431111911,2.286251595592186,,
moodys_mi_detail,Moody's MI (detail),3252,"Resin, Synthetic Rubber, and Artificial and Synthetic Fibers and Filaments Manufacturing",1,Materials & Processing - Non-Metals,Materials & Processing - Non-Metals,Upstream,2005,Moody's detailed,0.0885140651080839,0.5448658035633274,6.155697435181579,,
moodys_mi_detail,Moody's MI (detail),3261,Plastics Product Manufacturing,1,Materials & Processing - Non-Metals,Materials & Processing - Non-Metals,Upstream,2005,Moody's detailed,0.2346645503033676,8.666573121900901,36.93175262602299,,
moodys_mi_detail,Moody's MI (detail),3262,Rubber Product Manufacturing,1,Materials & Processing - Non-Metals,Materials & Processing - Non-Metals,Upstream,2005,Moody's detailed,0.5480013167432982,2.9871705680932563,5.451028084833133,,
moodys_mi_detail,Moody's MI (detail),3272,Glass and Glass Product Manufacturing,1,Materials & Processing - Non-Metals,Materials & Processing - Non-Metals,Upstream,2005,Moody's detailed,0.5746759592860471,3.959894931931583,6.890657018002263,,
moodys_mi_detail,Moody's MI (detail),3335,Metalworking Machinery Manufacturing,2,Equipment Manufacturing,Equipment Manufacturing,Upstream,2005,Moody's detailed,0.0781138186814543,3.1089954299878557,39.80083783467611,,
moodys_mi_detail,Moody's MI (detail),3339,Other General Purpose Machinery Manufacturing,2,Equipment Manufacturing,Equipment Manufacturing,Upstream,2005,Moody's detailed,0.2191076203234622,3.4844357976987093,15.90285081164561,,
moodys_mi_detail,Moody's MI (detail),3315,Foundries,3,Forging & Foundries,Forging & Foundries,Upstream,2005,Moody's detailed,0.6718042155478705,9.76508538181621,14.53561194737752,,
moodys_mi_detail,Moody's MI (detail),3321,Forging and Stamping,3,Forging & Foundries,Forging & Foundries,Upstream,2005,Moody's detailed,0.3924501979798644,2.5132189915192993,6.403918266460515,,
moodys_mi_detail,Moody's MI (detail),3326,Spring and Wire Product Manufacturing,4,Parts & Machining,Parts & Machining,Upstream,2005,Moody's detailed,0.4020278427245708,1.3064745413154828,3.249711593260341,,
moodys_mi_detail,Moody's MI (detail),3327,"Machine Shops; Turned Product; and Screw, Nut, and Bolt Manufacturing",4,Parts & Machining,Parts & Machining,Upstream,2005,Moody's detailed,0.3798883431259702,10.954525159585984,28.83617083231608,,
moodys_mi_detail,Moody's MI (detail),3329,Other Fabricated Metal Product Manufacturing,4,Parts & Machining,Parts & Machining,Upstream,2005,Moody's detailed,0.1601840236697625,1.9078137972350442,11.91013781229655,,
moodys_mi_detail,Moody's MI (detail),3344,Semiconductor and Other Electronic Component Manufacturing,4,Parts & Machining,Parts & Machining,Upstream,2005,Moody's detailed,0.2236609031791956,1.474640331538033,6.593196712420325,,
moodys_mi_detail,Moody's MI (detail),3336,"Engine, Turbine, and Power Transmission Equipment Manufacturing",5,Component Systems,Component Systems,Upstream,2005,Moody's detailed,0.7169582878623106,3.263935149214058,4.552475652308639,,
moodys_mi_detail,Moody's MI (detail),3345,"Navigational, Measuring, Electro medical, and Control Instruments Manufacturing",5,Component Systems,Component Systems,Upstream,2005,Moody's detailed,0.0208760538182582,0.20033773778454952,9.596532923733609,,
moodys_mi_detail,Moody's MI (detail),3359,Other Electrical Equipment and Component Manufacturing,5,Component Systems,Component Systems,Upstream,2005,Moody's detailed,0.503516468921238,1.0853186445550476,2.155477946690195,,
moodys_mi_detail,Moody's MI (detail),5413,"Architectural, Engineering, and Related Services",6,Engineering & Design,Engineering & Design,OEM,2005,Moody's detailed,0.007242971108885,0.5370875947959954,74.15293899725026,,
moodys_mi_detail,Moody's MI (detail),5414,Industrial design,6,Engineering & Design,Engineering & Design,OEM,2005,Moody's detailed,0.0336712633047057,0.35093446562553965,10.42237300245563,,
moodys_mi_detail,Moody's MI (detail),5417,Scientific Research and Development ,6,Engineering & Design,Engineering & Design,OEM,2005,Moody's detailed,0.0026962895876024,0.06665162676421287,24.71975824506334,,
moodys_mi_detail,Moody's MI (detail),3361,Motor Vehicle Manufacturing,7,Core Automotive,Core Automotive,OEM,2005,Moody's detailed,0.0069010519260291,0.39473390559548754,57.19909222920736,,
moodys_mi_detail,Moody's MI (detail),3362,Motor Vehicle Body and Trailer Manufacturing,7,Core Automotive,Core Automotive,OEM,2005,Moody's detailed,0.3212237652633554,2.7678946554906507,8.61671817221055,,
moodys_mi_detail,Moody's MI (detail),3363,Motor Vehicle Parts Manufacturing,7,Core Automotive,Core Automotive,OEM,2005,Moody's detailed,0.8663772574866386,137.87561113094705,159.140385945638,,
moodys_mi_detail,Moody's MI (detail),4231,Motor Vehicle and Motor Vehicle Parts and Supplies Merchant Wholesalers,8,"Motor Vehicle Parts, Materials, & Products Sales","Motor Vehicle Parts, Materials, & Products Sales",Downstream,2005,Moody's detailed,0.8079274458924952,16.676625180651698,20.6412410736084,,
moodys_mi_detail,Moody's MI (detail),4235,Metal and Mineral (except Petroleum) Merchant Wholesalers,8,"Motor Vehicle Parts, Materials, & Products Sales","Motor Vehicle Parts, Materials, & Products Sales",Downstream,2005,Moody's detailed,0.2166970044359996,1.5766522047156695,7.275837563233718,,
moodys_mi_detail,Moody's MI (detail),4238,"Machinery, Equipment, and Supplies Merchant Wholesalers",8,"Motor Vehicle Parts, Materials, & Products Sales","Motor Vehicle Parts, Materials, & Products Sales",Downstream,2005,Moody's detailed,0.4099321154017989,10.11672288772279,24.67902003190647,,
moodys_mi_detail,Moody's MI (detail),4239,Miscellaneous Durable Goods Merchant Wholesalers,8,"Motor Vehicle Parts, Materials, & Products Sales","Motor Vehicle Parts, Materials, & Products Sales",Downstream,2005,Moody's detailed,0.2166970044359996,1.5469362988650717,7.138706429704946,,
moodys_mi_detail,Moody's MI (detail),4247,Petroleum and Petroleum Products Merchant Wholesalers,8,"Motor Vehicle Parts, Materials, & Products Sales","Motor Vehicle Parts, Materials, & Products Sales",Downstream,2005,Moody's detailed,0.0091543465435165,0.02909197200679134,3.177940868689914,,
moodys_mi_detail,Moody's MI (detail),4413,"Automotive Parts, Accessories, and Tire Retailers",8,"Motor Vehicle Parts, Materials, & Products Sales","Motor Vehicle Parts, Materials, & Products Sales",Downstream,2005,Moody's detailed,0.055639800066299,0.7667954875113087,13.7814206125402,,
moodys_mi_detail,Moody's MI (detail),4571,Gasoline Stations,8,"Motor Vehicle Parts, Materials, & Products Sales","Motor Vehicle Parts, Materials, & Products Sales",Downstream,2005,Moody's detailed,0.0019959124612901,0.05157650763086071,25.84106699625651,,
moodys_mi_detail,Moody's MI (detail),4411,Automobile Dealers,9,"Dealers, Maintenance, & Repair","Dealers, Maintenance, & Repair",Downstream,2005,Moody's detailed,0.055639800066299,2.2826704721037667,41.02585683959672,,
moodys_mi_detail,Moody's MI (detail),8111,Automotive Repair and Maintenance,9,"Dealers, Maintenance, & Repair","Dealers, Maintenance, & Repair",Downstream,2005,Moody's detailed,0.0062359117458964,0.19617053402855417,31.458196014022487,,
moodys_mi_detail,Moody's MI (detail),4841,General Freight Trucking,10,Logistics,Logistics,Downstream,2005,Moody's detailed,0.1403592121163865,3.7454508368502935,26.68475250306014,,
moodys_mi_detail,Moody's MI (detail),4842,Specialized Freight Trucking,10,Logistics,Logistics,Downstream,2005,Moody's detailed,0.1403592121163865,1.5869867024678157,11.30660879709042,,
moodys_mi_detail,Moody's MI (detail),3255,"Paint, Coating, and Adhesive Manufacturing",1,Materials & Processing - Coatings & Surface Treatments,Materials & Processing - Coatings & Surface Treatments,Upstream,2006,Moody's detailed,0.5150096802925763,1.781368018930417,3.458902011159138,,
moodys_mi_detail,Moody's MI (detail),3328,"Coating, Engraving, Heat Treating, and Allied Activities",1,Materials & Processing - Coatings & Surface Treatments,Materials & Processing - Coatings & Surface Treatments,Upstream,2006,Moody's detailed,0.2353528305668375,3.670774609074778,15.59690019548042,,
moodys_mi_detail,Moody's MI (detail),3311,Iron and Steel Mills and Ferroalloy Manufacturing,1,Materials & Processing - Metals,Materials & Processing - Metals,Upstream,2006,Moody's detailed,0.4155561904757487,2.3430198015489907,5.638274330281518,,
moodys_mi_detail,Moody's MI (detail),3312,Steel Product Manufacturing from Purchased Steel,1,Materials & Processing - Metals,Materials & Processing - Metals,Upstream,2006,Moody's detailed,0.4018232314810702,0.9670053630536337,2.406544189815439,,
moodys_mi_detail,Moody's MI (detail),3313,Alumina and Aluminum Production and Processing,1,Materials & Processing - Metals,Materials & Processing - Metals,Upstream,2006,Moody's detailed,0.3207778863371143,0.6266372482025252,1.953492665463775,,
moodys_mi_detail,Moody's MI (detail),3314,Nonferrous Metal (except Aluminum) Production and Processing,1,Materials & Processing - Metals,Materials & Processing - Metals,Upstream,2006,Moody's detailed,0.2932456097149427,0.6274359433433289,2.139626042324197,,
moodys_mi_detail,Moody's MI (detail),3252,"Resin, Synthetic Rubber, and Artificial and Synthetic Fibers and Filaments Manufacturing",1,Materials & Processing - Non-Metals,Materials & Processing - Non-Metals,Upstream,2006,Moody's detailed,0.0885140651080839,0.544046644138356,6.146442867289221,,
moodys_mi_detail,Moody's MI (detail),3261,Plastics Product Manufacturing,1,Materials & Processing - Non-Metals,Materials & Processing - Non-Metals,Upstream,2006,Moody's detailed,0.2346645503033676,8.41457406022632,35.85788330341417,,
moodys_mi_detail,Moody's MI (detail),3262,Rubber Product Manufacturing,1,Materials & Processing - Non-Metals,Materials & Processing - Non-Metals,Upstream,2006,Moody's detailed,0.5480013167432982,2.8910013994821404,5.275537322908259,,
moodys_mi_detail,Moody's MI (detail),3272,Glass and Glass Product Manufacturing,1,Materials & Processing - Non-Metals,Materials & Processing - Non-Metals,Upstream,2006,Moody's detailed,0.5746759592860471,3.5457206692725602,6.169947797498981,,
moodys_mi_detail,Moody's MI (detail),3335,Metalworking Machinery Manufacturing,2,Equipment Manufacturing,Equipment Manufacturing,Upstream,2006,Moody's detailed,0.0781138186814543,3.0119134097720655,38.55801010131836,,
moodys_mi_detail,Moody's MI (detail),3339,Other General Purpose Machinery Manufacturing,2,Equipment Manufacturing,Equipment Manufacturing,Upstream,2006,Moody's detailed,0.2191076203234622,3.4370353393509676,15.68651667284311,,
moodys_mi_detail,Moody's MI (detail),3315,Foundries,3,Forging & Foundries,Forging & Foundries,Upstream,2006,Moody's detailed,0.6718042155478705,9.31856795826401,13.87095785140991,,
moodys_mi_detail,Moody's MI (detail),3321,Forging and Stamping,3,Forging & Foundries,Forging & Foundries,Upstream,2006,Moody's detailed,0.3924501979798644,2.5630674268052736,6.530936765986236,,
moodys_mi_detail,Moody's MI (detail),3326,Spring and Wire Product Manufacturing,4,Parts & Machining,Parts & Machining,Upstream,2006,Moody's detailed,0.4020278427245708,1.2555160637516065,3.122957990279694,,
moodys_mi_detail,Moody's MI (detail),3327,"Machine Shops; Turned Product; and Screw, Nut, and Bolt Manufacturing",4,Parts & Machining,Parts & Machining,Upstream,2006,Moody's detailed,0.3798883431259702,10.892208121337895,28.67213042577108,,
moodys_mi_detail,Moody's MI (detail),3329,Other Fabricated Metal Product Manufacturing,4,Parts & Machining,Parts & Machining,Upstream,2006,Moody's detailed,0.1601840236697625,1.7930798862204953,11.1938746770223,,
moodys_mi_detail,Moody's MI (detail),3344,Semiconductor and Other Electronic Component Manufacturing,4,Parts & Machining,Parts & Machining,Upstream,2006,Moody's detailed,0.2236609031791956,1.5956566251634916,7.134267109191911,,
moodys_mi_detail,Moody's MI (detail),3336,"Engine, Turbine, and Power Transmission Equipment Manufacturing",5,Component Systems,Component Systems,Upstream,2006,Moody's detailed,0.7169582878623106,3.127472686470544,4.362140363556498,,
moodys_mi_detail,Moody's MI (detail),3345,"Navigational, Measuring, Electro medical, and Control Instruments Manufacturing",5,Component Systems,Component Systems,Upstream,2006,Moody's detailed,0.0208760538182582,0.20734546149483055,9.93221531712503,,
moodys_mi_detail,Moody's MI (detail),3359,Other Electrical Equipment and Component Manufacturing,5,Component Systems,Component Systems,Upstream,2006,Moody's detailed,0.503516468921238,1.0959857454486706,2.176663154229636,,
moodys_mi_detail,Moody's MI (detail),5413,"Architectural, Engineering, and Related Services",6,Engineering & Design,Engineering & Design,OEM,2006,Moody's detailed,0.007242971108885,0.5253325258038838,72.5299767052025,,
moodys_mi_detail,Moody's MI (detail),5414,Industrial design,6,Engineering & Design,Engineering & Design,OEM,2006,Moody's detailed,0.0336712633047057,0.3590834794739133,10.66438987525989,,
moodys_mi_detail,Moody's MI (detail),5417,Scientific Research and Development ,6,Engineering & Design,Engineering & Design,OEM,2006,Moody's detailed,0.0026962895876024,0.06769293199118137,25.1059575731164,,
moodys_mi_detail,Moody's MI (detail),3361,Motor Vehicle Manufacturing,7,Core Automotive,Core Automotive,OEM,2006,Moody's detailed,0.0069010519260291,0.3441017417338157,49.86221599578857,,
moodys_mi_detail,Moody's MI (detail),3362,Motor Vehicle Body and Trailer Manufacturing,7,Core Automotive,Core Automotive,OEM,2006,Moody's detailed,0.3212237652633554,2.7406732588130622,8.531975386584865,,
moodys_mi_detail,Moody's MI (detail),3363,Motor Vehicle Parts Manufacturing,7,Core Automotive,Core Automotive,OEM,2006,Moody's detailed,0.8663772574866386,127.22043842885432,146.841849009196,,
moodys_mi_detail,Moody's MI (detail),4231,Motor Vehicle and Motor Vehicle Parts and Supplies Merchant Wholesalers,8,"Motor Vehicle Parts, Materials, & Products Sales","Motor Vehicle Parts, Materials, & Products Sales",Downstream,2006,Moody's detailed,0.8079274458924952,16.697237330580144,20.66675345102946,,
moodys_mi_detail,Moody's MI (detail),4235,Metal and Mineral (except Petroleum) Merchant Wholesalers,8,"Motor Vehicle Parts, Materials, & Products Sales","Motor Vehicle Parts, Materials, & Products Sales",Downstream,2006,Moody's detailed,0.2166970044359996,1.6048928767925439,7.406160878733057,,
moodys_mi_detail,Moody's MI (detail),4238,"Machinery, Equipment, and Supplies Merchant Wholesalers",8,"Motor Vehicle Parts, Materials, & Products Sales","Motor Vehicle Parts, Materials, & Products Sales",Downstream,2006,Moody's detailed,0.4099321154017989,10.169672569674084,24.80818698409658,,
moodys_mi_detail,Moody's MI (detail),4239,Miscellaneous Durable Goods Merchant Wholesalers,8,"Motor Vehicle Parts, Materials, & Products Sales","Motor Vehicle Parts, Materials, & Products Sales",Downstream,2006,Moody's detailed,0.2166970044359996,1.5665977707381853,7.229438980089235,,
moodys_mi_detail,Moody's MI (detail),4247,Petroleum and Petroleum Products Merchant Wholesalers,8,"Motor Vehicle Parts, Materials, & Products Sales","Motor Vehicle Parts, Materials, & Products Sales",Downstream,2006,Moody's detailed,0.0091543465435165,0.029386028785192052,3.210062962495613,,
moodys_mi_detail,Moody's MI (detail),4413,"Automotive Parts, Accessories, and Tire Retailers",8,"Motor Vehicle Parts, Materials, & Products Sales","Motor Vehicle Parts, Materials, & Products Sales",Downstream,2006,Moody's detailed,0.055639800066299,0.7351941867535973,13.21345845739126,,
moodys_mi_detail,Moody's MI (detail),4571,Gasoline Stations,8,"Motor Vehicle Parts, Materials, & Products Sales","Motor Vehicle Parts, Materials, & Products Sales",Downstream,2006,Moody's detailed,0.0019959124612901,0.050800112398359826,25.45207436879476,,
moodys_mi_detail,Moody's MI (detail),4411,Automobile Dealers,9,"Dealers, Maintenance, & Repair","Dealers, Maintenance, & Repair",Downstream,2006,Moody's detailed,0.055639800066299,2.2043783568462914,39.61873252994456,,
moodys_mi_detail,Moody's MI (detail),8111,Automotive Repair and Maintenance,9,"Dealers, Maintenance, & Repair","Dealers, Maintenance, & Repair",Downstream,2006,Moody's detailed,0.0062359117458964,0.1859904124062318,29.82569670403442,,
moodys_mi_detail,Moody's MI (detail),4841,General Freight Trucking,10,Logistics,Logistics,Downstream,2006,Moody's detailed,0.1403592121163865,3.8679572118808587,27.55755859240312,,
moodys_mi_detail,Moody's MI (detail),4842,Specialized Freight Trucking,10,Logistics,Logistics,Downstream,2006,Moody's detailed,0.1403592121163865,1.6506623518436017,11.7602708575684,,
moodys_mi_detail,Moody's MI (detail),3255,"Paint, Coating, and Adhesive Manufacturing",1,Materials & Processing - Coatings & Surface Treatments,Materials & Processing - Coatings & Surface Treatments,Upstream,2007,Moody's detailed,0.5150096802925763,1.729299994889618,3.357800952221335,,
moodys_mi_detail,Moody's MI (detail),3328,"Coating, Engraving, Heat Treating, and Allied Activities",1,Materials & Processing - Coatings & Surface Treatments,Materials & Processing - Coatings & Surface Treatments,Upstream,2007,Moody's detailed,0.2353528305668375,3.638977643347945,15.4617968034785,,
moodys_mi_detail,Moody's MI (detail),3311,Iron and Steel Mills and Ferroalloy Manufacturing,1,Materials & Processing - Metals,Materials & Processing - Metals,Upstream,2007,Moody's detailed,0.4155561904757487,2.4069441414634123,5.792102720712275,,
moodys_mi_detail,Moody's MI (detail),3312,Steel Product Manufacturing from Purchased Steel,1,Materials & Processing - Metals,Materials & Processing - Metals,Upstream,2007,Moody's detailed,0.4018232314810702,0.9329269717717843,2.321734779577408,,
moodys_mi_detail,Moody's MI (detail),3313,Alumina and Aluminum Production and Processing,1,Materials & Processing - Metals,Materials & Processing - Metals,Upstream,2007,Moody's detailed,0.3207778863371143,0.6298908005553515,1.963635360741114,,
moodys_mi_detail,Moody's MI (detail),3314,Nonferrous Metal (except Aluminum) Production and Processing,1,Materials & Processing - Metals,Materials & Processing - Metals,Upstream,2007,Moody's detailed,0.2932456097149427,0.6016773327412944,2.051786327939133,,
moodys_mi_detail,Moody's MI (detail),3252,"Resin, Synthetic Rubber, and Artificial and Synthetic Fibers and Filaments Manufacturing",1,Materials & Processing - Non-Metals,Materials & Processing - Non-Metals,Upstream,2007,Moody's detailed,0.0885140651080839,0.5340458533555856,6.033457538115169,,
moodys_mi_detail,Moody's MI (detail),3261,Plastics Product Manufacturing,1,Materials & Processing - Non-Metals,Materials & Processing - Non-Metals,Upstream,2007,Moody's detailed,0.2346645503033676,8.068262174359166,34.382109116731726,,
moodys_mi_detail,Moody's MI (detail),3262,Rubber Product Manufacturing,1,Materials & Processing - Non-Metals,Materials & Processing - Non-Metals,Upstream,2007,Moody's detailed,0.5480013167432982,2.663167865539283,4.859783697904503,,
moodys_mi_detail,Moody's MI (detail),3272,Glass and Glass Product Manufacturing,1,Materials & Processing - Non-Metals,Materials & Processing - Non-Metals,Upstream,2007,Moody's detailed,0.5746759592860471,3.278747068435456,5.705384078548947,,
moodys_mi_detail,Moody's MI (detail),3335,Metalworking Machinery Manufacturing,2,Equipment Manufacturing,Equipment Manufacturing,Upstream,2007,Moody's detailed,0.0781138186814543,2.8108862063448585,35.98449357350668,,
moodys_mi_detail,Moody's MI (detail),3339,Other General Purpose Machinery Manufacturing,2,Equipment Manufacturing,Equipment Manufacturing,Upstream,2007,Moody's detailed,0.2191076203234622,3.3383230743688954,15.23599712981514,,
moodys_mi_detail,Moody's MI (detail),3315,Foundries,3,Forging & Foundries,Forging & Foundries,Upstream,2007,Moody's detailed,0.6718042155478705,8.482743649244227,12.62680919965108,,
moodys_mi_detail,Moody's MI (detail),3321,Forging and Stamping,3,Forging & Foundries,Forging & Foundries,Upstream,2007,Moody's detailed,0.3924501979798644,2.6163708805021573,6.666758977240716,,
moodys_mi_detail,Moody's MI (detail),3326,Spring and Wire Product Manufacturing,4,Parts & Machining,Parts & Machining,Upstream,2007,Moody's detailed,0.4020278427245708,1.2000811981406148,2.985069864832198,,
moodys_mi_detail,Moody's MI (detail),3327,"Machine Shops; Turned Product; and Screw, Nut, and Bolt Manufacturing",4,Parts & Machining,Parts & Machining,Upstream,2007,Moody's detailed,0.3798883431259702,10.527986153364841,27.71336984634399,,
moodys_mi_detail,Moody's MI (detail),3329,Other Fabricated Metal Product Manufacturing,4,Parts & Machining,Parts & Machining,Upstream,2007,Moody's detailed,0.1601840236697625,1.6863490582156946,10.52757334709168,,
moodys_mi_detail,Moody's MI (detail),3344,Semiconductor and Other Electronic Component Manufacturing,4,Parts & Machining,Parts & Machining,Upstream,2007,Moody's detailed,0.2236609031791956,1.641751087106321,7.340357942626035,,
moodys_mi_detail,Moody's MI (detail),3336,"Engine, Turbine, and Power Transmission Equipment Manufacturing",5,Component Systems,Component Systems,Upstream,2007,Moody's detailed,0.7169582878623106,3.0297766742919006,4.225875794428028,,
moodys_mi_detail,Moody's MI (detail),3345,"Navigational, Measuring, Electro medical, and Control Instruments Manufacturing",5,Component Systems,Component Systems,Upstream,2007,Moody's detailed,0.0208760538182582,0.20909624912827016,10.01608114965648,,
moodys_mi_detail,Moody's MI (detail),3359,Other Electrical Equipment and Component Manufacturing,5,Component Systems,Component Systems,Upstream,2007,Moody's detailed,0.503516468921238,1.1074855011555962,2.199502041171236,,
moodys_mi_detail,Moody's MI (detail),5413,"Architectural, Engineering, and Related Services",6,Engineering & Design,Engineering & Design,OEM,2007,Moody's detailed,0.007242971108885,0.512497678820531,70.75793498497416,,
moodys_mi_detail,Moody's MI (detail),5414,Industrial design,6,Engineering & Design,Engineering & Design,OEM,2007,Moody's detailed,0.0336712633047057,0.3501857833548825,10.40013795104452,,
moodys_mi_detail,Moody's MI (detail),5417,Scientific Research and Development ,6,Engineering & Design,Engineering & Design,OEM,2007,Moody's detailed,0.0026962895876024,0.0629962236829623,23.36404219065354,,
moodys_mi_detail,Moody's MI (detail),3361,Motor Vehicle Manufacturing,7,Core Automotive,Core Automotive,OEM,2007,Moody's detailed,0.0069010519260291,0.3320376950192862,48.11406993865968,,
moodys_mi_detail,Moody's MI (detail),3362,Motor Vehicle Body and Trailer Manufacturing,7,Core Automotive,Core Automotive,OEM,2007,Moody's detailed,0.3212237652633554,2.6780345405336927,8.336975124919869,,
moodys_mi_detail,Moody's MI (detail),3363,Motor Vehicle Parts Manufacturing,7,Core Automotive,Core Automotive,OEM,2007,Moody's detailed,0.8663772574866386,113.3819815958095,130.8690649668376,,
moodys_mi_detail,Moody's MI (detail),4231,Motor Vehicle and Motor Vehicle Parts and Supplies Merchant Wholesalers,8,"Motor Vehicle Parts, Materials, & Products Sales","Motor Vehicle Parts, Materials, & Products Sales",Downstream,2007,Moody's detailed,0.8079274458924952,16.360491355424028,20.24995120366414,,
moodys_mi_detail,Moody's MI (detail),4235,Metal and Mineral (except Petroleum) Merchant Wholesalers,8,"Motor Vehicle Parts, Materials, & Products Sales","Motor Vehicle Parts, Materials, & Products Sales",Downstream,2007,Moody's detailed,0.2166970044359996,1.5713961111868566,7.251582066289988,,
moodys_mi_detail,Moody's MI (detail),4238,"Machinery, Equipment, and Supplies Merchant Wholesalers",8,"Motor Vehicle Parts, Materials, & Products Sales","Motor Vehicle Parts, Materials, & Products Sales",Downstream,2007,Moody's detailed,0.4099321154017989,10.257448257943624,25.022309481387392,,
moodys_mi_detail,Moody's MI (detail),4239,Miscellaneous Durable Goods Merchant Wholesalers,8,"Motor Vehicle Parts, Materials, & Products Sales","Motor Vehicle Parts, Materials, & Products Sales",Downstream,2007,Moody's detailed,0.2166970044359996,1.5964949673149849,7.3674067229042,,
moodys_mi_detail,Moody's MI (detail),4247,Petroleum and Petroleum Products Merchant Wholesalers,8,"Motor Vehicle Parts, Materials, & Products Sales","Motor Vehicle Parts, Materials, & Products Sales",Downstream,2007,Moody's detailed,0.0091543465435165,0.028481209949696835,3.111222610407779,,
moodys_mi_detail,Moody's MI (detail),4413,"Automotive Parts, Accessories, and Tire Retailers",8,"Motor Vehicle Parts, Materials, & Products Sales","Motor Vehicle Parts, Materials, & Products Sales",Downstream,2007,Moody's detailed,0.055639800066299,0.7258525532284547,13.04556364982525,,
moodys_mi_detail,Moody's MI (detail),4571,Gasoline Stations,8,"Motor Vehicle Parts, Materials, & Products Sales","Motor Vehicle Parts, Materials, & Products Sales",Downstream,2007,Moody's detailed,0.0019959124612901,0.04913474425981742,24.617685000101726,,
moodys_mi_detail,Moody's MI (detail),4411,Automobile Dealers,9,"Dealers, Maintenance, & Repair","Dealers, Maintenance, & Repair",Downstream,2007,Moody's detailed,0.055639800066299,2.1281700819973133,38.24906055488048,,
moodys_mi_detail,Moody's MI (detail),8111,Automotive Repair and Maintenance,9,"Dealers, Maintenance, & Repair","Dealers, Maintenance, & Repair",Downstream,2007,Moody's detailed,0.0062359117458964,0.18177005639389585,29.14891419262168,,
moodys_mi_detail,Moody's MI (detail),4841,General Freight Trucking,10,Logistics,Logistics,Downstream,2007,Moody's detailed,0.1403592121163865,3.9693373029850068,28.27984884735328,,
moodys_mi_detail,Moody's MI (detail),4842,Specialized Freight Trucking,10,Logistics,Logistics,Downstream,2007,Moody's detailed,0.1403592121163865,1.7568038088255353,12.51648382985212,,
moodys_mi_detail,Moody's MI (detail),3255,"Paint, Coating, and Adhesive Manufacturing",1,Materials & Processing - Coatings & Surface Treatments,Materials & Processing - Coatings & Surface Treatments,Upstream,2008,Moody's detailed,0.5150096802925763,1.6091247609944141,3.124455369616106,,
moodys_mi_detail,Moody's MI (detail),3328,"Coating, Engraving, Heat Treating, and Allied Activities",1,Materials & Processing - Coatings & Surface Treatments,Materials & Processing - Coatings & Surface Treatments,Upstream,2008,Moody's detailed,0.2353528305668375,3.380582666343968,14.3638921112696,,
moodys_mi_detail,Moody's MI (detail),3311,Iron and Steel Mills and Ferroalloy Manufacturing,1,Materials & Processing - Metals,Materials & Processing - Metals,Upstream,2008,Moody's detailed,0.4155561904757487,2.4444376649788877,5.882327639447214,,
moodys_mi_detail,Moody's MI (detail),3312,Steel Product Manufacturing from Purchased Steel,1,Materials & Processing - Metals,Materials & Processing - Metals,Upstream,2008,Moody's detailed,0.4018232314810702,0.7737583234695152,1.925618687146432,,
moodys_mi_detail,Moody's MI (detail),3313,Alumina and Aluminum Production and Processing,1,Materials & Processing - Metals,Materials & Processing - Metals,Upstream,2008,Moody's detailed,0.3207778863371143,0.6352573484488218,1.980365154539401,,
moodys_mi_detail,Moody's MI (detail),3314,Nonferrous Metal (except Aluminum) Production and Processing,1,Materials & Processing - Metals,Materials & Processing - Metals,Upstream,2008,Moody's detailed,0.2932456097149427,0.5551006457076949,1.892954667752044,,
moodys_mi_detail,Moody's MI (detail),3252,"Resin, Synthetic Rubber, and Artificial and Synthetic Fibers and Filaments Manufacturing",1,Materials & Processing - Non-Metals,Materials & Processing - Non-Metals,Upstream,2008,Moody's detailed,0.0885140651080839,0.5350058622018475,6.044303371995802,,
moodys_mi_detail,Moody's MI (detail),3261,Plastics Product Manufacturing,1,Materials & Processing - Non-Metals,Materials & Processing - Non-Metals,Upstream,2008,Moody's detailed,0.2346645503033676,7.506684013421956,31.98899878024836,,
moodys_mi_detail,Moody's MI (detail),3262,Rubber Product Manufacturing,1,Materials & Processing - Non-Metals,Materials & Processing - Non-Metals,Upstream,2008,Moody's detailed,0.5480013167432982,2.4852309798880334,4.535082132023776,,
moodys_mi_detail,Moody's MI (detail),3272,Glass and Glass Product Manufacturing,1,Materials & Processing - Non-Metals,Materials & Processing - Non-Metals,Upstream,2008,Moody's detailed,0.5746759592860471,3.0613334926789713,5.327060308007736,,
moodys_mi_detail,Moody's MI (detail),3335,Metalworking Machinery Manufacturing,2,Equipment Manufacturing,Equipment Manufacturing,Upstream,2008,Moody's detailed,0.0781138186814543,2.7032802821610304,34.60694058736166,,
moodys_mi_detail,Moody's MI (detail),3339,Other General Purpose Machinery Manufacturing,2,Equipment Manufacturing,Equipment Manufacturing,Upstream,2008,Moody's detailed,0.2191076203234622,3.2199325189252552,14.6956665138883,,
moodys_mi_detail,Moody's MI (detail),3315,Foundries,3,Forging & Foundries,Forging & Foundries,Upstream,2008,Moody's detailed,0.6718042155478705,7.7343291385322175,11.51277256011963,,
moodys_mi_detail,Moody's MI (detail),3321,Forging and Stamping,3,Forging & Foundries,Forging & Foundries,Upstream,2008,Moody's detailed,0.3924501979798644,2.306837633453724,5.878039163512109,,
moodys_mi_detail,Moody's MI (detail),3326,Spring and Wire Product Manufacturing,4,Parts & Machining,Parts & Machining,Upstream,2008,Moody's detailed,0.4020278427245708,1.0920024837315137,2.716235960999458,,
moodys_mi_detail,Moody's MI (detail),3327,"Machine Shops; Turned Product; and Screw, Nut, and Bolt Manufacturing",4,Parts & Machining,Parts & Machining,Upstream,2008,Moody's detailed,0.3798883431259702,10.238807255133587,26.95214907328288,,
moodys_mi_detail,Moody's MI (detail),3329,Other Fabricated Metal Product Manufacturing,4,Parts & Machining,Parts & Machining,Upstream,2008,Moody's detailed,0.1601840236697625,1.6208329269773976,10.118567943573,,
moodys_mi_detail,Moody's MI (detail),3344,Semiconductor and Other Electronic Component Manufacturing,4,Parts & Machining,Parts & Machining,Upstream,2008,Moody's detailed,0.2236609031791956,1.7199661278772111,7.690061621986682,,
moodys_mi_detail,Moody's MI (detail),3336,"Engine, Turbine, and Power Transmission Equipment Manufacturing",5,Component Systems,Component Systems,Upstream,2008,Moody's detailed,0.7169582878623106,3.2384876346034877,4.516981935252317,,
moodys_mi_detail,Moody's MI (detail),3345,"Navigational, Measuring, Electro medical, and Control Instruments Manufacturing",5,Component Systems,Component Systems,Upstream,2008,Moody's detailed,0.0208760538182582,0.20491912415298247,9.815989455524404,,
moodys_mi_detail,Moody's MI (detail),3359,Other Electrical Equipment and Component Manufacturing,5,Component Systems,Component Systems,Upstream,2008,Moody's detailed,0.503516468921238,1.0634453410108704,2.112036858077861,,
moodys_mi_detail,Moody's MI (detail),5413,"Architectural, Engineering, and Related Services",6,Engineering & Design,Engineering & Design,OEM,2008,Moody's detailed,0.007242971108885,0.5027164072607574,69.40748481573699,,
moodys_mi_detail,Moody's MI (detail),5414,Industrial design,6,Engineering & Design,Engineering & Design,OEM,2008,Moody's detailed,0.0336712633047057,0.34237701573647067,10.16822602223606,,
moodys_mi_detail,Moody's MI (detail),5417,Scientific Research and Development ,6,Engineering & Design,Engineering & Design,OEM,2008,Moody's detailed,0.0026962895876024,0.0579310773771518,21.48548050755386,,
moodys_mi_detail,Moody's MI (detail),3361,Motor Vehicle Manufacturing,7,Core Automotive,Core Automotive,OEM,2008,Moody's detailed,0.0069010519260291,0.26765656078615213,38.78489303588867,,
moodys_mi_detail,Moody's MI (detail),3362,Motor Vehicle Body and Trailer Manufacturing,7,Core Automotive,Core Automotive,OEM,2008,Moody's detailed,0.3212237652633554,2.283645877917009,7.109205871006341,,
moodys_mi_detail,Moody's MI (detail),3363,Motor Vehicle Parts Manufacturing,7,Core Automotive,Core Automotive,OEM,2008,Moody's detailed,0.8663772574866386,95.85774299022536,110.6420351664225,,
moodys_mi_detail,Moody's MI (detail),4231,Motor Vehicle and Motor Vehicle Parts and Supplies Merchant Wholesalers,8,"Motor Vehicle Parts, Materials, & Products Sales","Motor Vehicle Parts, Materials, & Products Sales",Downstream,2008,Moody's detailed,0.8079274458924952,15.512722784971384,19.200638453165688,,
moodys_mi_detail,Moody's MI (detail),4235,Metal and Mineral (except Petroleum) Merchant Wholesalers,8,"Motor Vehicle Parts, Materials, & Products Sales","Motor Vehicle Parts, Materials, & Products Sales",Downstream,2008,Moody's detailed,0.2166970044359996,1.5693958065655667,7.242351183627368,,
moodys_mi_detail,Moody's MI (detail),4238,"Machinery, Equipment, and Supplies Merchant Wholesalers",8,"Motor Vehicle Parts, Materials, & Products Sales","Motor Vehicle Parts, Materials, & Products Sales",Downstream,2008,Moody's detailed,0.4099321154017989,10.254728287420154,25.01567430833977,,
moodys_mi_detail,Moody's MI (detail),4239,Miscellaneous Durable Goods Merchant Wholesalers,8,"Motor Vehicle Parts, Materials, & Products Sales","Motor Vehicle Parts, Materials, & Products Sales",Downstream,2008,Moody's detailed,0.2166970044359996,1.6157756618504122,7.456382085464516,,
moodys_mi_detail,Moody's MI (detail),4247,Petroleum and Petroleum Products Merchant Wholesalers,8,"Motor Vehicle Parts, Materials, & Products Sales","Motor Vehicle Parts, Materials, & Products Sales",Downstream,2008,Moody's detailed,0.0091543465435165,0.027895503637902705,3.047241384767053,,
moodys_mi_detail,Moody's MI (detail),4413,"Automotive Parts, Accessories, and Tire Retailers",8,"Motor Vehicle Parts, Materials, & Products Sales","Motor Vehicle Parts, Materials, & Products Sales",Downstream,2008,Moody's detailed,0.055639800066299,0.727606857546747,13.0770933159312,,
moodys_mi_detail,Moody's MI (detail),4571,Gasoline Stations,8,"Motor Vehicle Parts, Materials, & Products Sales","Motor Vehicle Parts, Materials, & Products Sales",Downstream,2008,Moody's detailed,0.0019959124612901,0.04853977862785326,24.31959295272827,,
moodys_mi_detail,Moody's MI (detail),4411,Automobile Dealers,9,"Dealers, Maintenance, & Repair","Dealers, Maintenance, & Repair",Downstream,2008,Moody's detailed,0.055639800066299,2.0507887715258346,36.85830590839949,,
moodys_mi_detail,Moody's MI (detail),8111,Automotive Repair and Maintenance,9,"Dealers, Maintenance, & Repair","Dealers, Maintenance, & Repair",Downstream,2008,Moody's detailed,0.0062359117458964,0.17431232704236083,27.95298172028632,,
moodys_mi_detail,Moody's MI (detail),4841,General Freight Trucking,10,Logistics,Logistics,Downstream,2008,Moody's detailed,0.1403592121163865,3.8005430683297767,27.07726134269227,,
moodys_mi_detail,Moody's MI (detail),4842,Specialized Freight Trucking,10,Logistics,Logistics,Downstream,2008,Moody's detailed,0.1403592121163865,1.652072111502485,11.77031479866515,,
moodys_mi_detail,Moody's MI (detail),3255,"Paint, Coating, and Adhesive Manufacturing",1,Materials & Processing - Coatings & Surface Treatments,Materials & Processing - Coatings & Surface Treatments,Upstream,2009,Moody's detailed,0.5150096802925763,1.2813538187632354,2.488018900994832,,
moodys_mi_detail,Moody's MI (detail),3328,"Coating, Engraving, Heat Treating, and Allied Activities",1,Materials & Processing - Coatings & Surface Treatments,Materials & Processing - Coatings & Surface Treatments,Upstream,2009,Moody's detailed,0.2353528305668375,2.4572883736555946,10.44087027862515,,
moodys_mi_detail,Moody's MI (detail),3311,Iron and Steel Mills and Ferroalloy Manufacturing,1,Materials & Processing - Metals,Materials & Processing - Metals,Upstream,2009,Moody's detailed,0.4155561904757487,1.8339185652993368,4.413166275299084,,
moodys_mi_detail,Moody's MI (detail),3312,Steel Product Manufacturing from Purchased Steel,1,Materials & Processing - Metals,Materials & Processing - Metals,Upstream,2009,Moody's detailed,0.4018232314810702,0.5338357006493445,1.328533690502893,,
moodys_mi_detail,Moody's MI (detail),3313,Alumina and Aluminum Production and Processing,1,Materials & Processing - Metals,Materials & Processing - Metals,Upstream,2009,Moody's detailed,0.3207778863371143,0.5888679541054003,1.835749841828382,,
moodys_mi_detail,Moody's MI (detail),3314,Nonferrous Metal (except Aluminum) Production and Processing,1,Materials & Processing - Metals,Materials & Processing - Metals,Upstream,2009,Moody's detailed,0.2932456097149427,0.38730002247451917,1.320735962086541,,
moodys_mi_detail,Moody's MI (detail),3252,"Resin, Synthetic Rubber, and Artificial and Synthetic Fibers and Filaments Manufacturing",1,Materials & Processing - Non-Metals,Materials & Processing - Non-Metals,Upstream,2009,Moody's detailed,0.0885140651080839,0.49785954471316773,5.624637667530408,,
moodys_mi_detail,Moody's MI (detail),3261,Plastics Product Manufacturing,1,Materials & Processing - Non-Metals,Materials & Processing - Non-Metals,Upstream,2009,Moody's detailed,0.2346645503033676,5.480971415413185,23.3566229254804,,
moodys_mi_detail,Moody's MI (detail),3262,Rubber Product Manufacturing,1,Materials & Processing - Non-Metals,Materials & Processing - Non-Metals,Upstream,2009,Moody's detailed,0.5480013167432982,1.9853770189038538,3.622942059159083,,
moodys_mi_detail,Moody's MI (detail),3272,Glass and Glass Product Manufacturing,1,Materials & Processing - Non-Metals,Materials & Processing - Non-Metals,Upstream,2009,Moody's detailed,0.5746759592860471,2.484503322060752,4.323311741015568,,
moodys_mi_detail,Moody's MI (detail),3335,Metalworking Machinery Manufacturing,2,Equipment Manufacturing,Equipment Manufacturing,Upstream,2009,Moody's detailed,0.0781138186814543,2.1492694914417068,27.514587402343754,,
moodys_mi_detail,Moody's MI (detail),3339,Other General Purpose Machinery Manufacturing,2,Equipment Manufacturing,Equipment Manufacturing,Upstream,2009,Moody's detailed,0.2191076203234622,2.6329191984476776,12.01655695297487,,
moodys_mi_detail,Moody's MI (detail),3315,Foundries,3,Forging & Foundries,Forging & Foundries,Upstream,2009,Moody's detailed,0.6718042155478705,5.486563052819221,8.166907747586569,,
moodys_mi_detail,Moody's MI (detail),3321,Forging and Stamping,3,Forging & Foundries,Forging & Foundries,Upstream,2009,Moody's detailed,0.3924501979798644,1.821093430690247,4.64031726844404,,
moodys_mi_detail,Moody's MI (detail),3326,Spring and Wire Product Manufacturing,4,Parts & Machining,Parts & Machining,Upstream,2009,Moody's detailed,0.4020278427245708,0.8661504956891481,2.154454004526616,,
moodys_mi_detail,Moody's MI (detail),3327,"Machine Shops; Turned Product; and Screw, Nut, and Bolt Manufacturing",4,Parts & Machining,Parts & Machining,Upstream,2009,Moody's detailed,0.3798883431259702,7.754463823942903,20.41248162587484,,
moodys_mi_detail,Moody's MI (detail),3329,Other Fabricated Metal Product Manufacturing,4,Parts & Machining,Parts & Machining,Upstream,2009,Moody's detailed,0.1601840236697625,1.3149730287667383,8.209139704704285,,
moodys_mi_detail,Moody's MI (detail),3344,Semiconductor and Other Electronic Component Manufacturing,4,Parts & Machining,Parts & Machining,Upstream,2009,Moody's detailed,0.2236609031791956,1.4714145260595781,6.57877396158367,,
moodys_mi_detail,Moody's MI (detail),3336,"Engine, Turbine, and Power Transmission Equipment Manufacturing",5,Component Systems,Component Systems,Upstream,2009,Moody's detailed,0.7169582878623106,2.802809307887436,3.909305960105877,,
moodys_mi_detail,Moody's MI (detail),3345,"Navigational, Measuring, Electro medical, and Control Instruments Manufacturing",5,Component Systems,Component Systems,Upstream,2009,Moody's detailed,0.0208760538182582,0.18031872327319515,8.637586626428812,,
moodys_mi_detail,Moody's MI (detail),3359,Other Electrical Equipment and Component Manufacturing,5,Component Systems,Component Systems,Upstream,2009,Moody's detailed,0.503516468921238,0.9060845068502692,1.799513149572874,,
moodys_mi_detail,Moody's MI (detail),5413,"Architectural, Engineering, and Related Services",6,Engineering & Design,Engineering & Design,OEM,2009,Moody's detailed,0.007242971108885,0.4316348268367584,59.59361432593168,,
moodys_mi_detail,Moody's MI (detail),5414,Industrial design,6,Engineering & Design,Engineering & Design,OEM,2009,Moody's detailed,0.0336712633047057,0.27798457551238714,8.255840388190533,,
moodys_mi_detail,Moody's MI (detail),5417,Scientific Research and Development ,6,Engineering & Design,Engineering & Design,OEM,2009,Moody's detailed,0.0026962895876024,0.0519176513724667,19.25522080832312,,
moodys_mi_detail,Moody's MI (detail),3361,Motor Vehicle Manufacturing,7,Core Automotive,Core Automotive,OEM,2009,Moody's detailed,0.0069010519260291,0.18368152980582028,26.61645380655925,,
moodys_mi_detail,Moody's MI (detail),3362,Motor Vehicle Body and Trailer Manufacturing,7,Core Automotive,Core Automotive,OEM,2009,Moody's detailed,0.3212237652633554,1.8659523988973894,5.808886516748186,,
moodys_mi_detail,Moody's MI (detail),3363,Motor Vehicle Parts Manufacturing,7,Core Automotive,Core Automotive,OEM,2009,Moody's detailed,0.8663772574866386,70.90241673221728,81.83780924479166,,
moodys_mi_detail,Moody's MI (detail),4231,Motor Vehicle and Motor Vehicle Parts and Supplies Merchant Wholesalers,8,"Motor Vehicle Parts, Materials, & Products Sales","Motor Vehicle Parts, Materials, & Products Sales",Downstream,2009,Moody's detailed,0.8079274458924952,13.507445103931335,16.71863627433777,,
moodys_mi_detail,Moody's MI (detail),4235,Metal and Mineral (except Petroleum) Merchant Wholesalers,8,"Motor Vehicle Parts, Materials, & Products Sales","Motor Vehicle Parts, Materials, & Products Sales",Downstream,2009,Moody's detailed,0.2166970044359996,1.269401970349886,5.857958090624172,,
moodys_mi_detail,Moody's MI (detail),4238,"Machinery, Equipment, and Supplies Merchant Wholesalers",8,"Motor Vehicle Parts, Materials, & Products Sales","Motor Vehicle Parts, Materials, & Products Sales",Downstream,2009,Moody's detailed,0.4099321154017989,9.018285607052917,21.99946105274908,,
moodys_mi_detail,Moody's MI (detail),4239,Miscellaneous Durable Goods Merchant Wholesalers,8,"Motor Vehicle Parts, Materials, & Products Sales","Motor Vehicle Parts, Materials, & Products Sales",Downstream,2009,Moody's detailed,0.2166970044359996,1.4017487879851542,6.468704039695915,,
moodys_mi_detail,Moody's MI (detail),4247,Petroleum and Petroleum Products Merchant Wholesalers,8,"Motor Vehicle Parts, Materials, & Products Sales","Motor Vehicle Parts, Materials, & Products Sales",Downstream,2009,Moody's detailed,0.0091543465435165,0.027343670380756725,2.986960374590875,,
moodys_mi_detail,Moody's MI (detail),4413,"Automotive Parts, Accessories, and Tire Retailers",8,"Motor Vehicle Parts, Materials, & Products Sales","Motor Vehicle Parts, Materials, & Products Sales",Downstream,2009,Moody's detailed,0.055639800066299,0.7342374686236733,13.19626360534679,,
moodys_mi_detail,Moody's MI (detail),4571,Gasoline Stations,8,"Motor Vehicle Parts, Materials, & Products Sales","Motor Vehicle Parts, Materials, & Products Sales",Downstream,2009,Moody's detailed,0.0019959124612901,0.04649124876847324,23.29323037465413,,
moodys_mi_detail,Moody's MI (detail),4411,Automobile Dealers,9,"Dealers, Maintenance, & Repair","Dealers, Maintenance, & Repair",Downstream,2009,Moody's detailed,0.055639800066299,1.8643647193952633,33.50775375133866,,
moodys_mi_detail,Moody's MI (detail),8111,Automotive Repair and Maintenance,9,"Dealers, Maintenance, & Repair","Dealers, Maintenance, & Repair",Downstream,2009,Moody's detailed,0.0062359117458964,0.16338832436277845,26.20119254739255,,
moodys_mi_detail,Moody's MI (detail),4841,General Freight Trucking,10,Logistics,Logistics,Downstream,2009,Moody's detailed,0.1403592121163865,3.40048763845326,24.22703566926238,,
moodys_mi_detail,Moody's MI (detail),4842,Specialized Freight Trucking,10,Logistics,Logistics,Downstream,2009,Moody's detailed,0.1403592121163865,1.3467801213756632,9.595238538806466,,
moodys_mi_detail,Moody's MI (detail),3255,"Paint, Coating, and Adhesive Manufacturing",1,Materials & Processing - Coatings & Surface Treatments,Materials & Processing - Coatings & Surface Treatments,Upstream,2010,Moody's detailed,0.5150096802925763,1.2600109054909572,2.446577129919474,,
moodys_mi_detail,Moody's MI (detail),3328,"Coating, Engraving, Heat Treating, and Allied Activities",1,Materials & Processing - Coatings & Surface Treatments,Materials & Processing - Coatings & Surface Treatments,Upstream,2010,Moody's detailed,0.2353528305668375,2.6857894655250467,11.41175765363193,,
moodys_mi_detail,Moody's MI (detail),3311,Iron and Steel Mills and Ferroalloy Manufacturing,1,Materials & Processing - Metals,Materials & Processing - Metals,Upstream,2010,Moody's detailed,0.4155561904757487,2.045281147341134,4.92179203250371,,
moodys_mi_detail,Moody's MI (detail),3312,Steel Product Manufacturing from Purchased Steel,1,Materials & Processing - Metals,Materials & Processing - Metals,Upstream,2010,Moody's detailed,0.4018232314810702,0.5576263964011686,1.387740560310133,,
moodys_mi_detail,Moody's MI (detail),3313,Alumina and Aluminum Production and Processing,1,Materials & Processing - Metals,Materials & Processing - Metals,Upstream,2010,Moody's detailed,0.3207778863371143,0.5899045923488715,1.838981480565417,,
moodys_mi_detail,Moody's MI (detail),3314,Nonferrous Metal (except Aluminum) Production and Processing,1,Materials & Processing - Metals,Materials & Processing - Metals,Upstream,2010,Moody's detailed,0.2932456097149427,0.38907703612618366,1.32679577540614,,
moodys_mi_detail,Moody's MI (detail),3252,"Resin, Synthetic Rubber, and Artificial and Synthetic Fibers and Filaments Manufacturing",1,Materials & Processing - Non-Metals,Materials & Processing - Non-Metals,Upstream,2010,Moody's detailed,0.0885140651080839,0.5040692380585539,5.694792544473451,,
moodys_mi_detail,Moody's MI (detail),3261,Plastics Product Manufacturing,1,Materials & Processing - Non-Metals,Materials & Processing - Non-Metals,Upstream,2010,Moody's detailed,0.2346645503033676,5.950743128831043,25.35850907662914,,
moodys_mi_detail,Moody's MI (detail),3262,Rubber Product Manufacturing,1,Materials & Processing - Non-Metals,Materials & Processing - Non-Metals,Upstream,2010,Moody's detailed,0.5480013167432982,2.1554829356369862,3.93335357010955,,
moodys_mi_detail,Moody's MI (detail),3272,Glass and Glass Product Manufacturing,1,Materials & Processing - Non-Metals,Materials & Processing - Non-Metals,Upstream,2010,Moody's detailed,0.5746759592860471,2.45099210344521,4.264998498441136,,
moodys_mi_detail,Moody's MI (detail),3335,Metalworking Machinery Manufacturing,2,Equipment Manufacturing,Equipment Manufacturing,Upstream,2010,Moody's detailed,0.0781138186814543,2.252014297172309,28.82990916570028,,
moodys_mi_detail,Moody's MI (detail),3339,Other General Purpose Machinery Manufacturing,2,Equipment Manufacturing,Equipment Manufacturing,Upstream,2010,Moody's detailed,0.2191076203234622,2.5337745198623014,11.56406388842964,,
moodys_mi_detail,Moody's MI (detail),3315,Foundries,3,Forging & Foundries,Forging & Foundries,Upstream,2010,Moody's detailed,0.6718042155478705,5.821020128076365,8.664756774902344,,
moodys_mi_detail,Moody's MI (detail),3321,Forging and Stamping,3,Forging & Foundries,Forging & Foundries,Upstream,2010,Moody's detailed,0.3924501979798644,2.112356216385101,5.382482228976937,,
moodys_mi_detail,Moody's MI (detail),3326,Spring and Wire Product Manufacturing,4,Parts & Machining,Parts & Machining,Upstream,2010,Moody's detailed,0.4020278427245708,0.8936034921342421,2.222740310915355,,
moodys_mi_detail,Moody's MI (detail),3327,"Machine Shops; Turned Product; and Screw, Nut, and Bolt Manufacturing",4,Parts & Machining,Parts & Machining,Upstream,2010,Moody's detailed,0.3798883431259702,8.610052081722479,22.664691448211673,,
moodys_mi_detail,Moody's MI (detail),3329,Other Fabricated Metal Product Manufacturing,4,Parts & Machining,Parts & Machining,Upstream,2010,Moody's detailed,0.1601840236697625,1.3735280187872436,8.574687957763672,,
moodys_mi_detail,Moody's MI (detail),3344,Semiconductor and Other Electronic Component Manufacturing,4,Parts & Machining,Parts & Machining,Upstream,2010,Moody's detailed,0.2236609031791956,1.5098992552264594,6.750841268027691,,
moodys_mi_detail,Moody's MI (detail),3336,"Engine, Turbine, and Power Transmission Equipment Manufacturing",5,Component Systems,Component Systems,Upstream,2010,Moody's detailed,0.7169582878623106,2.7381014689547456,3.819052677553521,,
moodys_mi_detail,Moody's MI (detail),3345,"Navigational, Measuring, Electro medical, and Control Instruments Manufacturing",5,Component Systems,Component Systems,Upstream,2010,Moody's detailed,0.0208760538182582,0.1645941595809073,7.884352139241624,,
moodys_mi_detail,Moody's MI (detail),3359,Other Electrical Equipment and Component Manufacturing,5,Component Systems,Component Systems,Upstream,2010,Moody's detailed,0.503516468921238,0.974002311881366,1.934400108040405,,
moodys_mi_detail,Moody's MI (detail),5413,"Architectural, Engineering, and Related Services",6,Engineering & Design,Engineering & Design,OEM,2010,Moody's detailed,0.007242971108885,0.44469234800924573,61.39639953329908,,
moodys_mi_detail,Moody's MI (detail),5414,Industrial design,6,Engineering & Design,Engineering & Design,OEM,2010,Moody's detailed,0.0336712633047057,0.24230489937222036,7.19619270531965,,
moodys_mi_detail,Moody's MI (detail),5417,Scientific Research and Development ,6,Engineering & Design,Engineering & Design,OEM,2010,Moody's detailed,0.0026962895876024,0.053479400271073535,19.83444230804177,,
moodys_mi_detail,Moody's MI (detail),3361,Motor Vehicle Manufacturing,7,Core Automotive,Core Automotive,OEM,2010,Moody's detailed,0.0069010519260291,0.18781381733770727,27.21524477005005,,
moodys_mi_detail,Moody's MI (detail),3362,Motor Vehicle Body and Trailer Manufacturing,7,Core Automotive,Core Automotive,OEM,2010,Moody's detailed,0.3212237652633554,1.935627681567989,6.025792269700419,,
moodys_mi_detail,Moody's MI (detail),3363,Motor Vehicle Parts Manufacturing,7,Core Automotive,Core Automotive,OEM,2010,Moody's detailed,0.8663772574866386,74.14538911720685,85.58095041910808,,
moodys_mi_detail,Moody's MI (detail),4231,Motor Vehicle and Motor Vehicle Parts and Supplies Merchant Wholesalers,8,"Motor Vehicle Parts, Materials, & Products Sales","Motor Vehicle Parts, Materials, & Products Sales",Downstream,2010,Moody's detailed,0.8079274458924952,13.862844426268811,17.15852642059326,,
moodys_mi_detail,Moody's MI (detail),4235,Metal and Mineral (except Petroleum) Merchant Wholesalers,8,"Motor Vehicle Parts, Materials, & Products Sales","Motor Vehicle Parts, Materials, & Products Sales",Downstream,2010,Moody's detailed,0.2166970044359996,1.2334266724220786,5.691941499756012,,
moodys_mi_detail,Moody's MI (detail),4238,"Machinery, Equipment, and Supplies Merchant Wholesalers",8,"Motor Vehicle Parts, Materials, & Products Sales","Motor Vehicle Parts, Materials, & Products Sales",Downstream,2010,Moody's detailed,0.4099321154017989,8.764706776854114,21.380873680178247,,
moodys_mi_detail,Moody's MI (detail),4239,Miscellaneous Durable Goods Merchant Wholesalers,8,"Motor Vehicle Parts, Materials, & Products Sales","Motor Vehicle Parts, Materials, & Products Sales",Downstream,2010,Moody's detailed,0.2166970044359996,1.4661269925172324,6.765792615976128,,
moodys_mi_detail,Moody's MI (detail),4247,Petroleum and Petroleum Products Merchant Wholesalers,8,"Motor Vehicle Parts, Materials, & Products Sales","Motor Vehicle Parts, Materials, & Products Sales",Downstream,2010,Moody's detailed,0.0091543465435165,0.026871893113784955,2.935424498738993,,
moodys_mi_detail,Moody's MI (detail),4413,"Automotive Parts, Accessories, and Tire Retailers",8,"Motor Vehicle Parts, Materials, & Products Sales","Motor Vehicle Parts, Materials, & Products Sales",Downstream,2010,Moody's detailed,0.055639800066299,0.8173765629988072,14.69050144006344,,
moodys_mi_detail,Moody's MI (detail),4571,Gasoline Stations,8,"Motor Vehicle Parts, Materials, & Products Sales","Motor Vehicle Parts, Materials, & Products Sales",Downstream,2010,Moody's detailed,0.0019959124612901,0.047646048047406644,23.87181250254313,,
moodys_mi_detail,Moody's MI (detail),4411,Automobile Dealers,9,"Dealers, Maintenance, & Repair","Dealers, Maintenance, & Repair",Downstream,2010,Moody's detailed,0.055639800066299,1.7835546972924963,32.05537574123662,,
moodys_mi_detail,Moody's MI (detail),8111,Automotive Repair and Maintenance,9,"Dealers, Maintenance, & Repair","Dealers, Maintenance, & Repair",Downstream,2010,Moody's detailed,0.0062359117458964,0.16147121809121648,25.89376255965683,,
moodys_mi_detail,Moody's MI (detail),4841,General Freight Trucking,10,Logistics,Logistics,Downstream,2010,Moody's detailed,0.1403592121163865,3.5836391400719307,25.531912626442793,,
moodys_mi_detail,Moody's MI (detail),4842,Specialized Freight Trucking,10,Logistics,Logistics,Downstream,2010,Moody's detailed,0.1403592121163865,1.2857149268871748,9.160174864910571,,
moodys_mi_detail,Moody's MI (detail),3255,"Paint, Coating, and Adhesive Manufacturing",1,Materials & Processing - Coatings & Surface Treatments,Materials & Processing - Coatings & Surface Treatments,Upstream,2011,Moody's detailed,0.5150096802925763,1.4602201518878803,2.83532564098277,,
moodys_mi_detail,Moody's MI (detail),3328,"Coating, Engraving, Heat Treating, and Allied Activities",1,Materials & Processing - Coatings & Surface Treatments,Materials & Processing - Coatings & Surface Treatments,Upstream,2011,Moody's detailed,0.2353528305668375,3.0436987431881395,12.9324926148435,,
moodys_mi_detail,Moody's MI (detail),3311,Iron and Steel Mills and Ferroalloy Manufacturing,1,Materials & Processing - Metals,Materials & Processing - Metals,Upstream,2011,Moody's detailed,0.4155561904757487,2.3493890507696493,5.653601377180679,,
moodys_mi_detail,Moody's MI (detail),3312,Steel Product Manufacturing from Purchased Steel,1,Materials & Processing - Metals,Materials & Processing - Metals,Upstream,2011,Moody's detailed,0.4018232314810702,0.5626419748499637,1.400222612256976,,
moodys_mi_detail,Moody's MI (detail),3313,Alumina and Aluminum Production and Processing,1,Materials & Processing - Metals,Materials & Processing - Metals,Upstream,2011,Moody's detailed,0.3207778863371143,0.6084622957532666,1.896833671114775,,
moodys_mi_detail,Moody's MI (detail),3314,Nonferrous Metal (except Aluminum) Production and Processing,1,Materials & Processing - Metals,Materials & Processing - Metals,Upstream,2011,Moody's detailed,0.2932456097149427,0.37144479123168184,1.266667867910298,,
moodys_mi_detail,Moody's MI (detail),3252,"Resin, Synthetic Rubber, and Artificial and Synthetic Fibers and Filaments Manufacturing",1,Materials & Processing - Non-Metals,Materials & Processing - Non-Metals,Upstream,2011,Moody's detailed,0.0885140651080839,0.5380435920513534,6.078622548793258,,
moodys_mi_detail,Moody's MI (detail),3261,Plastics Product Manufacturing,1,Materials & Processing - Non-Metals,Materials & Processing - Non-Metals,Upstream,2011,Moody's detailed,0.2346645503033676,6.37066638076073,27.14797089089475,,
moodys_mi_detail,Moody's MI (detail),3262,Rubber Product Manufacturing,1,Materials & Processing - Non-Metals,Materials & Processing - Non-Metals,Upstream,2011,Moody's detailed,0.5480013167432982,2.2709553449934634,4.144069139266783,,
moodys_mi_detail,Moody's MI (detail),3272,Glass and Glass Product Manufacturing,1,Materials & Processing - Non-Metals,Materials & Processing - Non-Metals,Upstream,2011,Moody's detailed,0.5746759592860471,2.4257726289814827,4.221113811677731,,
moodys_mi_detail,Moody's MI (detail),3335,Metalworking Machinery Manufacturing,2,Equipment Manufacturing,Equipment Manufacturing,Upstream,2011,Moody's detailed,0.0781138186814543,2.531430107030429,32.40694348017374,,
moodys_mi_detail,Moody's MI (detail),3339,Other General Purpose Machinery Manufacturing,2,Equipment Manufacturing,Equipment Manufacturing,Upstream,2011,Moody's detailed,0.2191076203234622,2.764480727820266,12.61699946236075,,
moodys_mi_detail,Moody's MI (detail),3315,Foundries,3,Forging & Foundries,Forging & Foundries,Upstream,2011,Moody's detailed,0.6718042155478705,6.644966985770742,9.891225496927897,,
moodys_mi_detail,Moody's MI (detail),3321,Forging and Stamping,3,Forging & Foundries,Forging & Foundries,Upstream,2011,Moody's detailed,0.3924501979798644,2.5632730300266493,6.531460662323743,,
moodys_mi_detail,Moody's MI (detail),3326,Spring and Wire Product Manufacturing,4,Parts & Machining,Parts & Machining,Upstream,2011,Moody's detailed,0.4020278427245708,0.9539661000545429,2.372885652867841,,
moodys_mi_detail,Moody's MI (detail),3327,"Machine Shops; Turned Product; and Screw, Nut, and Bolt Manufacturing",4,Parts & Machining,Parts & Machining,Upstream,2011,Moody's detailed,0.3798883431259702,9.873436647489324,25.99036486943563,,
moodys_mi_detail,Moody's MI (detail),3329,Other Fabricated Metal Product Manufacturing,4,Parts & Machining,Parts & Machining,Upstream,2011,Moody's detailed,0.1601840236697625,1.4529249317403703,9.070348580678305,,
moodys_mi_detail,Moody's MI (detail),3344,Semiconductor and Other Electronic Component Manufacturing,4,Parts & Machining,Parts & Machining,Upstream,2011,Moody's detailed,0.2236609031791956,1.7256986746935494,7.715692148980241,,
moodys_mi_detail,Moody's MI (detail),3336,"Engine, Turbine, and Power Transmission Equipment Manufacturing",5,Component Systems,Component Systems,Upstream,2011,Moody's detailed,0.7169582878623106,2.976967360770568,4.152218352404741,,
moodys_mi_detail,Moody's MI (detail),3345,"Navigational, Measuring, Electro medical, and Control Instruments Manufacturing",5,Component Systems,Component Systems,Upstream,2011,Moody's detailed,0.0208760538182582,0.1672013787289622,8.009242560139784,,
moodys_mi_detail,Moody's MI (detail),3359,Other Electrical Equipment and Component Manufacturing,5,Component Systems,Component Systems,Upstream,2011,Moody's detailed,0.503516468921238,1.240306535013939,2.463288912220173,,
moodys_mi_detail,Moody's MI (detail),5413,"Architectural, Engineering, and Related Services",6,Engineering & Design,Engineering & Design,OEM,2011,Moody's detailed,0.007242971108885,0.47860838290280344,66.07901311599758,,
moodys_mi_detail,Moody's MI (detail),5414,Industrial design,6,Engineering & Design,Engineering & Design,OEM,2011,Moody's detailed,0.0336712633047057,0.26557960744759507,7.887426291204204,,
moodys_mi_detail,Moody's MI (detail),5417,Scientific Research and Development ,6,Engineering & Design,Engineering & Design,OEM,2011,Moody's detailed,0.0026962895876024,0.05436195664717223,20.16176485535149,,
moodys_mi_detail,Moody's MI (detail),3361,Motor Vehicle Manufacturing,7,Core Automotive,Core Automotive,OEM,2011,Moody's detailed,0.0069010519260291,0.2055037618041308,29.77861404418945,,
moodys_mi_detail,Moody's MI (detail),3362,Motor Vehicle Body and Trailer Manufacturing,7,Core Automotive,Core Automotive,OEM,2011,Moody's detailed,0.3212237652633554,1.9774421094752435,6.155964543451625,,
moodys_mi_detail,Moody's MI (detail),3363,Motor Vehicle Parts Manufacturing,7,Core Automotive,Core Automotive,OEM,2011,Moody's detailed,0.8663772574866386,83.03827962789354,95.84540557861328,,
moodys_mi_detail,Moody's MI (detail),4231,Motor Vehicle and Motor Vehicle Parts and Supplies Merchant Wholesalers,8,"Motor Vehicle Parts, Materials, & Products Sales","Motor Vehicle Parts, Materials, & Products Sales",Downstream,2011,Moody's detailed,0.8079274458924952,14.808128460349035,18.32853746414185,,
moodys_mi_detail,Moody's MI (detail),4235,Metal and Mineral (except Petroleum) Merchant Wholesalers,8,"Motor Vehicle Parts, Materials, & Products Sales","Motor Vehicle Parts, Materials, & Products Sales",Downstream,2011,Moody's detailed,0.2166970044359996,1.3320070637646866,6.14686422284203,,
moodys_mi_detail,Moody's MI (detail),4238,"Machinery, Equipment, and Supplies Merchant Wholesalers",8,"Motor Vehicle Parts, Materials, & Products Sales","Motor Vehicle Parts, Materials, & Products Sales",Downstream,2011,Moody's detailed,0.4099321154017989,8.838196379277672,21.560146295478287,,
moodys_mi_detail,Moody's MI (detail),4239,Miscellaneous Durable Goods Merchant Wholesalers,8,"Motor Vehicle Parts, Materials, & Products Sales","Motor Vehicle Parts, Materials, & Products Sales",Downstream,2011,Moody's detailed,0.2166970044359996,1.5786835637065852,7.285211753690124,,
moodys_mi_detail,Moody's MI (detail),4247,Petroleum and Petroleum Products Merchant Wholesalers,8,"Motor Vehicle Parts, Materials, & Products Sales","Motor Vehicle Parts, Materials, & Products Sales",Downstream,2011,Moody's detailed,0.0091543465435165,0.027463275849021324,3.000025803968716,,
moodys_mi_detail,Moody's MI (detail),4413,"Automotive Parts, Accessories, and Tire Retailers",8,"Motor Vehicle Parts, Materials, & Products Sales","Motor Vehicle Parts, Materials, & Products Sales",Downstream,2011,Moody's detailed,0.055639800066299,0.8462766196910237,15.20991482145194,,
moodys_mi_detail,Moody's MI (detail),4571,Gasoline Stations,8,"Motor Vehicle Parts, Materials, & Products Sales","Motor Vehicle Parts, Materials, & Products Sales",Downstream,2011,Moody's detailed,0.0019959124612901,0.048248411122311256,24.17361084620158,,
moodys_mi_detail,Moody's MI (detail),4411,Automobile Dealers,9,"Dealers, Maintenance, & Repair","Dealers, Maintenance, & Repair",Downstream,2011,Moody's detailed,0.055639800066299,1.8349449607135062,32.97899989804118,,
moodys_mi_detail,Moody's MI (detail),8111,Automotive Repair and Maintenance,9,"Dealers, Maintenance, & Repair","Dealers, Maintenance, & Repair",Downstream,2011,Moody's detailed,0.0062359117458964,0.16306200240636845,26.14886307742776,,
moodys_mi_detail,Moody's MI (detail),4841,General Freight Trucking,10,Logistics,Logistics,Downstream,2011,Moody's detailed,0.1403592121163865,3.8709998204054035,27.57923589080532,,
moodys_mi_detail,Moody's MI (detail),4842,Specialized Freight Trucking,10,Logistics,Logistics,Downstream,2011,Moody's detailed,0.1403592121163865,1.3171125477022818,9.383869628807307,,
moodys_mi_detail,Moody's MI (detail),3255,"Paint, Coating, and Adhesive Manufacturing",1,Materials & Processing - Coatings & Surface Treatments,Materials & Processing - Coatings & Surface Treatments,Upstream,2012,Moody's detailed,0.5150096802925763,1.6650209063756791,3.232989534157461,,
moodys_mi_detail,Moody's MI (detail),3328,"Coating, Engraving, Heat Treating, and Allied Activities",1,Materials & Processing - Coatings & Surface Treatments,Materials & Processing - Coatings & Surface Treatments,Upstream,2012,Moody's detailed,0.2353528305668375,3.26721469598274,13.88219843421381,,
moodys_mi_detail,Moody's MI (detail),3311,Iron and Steel Mills and Ferroalloy Manufacturing,1,Materials & Processing - Metals,Materials & Processing - Metals,Upstream,2012,Moody's detailed,0.4155561904757487,2.4832915779844535,5.975826217728732,,
moodys_mi_detail,Moody's MI (detail),3312,Steel Product Manufacturing from Purchased Steel,1,Materials & Processing - Metals,Materials & Processing - Metals,Upstream,2012,Moody's detailed,0.4018232314810702,0.6307918789799458,1.569824314674206,,
moodys_mi_detail,Moody's MI (detail),3313,Alumina and Aluminum Production and Processing,1,Materials & Processing - Metals,Materials & Processing - Metals,Upstream,2012,Moody's detailed,0.3207778863371143,0.6610501945537947,2.060772337214913,,
moodys_mi_detail,Moody's MI (detail),3314,Nonferrous Metal (except Aluminum) Production and Processing,1,Materials & Processing - Metals,Materials & Processing - Metals,Upstream,2012,Moody's detailed,0.2932456097149427,0.3920925932665748,1.337079159165312,,
moodys_mi_detail,Moody's MI (detail),3252,"Resin, Synthetic Rubber, and Artificial and Synthetic Fibers and Filaments Manufacturing",1,Materials & Processing - Non-Metals,Materials & Processing - Non-Metals,Upstream,2012,Moody's detailed,0.0885140651080839,0.5479739608334292,6.190812275589219,,
moodys_mi_detail,Moody's MI (detail),3261,Plastics Product Manufacturing,1,Materials & Processing - Non-Metals,Materials & Processing - Non-Metals,Upstream,2012,Moody's detailed,0.2346645503033676,6.824433011178435,29.08165294824465,,
moodys_mi_detail,Moody's MI (detail),3262,Rubber Product Manufacturing,1,Materials & Processing - Non-Metals,Materials & Processing - Non-Metals,Upstream,2012,Moody's detailed,0.5480013167432982,2.5612828739633184,4.673862627164284,,
moodys_mi_detail,Moody's MI (detail),3272,Glass and Glass Product Manufacturing,1,Materials & Processing - Non-Metals,Materials & Processing - Non-Metals,Upstream,2012,Moody's detailed,0.5746759592860471,1.76117124366165,3.064633582114091,,
moodys_mi_detail,Moody's MI (detail),3335,Metalworking Machinery Manufacturing,2,Equipment Manufacturing,Equipment Manufacturing,Upstream,2012,Moody's detailed,0.0781138186814543,2.7619296623313563,35.35776011149088,,
moodys_mi_detail,Moody's MI (detail),3339,Other General Purpose Machinery Manufacturing,2,Equipment Manufacturing,Equipment Manufacturing,Upstream,2012,Moody's detailed,0.2191076203234622,3.0003691713060494,13.69358658944263,,
moodys_mi_detail,Moody's MI (detail),3315,Foundries,3,Forging & Foundries,Forging & Foundries,Upstream,2012,Moody's detailed,0.6718042155478705,7.034862978729048,10.47159695625305,,
moodys_mi_detail,Moody's MI (detail),3321,Forging and Stamping,3,Forging & Foundries,Forging & Foundries,Upstream,2012,Moody's detailed,0.3924501979798644,2.65673733356435,6.769616494627582,,
moodys_mi_detail,Moody's MI (detail),3326,Spring and Wire Product Manufacturing,4,Parts & Machining,Parts & Machining,Upstream,2012,Moody's detailed,0.4020278427245708,1.098358093249171,2.732044839992975,,
moodys_mi_detail,Moody's MI (detail),3327,"Machine Shops; Turned Product; and Screw, Nut, and Bolt Manufacturing",4,Parts & Machining,Parts & Machining,Upstream,2012,Moody's detailed,0.3798883431259702,10.56010006076612,27.79790496826172,,
moodys_mi_detail,Moody's MI (detail),3329,Other Fabricated Metal Product Manufacturing,4,Parts & Machining,Parts & Machining,Upstream,2012,Moody's detailed,0.1601840236697625,1.5132693348165422,9.447067817052206,,
moodys_mi_detail,Moody's MI (detail),3344,Semiconductor and Other Electronic Component Manufacturing,4,Parts & Machining,Parts & Machining,Upstream,2012,Moody's detailed,0.2236609031791956,1.735824535245968,7.760965419402054,,
moodys_mi_detail,Moody's MI (detail),3336,"Engine, Turbine, and Power Transmission Equipment Manufacturing",5,Component Systems,Component Systems,Upstream,2012,Moody's detailed,0.7169582878623106,3.066412717448632,4.276975061675452,,
moodys_mi_detail,Moody's MI (detail),3345,"Navigational, Measuring, Electro medical, and Control Instruments Manufacturing",5,Component Systems,Component Systems,Upstream,2012,Moody's detailed,0.0208760538182582,0.17233691562387812,8.255243884893238,,
moodys_mi_detail,Moody's MI (detail),3359,Other Electrical Equipment and Component Manufacturing,5,Component Systems,Component Systems,Upstream,2012,Moody's detailed,0.503516468921238,1.3880468473247403,2.756705953031824,,
moodys_mi_detail,Moody's MI (detail),5413,"Architectural, Engineering, and Related Services",6,Engineering & Design,Engineering & Design,OEM,2012,Moody's detailed,0.007242971108885,0.5023387434808964,69.35534270800476,,
moodys_mi_detail,Moody's MI (detail),5414,Industrial design,6,Engineering & Design,Engineering & Design,OEM,2012,Moody's detailed,0.0336712633047057,0.2744638170086593,8.151277679275605,,
moodys_mi_detail,Moody's MI (detail),5417,Scientific Research and Development ,6,Engineering & Design,Engineering & Design,OEM,2012,Moody's detailed,0.0026962895876024,0.05652570375267823,20.96425547633484,,
moodys_mi_detail,Moody's MI (detail),3361,Motor Vehicle Manufacturing,7,Core Automotive,Core Automotive,OEM,2012,Moody's detailed,0.0069010519260291,0.22323492639993753,32.347956339518234,,
moodys_mi_detail,Moody's MI (detail),3362,Motor Vehicle Body and Trailer Manufacturing,7,Core Automotive,Core Automotive,OEM,2012,Moody's detailed,0.3212237652633554,1.9733119222959108,6.143106879648492,,
moodys_mi_detail,Moody's MI (detail),3363,Motor Vehicle Parts Manufacturing,7,Core Automotive,Core Automotive,OEM,2012,Moody's detailed,0.8663772574866386,90.78303122830062,104.78464253743489,,
moodys_mi_detail,Moody's MI (detail),4231,Motor Vehicle and Motor Vehicle Parts and Supplies Merchant Wholesalers,8,"Motor Vehicle Parts, Materials, & Products Sales","Motor Vehicle Parts, Materials, & Products Sales",Downstream,2012,Moody's detailed,0.8079274458924952,15.433902339714832,19.10307963689168,,
moodys_mi_detail,Moody's MI (detail),4235,Metal and Mineral (except Petroleum) Merchant Wholesalers,8,"Motor Vehicle Parts, Materials, & Products Sales","Motor Vehicle Parts, Materials, & Products Sales",Downstream,2012,Moody's detailed,0.2166970044359996,1.4212471272285279,6.558683775660065,,
moodys_mi_detail,Moody's MI (detail),4238,"Machinery, Equipment, and Supplies Merchant Wholesalers",8,"Motor Vehicle Parts, Materials, & Products Sales","Motor Vehicle Parts, Materials, & Products Sales",Downstream,2012,Moody's detailed,0.4099321154017989,9.173706099147262,22.378598198278674,,
moodys_mi_detail,Moody's MI (detail),4239,Miscellaneous Durable Goods Merchant Wholesalers,8,"Motor Vehicle Parts, Materials, & Products Sales","Motor Vehicle Parts, Materials, & Products Sales",Downstream,2012,Moody's detailed,0.2166970044359996,1.6744329883958484,7.727070306088998,,
moodys_mi_detail,Moody's MI (detail),4247,Petroleum and Petroleum Products Merchant Wholesalers,8,"Motor Vehicle Parts, Materials, & Products Sales","Motor Vehicle Parts, Materials, & Products Sales",Downstream,2012,Moody's detailed,0.0091543465435165,0.027960335846229423,3.054323507780261,,
moodys_mi_detail,Moody's MI (detail),4413,"Automotive Parts, Accessories, and Tire Retailers",8,"Motor Vehicle Parts, Materials, & Products Sales","Motor Vehicle Parts, Materials, & Products Sales",Downstream,2012,Moody's detailed,0.055639800066299,0.8829674064488295,15.86934901629243,,
moodys_mi_detail,Moody's MI (detail),4571,Gasoline Stations,8,"Motor Vehicle Parts, Materials, & Products Sales","Motor Vehicle Parts, Materials, & Products Sales",Downstream,2012,Moody's detailed,0.0019959124612901,0.04729971365143333,23.69829066594442,,
moodys_mi_detail,Moody's MI (detail),4411,Automobile Dealers,9,"Dealers, Maintenance, & Repair","Dealers, Maintenance, & Repair",Downstream,2012,Moody's detailed,0.055639800066299,1.89256221801576,34.01454023487917,,
moodys_mi_detail,Moody's MI (detail),8111,Automotive Repair and Maintenance,9,"Dealers, Maintenance, & Repair","Dealers, Maintenance, & Repair",Downstream,2012,Moody's detailed,0.0062359117458964,0.16457045769864995,26.39076119172903,,
moodys_mi_detail,Moody's MI (detail),4841,General Freight Trucking,10,Logistics,Logistics,Downstream,2012,Moody's detailed,0.1403592121163865,4.094287651391768,29.17006721295048,,
moodys_mi_detail,Moody's MI (detail),4842,Specialized Freight Trucking,10,Logistics,Logistics,Downstream,2012,Moody's detailed,0.1403592121163865,1.3467038794825343,9.594695347576057,,
moodys_mi_detail,Moody's MI (detail),3255,"Paint, Coating, and Adhesive Manufacturing",1,Materials & Processing - Coatings & Surface Treatments,Materials & Processing - Coatings & Surface Treatments,Upstream,2013,Moody's detailed,0.5150096802925763,1.798689084002828,3.492534515042504,,
moodys_mi_detail,Moody's MI (detail),3328,"Coating, Engraving, Heat Treating, and Allied Activities",1,Materials & Processing - Coatings & Surface Treatments,Materials & Processing - Coatings & Surface Treatments,Upstream,2013,Moody's detailed,0.2353528305668375,3.3077519641821027,14.05443884492708,,
moodys_mi_detail,Moody's MI (detail),3311,Iron and Steel Mills and Ferroalloy Manufacturing,1,Materials & Processing - Metals,Materials & Processing - Metals,Upstream,2013,Moody's detailed,0.4155561904757487,2.395589606908872,5.764779016205451,,
moodys_mi_detail,Moody's MI (detail),3312,Steel Product Manufacturing from Purchased Steel,1,Materials & Processing - Metals,Materials & Processing - Metals,Upstream,2013,Moody's detailed,0.4018232314810702,0.6261330958321871,1.55823020367523,,
moodys_mi_detail,Moody's MI (detail),3313,Alumina and Aluminum Production and Processing,1,Materials & Processing - Metals,Materials & Processing - Metals,Upstream,2013,Moody's detailed,0.3207778863371143,0.8424601800702913,2.62630379447331,,
moodys_mi_detail,Moody's MI (detail),3314,Nonferrous Metal (except Aluminum) Production and Processing,1,Materials & Processing - Metals,Materials & Processing - Metals,Upstream,2013,Moody's detailed,0.2932456097149427,0.3937033342451058,1.342571964258274,,
moodys_mi_detail,Moody's MI (detail),3252,"Resin, Synthetic Rubber, and Artificial and Synthetic Fibers and Filaments Manufacturing",1,Materials & Processing - Non-Metals,Materials & Processing - Non-Metals,Upstream,2013,Moody's detailed,0.0885140651080839,0.5438002908759618,6.143659656936229,,
moodys_mi_detail,Moody's MI (detail),3261,Plastics Product Manufacturing,1,Materials & Processing - Non-Metals,Materials & Processing - Non-Metals,Upstream,2013,Moody's detailed,0.2346645503033676,7.12592093932293,30.36641422878208,,
moodys_mi_detail,Moody's MI (detail),3262,Rubber Product Manufacturing,1,Materials & Processing - Non-Metals,Materials & Processing - Non-Metals,Upstream,2013,Moody's detailed,0.5480013167432982,2.8863060591710266,5.266969204242017,,
moodys_mi_detail,Moody's MI (detail),3272,Glass and Glass Product Manufacturing,1,Materials & Processing - Non-Metals,Materials & Processing - Non-Metals,Upstream,2013,Moody's detailed,0.5746759592860471,1.6681002510837777,2.902679717376997,,
moodys_mi_detail,Moody's MI (detail),3335,Metalworking Machinery Manufacturing,2,Equipment Manufacturing,Equipment Manufacturing,Upstream,2013,Moody's detailed,0.0781138186814543,2.8198531618318676,36.099287033081055,,
moodys_mi_detail,Moody's MI (detail),3339,Other General Purpose Machinery Manufacturing,2,Equipment Manufacturing,Equipment Manufacturing,Upstream,2013,Moody's detailed,0.2191076203234622,3.2058872197060495,14.63156422845217,,
moodys_mi_detail,Moody's MI (detail),3315,Foundries,3,Forging & Foundries,Forging & Foundries,Upstream,2013,Moody's detailed,0.6718042155478705,6.813730158022892,10.1424343585968,,
moodys_mi_detail,Moody's MI (detail),3321,Forging and Stamping,3,Forging & Foundries,Forging & Foundries,Upstream,2013,Moody's detailed,0.3924501979798644,2.7038905710507013,6.88976737677536,,
moodys_mi_detail,Moody's MI (detail),3326,Spring and Wire Product Manufacturing,4,Parts & Machining,Parts & Machining,Upstream,2013,Moody's detailed,0.4020278427245708,1.1563337508151643,2.876252905715708,,
moodys_mi_detail,Moody's MI (detail),3327,"Machine Shops; Turned Product; and Screw, Nut, and Bolt Manufacturing",4,Parts & Machining,Parts & Machining,Upstream,2013,Moody's detailed,0.3798883431259702,10.896309180993525,28.68292586008708,,
moodys_mi_detail,Moody's MI (detail),3329,Other Fabricated Metal Product Manufacturing,4,Parts & Machining,Parts & Machining,Upstream,2013,Moody's detailed,0.1601840236697625,1.4932252632403844,9.3219362894694,,
moodys_mi_detail,Moody's MI (detail),3344,Semiconductor and Other Electronic Component Manufacturing,4,Parts & Machining,Parts & Machining,Upstream,2013,Moody's detailed,0.2236609031791956,1.6753552611617533,7.490604023088783,,
moodys_mi_detail,Moody's MI (detail),3336,"Engine, Turbine, and Power Transmission Equipment Manufacturing",5,Component Systems,Component Systems,Upstream,2013,Moody's detailed,0.7169582878623106,2.966516698825352,4.13764196473737,,
moodys_mi_detail,Moody's MI (detail),3345,"Navigational, Measuring, Electro medical, and Control Instruments Manufacturing",5,Component Systems,Component Systems,Upstream,2013,Moody's detailed,0.0208760538182582,0.18004633678523468,8.624538830598633,,
moodys_mi_detail,Moody's MI (detail),3359,Other Electrical Equipment and Component Manufacturing,5,Component Systems,Component Systems,Upstream,2013,Moody's detailed,0.503516468921238,1.3020225142589552,2.585858843998651,,
moodys_mi_detail,Moody's MI (detail),5413,"Architectural, Engineering, and Related Services",6,Engineering & Design,Engineering & Design,OEM,2013,Moody's detailed,0.007242971108885,0.521810742035135,72.04374202114742,,
moodys_mi_detail,Moody's MI (detail),5414,Industrial design,6,Engineering & Design,Engineering & Design,OEM,2013,Moody's detailed,0.0336712633047057,0.2859267802529845,8.491715254800821,,
moodys_mi_detail,Moody's MI (detail),5417,Scientific Research and Development ,6,Engineering & Design,Engineering & Design,OEM,2013,Moody's detailed,0.0026962895876024,0.05778258701123771,21.4304083941589,,
moodys_mi_detail,Moody's MI (detail),3361,Motor Vehicle Manufacturing,7,Core Automotive,Core Automotive,OEM,2013,Moody's detailed,0.0069010519260291,0.2482492125741517,35.97266260782877,,
moodys_mi_detail,Moody's MI (detail),3362,Motor Vehicle Body and Trailer Manufacturing,7,Core Automotive,Core Automotive,OEM,2013,Moody's detailed,0.3212237652633554,2.0418844373992613,6.356579612735756,,
moodys_mi_detail,Moody's MI (detail),3363,Motor Vehicle Parts Manufacturing,7,Core Automotive,Core Automotive,OEM,2013,Moody's detailed,0.8663772574866386,96.59253904749941,111.49015998840329,,
moodys_mi_detail,Moody's MI (detail),4231,Motor Vehicle and Motor Vehicle Parts and Supplies Merchant Wholesalers,8,"Motor Vehicle Parts, Materials, & Products Sales","Motor Vehicle Parts, Materials, & Products Sales",Downstream,2013,Moody's detailed,0.8079274458924952,15.862549661181399,19.63363138834636,,
moodys_mi_detail,Moody's MI (detail),4235,Metal and Mineral (except Petroleum) Merchant Wholesalers,8,"Motor Vehicle Parts, Materials, & Products Sales","Motor Vehicle Parts, Materials, & Products Sales",Downstream,2013,Moody's detailed,0.2166970044359996,1.442829139138425,6.658279116011303,,
moodys_mi_detail,Moody's MI (detail),4238,"Machinery, Equipment, and Supplies Merchant Wholesalers",8,"Motor Vehicle Parts, Materials, & Products Sales","Motor Vehicle Parts, Materials, & Products Sales",Downstream,2013,Moody's detailed,0.4099321154017989,9.44596615600491,23.04275708368532,,
moodys_mi_detail,Moody's MI (detail),4239,Miscellaneous Durable Goods Merchant Wholesalers,8,"Motor Vehicle Parts, Materials, & Products Sales","Motor Vehicle Parts, Materials, & Products Sales",Downstream,2013,Moody's detailed,0.2166970044359996,1.6753604203789123,7.731350162127977,,
moodys_mi_detail,Moody's MI (detail),4247,Petroleum and Petroleum Products Merchant Wholesalers,8,"Motor Vehicle Parts, Materials, & Products Sales","Motor Vehicle Parts, Materials, & Products Sales",Downstream,2013,Moody's detailed,0.0091543465435165,0.0275900042329194,3.013869324453292,,
moodys_mi_detail,Moody's MI (detail),4413,"Automotive Parts, Accessories, and Tire Retailers",8,"Motor Vehicle Parts, Materials, & Products Sales","Motor Vehicle Parts, Materials, & Products Sales",Downstream,2013,Moody's detailed,0.055639800066299,0.9187237866121432,16.51198935865001,,
moodys_mi_detail,Moody's MI (detail),4571,Gasoline Stations,8,"Motor Vehicle Parts, Materials, & Products Sales","Motor Vehicle Parts, Materials, & Products Sales",Downstream,2013,Moody's detailed,0.0019959124612901,0.049209033075788285,24.65490547815959,,
moodys_mi_detail,Moody's MI (detail),4411,Automobile Dealers,9,"Dealers, Maintenance, & Repair","Dealers, Maintenance, & Repair",Downstream,2013,Moody's detailed,0.055639800066299,1.9364333759018477,34.80302541695768,,
moodys_mi_detail,Moody's MI (detail),8111,Automotive Repair and Maintenance,9,"Dealers, Maintenance, & Repair","Dealers, Maintenance, & Repair",Downstream,2013,Moody's detailed,0.0062359117458964,0.16616842245270308,26.647013175266913,,
moodys_mi_detail,Moody's MI (detail),4841,General Freight Trucking,10,Logistics,Logistics,Downstream,2013,Moody's detailed,0.1403592121163865,4.3646243744751745,31.09610198478464,,
moodys_mi_detail,Moody's MI (detail),4842,Specialized Freight Trucking,10,Logistics,Logistics,Downstream,2013,Moody's detailed,0.1403592121163865,1.3999650118839357,9.974158381019398,,
moodys_mi_detail,Moody's MI (detail),3255,"Paint, Coating, and Adhesive Manufacturing",1,Materials & Processing - Coatings & Surface Treatments,Materials & Processing - Coatings & Surface Treatments,Upstream,2014,Moody's detailed,0.5150096802925763,2.145301227757325,4.16555515332951,,
moodys_mi_detail,Moody's MI (detail),3328,"Coating, Engraving, Heat Treating, and Allied Activities",1,Materials & Processing - Coatings & Surface Treatments,Materials & Processing - Coatings & Surface Treatments,Upstream,2014,Moody's detailed,0.2353528305668375,3.409088094804494,14.48500995970113,,
moodys_mi_detail,Moody's MI (detail),3311,Iron and Steel Mills and Ferroalloy Manufacturing,1,Materials & Processing - Metals,Materials & Processing - Metals,Upstream,2014,Moody's detailed,0.4155561904757487,2.441096294605146,5.874286920886587,,
moodys_mi_detail,Moody's MI (detail),3312,Steel Product Manufacturing from Purchased Steel,1,Materials & Processing - Metals,Materials & Processing - Metals,Upstream,2014,Moody's detailed,0.4018232314810702,0.6572002011718819,1.635545557556551,,
moodys_mi_detail,Moody's MI (detail),3313,Alumina and Aluminum Production and Processing,1,Materials & Processing - Metals,Materials & Processing - Metals,Upstream,2014,Moody's detailed,0.3207778863371143,0.9129465061319381,2.846039409251851,,
moodys_mi_detail,Moody's MI (detail),3314,Nonferrous Metal (except Aluminum) Production and Processing,1,Materials & Processing - Metals,Materials & Processing - Metals,Upstream,2014,Moody's detailed,0.2932456097149427,0.4037061364875091,1.376682627507851,,
moodys_mi_detail,Moody's MI (detail),3252,"Resin, Synthetic Rubber, and Artificial and Synthetic Fibers and Filaments Manufacturing",1,Materials & Processing - Non-Metals,Materials & Processing - Non-Metals,Upstream,2014,Moody's detailed,0.0885140651080839,0.5420632679808712,6.124035398430312,,
moodys_mi_detail,Moody's MI (detail),3261,Plastics Product Manufacturing,1,Materials & Processing - Non-Metals,Materials & Processing - Non-Metals,Upstream,2014,Moody's detailed,0.2346645503033676,7.6499998941101195,32.59972537062125,,
moodys_mi_detail,Moody's MI (detail),3262,Rubber Product Manufacturing,1,Materials & Processing - Non-Metals,Materials & Processing - Non-Metals,Upstream,2014,Moody's detailed,0.5480013167432982,2.9364813650652906,5.358529761418136,,
moodys_mi_detail,Moody's MI (detail),3272,Glass and Glass Product Manufacturing,1,Materials & Processing - Non-Metals,Materials & Processing - Non-Metals,Upstream,2014,Moody's detailed,0.5746759592860471,1.7597397663747756,3.062142652636803,,
moodys_mi_detail,Moody's MI (detail),3335,Metalworking Machinery Manufacturing,2,Equipment Manufacturing,Equipment Manufacturing,Upstream,2014,Moody's detailed,0.0781138186814543,2.8504450639566454,36.49091943105062,,
moodys_mi_detail,Moody's MI (detail),3339,Other General Purpose Machinery Manufacturing,2,Equipment Manufacturing,Equipment Manufacturing,Upstream,2014,Moody's detailed,0.2191076203234622,3.3894414479032022,15.46929971171002,,
moodys_mi_detail,Moody's MI (detail),3315,Foundries,3,Forging & Foundries,Forging & Foundries,Upstream,2014,Moody's detailed,0.6718042155478705,7.003118445884542,10.42434430122376,,
moodys_mi_detail,Moody's MI (detail),3321,Forging and Stamping,3,Forging & Foundries,Forging & Foundries,Upstream,2014,Moody's detailed,0.3924501979798644,2.7195393674192765,6.929641981117841,,
moodys_mi_detail,Moody's MI (detail),3326,Spring and Wire Product Manufacturing,4,Parts & Machining,Parts & Machining,Upstream,2014,Moody's detailed,0.4020278427245708,1.237756997761602,3.078784268704467,,
moodys_mi_detail,Moody's MI (detail),3327,"Machine Shops; Turned Product; and Screw, Nut, and Bolt Manufacturing",4,Parts & Machining,Parts & Machining,Upstream,2014,Moody's detailed,0.3798883431259702,11.332990851221998,29.83242591222127,,
moodys_mi_detail,Moody's MI (detail),3329,Other Fabricated Metal Product Manufacturing,4,Parts & Machining,Parts & Machining,Upstream,2014,Moody's detailed,0.1601840236697625,1.54572064518489,9.64965550104777,,
moodys_mi_detail,Moody's MI (detail),3344,Semiconductor and Other Electronic Component Manufacturing,4,Parts & Machining,Parts & Machining,Upstream,2014,Moody's detailed,0.2236609031791956,1.77290560319918,7.926756880610197,,
moodys_mi_detail,Moody's MI (detail),3336,"Engine, Turbine, and Power Transmission Equipment Manufacturing",5,Component Systems,Component Systems,Upstream,2014,Moody's detailed,0.7169582878623106,3.0992558911028145,4.322784105535043,,
moodys_mi_detail,Moody's MI (detail),3345,"Navigational, Measuring, Electro medical, and Control Instruments Manufacturing",5,Component Systems,Component Systems,Upstream,2014,Moody's detailed,0.0208760538182582,0.1813365848949958,8.686344003213806,,
moodys_mi_detail,Moody's MI (detail),3359,Other Electrical Equipment and Component Manufacturing,5,Component Systems,Component Systems,Upstream,2014,Moody's detailed,0.503516468921238,1.368031660547398,2.716955144443132,,
moodys_mi_detail,Moody's MI (detail),5413,"Architectural, Engineering, and Related Services",6,Engineering & Design,Engineering & Design,OEM,2014,Moody's detailed,0.007242971108885,0.5417646676905943,74.79867854588126,,
moodys_mi_detail,Moody's MI (detail),5414,Industrial design,6,Engineering & Design,Engineering & Design,OEM,2014,Moody's detailed,0.0336712633047057,0.3012992196818267,8.948260032753772,,
moodys_mi_detail,Moody's MI (detail),5417,Scientific Research and Development ,6,Engineering & Design,Engineering & Design,OEM,2014,Moody's detailed,0.0026962895876024,0.059610132391082246,22.10820850444662,,
moodys_mi_detail,Moody's MI (detail),3361,Motor Vehicle Manufacturing,7,Core Automotive,Core Automotive,OEM,2014,Moody's detailed,0.0069010519260291,0.26111531159144247,37.8370304107666,,
moodys_mi_detail,Moody's MI (detail),3362,Motor Vehicle Body and Trailer Manufacturing,7,Core Automotive,Core Automotive,OEM,2014,Moody's detailed,0.3212237652633554,2.1879823127626383,6.811396133685253,,
moodys_mi_detail,Moody's MI (detail),3363,Motor Vehicle Parts Manufacturing,7,Core Automotive,Core Automotive,OEM,2014,Moody's detailed,0.8663772574866386,102.94005747987406,118.8166662851969,,
moodys_mi_detail,Moody's MI (detail),4231,Motor Vehicle and Motor Vehicle Parts and Supplies Merchant Wholesalers,8,"Motor Vehicle Parts, Materials, & Products Sales","Motor Vehicle Parts, Materials, & Products Sales",Downstream,2014,Moody's detailed,0.8079274458924952,16.66996947621807,20.63300307591756,,
moodys_mi_detail,Moody's MI (detail),4235,Metal and Mineral (except Petroleum) Merchant Wholesalers,8,"Motor Vehicle Parts, Materials, & Products Sales","Motor Vehicle Parts, Materials, & Products Sales",Downstream,2014,Moody's detailed,0.2166970044359996,1.5000209915808633,6.922204556934183,,
moodys_mi_detail,Moody's MI (detail),4238,"Machinery, Equipment, and Supplies Merchant Wholesalers",8,"Motor Vehicle Parts, Materials, & Products Sales","Motor Vehicle Parts, Materials, & Products Sales",Downstream,2014,Moody's detailed,0.4099321154017989,9.62910347163724,23.48950743271037,,
moodys_mi_detail,Moody's MI (detail),4239,Miscellaneous Durable Goods Merchant Wholesalers,8,"Motor Vehicle Parts, Materials, & Products Sales","Motor Vehicle Parts, Materials, & Products Sales",Downstream,2014,Moody's detailed,0.2166970044359996,1.6826989295894896,7.765215462802886,,
moodys_mi_detail,Moody's MI (detail),4247,Petroleum and Petroleum Products Merchant Wholesalers,8,"Motor Vehicle Parts, Materials, & Products Sales","Motor Vehicle Parts, Materials, & Products Sales",Downstream,2014,Moody's detailed,0.0091543465435165,0.028953372348006327,3.162800557131229,,
moodys_mi_detail,Moody's MI (detail),4413,"Automotive Parts, Accessories, and Tire Retailers",8,"Motor Vehicle Parts, Materials, & Products Sales","Motor Vehicle Parts, Materials, & Products Sales",Downstream,2014,Moody's detailed,0.055639800066299,0.9527108916190541,17.12283096782928,,
moodys_mi_detail,Moody's MI (detail),4571,Gasoline Stations,8,"Motor Vehicle Parts, Materials, & Products Sales","Motor Vehicle Parts, Materials, & Products Sales",Downstream,2014,Moody's detailed,0.0019959124612901,0.0512727702353138,25.688887278238926,,
moodys_mi_detail,Moody's MI (detail),4411,Automobile Dealers,9,"Dealers, Maintenance, & Repair","Dealers, Maintenance, & Repair",Downstream,2014,Moody's detailed,0.055639800066299,2.030272371550392,36.48956986062441,,
moodys_mi_detail,Moody's MI (detail),8111,Automotive Repair and Maintenance,9,"Dealers, Maintenance, & Repair","Dealers, Maintenance, & Repair",Downstream,2014,Moody's detailed,0.0062359117458964,0.17447420442455552,27.97894061592034,,
moodys_mi_detail,Moody's MI (detail),4841,General Freight Trucking,10,Logistics,Logistics,Downstream,2014,Moody's detailed,0.1403592121163865,4.616171474608173,32.88826864303301,,
moodys_mi_detail,Moody's MI (detail),4842,Specialized Freight Trucking,10,Logistics,Logistics,Downstream,2014,Moody's detailed,0.1403592121163865,1.4795530750595554,10.54118965723962,,
moodys_mi_detail,Moody's MI (detail),3255,"Paint, Coating, and Adhesive Manufacturing",1,Materials & Processing - Coatings & Surface Treatments,Materials & Processing - Coatings & Surface Treatments,Upstream,2015,Moody's detailed,0.5150096802925763,2.2513283754169917,4.371429240199942,,
moodys_mi_detail,Moody's MI (detail),3328,"Coating, Engraving, Heat Treating, and Allied Activities",1,Materials & Processing - Coatings & Surface Treatments,Materials & Processing - Coatings & Surface Treatments,Upstream,2015,Moody's detailed,0.2353528305668375,3.3316273263134346,14.15588382042973,,
moodys_mi_detail,Moody's MI (detail),3311,Iron and Steel Mills and Ferroalloy Manufacturing,1,Materials & Processing - Metals,Materials & Processing - Metals,Upstream,2015,Moody's detailed,0.4155561904757487,2.2952276878182527,5.52326674568502,,
moodys_mi_detail,Moody's MI (detail),3312,Steel Product Manufacturing from Purchased Steel,1,Materials & Processing - Metals,Materials & Processing - Metals,Upstream,2015,Moody's detailed,0.4018232314810702,0.7019046120843638,1.746799480700086,,
moodys_mi_detail,Moody's MI (detail),3313,Alumina and Aluminum Production and Processing,1,Materials & Processing - Metals,Materials & Processing - Metals,Upstream,2015,Moody's detailed,0.3207778863371143,1.0098212579162151,3.148038879634509,,
moodys_mi_detail,Moody's MI (detail),3314,Nonferrous Metal (except Aluminum) Production and Processing,1,Materials & Processing - Metals,Materials & Processing - Metals,Upstream,2015,Moody's detailed,0.2932456097149427,0.41002518637756274,1.39823128733671,,
moodys_mi_detail,Moody's MI (detail),3252,"Resin, Synthetic Rubber, and Artificial and Synthetic Fibers and Filaments Manufacturing",1,Materials & Processing - Non-Metals,Materials & Processing - Non-Metals,Upstream,2015,Moody's detailed,0.0885140651080839,0.5396201340324706,6.096433751783337,,
moodys_mi_detail,Moody's MI (detail),3261,Plastics Product Manufacturing,1,Materials & Processing - Non-Metals,Materials & Processing - Non-Metals,Upstream,2015,Moody's detailed,0.2346645503033676,7.923822159449675,33.76659213846312,,
moodys_mi_detail,Moody's MI (detail),3262,Rubber Product Manufacturing,1,Materials & Processing - Non-Metals,Materials & Processing - Non-Metals,Upstream,2015,Moody's detailed,0.5480013167432982,2.9915140143498338,5.458954062607037,,
moodys_mi_detail,Moody's MI (detail),3272,Glass and Glass Product Manufacturing,1,Materials & Processing - Non-Metals,Materials & Processing - Non-Metals,Upstream,2015,Moody's detailed,0.5746759592860471,1.8903145940466632,3.289357356091787,,
moodys_mi_detail,Moody's MI (detail),3335,Metalworking Machinery Manufacturing,2,Equipment Manufacturing,Equipment Manufacturing,Upstream,2015,Moody's detailed,0.0781138186814543,2.920135716860596,37.383087476094566,,
moodys_mi_detail,Moody's MI (detail),3339,Other General Purpose Machinery Manufacturing,2,Equipment Manufacturing,Equipment Manufacturing,Upstream,2015,Moody's detailed,0.2191076203234622,3.476809765171521,15.86804584906179,,
moodys_mi_detail,Moody's MI (detail),3315,Foundries,3,Forging & Foundries,Forging & Foundries,Upstream,2015,Moody's detailed,0.6718042155478705,7.014844963108416,10.44179956118266,,
moodys_mi_detail,Moody's MI (detail),3321,Forging and Stamping,3,Forging & Foundries,Forging & Foundries,Upstream,2015,Moody's detailed,0.3924501979798644,2.83126860963826,7.214338594329171,,
moodys_mi_detail,Moody's MI (detail),3326,Spring and Wire Product Manufacturing,4,Parts & Machining,Parts & Machining,Upstream,2015,Moody's detailed,0.4020278427245708,1.2923805722431512,3.21465439678157,,
moodys_mi_detail,Moody's MI (detail),3327,"Machine Shops; Turned Product; and Screw, Nut, and Bolt Manufacturing",4,Parts & Machining,Parts & Machining,Upstream,2015,Moody's detailed,0.3798883431259702,11.665703633778065,30.70824321111043,,
moodys_mi_detail,Moody's MI (detail),3329,Other Fabricated Metal Product Manufacturing,4,Parts & Machining,Parts & Machining,Upstream,2015,Moody's detailed,0.1601840236697625,1.6018586828768802,10.00011515617371,,
moodys_mi_detail,Moody's MI (detail),3344,Semiconductor and Other Electronic Component Manufacturing,4,Parts & Machining,Parts & Machining,Upstream,2015,Moody's detailed,0.2236609031791956,1.920599779165923,8.587105532821495,,
moodys_mi_detail,Moody's MI (detail),3336,"Engine, Turbine, and Power Transmission Equipment Manufacturing",5,Component Systems,Component Systems,Upstream,2015,Moody's detailed,0.7169582878623106,3.243158622290638,4.523496941447555,,
moodys_mi_detail,Moody's MI (detail),3345,"Navigational, Measuring, Electro medical, and Control Instruments Manufacturing",5,Component Systems,Component Systems,Upstream,2015,Moody's detailed,0.0208760538182582,0.18650440080984634,8.933891550266534,,
moodys_mi_detail,Moody's MI (detail),3359,Other Electrical Equipment and Component Manufacturing,5,Component Systems,Component Systems,Upstream,2015,Moody's detailed,0.503516468921238,1.5885651911852137,3.154941872286015,,
moodys_mi_detail,Moody's MI (detail),5413,"Architectural, Engineering, and Related Services",6,Engineering & Design,Engineering & Design,OEM,2015,Moody's detailed,0.007242971108885,0.5607241687569249,77.41631995039727,,
moodys_mi_detail,Moody's MI (detail),5414,Industrial design,6,Engineering & Design,Engineering & Design,OEM,2015,Moody's detailed,0.0336712633047057,0.2577210022748113,7.654034241085149,,
moodys_mi_detail,Moody's MI (detail),5417,Scientific Research and Development ,6,Engineering & Design,Engineering & Design,OEM,2015,Moody's detailed,0.0026962895876024,0.061773192559698216,22.9104443542462,,
moodys_mi_detail,Moody's MI (detail),3361,Motor Vehicle Manufacturing,7,Core Automotive,Core Automotive,OEM,2015,Moody's detailed,0.0069010519260291,0.2719817357959362,39.41163444519043,,
moodys_mi_detail,Moody's MI (detail),3362,Motor Vehicle Body and Trailer Manufacturing,7,Core Automotive,Core Automotive,OEM,2015,Moody's detailed,0.3212237652633554,2.5997629834410967,8.093308355655692,,
moodys_mi_detail,Moody's MI (detail),3363,Motor Vehicle Parts Manufacturing,7,Core Automotive,Core Automotive,OEM,2015,Moody's detailed,0.8663772574866386,107.47491555871768,124.05094273885089,,
moodys_mi_detail,Moody's MI (detail),4231,Motor Vehicle and Motor Vehicle Parts and Supplies Merchant Wholesalers,8,"Motor Vehicle Parts, Materials, & Products Sales","Motor Vehicle Parts, Materials, & Products Sales",Downstream,2015,Moody's detailed,0.8079274458924952,16.987251731181022,21.02571439743042,,
moodys_mi_detail,Moody's MI (detail),4235,Metal and Mineral (except Petroleum) Merchant Wholesalers,8,"Motor Vehicle Parts, Materials, & Products Sales","Motor Vehicle Parts, Materials, & Products Sales",Downstream,2015,Moody's detailed,0.2166970044359996,1.4680092397875304,6.774478694840933,,
moodys_mi_detail,Moody's MI (detail),4238,"Machinery, Equipment, and Supplies Merchant Wholesalers",8,"Motor Vehicle Parts, Materials, & Products Sales","Motor Vehicle Parts, Materials, & Products Sales",Downstream,2015,Moody's detailed,0.4099321154017989,9.875913528473514,24.09158286804034,,
moodys_mi_detail,Moody's MI (detail),4239,Miscellaneous Durable Goods Merchant Wholesalers,8,"Motor Vehicle Parts, Materials, & Products Sales","Motor Vehicle Parts, Materials, & Products Sales",Downstream,2015,Moody's detailed,0.2166970044359996,1.6554705857010084,7.639563777126155,,
moodys_mi_detail,Moody's MI (detail),4247,Petroleum and Petroleum Products Merchant Wholesalers,8,"Motor Vehicle Parts, Materials, & Products Sales","Motor Vehicle Parts, Materials, & Products Sales",Downstream,2015,Moody's detailed,0.0091543465435165,0.030335087183144618,3.313735943788279,,
moodys_mi_detail,Moody's MI (detail),4413,"Automotive Parts, Accessories, and Tire Retailers",8,"Motor Vehicle Parts, Materials, & Products Sales","Motor Vehicle Parts, Materials, & Products Sales",Downstream,2015,Moody's detailed,0.055639800066299,0.98355784655652,17.67723545707456,,
moodys_mi_detail,Moody's MI (detail),4571,Gasoline Stations,8,"Motor Vehicle Parts, Materials, & Products Sales","Motor Vehicle Parts, Materials, & Products Sales",Downstream,2015,Moody's detailed,0.0019959124612901,0.05265759357034326,26.38271697362264,,
moodys_mi_detail,Moody's MI (detail),4411,Automobile Dealers,9,"Dealers, Maintenance, & Repair","Dealers, Maintenance, & Repair",Downstream,2015,Moody's detailed,0.055639800066299,2.132307616422186,38.323423410605024,,
moodys_mi_detail,Moody's MI (detail),8111,Automotive Repair and Maintenance,9,"Dealers, Maintenance, & Repair","Dealers, Maintenance, & Repair",Downstream,2015,Moody's detailed,0.0062359117458964,0.17924710485302123,28.74432996441562,,
moodys_mi_detail,Moody's MI (detail),4841,General Freight Trucking,10,Logistics,Logistics,Downstream,2015,Moody's detailed,0.1403592121163865,4.9239478492128255,35.08104509114703,,
moodys_mi_detail,Moody's MI (detail),4842,Specialized Freight Trucking,10,Logistics,Logistics,Downstream,2015,Moody's detailed,0.1403592121163865,1.5447907141224475,11.00598023335654,,
moodys_mi_detail,Moody's MI (detail),3255,"Paint, Coating, and Adhesive Manufacturing",1,Materials & Processing - Coatings & Surface Treatments,Materials & Processing - Coatings & Surface Treatments,Upstream,2016,Moody's detailed,0.5150096802925763,2.4338267247312095,4.72578830624806,,
moodys_mi_detail,Moody's MI (detail),3328,"Coating, Engraving, Heat Treating, and Allied Activities",1,Materials & Processing - Coatings & Surface Treatments,Materials & Processing - Coatings & Surface Treatments,Upstream,2016,Moody's detailed,0.2353528305668375,3.251565009427841,13.81570385874086,,
moodys_mi_detail,Moody's MI (detail),3311,Iron and Steel Mills and Ferroalloy Manufacturing,1,Materials & Processing - Metals,Materials & Processing - Metals,Upstream,2016,Moody's detailed,0.4155561904757487,2.2102003883439005,5.318655909838708,,
moodys_mi_detail,Moody's MI (detail),3312,Steel Product Manufacturing from Purchased Steel,1,Materials & Processing - Metals,Materials & Processing - Metals,Upstream,2016,Moody's detailed,0.4018232314810702,0.7118090517650137,1.771448228967187,,
moodys_mi_detail,Moody's MI (detail),3313,Alumina and Aluminum Production and Processing,1,Materials & Processing - Metals,Materials & Processing - Metals,Upstream,2016,Moody's detailed,0.3207778863371143,1.0476327450409715,3.265913236737228,,
moodys_mi_detail,Moody's MI (detail),3314,Nonferrous Metal (except Aluminum) Production and Processing,1,Materials & Processing - Metals,Materials & Processing - Metals,Upstream,2016,Moody's detailed,0.2932456097149427,0.4014407986408378,1.368957574611498,,
moodys_mi_detail,Moody's MI (detail),3252,"Resin, Synthetic Rubber, and Artificial and Synthetic Fibers and Filaments Manufacturing",1,Materials & Processing - Non-Metals,Materials & Processing - Non-Metals,Upstream,2016,Moody's detailed,0.0885140651080839,0.5437216423533454,6.142771114278965,,
moodys_mi_detail,Moody's MI (detail),3261,Plastics Product Manufacturing,1,Materials & Processing - Non-Metals,Materials & Processing - Non-Metals,Upstream,2016,Moody's detailed,0.2346645503033676,8.260319982935973,35.20054465941817,,
moodys_mi_detail,Moody's MI (detail),3262,Rubber Product Manufacturing,1,Materials & Processing - Non-Metals,Materials & Processing - Non-Metals,Upstream,2016,Moody's detailed,0.5480013167432982,3.0780286066503906,5.61682702688147,,
moodys_mi_detail,Moody's MI (detail),3272,Glass and Glass Product Manufacturing,1,Materials & Processing - Non-Metals,Materials & Processing - Non-Metals,Upstream,2016,Moody's detailed,0.5746759592860471,1.7591734421899932,3.061157185652094,,
moodys_mi_detail,Moody's MI (detail),3335,Metalworking Machinery Manufacturing,2,Equipment Manufacturing,Equipment Manufacturing,Upstream,2016,Moody's detailed,0.0781138186814543,2.9162670847768113,37.33356189727783,,
moodys_mi_detail,Moody's MI (detail),3339,Other General Purpose Machinery Manufacturing,2,Equipment Manufacturing,Equipment Manufacturing,Upstream,2016,Moody's detailed,0.2191076203234622,3.5099856323340073,16.01945941976969,,
moodys_mi_detail,Moody's MI (detail),3315,Foundries,3,Forging & Foundries,Forging & Foundries,Upstream,2016,Moody's detailed,0.6718042155478705,6.930835746947364,10.31674941380819,,
moodys_mi_detail,Moody's MI (detail),3321,Forging and Stamping,3,Forging & Foundries,Forging & Foundries,Upstream,2016,Moody's detailed,0.3924501979798644,2.8935570746097348,7.373055459022079,,
moodys_mi_detail,Moody's MI (detail),3326,Spring and Wire Product Manufacturing,4,Parts & Machining,Parts & Machining,Upstream,2016,Moody's detailed,0.4020278427245708,1.3501695496651205,3.358398116197443,,
moodys_mi_detail,Moody's MI (detail),3327,"Machine Shops; Turned Product; and Screw, Nut, and Bolt Manufacturing",4,Parts & Machining,Parts & Machining,Upstream,2016,Moody's detailed,0.3798883431259702,11.301355105916942,29.74914948145549,,
moodys_mi_detail,Moody's MI (detail),3329,Other Fabricated Metal Product Manufacturing,4,Parts & Machining,Parts & Machining,Upstream,2016,Moody's detailed,0.1601840236697625,1.5911281368544965,9.933126290639242,,
moodys_mi_detail,Moody's MI (detail),3344,Semiconductor and Other Electronic Component Manufacturing,4,Parts & Machining,Parts & Machining,Upstream,2016,Moody's detailed,0.2236609031791956,2.086405790615773,9.32843318147633,,
moodys_mi_detail,Moody's MI (detail),3336,"Engine, Turbine, and Power Transmission Equipment Manufacturing",5,Component Systems,Component Systems,Upstream,2016,Moody's detailed,0.7169582878623106,3.120467104244343,4.352369108596759,,
moodys_mi_detail,Moody's MI (detail),3345,"Navigational, Measuring, Electro medical, and Control Instruments Manufacturing",5,Component Systems,Component Systems,Upstream,2016,Moody's detailed,0.0208760538182582,0.18660572859334734,8.938745330793406,,
moodys_mi_detail,Moody's MI (detail),3359,Other Electrical Equipment and Component Manufacturing,5,Component Systems,Component Systems,Upstream,2016,Moody's detailed,0.503516468921238,1.6697443634941795,3.316166335277044,,
moodys_mi_detail,Moody's MI (detail),5413,"Architectural, Engineering, and Related Services",6,Engineering & Design,Engineering & Design,OEM,2016,Moody's detailed,0.007242971108885,0.5785872739685877,79.88258758326826,,
moodys_mi_detail,Moody's MI (detail),5414,Industrial design,6,Engineering & Design,Engineering & Design,OEM,2016,Moody's detailed,0.0336712633047057,0.29969439250211477,8.90059840612607,,
moodys_mi_detail,Moody's MI (detail),5417,Scientific Research and Development ,6,Engineering & Design,Engineering & Design,OEM,2016,Moody's detailed,0.0026962895876024,0.058985864694098424,21.87668007372678,,
moodys_mi_detail,Moody's MI (detail),3361,Motor Vehicle Manufacturing,7,Core Automotive,Core Automotive,OEM,2016,Moody's detailed,0.0069010519260291,0.2755178149990947,39.92403157552084,,
moodys_mi_detail,Moody's MI (detail),3362,Motor Vehicle Body and Trailer Manufacturing,7,Core Automotive,Core Automotive,OEM,2016,Moody's detailed,0.3212237652633554,2.7423057373719413,8.537057446928502,,
moodys_mi_detail,Moody's MI (detail),3363,Motor Vehicle Parts Manufacturing,7,Core Automotive,Core Automotive,OEM,2016,Moody's detailed,0.8663772574866386,112.51118780081508,129.8639672597249,,
moodys_mi_detail,Moody's MI (detail),4231,Motor Vehicle and Motor Vehicle Parts and Supplies Merchant Wholesalers,8,"Motor Vehicle Parts, Materials, & Products Sales","Motor Vehicle Parts, Materials, & Products Sales",Downstream,2016,Moody's detailed,0.8079274458924952,17.24274607783689,21.341948668162033,,
moodys_mi_detail,Moody's MI (detail),4235,Metal and Mineral (except Petroleum) Merchant Wholesalers,8,"Motor Vehicle Parts, Materials, & Products Sales","Motor Vehicle Parts, Materials, & Products Sales",Downstream,2016,Moody's detailed,0.2166970044359996,1.4831953300272969,6.844558529489739,,
moodys_mi_detail,Moody's MI (detail),4238,"Machinery, Equipment, and Supplies Merchant Wholesalers",8,"Motor Vehicle Parts, Materials, & Products Sales","Motor Vehicle Parts, Materials, & Products Sales",Downstream,2016,Moody's detailed,0.4099321154017989,9.949302761333952,24.270610638988472,,
moodys_mi_detail,Moody's MI (detail),4239,Miscellaneous Durable Goods Merchant Wholesalers,8,"Motor Vehicle Parts, Materials, & Products Sales","Motor Vehicle Parts, Materials, & Products Sales",Downstream,2016,Moody's detailed,0.2166970044359996,1.6168578746990243,7.461376214716228,,
moodys_mi_detail,Moody's MI (detail),4247,Petroleum and Petroleum Products Merchant Wholesalers,8,"Motor Vehicle Parts, Materials, & Products Sales","Motor Vehicle Parts, Materials, & Products Sales",Downstream,2016,Moody's detailed,0.0091543465435165,0.029775956690494473,3.252657800199085,,
moodys_mi_detail,Moody's MI (detail),4413,"Automotive Parts, Accessories, and Tire Retailers",8,"Motor Vehicle Parts, Materials, & Products Sales","Motor Vehicle Parts, Materials, & Products Sales",Downstream,2016,Moody's detailed,0.055639800066299,0.9789360843497484,17.5941696983683,,
moodys_mi_detail,Moody's MI (detail),4571,Gasoline Stations,8,"Motor Vehicle Parts, Materials, & Products Sales","Motor Vehicle Parts, Materials, & Products Sales",Downstream,2016,Moody's detailed,0.0019959124612901,0.05300781417765635,26.55818589528402,,
moodys_mi_detail,Moody's MI (detail),4411,Automobile Dealers,9,"Dealers, Maintenance, & Repair","Dealers, Maintenance, & Repair",Downstream,2016,Moody's detailed,0.055639800066299,2.1826129514479855,39.2275484248189,,
moodys_mi_detail,Moody's MI (detail),8111,Automotive Repair and Maintenance,9,"Dealers, Maintenance, & Repair","Dealers, Maintenance, & Repair",Downstream,2016,Moody's detailed,0.0062359117458964,0.18298844262141165,29.34429640410304,,
moodys_mi_detail,Moody's MI (detail),4841,General Freight Trucking,10,Logistics,Logistics,Downstream,2016,Moody's detailed,0.1403592121163865,5.0190062402701985,35.75829590799082,,
moodys_mi_detail,Moody's MI (detail),4842,Specialized Freight Trucking,10,Logistics,Logistics,Downstream,2016,Moody's detailed,0.1403592121163865,1.5846830886986532,11.29019652364981,,
moodys_mi_detail,Moody's MI (detail),3255,"Paint, Coating, and Adhesive Manufacturing",1,Materials & Processing - Coatings & Surface Treatments,Materials & Processing - Coatings & Surface Treatments,Upstream,2017,Moody's detailed,0.5150096802925763,2.530365211891894,4.913238155939898,,
moodys_mi_detail,Moody's MI (detail),3328,"Coating, Engraving, Heat Treating, and Allied Activities",1,Materials & Processing - Coatings & Surface Treatments,Materials & Processing - Coatings & Surface Treatments,Upstream,2017,Moody's detailed,0.2353528305668375,3.247116377216208,13.79680188844835,,
moodys_mi_detail,Moody's MI (detail),3311,Iron and Steel Mills and Ferroalloy Manufacturing,1,Materials & Processing - Metals,Materials & Processing - Metals,Upstream,2017,Moody's detailed,0.4155561904757487,2.1538713580718762,5.183104974578819,,
moodys_mi_detail,Moody's MI (detail),3312,Steel Product Manufacturing from Purchased Steel,1,Materials & Processing - Metals,Materials & Processing - Metals,Upstream,2017,Moody's detailed,0.4018232314810702,0.720784537105725,1.793785128970775,,
moodys_mi_detail,Moody's MI (detail),3313,Alumina and Aluminum Production and Processing,1,Materials & Processing - Metals,Materials & Processing - Metals,Upstream,2017,Moody's detailed,0.3207778863371143,1.104430948370248,3.442977198277225,,
moodys_mi_detail,Moody's MI (detail),3314,Nonferrous Metal (except Aluminum) Production and Processing,1,Materials & Processing - Metals,Materials & Processing - Metals,Upstream,2017,Moody's detailed,0.2932456097149427,0.4046824401832083,1.38001193121558,,
moodys_mi_detail,Moody's MI (detail),3252,"Resin, Synthetic Rubber, and Artificial and Synthetic Fibers and Filaments Manufacturing",1,Materials & Processing - Non-Metals,Materials & Processing - Non-Metals,Upstream,2017,Moody's detailed,0.0885140651080839,0.5433835927053684,6.138951951216414,,
moodys_mi_detail,Moody's MI (detail),3261,Plastics Product Manufacturing,1,Materials & Processing - Non-Metals,Materials & Processing - Non-Metals,Upstream,2017,Moody's detailed,0.2346645503033676,8.322840978610126,35.46697175969099,,
moodys_mi_detail,Moody's MI (detail),3262,Rubber Product Manufacturing,1,Materials & Processing - Non-Metals,Materials & Processing - Non-Metals,Upstream,2017,Moody's detailed,0.5480013167432982,3.1599419950362564,5.766303653822199,,
moodys_mi_detail,Moody's MI (detail),3272,Glass and Glass Product Manufacturing,1,Materials & Processing - Non-Metals,Materials & Processing - Non-Metals,Upstream,2017,Moody's detailed,0.5746759592860471,1.7104502807630495,2.976373472953419,,
moodys_mi_detail,Moody's MI (detail),3335,Metalworking Machinery Manufacturing,2,Equipment Manufacturing,Equipment Manufacturing,Upstream,2017,Moody's detailed,0.0781138186814543,2.9820133440369205,38.17523447672527,,
moodys_mi_detail,Moody's MI (detail),3339,Other General Purpose Machinery Manufacturing,2,Equipment Manufacturing,Equipment Manufacturing,Upstream,2017,Moody's detailed,0.2191076203234622,3.594404689788819,16.40474523196639,,
moodys_mi_detail,Moody's MI (detail),3315,Foundries,3,Forging & Foundries,Forging & Foundries,Upstream,2017,Moody's detailed,0.6718042155478705,7.031550276855101,10.46666590372721,,
moodys_mi_detail,Moody's MI (detail),3321,Forging and Stamping,3,Forging & Foundries,Forging & Foundries,Upstream,2017,Moody's detailed,0.3924501979798644,2.973846836990404,7.577641321875404,,
moodys_mi_detail,Moody's MI (detail),3326,Spring and Wire Product Manufacturing,4,Parts & Machining,Parts & Machining,Upstream,2017,Moody's detailed,0.4020278427245708,1.3870414304465781,3.450112860458871,,
moodys_mi_detail,Moody's MI (detail),3327,"Machine Shops; Turned Product; and Screw, Nut, and Bolt Manufacturing",4,Parts & Machining,Parts & Machining,Upstream,2017,Moody's detailed,0.3798883431259702,10.946424602169639,28.814847310384113,,
moodys_mi_detail,Moody's MI (detail),3329,Other Fabricated Metal Product Manufacturing,4,Parts & Machining,Parts & Machining,Upstream,2017,Moody's detailed,0.1601840236697625,1.6645099913550203,10.39123598734538,,
moodys_mi_detail,Moody's MI (detail),3344,Semiconductor and Other Electronic Component Manufacturing,4,Parts & Machining,Parts & Machining,Upstream,2017,Moody's detailed,0.2236609031791956,2.2008932314312446,9.84031272407008,,
moodys_mi_detail,Moody's MI (detail),3336,"Engine, Turbine, and Power Transmission Equipment Manufacturing",5,Component Systems,Component Systems,Upstream,2017,Moody's detailed,0.7169582878623106,3.1012987680183515,4.325633472018591,,
moodys_mi_detail,Moody's MI (detail),3345,"Navigational, Measuring, Electro medical, and Control Instruments Manufacturing",5,Component Systems,Component Systems,Upstream,2017,Moody's detailed,0.0208760538182582,0.18654624783266605,8.935896096872133,,
moodys_mi_detail,Moody's MI (detail),3359,Other Electrical Equipment and Component Manufacturing,5,Component Systems,Component Systems,Upstream,2017,Moody's detailed,0.503516468921238,1.7937587001812214,3.562462820777781,,
moodys_mi_detail,Moody's MI (detail),5413,"Architectural, Engineering, and Related Services",6,Engineering & Design,Engineering & Design,OEM,2017,Moody's detailed,0.007242971108885,0.6065468180258571,83.74281892161659,,
moodys_mi_detail,Moody's MI (detail),5414,Industrial design,6,Engineering & Design,Engineering & Design,OEM,2017,Moody's detailed,0.0336712633047057,0.2856832855398398,8.484483725916942,,
moodys_mi_detail,Moody's MI (detail),5417,Scientific Research and Development ,6,Engineering & Design,Engineering & Design,OEM,2017,Moody's detailed,0.0026962895876024,0.05766166505563464,21.385560853984032,,
moodys_mi_detail,Moody's MI (detail),3361,Motor Vehicle Manufacturing,7,Core Automotive,Core Automotive,OEM,2017,Moody's detailed,0.0069010519260291,0.279264495399765,40.4669459660848,,
moodys_mi_detail,Moody's MI (detail),3362,Motor Vehicle Body and Trailer Manufacturing,7,Core Automotive,Core Automotive,OEM,2017,Moody's detailed,0.3212237652633554,2.821205443762719,8.782679704441398,,
moodys_mi_detail,Moody's MI (detail),3363,Motor Vehicle Parts Manufacturing,7,Core Automotive,Core Automotive,OEM,2017,Moody's detailed,0.8663772574866386,114.56658145236595,132.2363675435384,,
moodys_mi_detail,Moody's MI (detail),4231,Motor Vehicle and Motor Vehicle Parts and Supplies Merchant Wholesalers,8,"Motor Vehicle Parts, Materials, & Products Sales","Motor Vehicle Parts, Materials, & Products Sales",Downstream,2017,Moody's detailed,0.8079274458924952,18.104195768574414,22.40819501876831,,
moodys_mi_detail,Moody's MI (detail),4235,Metal and Mineral (except Petroleum) Merchant Wholesalers,8,"Motor Vehicle Parts, Materials, & Products Sales","Motor Vehicle Parts, Materials, & Products Sales",Downstream,2017,Moody's detailed,0.2166970044359996,1.4488233757190707,6.685940950083478,,
moodys_mi_detail,Moody's MI (detail),4238,"Machinery, Equipment, and Supplies Merchant Wholesalers",8,"Motor Vehicle Parts, Materials, & Products Sales","Motor Vehicle Parts, Materials, & Products Sales",Downstream,2017,Moody's detailed,0.4099321154017989,10.296643111783581,25.11792251673482,,
moodys_mi_detail,Moody's MI (detail),4239,Miscellaneous Durable Goods Merchant Wholesalers,8,"Motor Vehicle Parts, Materials, & Products Sales","Motor Vehicle Parts, Materials, & Products Sales",Downstream,2017,Moody's detailed,0.2166970044359996,1.6865390490731416,7.782936609865563,,
moodys_mi_detail,Moody's MI (detail),4247,Petroleum and Petroleum Products Merchant Wholesalers,8,"Motor Vehicle Parts, Materials, & Products Sales","Motor Vehicle Parts, Materials, & Products Sales",Downstream,2017,Moody's detailed,0.0091543465435165,0.03085403979442549,3.370425146978693,,
moodys_mi_detail,Moody's MI (detail),4413,"Automotive Parts, Accessories, and Tire Retailers",8,"Motor Vehicle Parts, Materials, & Products Sales","Motor Vehicle Parts, Materials, & Products Sales",Downstream,2017,Moody's detailed,0.055639800066299,0.9706638696104241,17.44549528312117,,
moodys_mi_detail,Moody's MI (detail),4571,Gasoline Stations,8,"Motor Vehicle Parts, Materials, & Products Sales","Motor Vehicle Parts, Materials, & Products Sales",Downstream,2017,Moody's detailed,0.0019959124612901,0.05396933360802154,27.03993018468221,,
moodys_mi_detail,Moody's MI (detail),4411,Automobile Dealers,9,"Dealers, Maintenance, & Repair","Dealers, Maintenance, & Repair",Downstream,2017,Moody's detailed,0.055639800066299,2.2180711156270605,39.8648290070069,,
moodys_mi_detail,Moody's MI (detail),8111,Automotive Repair and Maintenance,9,"Dealers, Maintenance, & Repair","Dealers, Maintenance, & Repair",Downstream,2017,Moody's detailed,0.0062359117458964,0.17975560718924494,28.8258741486415,,
moodys_mi_detail,Moody's MI (detail),4841,General Freight Trucking,10,Logistics,Logistics,Downstream,2017,Moody's detailed,0.1403592121163865,4.983909580638584,35.50824705759892,,
moodys_mi_detail,Moody's MI (detail),4842,Specialized Freight Trucking,10,Logistics,Logistics,Downstream,2017,Moody's detailed,0.1403592121163865,1.5885930362356369,11.31805324554236,,
moodys_mi_detail,Moody's MI (detail),3255,"Paint, Coating, and Adhesive Manufacturing",1,Materials & Processing - Coatings & Surface Treatments,Materials & Processing - Coatings & Surface Treatments,Upstream,2018,Moody's detailed,0.5150096802925763,2.597166330364684,5.042946627506569,,
moodys_mi_detail,Moody's MI (detail),3328,"Coating, Engraving, Heat Treating, and Allied Activities",1,Materials & Processing - Coatings & Surface Treatments,Materials & Processing - Coatings & Surface Treatments,Upstream,2018,Moody's detailed,0.2353528305668375,3.2790851767773646,13.93263539206146,,
moodys_mi_detail,Moody's MI (detail),3311,Iron and Steel Mills and Ferroalloy Manufacturing,1,Materials & Processing - Metals,Materials & Processing - Metals,Upstream,2018,Moody's detailed,0.4155561904757487,2.1769127977491896,5.238552204593451,,
moodys_mi_detail,Moody's MI (detail),3312,Steel Product Manufacturing from Purchased Steel,1,Materials & Processing - Metals,Materials & Processing - Metals,Upstream,2018,Moody's detailed,0.4018232314810702,0.7205364996751098,1.793167849004903,,
moodys_mi_detail,Moody's MI (detail),3313,Alumina and Aluminum Production and Processing,1,Materials & Processing - Metals,Materials & Processing - Metals,Upstream,2018,Moody's detailed,0.3207778863371143,1.1043451431485867,3.442709707202198,,
moodys_mi_detail,Moody's MI (detail),3314,Nonferrous Metal (except Aluminum) Production and Processing,1,Materials & Processing - Metals,Materials & Processing - Metals,Upstream,2018,Moody's detailed,0.2932456097149427,0.41546644939946664,1.41678659674848,,
moodys_mi_detail,Moody's MI (detail),3252,"Resin, Synthetic Rubber, and Artificial and Synthetic Fibers and Filaments Manufacturing",1,Materials & Processing - Non-Metals,Materials & Processing - Non-Metals,Upstream,2018,Moody's detailed,0.0885140651080839,0.5751082188125486,6.497365340867442,,
moodys_mi_detail,Moody's MI (detail),3261,Plastics Product Manufacturing,1,Materials & Processing - Non-Metals,Materials & Processing - Non-Metals,Upstream,2018,Moody's detailed,0.2346645503033676,8.496741425733214,36.2080314847252,,
moodys_mi_detail,Moody's MI (detail),3262,Rubber Product Manufacturing,1,Materials & Processing - Non-Metals,Materials & Processing - Non-Metals,Upstream,2018,Moody's detailed,0.5480013167432982,3.2243726756184854,5.883877605952701,,
moodys_mi_detail,Moody's MI (detail),3272,Glass and Glass Product Manufacturing,1,Materials & Processing - Non-Metals,Materials & Processing - Non-Metals,Upstream,2018,Moody's detailed,0.5746759592860471,1.8431338351319777,3.207257595083338,,
moodys_mi_detail,Moody's MI (detail),3335,Metalworking Machinery Manufacturing,2,Equipment Manufacturing,Equipment Manufacturing,Upstream,2018,Moody's detailed,0.0781138186814543,2.996318397959577,38.35836537679037,,
moodys_mi_detail,Moody's MI (detail),3339,Other General Purpose Machinery Manufacturing,2,Equipment Manufacturing,Equipment Manufacturing,Upstream,2018,Moody's detailed,0.2191076203234622,3.76107399629829,17.16541848588345,,
moodys_mi_detail,Moody's MI (detail),3315,Foundries,3,Forging & Foundries,Forging & Foundries,Upstream,2018,Moody's detailed,0.6718042155478705,7.305895884087909,10.8750372727712,,
moodys_mi_detail,Moody's MI (detail),3321,Forging and Stamping,3,Forging & Foundries,Forging & Foundries,Upstream,2018,Moody's detailed,0.3924501979798644,3.1201148179085,7.950345888393678,,
moodys_mi_detail,Moody's MI (detail),3326,Spring and Wire Product Manufacturing,4,Parts & Machining,Parts & Machining,Upstream,2018,Moody's detailed,0.4020278427245708,1.4071650328184757,3.500168105974999,,
moodys_mi_detail,Moody's MI (detail),3327,"Machine Shops; Turned Product; and Screw, Nut, and Bolt Manufacturing",4,Parts & Machining,Parts & Machining,Upstream,2018,Moody's detailed,0.3798883431259702,10.873798005099978,28.62366851170858,,
moodys_mi_detail,Moody's MI (detail),3329,Other Fabricated Metal Product Manufacturing,4,Parts & Machining,Parts & Machining,Upstream,2018,Moody's detailed,0.1601840236697625,1.8020692224016674,11.2499934832255,,
moodys_mi_detail,Moody's MI (detail),3344,Semiconductor and Other Electronic Component Manufacturing,4,Parts & Machining,Parts & Machining,Upstream,2018,Moody's detailed,0.2236609031791956,2.282803969931607,10.2065400679467,,
moodys_mi_detail,Moody's MI (detail),3336,"Engine, Turbine, and Power Transmission Equipment Manufacturing",5,Component Systems,Component Systems,Upstream,2018,Moody's detailed,0.7169582878623106,3.2415017714857832,4.521185996957612,,
moodys_mi_detail,Moody's MI (detail),3345,"Navigational, Measuring, Electro medical, and Control Instruments Manufacturing",5,Component Systems,Component Systems,Upstream,2018,Moody's detailed,0.0208760538182582,0.18910460236197804,9.058445815874796,,
moodys_mi_detail,Moody's MI (detail),3359,Other Electrical Equipment and Component Manufacturing,5,Component Systems,Component Systems,Upstream,2018,Moody's detailed,0.503516468921238,1.9331641695146393,3.83932659373855,,
moodys_mi_detail,Moody's MI (detail),5413,"Architectural, Engineering, and Related Services",6,Engineering & Design,Engineering & Design,OEM,2018,Moody's detailed,0.007242971108885,0.6270335182800302,86.57131291202364,,
moodys_mi_detail,Moody's MI (detail),5414,Industrial design,6,Engineering & Design,Engineering & Design,OEM,2018,Moody's detailed,0.0336712633047057,0.2895777844488846,8.600146119507636,,
moodys_mi_detail,Moody's MI (detail),5417,Scientific Research and Development ,6,Engineering & Design,Engineering & Design,OEM,2018,Moody's detailed,0.0026962895876024,0.05756706792724405,21.35047666687537,,
moodys_mi_detail,Moody's MI (detail),3361,Motor Vehicle Manufacturing,7,Core Automotive,Core Automotive,OEM,2018,Moody's detailed,0.0069010519260291,0.27757300574335175,40.22183990478516,,
moodys_mi_detail,Moody's MI (detail),3362,Motor Vehicle Body and Trailer Manufacturing,7,Core Automotive,Core Automotive,OEM,2018,Moody's detailed,0.3212237652633554,2.8644074847518115,8.917171749118333,,
moodys_mi_detail,Moody's MI (detail),3363,Motor Vehicle Parts Manufacturing,7,Core Automotive,Core Automotive,OEM,2018,Moody's detailed,0.8663772574866386,117.54325722660123,135.6721407572428,,
moodys_mi_detail,Moody's MI (detail),4231,Motor Vehicle and Motor Vehicle Parts and Supplies Merchant Wholesalers,8,"Motor Vehicle Parts, Materials, & Products Sales","Motor Vehicle Parts, Materials, & Products Sales",Downstream,2018,Moody's detailed,0.8079274458924952,18.657270822439997,23.092755317687992,,
moodys_mi_detail,Moody's MI (detail),4235,Metal and Mineral (except Petroleum) Merchant Wholesalers,8,"Motor Vehicle Parts, Materials, & Products Sales","Motor Vehicle Parts, Materials, & Products Sales",Downstream,2018,Moody's detailed,0.2166970044359996,1.5628309136664946,7.212055919896526,,
moodys_mi_detail,Moody's MI (detail),4238,"Machinery, Equipment, and Supplies Merchant Wholesalers",8,"Motor Vehicle Parts, Materials, & Products Sales","Motor Vehicle Parts, Materials, & Products Sales",Downstream,2018,Moody's detailed,0.4099321154017989,10.346147973067158,25.23868607592816,,
moodys_mi_detail,Moody's MI (detail),4239,Miscellaneous Durable Goods Merchant Wholesalers,8,"Motor Vehicle Parts, Materials, & Products Sales","Motor Vehicle Parts, Materials, & Products Sales",Downstream,2018,Moody's detailed,0.2166970044359996,1.6934945238362646,7.815034306745251,,
moodys_mi_detail,Moody's MI (detail),4247,Petroleum and Petroleum Products Merchant Wholesalers,8,"Motor Vehicle Parts, Materials, & Products Sales","Motor Vehicle Parts, Materials, & Products Sales",Downstream,2018,Moody's detailed,0.0091543465435165,0.03155108320915144,3.446568584570055,,
moodys_mi_detail,Moody's MI (detail),4413,"Automotive Parts, Accessories, and Tire Retailers",8,"Motor Vehicle Parts, Materials, & Products Sales","Motor Vehicle Parts, Materials, & Products Sales",Downstream,2018,Moody's detailed,0.055639800066299,0.9921115146348175,17.83096836172384,,
moodys_mi_detail,Moody's MI (detail),4571,Gasoline Stations,8,"Motor Vehicle Parts, Materials, & Products Sales","Motor Vehicle Parts, Materials, & Products Sales",Downstream,2018,Moody's detailed,0.0019959124612901,0.054570397895234324,27.341077804565433,,
moodys_mi_detail,Moody's MI (detail),4411,Automobile Dealers,9,"Dealers, Maintenance, & Repair","Dealers, Maintenance, & Repair",Downstream,2018,Moody's detailed,0.055639800066299,2.214937081418833,39.80850180589379,,
moodys_mi_detail,Moody's MI (detail),8111,Automotive Repair and Maintenance,9,"Dealers, Maintenance, & Repair","Dealers, Maintenance, & Repair",Downstream,2018,Moody's detailed,0.0062359117458964,0.17991699092786914,28.851753882864873,,
moodys_mi_detail,Moody's MI (detail),4841,General Freight Trucking,10,Logistics,Logistics,Downstream,2018,Moody's detailed,0.1403592121163865,5.06776237274518,36.10566272303501,,
moodys_mi_detail,Moody's MI (detail),4842,Specialized Freight Trucking,10,Logistics,Logistics,Downstream,2018,Moody's detailed,0.1403592121163865,1.6117506862798303,11.48304170404832,,
moodys_mi_detail,Moody's MI (detail),3255,"Paint, Coating, and Adhesive Manufacturing",1,Materials & Processing - Coatings & Surface Treatments,Materials & Processing - Coatings & Surface Treatments,Upstream,2019,Moody's detailed,0.5150096802925763,2.704652187575021,5.251653106866868,,
moodys_mi_detail,Moody's MI (detail),3328,"Coating, Engraving, Heat Treating, and Allied Activities",1,Materials & Processing - Coatings & Surface Treatments,Materials & Processing - Coatings & Surface Treatments,Upstream,2019,Moody's detailed,0.2353528305668375,3.2698668187800983,13.8934671442224,,
moodys_mi_detail,Moody's MI (detail),3311,Iron and Steel Mills and Ferroalloy Manufacturing,1,Materials & Processing - Metals,Materials & Processing - Metals,Upstream,2019,Moody's detailed,0.4155561904757487,2.1585248515235786,5.194303203743387,,
moodys_mi_detail,Moody's MI (detail),3312,Steel Product Manufacturing from Purchased Steel,1,Materials & Processing - Metals,Materials & Processing - Metals,Upstream,2019,Moody's detailed,0.4018232314810702,0.7065866898415517,1.758451563980414,,
moodys_mi_detail,Moody's MI (detail),3313,Alumina and Aluminum Production and Processing,1,Materials & Processing - Metals,Materials & Processing - Metals,Upstream,2019,Moody's detailed,0.3207778863371143,1.0861634594370504,3.386029728668925,,
moodys_mi_detail,Moody's MI (detail),3314,Nonferrous Metal (except Aluminum) Production and Processing,1,Materials & Processing - Metals,Materials & Processing - Metals,Upstream,2019,Moody's detailed,0.2932456097149427,0.4209688322859289,1.435550331666152,,
moodys_mi_detail,Moody's MI (detail),3252,"Resin, Synthetic Rubber, and Artificial and Synthetic Fibers and Filaments Manufacturing",1,Materials & Processing - Non-Metals,Materials & Processing - Non-Metals,Upstream,2019,Moody's detailed,0.0885140651080839,0.58307779518167,6.587402741809201,,
moodys_mi_detail,Moody's MI (detail),3261,Plastics Product Manufacturing,1,Materials & Processing - Non-Metals,Materials & Processing - Non-Metals,Upstream,2019,Moody's detailed,0.2346645503033676,8.547345160111075,36.42367434306252,,
moodys_mi_detail,Moody's MI (detail),3262,Rubber Product Manufacturing,1,Materials & Processing - Non-Metals,Materials & Processing - Non-Metals,Upstream,2019,Moody's detailed,0.5480013167432982,3.0778980760359107,5.616588832901836,,
moodys_mi_detail,Moody's MI (detail),3272,Glass and Glass Product Manufacturing,1,Materials & Processing - Non-Metals,Materials & Processing - Non-Metals,Upstream,2019,Moody's detailed,0.5746759592860471,1.897785529121968,3.302357612940162,,
moodys_mi_detail,Moody's MI (detail),3335,Metalworking Machinery Manufacturing,2,Equipment Manufacturing,Equipment Manufacturing,Upstream,2019,Moody's detailed,0.0781138186814543,2.864176703934742,36.666709582010895,,
moodys_mi_detail,Moody's MI (detail),3339,Other General Purpose Machinery Manufacturing,2,Equipment Manufacturing,Equipment Manufacturing,Upstream,2019,Moody's detailed,0.2191076203234622,3.7619085747891963,17.16922747477062,,
moodys_mi_detail,Moody's MI (detail),3315,Foundries,3,Forging & Foundries,Forging & Foundries,Upstream,2019,Moody's detailed,0.6718042155478705,7.188416723918867,10.70016614596049,,
moodys_mi_detail,Moody's MI (detail),3321,Forging and Stamping,3,Forging & Foundries,Forging & Foundries,Upstream,2019,Moody's detailed,0.3924501979798644,3.1779281712918572,8.09765974803995,,
moodys_mi_detail,Moody's MI (detail),3326,Spring and Wire Product Manufacturing,4,Parts & Machining,Parts & Machining,Upstream,2019,Moody's detailed,0.4020278427245708,1.398858955736165,3.479507653639111,,
moodys_mi_detail,Moody's MI (detail),3327,"Machine Shops; Turned Product; and Screw, Nut, and Bolt Manufacturing",4,Parts & Machining,Parts & Machining,Upstream,2019,Moody's detailed,0.3798883431259702,10.398698766861724,27.37303988138835,,
moodys_mi_detail,Moody's MI (detail),3329,Other Fabricated Metal Product Manufacturing,4,Parts & Machining,Parts & Machining,Upstream,2019,Moody's detailed,0.1601840236697625,1.8355806088493072,11.45919903119405,,
moodys_mi_detail,Moody's MI (detail),3344,Semiconductor and Other Electronic Component Manufacturing,4,Parts & Machining,Parts & Machining,Upstream,2019,Moody's detailed,0.2236609031791956,2.3366266487726244,10.44718417729242,,
moodys_mi_detail,Moody's MI (detail),3336,"Engine, Turbine, and Power Transmission Equipment Manufacturing",5,Component Systems,Component Systems,Upstream,2019,Moody's detailed,0.7169582878623106,3.4334800877286242,4.788953759033764,,
moodys_mi_detail,Moody's MI (detail),3345,"Navigational, Measuring, Electro medical, and Control Instruments Manufacturing",5,Component Systems,Component Systems,Upstream,2019,Moody's detailed,0.0208760538182582,0.19122408778225453,9.159972926253424,,
moodys_mi_detail,Moody's MI (detail),3359,Other Electrical Equipment and Component Manufacturing,5,Component Systems,Component Systems,Upstream,2019,Moody's detailed,0.503516468921238,2.1803494354153146,4.330244530206961,,
moodys_mi_detail,Moody's MI (detail),5413,"Architectural, Engineering, and Related Services",6,Engineering & Design,Engineering & Design,OEM,2019,Moody's detailed,0.007242971108885,0.6286827268570526,86.79901071065207,,
moodys_mi_detail,Moody's MI (detail),5414,Industrial design,6,Engineering & Design,Engineering & Design,OEM,2019,Moody's detailed,0.0336712633047057,0.27666112954799266,8.216535478469206,,
moodys_mi_detail,Moody's MI (detail),5417,Scientific Research and Development ,6,Engineering & Design,Engineering & Design,OEM,2019,Moody's detailed,0.0026962895876024,0.058726343269458095,21.78042875642258,,
moodys_mi_detail,Moody's MI (detail),3361,Motor Vehicle Manufacturing,7,Core Automotive,Core Automotive,OEM,2019,Moody's detailed,0.0069010519260291,0.27530006206141994,39.892477989196784,,
moodys_mi_detail,Moody's MI (detail),3362,Motor Vehicle Body and Trailer Manufacturing,7,Core Automotive,Core Automotive,OEM,2019,Moody's detailed,0.3212237652633554,2.816961543396224,8.7694680407184,,
moodys_mi_detail,Moody's MI (detail),3363,Motor Vehicle Parts Manufacturing,7,Core Automotive,Core Automotive,OEM,2019,Moody's detailed,0.8663772574866386,115.60885841527788,133.4393965403239,,
moodys_mi_detail,Moody's MI (detail),4231,Motor Vehicle and Motor Vehicle Parts and Supplies Merchant Wholesalers,8,"Motor Vehicle Parts, Materials, & Products Sales","Motor Vehicle Parts, Materials, & Products Sales",Downstream,2019,Moody's detailed,0.8079274458924952,19.53179730489993,24.1751872698466,,
moodys_mi_detail,Moody's MI (detail),4235,Metal and Mineral (except Petroleum) Merchant Wholesalers,8,"Motor Vehicle Parts, Materials, & Products Sales","Motor Vehicle Parts, Materials, & Products Sales",Downstream,2019,Moody's detailed,0.2166970044359996,1.5390415933807167,7.102274428695506,,
moodys_mi_detail,Moody's MI (detail),4238,"Machinery, Equipment, and Supplies Merchant Wholesalers",8,"Motor Vehicle Parts, Materials, & Products Sales","Motor Vehicle Parts, Materials, & Products Sales",Downstream,2019,Moody's detailed,0.4099321154017989,10.322847012368012,25.181845053174168,,
moodys_mi_detail,Moody's MI (detail),4239,Miscellaneous Durable Goods Merchant Wholesalers,8,"Motor Vehicle Parts, Materials, & Products Sales","Motor Vehicle Parts, Materials, & Products Sales",Downstream,2019,Moody's detailed,0.2166970044359996,1.673420707146029,7.722398892875631,,
moodys_mi_detail,Moody's MI (detail),4247,Petroleum and Petroleum Products Merchant Wholesalers,8,"Motor Vehicle Parts, Materials, & Products Sales","Motor Vehicle Parts, Materials, & Products Sales",Downstream,2019,Moody's detailed,0.0091543465435165,0.03254983380769707,3.555669828858539,,
moodys_mi_detail,Moody's MI (detail),4413,"Automotive Parts, Accessories, and Tire Retailers",8,"Motor Vehicle Parts, Materials, & Products Sales","Motor Vehicle Parts, Materials, & Products Sales",Downstream,2019,Moody's detailed,0.055639800066299,0.9914071808185686,17.81830954887028,,
moodys_mi_detail,Moody's MI (detail),4571,Gasoline Stations,8,"Motor Vehicle Parts, Materials, & Products Sales","Motor Vehicle Parts, Materials, & Products Sales",Downstream,2019,Moody's detailed,0.0019959124612901,0.0551384103515546,27.625665664672848,,
moodys_mi_detail,Moody's MI (detail),4411,Automobile Dealers,9,"Dealers, Maintenance, & Repair","Dealers, Maintenance, & Repair",Downstream,2019,Moody's detailed,0.055639800066299,2.2257302598195476,40.00248486097044,,
moodys_mi_detail,Moody's MI (detail),8111,Automotive Repair and Maintenance,9,"Dealers, Maintenance, & Repair","Dealers, Maintenance, & Repair",Downstream,2019,Moody's detailed,0.0062359117458964,0.1817570395458189,29.14682679167578,,
moodys_mi_detail,Moody's MI (detail),4841,General Freight Trucking,10,Logistics,Logistics,Downstream,2019,Moody's detailed,0.1403592121163865,5.188562868928673,36.96631514735416,,
moodys_mi_detail,Moody's MI (detail),4842,Specialized Freight Trucking,10,Logistics,Logistics,Downstream,2019,Moody's detailed,0.1403592121163865,1.6212751263648337,11.55089930983985,,
moodys_mi_detail,Moody's MI (detail),3255,"Paint, Coating, and Adhesive Manufacturing",1,Materials & Processing - Coatings & Surface Treatments,Materials & Processing - Coatings & Surface Treatments,Upstream,2020,Moody's detailed,0.5150096802925763,2.484588249199388,4.824352520496113,,
moodys_mi_detail,Moody's MI (detail),3328,"Coating, Engraving, Heat Treating, and Allied Activities",1,Materials & Processing - Coatings & Surface Treatments,Materials & Processing - Coatings & Surface Treatments,Upstream,2020,Moody's detailed,0.2353528305668375,2.6626838728723943,11.31358338227516,,
moodys_mi_detail,Moody's MI (detail),3311,Iron and Steel Mills and Ferroalloy Manufacturing,1,Materials & Processing - Metals,Materials & Processing - Metals,Upstream,2020,Moody's detailed,0.4155561904757487,1.5605929220348718,3.755431775058458,,
moodys_mi_detail,Moody's MI (detail),3312,Steel Product Manufacturing from Purchased Steel,1,Materials & Processing - Metals,Materials & Processing - Metals,Upstream,2020,Moody's detailed,0.4018232314810702,0.6853570502960089,1.70561828336771,,
moodys_mi_detail,Moody's MI (detail),3313,Alumina and Aluminum Production and Processing,1,Materials & Processing - Metals,Materials & Processing - Metals,Upstream,2020,Moody's detailed,0.3207778863371143,0.8655497414390592,2.698283698176841,,
moodys_mi_detail,Moody's MI (detail),3314,Nonferrous Metal (except Aluminum) Production and Processing,1,Materials & Processing - Metals,Materials & Processing - Metals,Upstream,2020,Moody's detailed,0.2932456097149427,0.36435854871927403,1.242502996288533,,
moodys_mi_detail,Moody's MI (detail),3252,"Resin, Synthetic Rubber, and Artificial and Synthetic Fibers and Filaments Manufacturing",1,Materials & Processing - Non-Metals,Materials & Processing - Non-Metals,Upstream,2020,Moody's detailed,0.0885140651080839,0.559939846154786,6.325998534482032,,
moodys_mi_detail,Moody's MI (detail),3261,Plastics Product Manufacturing,1,Materials & Processing - Non-Metals,Materials & Processing - Non-Metals,Upstream,2020,Moody's detailed,0.2346645503033676,7.5056129326198135,31.98443447430288,,
moodys_mi_detail,Moody's MI (detail),3262,Rubber Product Manufacturing,1,Materials & Processing - Non-Metals,Materials & Processing - Non-Metals,Upstream,2020,Moody's detailed,0.5480013167432982,2.638729920630061,4.815189015077,,
moodys_mi_detail,Moody's MI (detail),3272,Glass and Glass Product Manufacturing,1,Materials & Processing - Non-Metals,Materials & Processing - Non-Metals,Upstream,2020,Moody's detailed,0.5746759592860471,1.6071216051024886,2.796570100303322,,
moodys_mi_detail,Moody's MI (detail),3335,Metalworking Machinery Manufacturing,2,Equipment Manufacturing,Equipment Manufacturing,Upstream,2020,Moody's detailed,0.0781138186814543,2.4957202520323425,31.94979190826416,,
moodys_mi_detail,Moody's MI (detail),3339,Other General Purpose Machinery Manufacturing,2,Equipment Manufacturing,Equipment Manufacturing,Upstream,2020,Moody's detailed,0.2191076203234622,3.58153443893495,16.34600582876869,,
moodys_mi_detail,Moody's MI (detail),3315,Foundries,3,Forging & Foundries,Forging & Foundries,Upstream,2020,Moody's detailed,0.6718042155478705,5.988787012460953,8.914482633272806,,
moodys_mi_detail,Moody's MI (detail),3321,Forging and Stamping,3,Forging & Foundries,Forging & Foundries,Upstream,2020,Moody's detailed,0.3924501979798644,2.7644683687643434,7.044125300469797,,
moodys_mi_detail,Moody's MI (detail),3326,Spring and Wire Product Manufacturing,4,Parts & Machining,Parts & Machining,Upstream,2020,Moody's detailed,0.4020278427245708,1.1962287953625432,2.975487437028284,,
moodys_mi_detail,Moody's MI (detail),3327,"Machine Shops; Turned Product; and Screw, Nut, and Bolt Manufacturing",4,Parts & Machining,Parts & Machining,Upstream,2020,Moody's detailed,0.3798883431259702,8.698539845070504,22.89762242635091,,
moodys_mi_detail,Moody's MI (detail),3329,Other Fabricated Metal Product Manufacturing,4,Parts & Machining,Parts & Machining,Upstream,2020,Moody's detailed,0.1601840236697625,1.6271587061637798,10.15805864334106,,
moodys_mi_detail,Moody's MI (detail),3344,Semiconductor and Other Electronic Component Manufacturing,4,Parts & Machining,Parts & Machining,Upstream,2020,Moody's detailed,0.2236609031791956,2.176413314158409,9.730861689379308,,
moodys_mi_detail,Moody's MI (detail),3336,"Engine, Turbine, and Power Transmission Equipment Manufacturing",5,Component Systems,Component Systems,Upstream,2020,Moody's detailed,0.7169582878623106,3.0910494910084436,4.311337972289497,,
moodys_mi_detail,Moody's MI (detail),3345,"Navigational, Measuring, Electro medical, and Control Instruments Manufacturing",5,Component Systems,Component Systems,Upstream,2020,Moody's detailed,0.0208760538182582,0.17033718468483347,8.159453226541146,,
moodys_mi_detail,Moody's MI (detail),3359,Other Electrical Equipment and Component Manufacturing,5,Component Systems,Component Systems,Upstream,2020,Moody's detailed,0.503516468921238,2.193466177798761,4.356294805010383,,
moodys_mi_detail,Moody's MI (detail),5413,"Architectural, Engineering, and Related Services",6,Engineering & Design,Engineering & Design,OEM,2020,Moody's detailed,0.007242971108885,0.6107246799941528,84.31963496927011,,
moodys_mi_detail,Moody's MI (detail),5414,Industrial design,6,Engineering & Design,Engineering & Design,OEM,2020,Moody's detailed,0.0336712633047057,0.2735489064786813,8.124105828855305,,
moodys_mi_detail,Moody's MI (detail),5417,Scientific Research and Development ,6,Engineering & Design,Engineering & Design,OEM,2020,Moody's detailed,0.0026962895876024,0.05986324819108596,22.20208410340585,,
moodys_mi_detail,Moody's MI (detail),3361,Motor Vehicle Manufacturing,7,Core Automotive,Core Automotive,OEM,2020,Moody's detailed,0.0069010519260291,0.25459447337540614,36.89212544759116,,
moodys_mi_detail,Moody's MI (detail),3362,Motor Vehicle Body and Trailer Manufacturing,7,Core Automotive,Core Automotive,OEM,2020,Moody's detailed,0.3212237652633554,2.4017454707481654,7.476861087096386,,
moodys_mi_detail,Moody's MI (detail),3363,Motor Vehicle Parts Manufacturing,7,Core Automotive,Core Automotive,OEM,2020,Moody's detailed,0.8663772574866386,97.39252282382442,112.41352653503421,,
moodys_mi_detail,Moody's MI (detail),4231,Motor Vehicle and Motor Vehicle Parts and Supplies Merchant Wholesalers,8,"Motor Vehicle Parts, Materials, & Products Sales","Motor Vehicle Parts, Materials, & Products Sales",Downstream,2020,Moody's detailed,0.8079274458924952,18.37528477140753,22.74373133977254,,
moodys_mi_detail,Moody's MI (detail),4235,Metal and Mineral (except Petroleum) Merchant Wholesalers,8,"Motor Vehicle Parts, Materials, & Products Sales","Motor Vehicle Parts, Materials, & Products Sales",Downstream,2020,Moody's detailed,0.2166970044359996,1.3611538833837273,6.281369172252391,,
moodys_mi_detail,Moody's MI (detail),4238,"Machinery, Equipment, and Supplies Merchant Wholesalers",8,"Motor Vehicle Parts, Materials, & Products Sales","Motor Vehicle Parts, Materials, & Products Sales",Downstream,2020,Moody's detailed,0.4099321154017989,9.518151364535328,23.21884772361887,,
moodys_mi_detail,Moody's MI (detail),4239,Miscellaneous Durable Goods Merchant Wholesalers,8,"Motor Vehicle Parts, Materials, & Products Sales","Motor Vehicle Parts, Materials, & Products Sales",Downstream,2020,Moody's detailed,0.2166970044359996,1.5196386887368474,7.012735098447867,,
moodys_mi_detail,Moody's MI (detail),4247,Petroleum and Petroleum Products Merchant Wholesalers,8,"Motor Vehicle Parts, Materials, & Products Sales","Motor Vehicle Parts, Materials, & Products Sales",Downstream,2020,Moody's detailed,0.0091543465435165,0.031493191466354126,3.440244622229093,,
moodys_mi_detail,Moody's MI (detail),4413,"Automotive Parts, Accessories, and Tire Retailers",8,"Motor Vehicle Parts, Materials, & Products Sales","Motor Vehicle Parts, Materials, & Products Sales",Downstream,2020,Moody's detailed,0.055639800066299,0.9182213653033645,16.50295946802891,,
moodys_mi_detail,Moody's MI (detail),4571,Gasoline Stations,8,"Motor Vehicle Parts, Materials, & Products Sales","Motor Vehicle Parts, Materials, & Products Sales",Downstream,2020,Moody's detailed,0.0019959124612901,0.05126747737408993,25.68623542785645,,
moodys_mi_detail,Moody's MI (detail),4411,Automobile Dealers,9,"Dealers, Maintenance, & Repair","Dealers, Maintenance, & Repair",Downstream,2020,Moody's detailed,0.055639800066299,2.041433500441627,36.690165996446886,,
moodys_mi_detail,Moody's MI (detail),8111,Automotive Repair and Maintenance,9,"Dealers, Maintenance, & Repair","Dealers, Maintenance, & Repair",Downstream,2020,Moody's detailed,0.0062359117458964,0.16272803368183583,26.095307360454633,,
moodys_mi_detail,Moody's MI (detail),4841,General Freight Trucking,10,Logistics,Logistics,Downstream,2020,Moody's detailed,0.1403592121163865,4.827680743773462,34.3951826957416,,
moodys_mi_detail,Moody's MI (detail),4842,Specialized Freight Trucking,10,Logistics,Logistics,Downstream,2020,Moody's detailed,0.1403592121163865,1.4766356297387848,10.52040409370745,,
moodys_mi_detail,Moody's MI (detail),3255,"Paint, Coating, and Adhesive Manufacturing",1,Materials & Processing - Coatings & Surface Treatments,Materials & Processing - Coatings & Surface Treatments,Upstream,2021,Moody's detailed,0.5150096802925763,2.4518991705242943,4.760879774398364,,
moodys_mi_detail,Moody's MI (detail),3328,"Coating, Engraving, Heat Treating, and Allied Activities",1,Materials & Processing - Coatings & Surface Treatments,Materials & Processing - Coatings & Surface Treatments,Upstream,2021,Moody's detailed,0.2353528305668375,2.710209964598364,11.51551888316336,,
moodys_mi_detail,Moody's MI (detail),3311,Iron and Steel Mills and Ferroalloy Manufacturing,1,Materials & Processing - Metals,Materials & Processing - Metals,Upstream,2021,Moody's detailed,0.4155561904757487,1.4019422678151012,3.373652709180172,,
moodys_mi_detail,Moody's MI (detail),3312,Steel Product Manufacturing from Purchased Steel,1,Materials & Processing - Metals,Materials & Processing - Metals,Upstream,2021,Moody's detailed,0.4018232314810702,0.7054420035404405,1.755602832967794,,
moodys_mi_detail,Moody's MI (detail),3313,Alumina and Aluminum Production and Processing,1,Materials & Processing - Metals,Materials & Processing - Metals,Upstream,2021,Moody's detailed,0.3207778863371143,0.9058305046090604,2.823855830439316,,
moodys_mi_detail,Moody's MI (detail),3314,Nonferrous Metal (except Aluminum) Production and Processing,1,Materials & Processing - Metals,Materials & Processing - Metals,Upstream,2021,Moody's detailed,0.2932456097149427,0.3484772782943521,1.188346105618082,,
moodys_mi_detail,Moody's MI (detail),3252,"Resin, Synthetic Rubber, and Artificial and Synthetic Fibers and Filaments Manufacturing",1,Materials & Processing - Non-Metals,Materials & Processing - Non-Metals,Upstream,2021,Moody's detailed,0.0885140651080839,0.5443153087146695,6.14947814282408,,
moodys_mi_detail,Moody's MI (detail),3261,Plastics Product Manufacturing,1,Materials & Processing - Non-Metals,Materials & Processing - Non-Metals,Upstream,2021,Moody's detailed,0.2346645503033676,7.879012951657596,33.57564208770278,,
moodys_mi_detail,Moody's MI (detail),3262,Rubber Product Manufacturing,1,Materials & Processing - Non-Metals,Materials & Processing - Non-Metals,Upstream,2021,Moody's detailed,0.5480013167432982,2.7902912830458875,5.091760179753275,,
moodys_mi_detail,Moody's MI (detail),3272,Glass and Glass Product Manufacturing,1,Materials & Processing - Non-Metals,Materials & Processing - Non-Metals,Upstream,2021,Moody's detailed,0.5746759592860471,1.6547781111383906,2.879497714145231,,
moodys_mi_detail,Moody's MI (detail),3335,Metalworking Machinery Manufacturing,2,Equipment Manufacturing,Equipment Manufacturing,Upstream,2021,Moody's detailed,0.0781138186814543,2.4762000663228108,31.69989776611328,,
moodys_mi_detail,Moody's MI (detail),3339,Other General Purpose Machinery Manufacturing,2,Equipment Manufacturing,Equipment Manufacturing,Upstream,2021,Moody's detailed,0.2191076203234622,3.6631264303051956,16.71838900398548,,
moodys_mi_detail,Moody's MI (detail),3315,Foundries,3,Forging & Foundries,Forging & Foundries,Upstream,2021,Moody's detailed,0.6718042155478705,6.045937833604446,8.999553283055624,,
moodys_mi_detail,Moody's MI (detail),3321,Forging and Stamping,3,Forging & Foundries,Forging & Foundries,Upstream,2021,Moody's detailed,0.3924501979798644,2.8444077107090004,7.247818259107974,,
moodys_mi_detail,Moody's MI (detail),3326,Spring and Wire Product Manufacturing,4,Parts & Machining,Parts & Machining,Upstream,2021,Moody's detailed,0.4020278427245708,1.361660642687635,3.386980945049889,,
moodys_mi_detail,Moody's MI (detail),3327,"Machine Shops; Turned Product; and Screw, Nut, and Bolt Manufacturing",4,Parts & Machining,Parts & Machining,Upstream,2021,Moody's detailed,0.3798883431259702,9.000540177764528,23.692593733469646,,
moodys_mi_detail,Moody's MI (detail),3329,Other Fabricated Metal Product Manufacturing,4,Parts & Machining,Parts & Machining,Upstream,2021,Moody's detailed,0.1601840236697625,1.6326544327442702,10.19236747423808,,
moodys_mi_detail,Moody's MI (detail),3344,Semiconductor and Other Electronic Component Manufacturing,4,Parts & Machining,Parts & Machining,Upstream,2021,Moody's detailed,0.2236609031791956,2.3108245800094105,10.33182173174895,,
moodys_mi_detail,Moody's MI (detail),3336,"Engine, Turbine, and Power Transmission Equipment Manufacturing",5,Component Systems,Component Systems,Upstream,2021,Moody's detailed,0.7169582878623106,3.3113592416417275,4.61862188875019,,
moodys_mi_detail,Moody's MI (detail),3345,"Navigational, Measuring, Electro medical, and Control Instruments Manufacturing",5,Component Systems,Component Systems,Upstream,2021,Moody's detailed,0.0208760538182582,0.17698414118567368,8.477854230806942,,
moodys_mi_detail,Moody's MI (detail),3359,Other Electrical Equipment and Component Manufacturing,5,Component Systems,Component Systems,Upstream,2021,Moody's detailed,0.503516468921238,2.0718461198754667,4.114753434608219,,
moodys_mi_detail,Moody's MI (detail),5413,"Architectural, Engineering, and Related Services",6,Engineering & Design,Engineering & Design,OEM,2021,Moody's detailed,0.007242971108885,0.6297389091414628,86.94483240019527,,
moodys_mi_detail,Moody's MI (detail),5414,Industrial design,6,Engineering & Design,Engineering & Design,OEM,2021,Moody's detailed,0.0336712633047057,0.2845354061406976,8.45039295276256,,
moodys_mi_detail,Moody's MI (detail),5417,Scientific Research and Development ,6,Engineering & Design,Engineering & Design,OEM,2021,Moody's detailed,0.0026962895876024,0.058807551668727816,21.8105473310902,,
moodys_mi_detail,Moody's MI (detail),3361,Motor Vehicle Manufacturing,7,Core Automotive,Core Automotive,OEM,2021,Moody's detailed,0.0069010519260291,0.30448584419576036,44.12165673573812,,
moodys_mi_detail,Moody's MI (detail),3362,Motor Vehicle Body and Trailer Manufacturing,7,Core Automotive,Core Automotive,OEM,2021,Moody's detailed,0.3212237652633554,2.4755899236515333,7.706745861788651,,
moodys_mi_detail,Moody's MI (detail),3363,Motor Vehicle Parts Manufacturing,7,Core Automotive,Core Automotive,OEM,2021,Moody's detailed,0.8663772574866386,104.42508213761924,120.5307286580404,,
moodys_mi_detail,Moody's MI (detail),4231,Motor Vehicle and Motor Vehicle Parts and Supplies Merchant Wholesalers,8,"Motor Vehicle Parts, Materials, & Products Sales","Motor Vehicle Parts, Materials, & Products Sales",Downstream,2021,Moody's detailed,0.8079274458924952,19.12868986390323,23.67624711990356,,
moodys_mi_detail,Moody's MI (detail),4235,Metal and Mineral (except Petroleum) Merchant Wholesalers,8,"Motor Vehicle Parts, Materials, & Products Sales","Motor Vehicle Parts, Materials, & Products Sales",Downstream,2021,Moody's detailed,0.2166970044359996,1.3127493271867385,6.057994805251,,
moodys_mi_detail,Moody's MI (detail),4238,"Machinery, Equipment, and Supplies Merchant Wholesalers",8,"Motor Vehicle Parts, Materials, & Products Sales","Motor Vehicle Parts, Materials, & Products Sales",Downstream,2021,Moody's detailed,0.4099321154017989,9.134608870450565,22.2832233124677,,
moodys_mi_detail,Moody's MI (detail),4239,Miscellaneous Durable Goods Merchant Wholesalers,8,"Motor Vehicle Parts, Materials, & Products Sales","Motor Vehicle Parts, Materials, & Products Sales",Downstream,2021,Moody's detailed,0.2166970044359996,1.6531774846303338,7.628981715428335,,
moodys_mi_detail,Moody's MI (detail),4247,Petroleum and Petroleum Products Merchant Wholesalers,8,"Motor Vehicle Parts, Materials, & Products Sales","Motor Vehicle Parts, Materials, & Products Sales",Downstream,2021,Moody's detailed,0.0091543465435165,0.03193472115770904,3.488476321701692,,
moodys_mi_detail,Moody's MI (detail),4413,"Automotive Parts, Accessories, and Tire Retailers",8,"Motor Vehicle Parts, Materials, & Products Sales","Motor Vehicle Parts, Materials, & Products Sales",Downstream,2021,Moody's detailed,0.055639800066299,0.9430787394581075,16.9497147425828,,
moodys_mi_detail,Moody's MI (detail),4571,Gasoline Stations,8,"Motor Vehicle Parts, Materials, & Products Sales","Motor Vehicle Parts, Materials, & Products Sales",Downstream,2021,Moody's detailed,0.0019959124612901,0.05071538442562601,25.409623622894287,,
moodys_mi_detail,Moody's MI (detail),4411,Automobile Dealers,9,"Dealers, Maintenance, & Repair","Dealers, Maintenance, & Repair",Downstream,2021,Moody's detailed,0.055639800066299,2.1173069964880797,38.05382107709139,,
moodys_mi_detail,Moody's MI (detail),8111,Automotive Repair and Maintenance,9,"Dealers, Maintenance, & Repair","Dealers, Maintenance, & Repair",Downstream,2021,Moody's detailed,0.0062359117458964,0.17836171316302976,28.60234724784268,,
moodys_mi_detail,Moody's MI (detail),4841,General Freight Trucking,10,Logistics,Logistics,Downstream,2021,Moody's detailed,0.1403592121163865,5.045648365007418,35.94810977439474,,
moodys_mi_detail,Moody's MI (detail),4842,Specialized Freight Trucking,10,Logistics,Logistics,Downstream,2021,Moody's detailed,0.1403592121163865,1.5409544333505587,10.9786483559967,,
moodys_mi_detail,Moody's MI (detail),3255,"Paint, Coating, and Adhesive Manufacturing",1,Materials & Processing - Coatings & Surface Treatments,Materials & Processing - Coatings & Surface Treatments,Upstream,2022,Moody's detailed,0.5150096802925763,2.5044365511944284,4.862892188301512,,
moodys_mi_detail,Moody's MI (detail),3328,"Coating, Engraving, Heat Treating, and Allied Activities",1,Materials & Processing - Coatings & Surface Treatments,Materials & Processing - Coatings & Surface Treatments,Upstream,2022,Moody's detailed,0.2353528305668375,2.658854016921679,11.29731055504172,,
moodys_mi_detail,Moody's MI (detail),3311,Iron and Steel Mills and Ferroalloy Manufacturing,1,Materials & Processing - Metals,Materials & Processing - Metals,Upstream,2022,Moody's detailed,0.4155561904757487,1.3872704139669456,3.338346162955079,,
moodys_mi_detail,Moody's MI (detail),3312,Steel Product Manufacturing from Purchased Steel,1,Materials & Processing - Metals,Materials & Processing - Metals,Upstream,2022,Moody's detailed,0.4018232314810702,0.7202742876785568,1.792515293413265,,
moodys_mi_detail,Moody's MI (detail),3313,Alumina and Aluminum Production and Processing,1,Materials & Processing - Metals,Materials & Processing - Metals,Upstream,2022,Moody's detailed,0.3207778863371143,0.91551262020317,2.854039069392186,,
moodys_mi_detail,Moody's MI (detail),3314,Nonferrous Metal (except Aluminum) Production and Processing,1,Materials & Processing - Metals,Materials & Processing - Metals,Upstream,2022,Moody's detailed,0.2932456097149427,0.3586889267788508,1.223168957678596,,
moodys_mi_detail,Moody's MI (detail),3252,"Resin, Synthetic Rubber, and Artificial and Synthetic Fibers and Filaments Manufacturing",1,Materials & Processing - Non-Metals,Materials & Processing - Non-Metals,Upstream,2022,Moody's detailed,0.0885140651080839,0.5502308488543104,6.216309782885097,,
moodys_mi_detail,Moody's MI (detail),3261,Plastics Product Manufacturing,1,Materials & Processing - Non-Metals,Materials & Processing - Non-Metals,Upstream,2022,Moody's detailed,0.2346645503033676,8.150786270189448,34.733777469380634,,
moodys_mi_detail,Moody's MI (detail),3262,Rubber Product Manufacturing,1,Materials & Processing - Non-Metals,Materials & Processing - Non-Metals,Upstream,2022,Moody's detailed,0.5480013167432982,2.7903684736088454,5.091901038106347,,
moodys_mi_detail,Moody's MI (detail),3272,Glass and Glass Product Manufacturing,1,Materials & Processing - Non-Metals,Materials & Processing - Non-Metals,Upstream,2022,Moody's detailed,0.5746759592860471,1.7412012213145776,3.029883525104777,,
moodys_mi_detail,Moody's MI (detail),3335,Metalworking Machinery Manufacturing,2,Equipment Manufacturing,Equipment Manufacturing,Upstream,2022,Moody's detailed,0.0781138186814543,2.441691023360538,31.258118788401287,,
moodys_mi_detail,Moody's MI (detail),3339,Other General Purpose Machinery Manufacturing,2,Equipment Manufacturing,Equipment Manufacturing,Upstream,2022,Moody's detailed,0.2191076203234622,3.831275250319259,17.48581470906059,,
moodys_mi_detail,Moody's MI (detail),3315,Foundries,3,Forging & Foundries,Forging & Foundries,Upstream,2022,Moody's detailed,0.6718042155478705,6.3829579856019905,9.501217524210611,,
moodys_mi_detail,Moody's MI (detail),3321,Forging and Stamping,3,Forging & Foundries,Forging & Foundries,Upstream,2022,Moody's detailed,0.3924501979798644,2.8300937429557638,7.21134492356905,,
moodys_mi_detail,Moody's MI (detail),3326,Spring and Wire Product Manufacturing,4,Parts & Machining,Parts & Machining,Upstream,2022,Moody's detailed,0.4020278427245708,1.348744833366901,3.354854291250981,,
moodys_mi_detail,Moody's MI (detail),3327,"Machine Shops; Turned Product; and Screw, Nut, and Bolt Manufacturing",4,Parts & Machining,Parts & Machining,Upstream,2022,Moody's detailed,0.3798883431259702,9.307567522348739,24.50079790751139,,
moodys_mi_detail,Moody's MI (detail),3329,Other Fabricated Metal Product Manufacturing,4,Parts & Machining,Parts & Machining,Upstream,2022,Moody's detailed,0.1601840236697625,1.7074804868664102,10.6594930489858,,
moodys_mi_detail,Moody's MI (detail),3344,Semiconductor and Other Electronic Component Manufacturing,4,Parts & Machining,Parts & Machining,Upstream,2022,Moody's detailed,0.2236609031791956,2.3623440529610993,10.56216808294119,,
moodys_mi_detail,Moody's MI (detail),3336,"Engine, Turbine, and Power Transmission Equipment Manufacturing",5,Component Systems,Component Systems,Upstream,2022,Moody's detailed,0.7169582878623106,3.428140503738492,4.781506207229806,,
moodys_mi_detail,Moody's MI (detail),3345,"Navigational, Measuring, Electro medical, and Control Instruments Manufacturing",5,Component Systems,Component Systems,Upstream,2022,Moody's detailed,0.0208760538182582,0.18859769501480422,9.034164054983258,,
moodys_mi_detail,Moody's MI (detail),3359,Other Electrical Equipment and Component Manufacturing,5,Component Systems,Component Systems,Upstream,2022,Moody's detailed,0.503516468921238,2.248846269749366,4.466281459606317,,
moodys_mi_detail,Moody's MI (detail),5413,"Architectural, Engineering, and Related Services",6,Engineering & Design,Engineering & Design,OEM,2022,Moody's detailed,0.007242971108885,0.6379366847436535,88.07665737629306,,
moodys_mi_detail,Moody's MI (detail),5414,Industrial design,6,Engineering & Design,Engineering & Design,OEM,2022,Moody's detailed,0.0336712633047057,0.29486564696495887,8.757189900972625,,
moodys_mi_detail,Moody's MI (detail),5417,Scientific Research and Development ,6,Engineering & Design,Engineering & Design,OEM,2022,Moody's detailed,0.0026962895876024,0.061696545213615006,22.88201738318358,,
moodys_mi_detail,Moody's MI (detail),3361,Motor Vehicle Manufacturing,7,Core Automotive,Core Automotive,OEM,2022,Moody's detailed,0.0069010519260291,0.3341630035301331,48.42203871409097,,
moodys_mi_detail,Moody's MI (detail),3362,Motor Vehicle Body and Trailer Manufacturing,7,Core Automotive,Core Automotive,OEM,2022,Moody's detailed,0.3212237652633554,2.627106480348381,8.178431250858875,,
moodys_mi_detail,Moody's MI (detail),3363,Motor Vehicle Parts Manufacturing,7,Core Automotive,Core Automotive,OEM,2022,Moody's detailed,0.8663772574866386,106.66497942523519,123.1160888671875,,
moodys_mi_detail,Moody's MI (detail),4231,Motor Vehicle and Motor Vehicle Parts and Supplies Merchant Wholesalers,8,"Motor Vehicle Parts, Materials, & Products Sales","Motor Vehicle Parts, Materials, & Products Sales",Downstream,2022,Moody's detailed,0.8079274458924952,20.211815644120403,25.01686970392863,,
moodys_mi_detail,Moody's MI (detail),4235,Metal and Mineral (except Petroleum) Merchant Wholesalers,8,"Motor Vehicle Parts, Materials, & Products Sales","Motor Vehicle Parts, Materials, & Products Sales",Downstream,2022,Moody's detailed,0.2166970044359996,1.3678097356970063,6.312084189890046,,
moodys_mi_detail,Moody's MI (detail),4238,"Machinery, Equipment, and Supplies Merchant Wholesalers",8,"Motor Vehicle Parts, Materials, & Products Sales","Motor Vehicle Parts, Materials, & Products Sales",Downstream,2022,Moody's detailed,0.4099321154017989,9.515598899981688,23.212621169373087,,
moodys_mi_detail,Moody's MI (detail),4239,Miscellaneous Durable Goods Merchant Wholesalers,8,"Motor Vehicle Parts, Materials, & Products Sales","Motor Vehicle Parts, Materials, & Products Sales",Downstream,2022,Moody's detailed,0.2166970044359996,1.8131823460356442,8.36736230274544,,
moodys_mi_detail,Moody's MI (detail),4247,Petroleum and Petroleum Products Merchant Wholesalers,8,"Motor Vehicle Parts, Materials, & Products Sales","Motor Vehicle Parts, Materials, & Products Sales",Downstream,2022,Moody's detailed,0.0091543465435165,0.032991552106978524,3.603922131432151,,
moodys_mi_detail,Moody's MI (detail),4413,"Automotive Parts, Accessories, and Tire Retailers",8,"Motor Vehicle Parts, Materials, & Products Sales","Motor Vehicle Parts, Materials, & Products Sales",Downstream,2022,Moody's detailed,0.055639800066299,0.9713052054989973,17.45702185021539,,
moodys_mi_detail,Moody's MI (detail),4571,Gasoline Stations,8,"Motor Vehicle Parts, Materials, & Products Sales","Motor Vehicle Parts, Materials, & Products Sales",Downstream,2022,Moody's detailed,0.0019959124612901,0.053486978959980946,26.798258940378833,,
moodys_mi_detail,Moody's MI (detail),4411,Automobile Dealers,9,"Dealers, Maintenance, & Repair","Dealers, Maintenance, & Repair",Downstream,2022,Moody's detailed,0.055639800066299,2.1327313320858874,38.331038744650016,,
moodys_mi_detail,Moody's MI (detail),8111,Automotive Repair and Maintenance,9,"Dealers, Maintenance, & Repair","Dealers, Maintenance, & Repair",Downstream,2022,Moody's detailed,0.0062359117458964,0.18651084128241655,29.9091534457895,,
moodys_mi_detail,Moody's MI (detail),4841,General Freight Trucking,10,Logistics,Logistics,Downstream,2022,Moody's detailed,0.1403592121163865,5.340324148686253,38.047550055054685,,
moodys_mi_detail,Moody's MI (detail),4842,Specialized Freight Trucking,10,Logistics,Logistics,Downstream,2022,Moody's detailed,0.1403592121163865,1.5905413896789047,11.33193443947249,,
moodys_mi_detail,Moody's MI (detail),3255,"Paint, Coating, and Adhesive Manufacturing",1,Materials & Processing - Coatings & Surface Treatments,Materials & Processing - Coatings & Surface Treatments,Upstream,2023,Moody's detailed,0.5150096802925763,2.5149966669726878,4.883396882062336,,
moodys_mi_detail,Moody's MI (detail),3328,"Coating, Engraving, Heat Treating, and Allied Activities",1,Materials & Processing - Coatings & Surface Treatments,Materials & Processing - Coatings & Surface Treatments,Upstream,2023,Moody's detailed,0.2353528305668375,2.7461931907970127,11.66840944373994,,
moodys_mi_detail,Moody's MI (detail),3311,Iron and Steel Mills and Ferroalloy Manufacturing,1,Materials & Processing - Metals,Materials & Processing - Metals,Upstream,2023,Moody's detailed,0.4155561904757487,1.4023313456635822,3.374588991342244,,
moodys_mi_detail,Moody's MI (detail),3312,Steel Product Manufacturing from Purchased Steel,1,Materials & Processing - Metals,Materials & Processing - Metals,Upstream,2023,Moody's detailed,0.4018232314810702,0.7280939647156672,1.811975783560358,,
moodys_mi_detail,Moody's MI (detail),3313,Alumina and Aluminum Production and Processing,1,Materials & Processing - Metals,Materials & Processing - Metals,Upstream,2023,Moody's detailed,0.3207778863371143,0.9254519138471594,2.885024040823614,,
moodys_mi_detail,Moody's MI (detail),3314,Nonferrous Metal (except Aluminum) Production and Processing,1,Materials & Processing - Metals,Materials & Processing - Metals,Upstream,2023,Moody's detailed,0.2932456097149427,0.36258303748084847,1.23644830636444,,
moodys_mi_detail,Moody's MI (detail),3252,"Resin, Synthetic Rubber, and Artificial and Synthetic Fibers and Filaments Manufacturing",1,Materials & Processing - Non-Metals,Materials & Processing - Non-Metals,Upstream,2023,Moody's detailed,0.0885140651080839,0.5525509411166065,6.242521348916586,,
moodys_mi_detail,Moody's MI (detail),3261,Plastics Product Manufacturing,1,Materials & Processing - Non-Metals,Materials & Processing - Non-Metals,Upstream,2023,Moody's detailed,0.2346645503033676,8.176003716544434,34.84123914743292,,
moodys_mi_detail,Moody's MI (detail),3262,Rubber Product Manufacturing,1,Materials & Processing - Non-Metals,Materials & Processing - Non-Metals,Upstream,2023,Moody's detailed,0.5480013167432982,2.9594060975986163,5.400363114428243,,
moodys_mi_detail,Moody's MI (detail),3272,Glass and Glass Product Manufacturing,1,Materials & Processing - Non-Metals,Materials & Processing - Non-Metals,Upstream,2023,Moody's detailed,0.5746759592860471,1.7800558887388305,3.097494962117949,,
moodys_mi_detail,Moody's MI (detail),3335,Metalworking Machinery Manufacturing,2,Equipment Manufacturing,Equipment Manufacturing,Upstream,2023,Moody's detailed,0.0781138186814543,2.4052368253131196,30.79143826166789,,
moodys_mi_detail,Moody's MI (detail),3339,Other General Purpose Machinery Manufacturing,2,Equipment Manufacturing,Equipment Manufacturing,Upstream,2023,Moody's detailed,0.2191076203234622,3.9222316395632078,17.9009366893444,,
moodys_mi_detail,Moody's MI (detail),3315,Foundries,3,Forging & Foundries,Forging & Foundries,Upstream,2023,Moody's detailed,0.6718042155478705,6.516755433942202,9.700378894805908,,
moodys_mi_detail,Moody's MI (detail),3321,Forging and Stamping,3,Forging & Foundries,Forging & Foundries,Upstream,2023,Moody's detailed,0.3924501979798644,2.923057918639354,7.448226383081932,,
moodys_mi_detail,Moody's MI (detail),3326,Spring and Wire Product Manufacturing,4,Parts & Machining,Parts & Machining,Upstream,2023,Moody's detailed,0.4020278427245708,1.393048983470293,3.46505598724084,,
moodys_mi_detail,Moody's MI (detail),3327,"Machine Shops; Turned Product; and Screw, Nut, and Bolt Manufacturing",4,Parts & Machining,Parts & Machining,Upstream,2023,Moody's detailed,0.3798883431259702,9.55121408557979,25.142161528269448,,
moodys_mi_detail,Moody's MI (detail),3329,Other Fabricated Metal Product Manufacturing,4,Parts & Machining,Parts & Machining,Upstream,2023,Moody's detailed,0.1601840236697625,1.7220935296269768,10.75071964216149,,
moodys_mi_detail,Moody's MI (detail),3344,Semiconductor and Other Electronic Component Manufacturing,4,Parts & Machining,Parts & Machining,Upstream,2023,Moody's detailed,0.2236609031791956,2.5089984416533486,11.21786778998722,,
moodys_mi_detail,Moody's MI (detail),3336,"Engine, Turbine, and Power Transmission Equipment Manufacturing",5,Component Systems,Component Systems,Upstream,2023,Moody's detailed,0.7169582878623106,3.509526224287848,4.89502148688717,,
moodys_mi_detail,Moody's MI (detail),3345,"Navigational, Measuring, Electro medical, and Control Instruments Manufacturing",5,Component Systems,Component Systems,Upstream,2023,Moody's detailed,0.0208760538182582,0.20030584822680836,9.595005357364084,,
moodys_mi_detail,Moody's MI (detail),3359,Other Electrical Equipment and Component Manufacturing,5,Component Systems,Component Systems,Upstream,2023,Moody's detailed,0.503516468921238,2.2843850388886326,4.536862605075912,,
moodys_mi_detail,Moody's MI (detail),5413,"Architectural, Engineering, and Related Services",6,Engineering & Design,Engineering & Design,OEM,2023,Moody's detailed,0.007242971108885,0.6439599956172025,88.9082651216505,,
moodys_mi_detail,Moody's MI (detail),5414,Industrial design,6,Engineering & Design,Engineering & Design,OEM,2023,Moody's detailed,0.0336712633047057,0.31063016576024405,9.225379010856186,,
moodys_mi_detail,Moody's MI (detail),5417,Scientific Research and Development ,6,Engineering & Design,Engineering & Design,OEM,2023,Moody's detailed,0.0026962895876024,0.0621120715750221,23.03612781824875,,
moodys_mi_detail,Moody's MI (detail),3361,Motor Vehicle Manufacturing,7,Core Automotive,Core Automotive,OEM,2023,Moody's detailed,0.0069010519260291,0.33786062869712863,48.9578447341919,,
moodys_mi_detail,Moody's MI (detail),3362,Motor Vehicle Body and Trailer Manufacturing,7,Core Automotive,Core Automotive,OEM,2023,Moody's detailed,0.3212237652633554,2.8310811375985248,8.813423674544946,,
moodys_mi_detail,Moody's MI (detail),3363,Motor Vehicle Parts Manufacturing,7,Core Automotive,Core Automotive,OEM,2023,Moody's detailed,0.8663772574866386,106.58550929148765,123.024361928304,,
moodys_mi_detail,Moody's MI (detail),4231,Motor Vehicle and Motor Vehicle Parts and Supplies Merchant Wholesalers,8,"Motor Vehicle Parts, Materials, & Products Sales","Motor Vehicle Parts, Materials, & Products Sales",Downstream,2023,Moody's detailed,0.8079274458924952,20.51323626477576,25.38994852701823,,
moodys_mi_detail,Moody's MI (detail),4235,Metal and Mineral (except Petroleum) Merchant Wholesalers,8,"Motor Vehicle Parts, Materials, & Products Sales","Motor Vehicle Parts, Materials, & Products Sales",Downstream,2023,Moody's detailed,0.2166970044359996,1.4319643178762511,6.608140807498678,,
moodys_mi_detail,Moody's MI (detail),4238,"Machinery, Equipment, and Supplies Merchant Wholesalers",8,"Motor Vehicle Parts, Materials, & Products Sales","Motor Vehicle Parts, Materials, & Products Sales",Downstream,2023,Moody's detailed,0.4099321154017989,9.961910457235621,24.30136620906454,,
moodys_mi_detail,Moody's MI (detail),4239,Miscellaneous Durable Goods Merchant Wholesalers,8,"Motor Vehicle Parts, Materials, & Products Sales","Motor Vehicle Parts, Materials, & Products Sales",Downstream,2023,Moody's detailed,0.2166970044359996,1.898226273658717,8.759817786126106,,
moodys_mi_detail,Moody's MI (detail),4247,Petroleum and Petroleum Products Merchant Wholesalers,8,"Motor Vehicle Parts, Materials, & Products Sales","Motor Vehicle Parts, Materials, & Products Sales",Downstream,2023,Moody's detailed,0.0091543465435165,0.03309056914260524,3.614738527245443,,
moodys_mi_detail,Moody's MI (detail),4413,"Automotive Parts, Accessories, and Tire Retailers",8,"Motor Vehicle Parts, Materials, & Products Sales","Motor Vehicle Parts, Materials, & Products Sales",Downstream,2023,Moody's detailed,0.055639800066299,0.9801762836009155,17.61645948463082,,
moodys_mi_detail,Moody's MI (detail),4571,Gasoline Stations,8,"Motor Vehicle Parts, Materials, & Products Sales","Motor Vehicle Parts, Materials, & Products Sales",Downstream,2023,Moody's detailed,0.0019959124612901,0.05368843032134011,26.89919090270996,,
moodys_mi_detail,Moody's MI (detail),4411,Automobile Dealers,9,"Dealers, Maintenance, & Repair","Dealers, Maintenance, & Repair",Downstream,2023,Moody's detailed,0.055639800066299,2.1522098440011646,38.68112109383292,,
moodys_mi_detail,Moody's MI (detail),8111,Automotive Repair and Maintenance,9,"Dealers, Maintenance, & Repair","Dealers, Maintenance, & Repair",Downstream,2023,Moody's detailed,0.0062359117458964,0.19130275422433182,30.677591668968113,,
moodys_mi_detail,Moody's MI (detail),4841,General Freight Trucking,10,Logistics,Logistics,Downstream,2023,Moody's detailed,0.1403592121163865,5.2796347851452685,37.61516401764475,,
moodys_mi_detail,Moody's MI (detail),4842,Specialized Freight Trucking,10,Logistics,Logistics,Downstream,2023,Moody's detailed,0.1403592121163865,1.6244211196105591,11.57331318063813,,
moodys_mi_detail,Moody's MI (detail),3255,"Paint, Coating, and Adhesive Manufacturing",1,Materials & Processing - Coatings & Surface Treatments,Materials & Processing - Coatings & Surface Treatments,Upstream,2024,Moody's detailed,0.5150096802925763,2.447767592695733,4.752857443971072,,
moodys_mi_detail,Moody's MI (detail),3328,"Coating, Engraving, Heat Treating, and Allied Activities",1,Materials & Processing - Coatings & Surface Treatments,Materials & Processing - Coatings & Surface Treatments,Upstream,2024,Moody's detailed,0.2353528305668375,2.6833874422910764,11.40155160160279,,
moodys_mi_detail,Moody's MI (detail),3311,Iron and Steel Mills and Ferroalloy Manufacturing,1,Materials & Processing - Metals,Materials & Processing - Metals,Upstream,2024,Moody's detailed,0.4155561904757487,1.3937458642369671,3.3539287734863,,
moodys_mi_detail,Moody's MI (detail),3312,Steel Product Manufacturing from Purchased Steel,1,Materials & Processing - Metals,Materials & Processing - Metals,Upstream,2024,Moody's detailed,0.4018232314810702,0.7236363759303182,1.80088237622072,,
moodys_mi_detail,Moody's MI (detail),3313,Alumina and Aluminum Production and Processing,1,Materials & Processing - Metals,Materials & Processing - Metals,Upstream,2024,Moody's detailed,0.3207778863371143,0.9197860481306877,2.867361147096216,,
moodys_mi_detail,Moody's MI (detail),3314,Nonferrous Metal (except Aluminum) Production and Processing,1,Materials & Processing - Metals,Materials & Processing - Metals,Upstream,2024,Moody's detailed,0.2932456097149427,0.3603631997422662,1.228878413874864,,
moodys_mi_detail,Moody's MI (detail),3252,"Resin, Synthetic Rubber, and Artificial and Synthetic Fibers and Filaments Manufacturing",1,Materials & Processing - Non-Metals,Materials & Processing - Non-Metals,Upstream,2024,Moody's detailed,0.0885140651080839,0.5377805441362231,6.07565072827175,,
moodys_mi_detail,Moody's MI (detail),3261,Plastics Product Manufacturing,1,Materials & Processing - Non-Metals,Materials & Processing - Non-Metals,Upstream,2024,Moody's detailed,0.2346645503033676,8.107403884602808,34.54890768171754,,
moodys_mi_detail,Moody's MI (detail),3262,Rubber Product Manufacturing,1,Materials & Processing - Non-Metals,Materials & Processing - Non-Metals,Upstream,2024,Moody's detailed,0.5480013167432982,2.83148938417531,5.166939015771877,,
moodys_mi_detail,Moody's MI (detail),3272,Glass and Glass Product Manufacturing,1,Materials & Processing - Non-Metals,Materials & Processing - Non-Metals,Upstream,2024,Moody's detailed,0.5746759592860471,1.819824202241819,3.166696244789309,,
moodys_mi_detail,Moody's MI (detail),3335,Metalworking Machinery Manufacturing,2,Equipment Manufacturing,Equipment Manufacturing,Upstream,2024,Moody's detailed,0.0781138186814543,2.3231932264516373,29.741129875183113,,
moodys_mi_detail,Moody's MI (detail),3339,Other General Purpose Machinery Manufacturing,2,Equipment Manufacturing,Equipment Manufacturing,Upstream,2024,Moody's detailed,0.2191076203234622,3.8404345068589443,17.5276172558007,,
moodys_mi_detail,Moody's MI (detail),3315,Foundries,3,Forging & Foundries,Forging & Foundries,Upstream,2024,Moody's detailed,0.6718042155478705,6.1399860628694345,9.139546791712442,,
moodys_mi_detail,Moody's MI (detail),3321,Forging and Stamping,3,Forging & Foundries,Forging & Foundries,Upstream,2024,Moody's detailed,0.3924501979798644,2.856207239869322,7.277884568721422,,
moodys_mi_detail,Moody's MI (detail),3326,Spring and Wire Product Manufacturing,4,Parts & Machining,Parts & Machining,Upstream,2024,Moody's detailed,0.4020278427245708,1.361189800833007,3.385809777770934,,
moodys_mi_detail,Moody's MI (detail),3327,"Machine Shops; Turned Product; and Screw, Nut, and Bolt Manufacturing",4,Parts & Machining,Parts & Machining,Upstream,2024,Moody's detailed,0.3798883431259702,9.345025203650152,24.59939972559611,,
moodys_mi_detail,Moody's MI (detail),3329,Other Fabricated Metal Product Manufacturing,4,Parts & Machining,Parts & Machining,Upstream,2024,Moody's detailed,0.1601840236697625,1.6827090792958734,10.50484961449694,,
moodys_mi_detail,Moody's MI (detail),3344,Semiconductor and Other Electronic Component Manufacturing,4,Parts & Machining,Parts & Machining,Upstream,2024,Moody's detailed,0.2236609031791956,2.552768641060789,11.41356671986399,,
moodys_mi_detail,Moody's MI (detail),3336,"Engine, Turbine, and Power Transmission Equipment Manufacturing",5,Component Systems,Component Systems,Upstream,2024,Moody's detailed,0.7169582878623106,3.436336014607127,4.792937152387118,,
moodys_mi_detail,Moody's MI (detail),3345,"Navigational, Measuring, Electro medical, and Control Instruments Manufacturing",5,Component Systems,Component Systems,Upstream,2024,Moody's detailed,0.0208760538182582,0.20380024442622838,9.762393132364156,,
moodys_mi_detail,Moody's MI (detail),3359,Other Electrical Equipment and Component Manufacturing,5,Component Systems,Component Systems,Upstream,2024,Moody's detailed,0.503516468921238,2.2217788591819763,4.412524706375623,,
moodys_mi_detail,Moody's MI (detail),5413,"Architectural, Engineering, and Related Services",6,Engineering & Design,Engineering & Design,OEM,2024,Moody's detailed,0.007242971108885,0.6172832336875841,85.22514095498168,,
moodys_mi_detail,Moody's MI (detail),5414,Industrial design,6,Engineering & Design,Engineering & Design,OEM,2024,Moody's detailed,0.0336712633047057,0.34983173252691185,10.38962302546045,,
moodys_mi_detail,Moody's MI (detail),5417,Scientific Research and Development ,6,Engineering & Design,Engineering & Design,OEM,2024,Moody's detailed,0.0026962895876024,0.06266473169959177,23.241098429384447,,
moodys_mi_detail,Moody's MI (detail),3361,Motor Vehicle Manufacturing,7,Core Automotive,Core Automotive,OEM,2024,Moody's detailed,0.0069010519260291,0.33568782034640265,48.64299297332764,,
moodys_mi_detail,Moody's MI (detail),3362,Motor Vehicle Body and Trailer Manufacturing,7,Core Automotive,Core Automotive,OEM,2024,Moody's detailed,0.3212237652633554,2.760686202283546,8.594277574762243,,
moodys_mi_detail,Moody's MI (detail),3363,Motor Vehicle Parts Manufacturing,7,Core Automotive,Core Automotive,OEM,2024,Moody's detailed,0.8663772574866386,102.52404806936357,118.33649508158369,,
moodys_mi_detail,Moody's MI (detail),4231,Motor Vehicle and Motor Vehicle Parts and Supplies Merchant Wholesalers,8,"Motor Vehicle Parts, Materials, & Products Sales","Motor Vehicle Parts, Materials, & Products Sales",Downstream,2024,Moody's detailed,0.8079274458924952,21.081024137963816,26.0927193959554,,
moodys_mi_detail,Moody's MI (detail),4235,Metal and Mineral (except Petroleum) Merchant Wholesalers,8,"Motor Vehicle Parts, Materials, & Products Sales","Motor Vehicle Parts, Materials, & Products Sales",Downstream,2024,Moody's detailed,0.2166970044359996,1.4414902738295587,6.65210060278104,,
moodys_mi_detail,Moody's MI (detail),4238,"Machinery, Equipment, and Supplies Merchant Wholesalers",8,"Motor Vehicle Parts, Materials, & Products Sales","Motor Vehicle Parts, Materials, & Products Sales",Downstream,2024,Moody's detailed,0.4099321154017989,10.028180928665012,24.4630282719757,,
moodys_mi_detail,Moody's MI (detail),4239,Miscellaneous Durable Goods Merchant Wholesalers,8,"Motor Vehicle Parts, Materials, & Products Sales","Motor Vehicle Parts, Materials, & Products Sales",Downstream,2024,Moody's detailed,0.2166970044359996,1.9108540240430365,8.818091551456577,,
moodys_mi_detail,Moody's MI (detail),4247,Petroleum and Petroleum Products Merchant Wholesalers,8,"Motor Vehicle Parts, Materials, & Products Sales","Motor Vehicle Parts, Materials, & Products Sales",Downstream,2024,Moody's detailed,0.0091543465435165,0.033080429562903406,3.613630902615587,,
moodys_mi_detail,Moody's MI (detail),4413,"Automotive Parts, Accessories, and Tire Retailers",8,"Motor Vehicle Parts, Materials, & Products Sales","Motor Vehicle Parts, Materials, & Products Sales",Downstream,2024,Moody's detailed,0.055639800066299,0.9812283323337702,17.63536768939793,,
moodys_mi_detail,Moody's MI (detail),4571,Gasoline Stations,8,"Motor Vehicle Parts, Materials, & Products Sales","Motor Vehicle Parts, Materials, & Products Sales",Downstream,2024,Moody's detailed,0.0019959124612901,0.0543139387192591,27.21258560816447,,
moodys_mi_detail,Moody's MI (detail),4411,Automobile Dealers,9,"Dealers, Maintenance, & Repair","Dealers, Maintenance, & Repair",Downstream,2024,Moody's detailed,0.055639800066299,2.154519876291957,38.72263871769282,,
moodys_mi_detail,Moody's MI (detail),8111,Automotive Repair and Maintenance,9,"Dealers, Maintenance, & Repair","Dealers, Maintenance, & Repair",Downstream,2024,Moody's detailed,0.0062359117458964,0.1926250663998621,30.889639598671486,,
moodys_mi_detail,Moody's MI (detail),4841,General Freight Trucking,10,Logistics,Logistics,Downstream,2024,Moody's detailed,0.1403592121163865,4.981350081325982,35.49001170792712,,
moodys_mi_detail,Moody's MI (detail),4842,Specialized Freight Trucking,10,Logistics,Logistics,Downstream,2024,Moody's detailed,0.1403592121163865,1.63561580715535,11.65307059289482,,
moodys_mi_detail,Moody's MI (detail),3255,"Paint, Coating, and Adhesive Manufacturing",1,Materials & Processing - Coatings & Surface Treatments,Materials & Processing - Coatings & Surface Treatments,Upstream,2025,Moody's detailed,0.5150096802925763,2.4305887235446804,4.71950104348304,,
moodys_mi_detail,Moody's MI (detail),3328,"Coating, Engraving, Heat Treating, and Allied Activities",1,Materials & Processing - Coatings & Surface Treatments,Materials & Processing - Coatings & Surface Treatments,Upstream,2025,Moody's detailed,0.2353528305668375,2.6497468974828378,11.25861495313667,,
moodys_mi_detail,Moody's MI (detail),3311,Iron and Steel Mills and Ferroalloy Manufacturing,1,Materials & Processing - Metals,Materials & Processing - Metals,Upstream,2025,Moody's detailed,0.4155561904757487,1.364311782954679,3.283098204824597,,
moodys_mi_detail,Moody's MI (detail),3312,Steel Product Manufacturing from Purchased Steel,1,Materials & Processing - Metals,Materials & Processing - Metals,Upstream,2025,Moody's detailed,0.4018232314810702,0.709007559405306,1.764476276774722,,
moodys_mi_detail,Moody's MI (detail),3313,Alumina and Aluminum Production and Processing,1,Materials & Processing - Metals,Materials & Processing - Metals,Upstream,2025,Moody's detailed,0.3207778863371143,0.9027457166390925,2.814239244940882,,
moodys_mi_detail,Moody's MI (detail),3314,Nonferrous Metal (except Aluminum) Production and Processing,1,Materials & Processing - Metals,Materials & Processing - Metals,Upstream,2025,Moody's detailed,0.2932456097149427,0.352794634402608,1.203068768004921,,
moodys_mi_detail,Moody's MI (detail),3252,"Resin, Synthetic Rubber, and Artificial and Synthetic Fibers and Filaments Manufacturing",1,Materials & Processing - Non-Metals,Materials & Processing - Non-Metals,Upstream,2025,Moody's detailed,0.0885140651080839,0.5331585205448721,6.023432771885869,,
moodys_mi_detail,Moody's MI (detail),3261,Plastics Product Manufacturing,1,Materials & Processing - Non-Metals,Materials & Processing - Non-Metals,Upstream,2025,Moody's detailed,0.2346645503033676,7.840117788455081,33.40989415878794,,
moodys_mi_detail,Moody's MI (detail),3262,Rubber Product Manufacturing,1,Materials & Processing - Non-Metals,Materials & Processing - Non-Metals,Upstream,2025,Moody's detailed,0.5480013167432982,2.66221199327429,4.858039409641341,,
moodys_mi_detail,Moody's MI (detail),3272,Glass and Glass Product Manufacturing,1,Materials & Processing - Non-Metals,Materials & Processing - Non-Metals,Upstream,2025,Moody's detailed,0.5746759592860471,1.8443086470427845,3.209301898297738,,
moodys_mi_detail,Moody's MI (detail),3335,Metalworking Machinery Manufacturing,2,Equipment Manufacturing,Equipment Manufacturing,Upstream,2025,Moody's detailed,0.0781138186814543,2.2670309703668394,29.02215009628092,,
moodys_mi_detail,Moody's MI (detail),3339,Other General Purpose Machinery Manufacturing,2,Equipment Manufacturing,Equipment Manufacturing,Upstream,2025,Moody's detailed,0.2191076203234622,3.7466564147124206,17.09961711592386,,
moodys_mi_detail,Moody's MI (detail),3315,Foundries,3,Forging & Foundries,Forging & Foundries,Upstream,2025,Moody's detailed,0.6718042155478705,5.817736000736855,8.659868256397242,,
moodys_mi_detail,Moody's MI (detail),3321,Forging and Stamping,3,Forging & Foundries,Forging & Foundries,Upstream,2025,Moody's detailed,0.3924501979798644,2.8192256776151345,7.183652071338187,,
moodys_mi_detail,Moody's MI (detail),3326,Spring and Wire Product Manufacturing,4,Parts & Machining,Parts & Machining,Upstream,2025,Moody's detailed,0.4020278427245708,1.3451667373838432,3.345954171401548,,
moodys_mi_detail,Moody's MI (detail),3327,"Machine Shops; Turned Product; and Screw, Nut, and Bolt Manufacturing",4,Parts & Machining,Parts & Machining,Upstream,2025,Moody's detailed,0.3798883431259702,9.165765650962193,24.127525407966633,,
moodys_mi_detail,Moody's MI (detail),3329,Other Fabricated Metal Product Manufacturing,4,Parts & Machining,Parts & Machining,Upstream,2025,Moody's detailed,0.1601840236697625,1.6631990288386969,10.3830518845473,,
moodys_mi_detail,Moody's MI (detail),3344,Semiconductor and Other Electronic Component Manufacturing,4,Parts & Machining,Parts & Machining,Upstream,2025,Moody's detailed,0.2236609031791956,2.4993717053919324,11.17482613127719,,
moodys_mi_detail,Moody's MI (detail),3336,"Engine, Turbine, and Power Transmission Equipment Manufacturing",5,Component Systems,Component Systems,Upstream,2025,Moody's detailed,0.7169582878623106,3.3449686480035523,4.66549965964818,,
moodys_mi_detail,Moody's MI (detail),3345,"Navigational, Measuring, Electro medical, and Control Instruments Manufacturing",5,Component Systems,Component Systems,Upstream,2025,Moody's detailed,0.0208760538182582,0.1995635612685252,9.559448495672438,,
moodys_mi_detail,Moody's MI (detail),3359,Other Electrical Equipment and Component Manufacturing,5,Component Systems,Component Systems,Upstream,2025,Moody's detailed,0.503516468921238,2.2891774178585296,4.546380424781322,,
moodys_mi_detail,Moody's MI (detail),5413,"Architectural, Engineering, and Related Services",6,Engineering & Design,Engineering & Design,OEM,2025,Moody's detailed,0.007242971108885,0.6096144546874475,84.16635183586877,,
moodys_mi_detail,Moody's MI (detail),5414,Industrial design,6,Engineering & Design,Engineering & Design,OEM,2025,Moody's detailed,0.0336712633047057,0.34578563496568987,10.26945831632533,,
moodys_mi_detail,Moody's MI (detail),5417,Scientific Research and Development ,6,Engineering & Design,Engineering & Design,OEM,2025,Moody's detailed,0.0026962895876024,0.06196014184231075,22.97978011234582,,
moodys_mi_detail,Moody's MI (detail),3361,Motor Vehicle Manufacturing,7,Core Automotive,Core Automotive,OEM,2025,Moody's detailed,0.0069010519260291,0.33280590118011383,48.22538719421171,,
moodys_mi_detail,Moody's MI (detail),3362,Motor Vehicle Body and Trailer Manufacturing,7,Core Automotive,Core Automotive,OEM,2025,Moody's detailed,0.3212237652633554,2.776599056439957,8.643815796641203,,
moodys_mi_detail,Moody's MI (detail),3363,Motor Vehicle Parts Manufacturing,7,Core Automotive,Core Automotive,OEM,2025,Moody's detailed,0.8663772574866386,98.21939542008197,113.36792900706621,,
moodys_mi_detail,Moody's MI (detail),4231,Motor Vehicle and Motor Vehicle Parts and Supplies Merchant Wholesalers,8,"Motor Vehicle Parts, Materials, & Products Sales","Motor Vehicle Parts, Materials, & Products Sales",Downstream,2025,Moody's detailed,0.8079274458924952,21.346361130075426,26.42113625251917,,
moodys_mi_detail,Moody's MI (detail),4235,Metal and Mineral (except Petroleum) Merchant Wholesalers,8,"Motor Vehicle Parts, Materials, & Products Sales","Motor Vehicle Parts, Materials, & Products Sales",Downstream,2025,Moody's detailed,0.2166970044359996,1.4475705487531814,6.680159481303371,,
moodys_mi_detail,Moody's MI (detail),4238,"Machinery, Equipment, and Supplies Merchant Wholesalers",8,"Motor Vehicle Parts, Materials, & Products Sales","Motor Vehicle Parts, Materials, & Products Sales",Downstream,2025,Moody's detailed,0.4099321154017989,10.077530152389965,24.58341216450528,,
moodys_mi_detail,Moody's MI (detail),4239,Miscellaneous Durable Goods Merchant Wholesalers,8,"Motor Vehicle Parts, Materials, & Products Sales","Motor Vehicle Parts, Materials, & Products Sales",Downstream,2025,Moody's detailed,0.2166970044359996,1.9196699267417516,8.858774636678085,,
moodys_mi_detail,Moody's MI (detail),4247,Petroleum and Petroleum Products Merchant Wholesalers,8,"Motor Vehicle Parts, Materials, & Products Sales","Motor Vehicle Parts, Materials, & Products Sales",Downstream,2025,Moody's detailed,0.0091543465435165,0.03302682015628798,3.607774732941369,,
moodys_mi_detail,Moody's MI (detail),4413,"Automotive Parts, Accessories, and Tire Retailers",8,"Motor Vehicle Parts, Materials, & Products Sales","Motor Vehicle Parts, Materials, & Products Sales",Downstream,2025,Moody's detailed,0.055639800066299,0.9895534857393626,17.78499355785311,,
moodys_mi_detail,Moody's MI (detail),4571,Gasoline Stations,8,"Motor Vehicle Parts, Materials, & Products Sales","Motor Vehicle Parts, Materials, & Products Sales",Downstream,2025,Moody's detailed,0.0019959124612901,0.054945852213167126,27.52918942028736,,
moodys_mi_detail,Moody's MI (detail),4411,Automobile Dealers,9,"Dealers, Maintenance, & Repair","Dealers, Maintenance, & Repair",Downstream,2025,Moody's detailed,0.055639800066299,2.172132532696614,39.0391865195122,,
moodys_mi_detail,Moody's MI (detail),8111,Automotive Repair and Maintenance,9,"Dealers, Maintenance, & Repair","Dealers, Maintenance, & Repair",Downstream,2025,Moody's detailed,0.0062359117458964,0.19697305592489533,31.586889608326366,,
moodys_mi_detail,Moody's MI (detail),4841,General Freight Trucking,10,Logistics,Logistics,Downstream,2025,Moody's detailed,0.1403592121163865,5.030648548977842,35.84124243164322,,
moodys_mi_detail,Moody's MI (detail),4842,Specialized Freight Trucking,10,Logistics,Logistics,Downstream,2025,Moody's detailed,0.1403592121163865,1.60628460881462,11.44409821481957,,
moodys_mi_detail,Moody's MI (detail),3255,"Paint, Coating, and Adhesive Manufacturing",1,Materials & Processing - Coatings & Surface Treatments,Materials & Processing - Coatings & Surface Treatments,Upstream,2026,Moody's detailed,0.5150096802925763,2.450649714868551,4.75845369251378,,
moodys_mi_detail,Moody's MI (detail),3328,"Coating, Engraving, Heat Treating, and Allied Activities",1,Materials & Processing - Coatings & Surface Treatments,Materials & Processing - Coatings & Surface Treatments,Upstream,2026,Moody's detailed,0.2353528305668375,2.6505134126852994,11.26187183005893,,
moodys_mi_detail,Moody's MI (detail),3311,Iron and Steel Mills and Ferroalloy Manufacturing,1,Materials & Processing - Metals,Materials & Processing - Metals,Upstream,2026,Moody's detailed,0.4155561904757487,1.3254566318250418,3.18959664710468,,
moodys_mi_detail,Moody's MI (detail),3312,Steel Product Manufacturing from Purchased Steel,1,Materials & Processing - Metals,Materials & Processing - Metals,Upstream,2026,Moody's detailed,0.4018232314810702,0.6919616221844593,1.722054794178961,,
moodys_mi_detail,Moody's MI (detail),3313,Alumina and Aluminum Production and Processing,1,Materials & Processing - Metals,Materials & Processing - Metals,Upstream,2026,Moody's detailed,0.3207778863371143,0.8885652204498484,2.770032655917032,,
moodys_mi_detail,Moody's MI (detail),3314,Nonferrous Metal (except Aluminum) Production and Processing,1,Materials & Processing - Metals,Materials & Processing - Metals,Upstream,2026,Moody's detailed,0.2932456097149427,0.3429482192872486,1.169491402175196,,
moodys_mi_detail,Moody's MI (detail),3252,"Resin, Synthetic Rubber, and Artificial and Synthetic Fibers and Filaments Manufacturing",1,Materials & Processing - Non-Metals,Materials & Processing - Non-Metals,Upstream,2026,Moody's detailed,0.0885140651080839,0.5333808909345582,6.025945032388361,,
moodys_mi_detail,Moody's MI (detail),3261,Plastics Product Manufacturing,1,Materials & Processing - Non-Metals,Materials & Processing - Non-Metals,Upstream,2026,Moody's detailed,0.2346645503033676,7.866103121467207,33.520628110629126,,
moodys_mi_detail,Moody's MI (detail),3262,Rubber Product Manufacturing,1,Materials & Processing - Non-Metals,Materials & Processing - Non-Metals,Upstream,2026,Moody's detailed,0.5480013167432982,2.636141184507111,4.810465055400526,,
moodys_mi_detail,Moody's MI (detail),3272,Glass and Glass Product Manufacturing,1,Materials & Processing - Non-Metals,Materials & Processing - Non-Metals,Upstream,2026,Moody's detailed,0.5746759592860471,1.7843839776148056,3.105026317494903,,
moodys_mi_detail,Moody's MI (detail),3335,Metalworking Machinery Manufacturing,2,Equipment Manufacturing,Equipment Manufacturing,Upstream,2026,Moody's detailed,0.0781138186814543,2.2361395549014613,28.6266833787805,,
moodys_mi_detail,Moody's MI (detail),3339,Other General Purpose Machinery Manufacturing,2,Equipment Manufacturing,Equipment Manufacturing,Upstream,2026,Moody's detailed,0.2191076203234622,3.7556157137552892,17.14050706320019,,
moodys_mi_detail,Moody's MI (detail),3315,Foundries,3,Forging & Foundries,Forging & Foundries,Upstream,2026,Moody's detailed,0.6718042155478705,5.621775733480969,8.368175732413784,,
moodys_mi_detail,Moody's MI (detail),3321,Forging and Stamping,3,Forging & Foundries,Forging & Foundries,Upstream,2026,Moody's detailed,0.3924501979798644,2.8143042237812623,7.17111174428725,,
moodys_mi_detail,Moody's MI (detail),3326,Spring and Wire Product Manufacturing,4,Parts & Machining,Parts & Machining,Upstream,2026,Moody's detailed,0.4020278427245708,1.3506589468022772,3.359615437698959,,
moodys_mi_detail,Moody's MI (detail),3327,"Machine Shops; Turned Product; and Screw, Nut, and Bolt Manufacturing",4,Parts & Machining,Parts & Machining,Upstream,2026,Moody's detailed,0.3798883431259702,9.091601590584323,23.93229946402848,,
moodys_mi_detail,Moody's MI (detail),3329,Other Fabricated Metal Product Manufacturing,4,Parts & Machining,Parts & Machining,Upstream,2026,Moody's detailed,0.1601840236697625,1.6714507421636806,10.43456584415413,,
moodys_mi_detail,Moody's MI (detail),3344,Semiconductor and Other Electronic Component Manufacturing,4,Parts & Machining,Parts & Machining,Upstream,2026,Moody's detailed,0.2236609031791956,2.497759653805182,11.16761856140764,,
moodys_mi_detail,Moody's MI (detail),3336,"Engine, Turbine, and Power Transmission Equipment Manufacturing",5,Component Systems,Component Systems,Upstream,2026,Moody's detailed,0.7169582878623106,3.3163230128418477,4.625545263909044,,
moodys_mi_detail,Moody's MI (detail),3345,"Navigational, Measuring, Electro medical, and Control Instruments Manufacturing",5,Component Systems,Component Systems,Upstream,2026,Moody's detailed,0.0208760538182582,0.19956448904260277,9.55949293769609,,
moodys_mi_detail,Moody's MI (detail),3359,Other Electrical Equipment and Component Manufacturing,5,Component Systems,Component Systems,Upstream,2026,Moody's detailed,0.503516468921238,2.2685523452805145,4.505418363257887,,
moodys_mi_detail,Moody's MI (detail),5413,"Architectural, Engineering, and Related Services",6,Engineering & Design,Engineering & Design,OEM,2026,Moody's detailed,0.007242971108885,0.612341178026897,84.54281659024349,,
moodys_mi_detail,Moody's MI (detail),5414,Industrial design,6,Engineering & Design,Engineering & Design,OEM,2026,Moody's detailed,0.0336712633047057,0.34077791915693956,10.12073458821827,,
moodys_mi_detail,Moody's MI (detail),5417,Scientific Research and Development ,6,Engineering & Design,Engineering & Design,OEM,2026,Moody's detailed,0.0026962895876024,0.06309347719129726,23.40011157607198,,
moodys_mi_detail,Moody's MI (detail),3361,Motor Vehicle Manufacturing,7,Core Automotive,Core Automotive,OEM,2026,Moody's detailed,0.0069010519260291,0.3524339889891825,51.069603991804016,,
moodys_mi_detail,Moody's MI (detail),3362,Motor Vehicle Body and Trailer Manufacturing,7,Core Automotive,Core Automotive,OEM,2026,Moody's detailed,0.3212237652633554,2.7469809849712763,8.551611935434364,,
moodys_mi_detail,Moody's MI (detail),3363,Motor Vehicle Parts Manufacturing,7,Core Automotive,Core Automotive,OEM,2026,Moody's detailed,0.8663772574866386,95.96161926933281,110.76193244928609,,
moodys_mi_detail,Moody's MI (detail),4231,Motor Vehicle and Motor Vehicle Parts and Supplies Merchant Wholesalers,8,"Motor Vehicle Parts, Materials, & Products Sales","Motor Vehicle Parts, Materials, & Products Sales",Downstream,2026,Moody's detailed,0.8079274458924952,21.413702725759837,26.504487296015434,,
moodys_mi_detail,Moody's MI (detail),4235,Metal and Mineral (except Petroleum) Merchant Wholesalers,8,"Motor Vehicle Parts, Materials, & Products Sales","Motor Vehicle Parts, Materials, & Products Sales",Downstream,2026,Moody's detailed,0.2166970044359996,1.4424458362317583,6.65651027334703,,
moodys_mi_detail,Moody's MI (detail),4238,"Machinery, Equipment, and Supplies Merchant Wholesalers",8,"Motor Vehicle Parts, Materials, & Products Sales","Motor Vehicle Parts, Materials, & Products Sales",Downstream,2026,Moody's detailed,0.4099321154017989,10.076437135762246,24.580745828820287,,
moodys_mi_detail,Moody's MI (detail),4239,Miscellaneous Durable Goods Merchant Wholesalers,8,"Motor Vehicle Parts, Materials, & Products Sales","Motor Vehicle Parts, Materials, & Products Sales",Downstream,2026,Moody's detailed,0.2166970044359996,1.916578901121058,8.844510361873093,,
moodys_mi_detail,Moody's MI (detail),4247,Petroleum and Petroleum Products Merchant Wholesalers,8,"Motor Vehicle Parts, Materials, & Products Sales","Motor Vehicle Parts, Materials, & Products Sales",Downstream,2026,Moody's detailed,0.0091543465435165,0.03259689703942034,3.560810909273132,,
moodys_mi_detail,Moody's MI (detail),4413,"Automotive Parts, Accessories, and Tire Retailers",8,"Motor Vehicle Parts, Materials, & Products Sales","Motor Vehicle Parts, Materials, & Products Sales",Downstream,2026,Moody's detailed,0.055639800066299,0.989367242341012,17.78164625254057,,
moodys_mi_detail,Moody's MI (detail),4571,Gasoline Stations,8,"Motor Vehicle Parts, Materials, & Products Sales","Motor Vehicle Parts, Materials, & Products Sales",Downstream,2026,Moody's detailed,0.0019959124612901,0.05488007113745702,27.49623152409406,,
moodys_mi_detail,Moody's MI (detail),4411,Automobile Dealers,9,"Dealers, Maintenance, & Repair","Dealers, Maintenance, & Repair",Downstream,2026,Moody's detailed,0.055639800066299,2.168444879620475,38.97290926704644,,
moodys_mi_detail,Moody's MI (detail),8111,Automotive Repair and Maintenance,9,"Dealers, Maintenance, & Repair","Dealers, Maintenance, & Repair",Downstream,2026,Moody's detailed,0.0062359117458964,0.1982086356895782,31.78502900077302,,
moodys_mi_detail,Moody's MI (detail),4841,General Freight Trucking,10,Logistics,Logistics,Downstream,2026,Moody's detailed,0.1403592121163865,4.947978138569336,35.2522507355374,,
moodys_mi_detail,Moody's MI (detail),4842,Specialized Freight Trucking,10,Logistics,Logistics,Downstream,2026,Moody's detailed,0.1403592121163865,1.553355060303552,11.06699757630089,,
moodys_mi_detail,Moody's MI (detail),3255,"Paint, Coating, and Adhesive Manufacturing",1,Materials & Processing - Coatings & Surface Treatments,Materials & Processing - Coatings & Surface Treatments,Upstream,2027,Moody's detailed,0.5150096802925763,2.4556481416433953,4.768159193140495,,
moodys_mi_detail,Moody's MI (detail),3328,"Coating, Engraving, Heat Treating, and Allied Activities",1,Materials & Processing - Coatings & Surface Treatments,Materials & Processing - Coatings & Surface Treatments,Upstream,2027,Moody's detailed,0.2353528305668375,2.6380561861573453,11.20894182493449,,
moodys_mi_detail,Moody's MI (detail),3311,Iron and Steel Mills and Ferroalloy Manufacturing,1,Materials & Processing - Metals,Materials & Processing - Metals,Upstream,2027,Moody's detailed,0.4155561904757487,1.2788139397756193,3.077355046285249,,
moodys_mi_detail,Moody's MI (detail),3312,Steel Product Manufacturing from Purchased Steel,1,Materials & Processing - Metals,Materials & Processing - Metals,Upstream,2027,Moody's detailed,0.4018232314810702,0.6707729763137255,1.669323532741848,,
moodys_mi_detail,Moody's MI (detail),3313,Alumina and Aluminum Production and Processing,1,Materials & Processing - Metals,Materials & Processing - Metals,Upstream,2027,Moody's detailed,0.3207778863371143,0.8689802731429559,2.708978112754695,,
moodys_mi_detail,Moody's MI (detail),3314,Nonferrous Metal (except Aluminum) Production and Processing,1,Materials & Processing - Metals,Materials & Processing - Metals,Upstream,2027,Moody's detailed,0.2932456097149427,0.3310811277969145,1.129023306158789,,
moodys_mi_detail,Moody's MI (detail),3252,"Resin, Synthetic Rubber, and Artificial and Synthetic Fibers and Filaments Manufacturing",1,Materials & Processing - Non-Metals,Materials & Processing - Non-Metals,Upstream,2027,Moody's detailed,0.0885140651080839,0.5301732164254198,5.989705882088106,,
moodys_mi_detail,Moody's MI (detail),3261,Plastics Product Manufacturing,1,Materials & Processing - Non-Metals,Materials & Processing - Non-Metals,Upstream,2027,Moody's detailed,0.2346645503033676,7.835077256228537,33.38841442433284,,
moodys_mi_detail,Moody's MI (detail),3262,Rubber Product Manufacturing,1,Materials & Processing - Non-Metals,Materials & Processing - Non-Metals,Upstream,2027,Moody's detailed,0.5480013167432982,2.599745563383919,4.74404984797094,,
moodys_mi_detail,Moody's MI (detail),3272,Glass and Glass Product Manufacturing,1,Materials & Processing - Non-Metals,Materials & Processing - Non-Metals,Upstream,2027,Moody's detailed,0.5746759592860471,1.7473021999259741,3.040499905541112,,
moodys_mi_detail,Moody's MI (detail),3335,Metalworking Machinery Manufacturing,2,Equipment Manufacturing,Equipment Manufacturing,Upstream,2027,Moody's detailed,0.0781138186814543,2.2146836080511108,28.35200794730726,,
moodys_mi_detail,Moody's MI (detail),3339,Other General Purpose Machinery Manufacturing,2,Equipment Manufacturing,Equipment Manufacturing,Upstream,2027,Moody's detailed,0.2191076203234622,3.794872385159358,17.31967322522648,,
moodys_mi_detail,Moody's MI (detail),3315,Foundries,3,Forging & Foundries,Forging & Foundries,Upstream,2027,Moody's detailed,0.6718042155478705,5.372925545304891,7.99775503183343,,
moodys_mi_detail,Moody's MI (detail),3321,Forging and Stamping,3,Forging & Foundries,Forging & Foundries,Upstream,2027,Moody's detailed,0.3924501979798644,2.795181019709382,7.122384022476135,,
moodys_mi_detail,Moody's MI (detail),3326,Spring and Wire Product Manufacturing,4,Parts & Machining,Parts & Machining,Upstream,2027,Moody's detailed,0.4020278427245708,1.3495862522589284,3.356947228114073,,
moodys_mi_detail,Moody's MI (detail),3327,"Machine Shops; Turned Product; and Screw, Nut, and Bolt Manufacturing",4,Parts & Machining,Parts & Machining,Upstream,2027,Moody's detailed,0.3798883431259702,8.999786007660287,23.69060849196938,,
moodys_mi_detail,Moody's MI (detail),3329,Other Fabricated Metal Product Manufacturing,4,Parts & Machining,Parts & Machining,Upstream,2027,Moody's detailed,0.1601840236697625,1.6716349071414223,10.43571555292984,,
moodys_mi_detail,Moody's MI (detail),3344,Semiconductor and Other Electronic Component Manufacturing,4,Parts & Machining,Parts & Machining,Upstream,2027,Moody's detailed,0.2236609031791956,2.499801856035772,11.17674935808047,,
moodys_mi_detail,Moody's MI (detail),3336,"Engine, Turbine, and Power Transmission Equipment Manufacturing",5,Component Systems,Component Systems,Upstream,2027,Moody's detailed,0.7169582878623106,3.313243228275877,4.621249638043341,,
moodys_mi_detail,Moody's MI (detail),3345,"Navigational, Measuring, Electro medical, and Control Instruments Manufacturing",5,Component Systems,Component Systems,Upstream,2027,Moody's detailed,0.0208760538182582,0.19986162754001016,9.573726398674598,,
moodys_mi_detail,Moody's MI (detail),3359,Other Electrical Equipment and Component Manufacturing,5,Component Systems,Component Systems,Upstream,2027,Moody's detailed,0.503516468921238,2.271319278184216,4.510913581536704,,
moodys_mi_detail,Moody's MI (detail),5413,"Architectural, Engineering, and Related Services",6,Engineering & Design,Engineering & Design,OEM,2027,Moody's detailed,0.007242971108885,0.6177604134629122,85.29102272755189,,
moodys_mi_detail,Moody's MI (detail),5414,Industrial design,6,Engineering & Design,Engineering & Design,OEM,2027,Moody's detailed,0.0336712633047057,0.3411711187259294,10.13241218894954,,
moodys_mi_detail,Moody's MI (detail),5417,Scientific Research and Development ,6,Engineering & Design,Engineering & Design,OEM,2027,Moody's detailed,0.0026962895876024,0.06445221647032456,23.90404085921531,,
moodys_mi_detail,Moody's MI (detail),3361,Motor Vehicle Manufacturing,7,Core Automotive,Core Automotive,OEM,2027,Moody's detailed,0.0069010519260291,0.3705722951976742,53.69794332367868,,
moodys_mi_detail,Moody's MI (detail),3362,Motor Vehicle Body and Trailer Manufacturing,7,Core Automotive,Core Automotive,OEM,2027,Moody's detailed,0.3212237652633554,2.751961064925361,8.56711539592709,,
moodys_mi_detail,Moody's MI (detail),3363,Motor Vehicle Parts Manufacturing,7,Core Automotive,Core Automotive,OEM,2027,Moody's detailed,0.8663772574866386,95.04843945035762,109.7079114542933,,
moodys_mi_detail,Moody's MI (detail),4231,Motor Vehicle and Motor Vehicle Parts and Supplies Merchant Wholesalers,8,"Motor Vehicle Parts, Materials, & Products Sales","Motor Vehicle Parts, Materials, & Products Sales",Downstream,2027,Moody's detailed,0.8079274458924952,21.52751100499082,26.64535177562878,,
moodys_mi_detail,Moody's MI (detail),4235,Metal and Mineral (except Petroleum) Merchant Wholesalers,8,"Motor Vehicle Parts, Materials, & Products Sales","Motor Vehicle Parts, Materials, & Products Sales",Downstream,2027,Moody's detailed,0.2166970044359996,1.4391806813804826,6.641442437685093,,
moodys_mi_detail,Moody's MI (detail),4238,"Machinery, Equipment, and Supplies Merchant Wholesalers",8,"Motor Vehicle Parts, Materials, & Products Sales","Motor Vehicle Parts, Materials, & Products Sales",Downstream,2027,Moody's detailed,0.4099321154017989,10.089357997440663,24.612265344352153,,
moodys_mi_detail,Moody's MI (detail),4239,Miscellaneous Durable Goods Merchant Wholesalers,8,"Motor Vehicle Parts, Materials, & Products Sales","Motor Vehicle Parts, Materials, & Products Sales",Downstream,2027,Moody's detailed,0.2166970044359996,1.9160625820299881,8.842127684307181,,
moodys_mi_detail,Moody's MI (detail),4247,Petroleum and Petroleum Products Merchant Wholesalers,8,"Motor Vehicle Parts, Materials, & Products Sales","Motor Vehicle Parts, Materials, & Products Sales",Downstream,2027,Moody's detailed,0.0091543465435165,0.032216864814300895,3.519297053170688,,
moodys_mi_detail,Moody's MI (detail),4413,"Automotive Parts, Accessories, and Tire Retailers",8,"Motor Vehicle Parts, Materials, & Products Sales","Motor Vehicle Parts, Materials, & Products Sales",Downstream,2027,Moody's detailed,0.055639800066299,0.9880058483396053,17.75717826380257,,
moodys_mi_detail,Moody's MI (detail),4571,Gasoline Stations,8,"Motor Vehicle Parts, Materials, & Products Sales","Motor Vehicle Parts, Materials, & Products Sales",Downstream,2027,Moody's detailed,0.0019959124612901,0.05483056403161794,27.47142727701447,,
moodys_mi_detail,Moody's MI (detail),4411,Automobile Dealers,9,"Dealers, Maintenance, & Repair","Dealers, Maintenance, & Repair",Downstream,2027,Moody's detailed,0.055639800066299,2.1620823377216083,38.85855691690705,,
moodys_mi_detail,Moody's MI (detail),8111,Automotive Repair and Maintenance,9,"Dealers, Maintenance, & Repair","Dealers, Maintenance, & Repair",Downstream,2027,Moody's detailed,0.0062359117458964,0.1985266077051923,31.83601946192304,,
moodys_mi_detail,Moody's MI (detail),4841,General Freight Trucking,10,Logistics,Logistics,Downstream,2027,Moody's detailed,0.1403592121163865,4.825499843785177,34.37964470606924,,
moodys_mi_detail,Moody's MI (detail),4842,Specialized Freight Trucking,10,Logistics,Logistics,Downstream,2027,Moody's detailed,0.1403592121163865,1.5084852704961553,10.74731930844206,,
moodys_mi_detail,Moody's MI (detail),3255,"Paint, Coating, and Adhesive Manufacturing",1,Materials & Processing - Coatings & Surface Treatments,Materials & Processing - Coatings & Surface Treatments,Upstream,2028,Moody's detailed,0.5150096802925763,2.457604880592568,4.771958614829154,,
moodys_mi_detail,Moody's MI (detail),3328,"Coating, Engraving, Heat Treating, and Allied Activities",1,Materials & Processing - Coatings & Surface Treatments,Materials & Processing - Coatings & Surface Treatments,Upstream,2028,Moody's detailed,0.2353528305668375,2.628895822013235,11.17001998948408,,
moodys_mi_detail,Moody's MI (detail),3311,Iron and Steel Mills and Ferroalloy Manufacturing,1,Materials & Processing - Metals,Materials & Processing - Metals,Upstream,2028,Moody's detailed,0.4155561904757487,1.2366864441435426,2.975978874788809,,
moodys_mi_detail,Moody's MI (detail),3312,Steel Product Manufacturing from Purchased Steel,1,Materials & Processing - Metals,Materials & Processing - Metals,Upstream,2028,Moody's detailed,0.4018232314810702,0.651638157682853,1.621703541831059,,
moodys_mi_detail,Moody's MI (detail),3313,Alumina and Aluminum Production and Processing,1,Materials & Processing - Metals,Materials & Processing - Metals,Upstream,2028,Moody's detailed,0.3207778863371143,0.8513967358132912,2.654162808836938,,
moodys_mi_detail,Moody's MI (detail),3314,Nonferrous Metal (except Aluminum) Production and Processing,1,Materials & Processing - Metals,Materials & Processing - Metals,Upstream,2028,Moody's detailed,0.2932456097149427,0.3203622241098858,1.09247065768965,,
moodys_mi_detail,Moody's MI (detail),3252,"Resin, Synthetic Rubber, and Artificial and Synthetic Fibers and Filaments Manufacturing",1,Materials & Processing - Non-Metals,Materials & Processing - Non-Metals,Upstream,2028,Moody's detailed,0.0885140651080839,0.5264803736197227,5.947985475267023,,
moodys_mi_detail,Moody's MI (detail),3261,Plastics Product Manufacturing,1,Materials & Processing - Non-Metals,Materials & Processing - Non-Metals,Upstream,2028,Moody's detailed,0.2346645503033676,7.780479230399037,33.155750284142435,,
moodys_mi_detail,Moody's MI (detail),3262,Rubber Product Manufacturing,1,Materials & Processing - Non-Metals,Materials & Processing - Non-Metals,Upstream,2028,Moody's detailed,0.5480013167432982,2.5569474231989573,4.665951239669585,,
moodys_mi_detail,Moody's MI (detail),3272,Glass and Glass Product Manufacturing,1,Materials & Processing - Non-Metals,Materials & Processing - Non-Metals,Upstream,2028,Moody's detailed,0.5746759592860471,1.71517942847503,2.984602715251732,,
moodys_mi_detail,Moody's MI (detail),3335,Metalworking Machinery Manufacturing,2,Equipment Manufacturing,Equipment Manufacturing,Upstream,2028,Moody's detailed,0.0781138186814543,2.1937599273877524,28.08414649825067,,
moodys_mi_detail,Moody's MI (detail),3339,Other General Purpose Machinery Manufacturing,2,Equipment Manufacturing,Equipment Manufacturing,Upstream,2028,Moody's detailed,0.2191076203234622,3.832357357175549,17.490753409297,,
moodys_mi_detail,Moody's MI (detail),3315,Foundries,3,Forging & Foundries,Forging & Foundries,Upstream,2028,Moody's detailed,0.6718042155478705,5.148785701647196,7.664116393566022,,
moodys_mi_detail,Moody's MI (detail),3321,Forging and Stamping,3,Forging & Foundries,Forging & Foundries,Upstream,2028,Moody's detailed,0.3924501979798644,2.7798203893965265,7.083243692335077,,
moodys_mi_detail,Moody's MI (detail),3326,Spring and Wire Product Manufacturing,4,Parts & Machining,Parts & Machining,Upstream,2028,Moody's detailed,0.4020278427245708,1.349989352478307,3.357949895532943,,
moodys_mi_detail,Moody's MI (detail),3327,"Machine Shops; Turned Product; and Screw, Nut, and Bolt Manufacturing",4,Parts & Machining,Parts & Machining,Upstream,2028,Moody's detailed,0.3798883431259702,8.921614582917195,23.48483375273983,,
moodys_mi_detail,Moody's MI (detail),3329,Other Fabricated Metal Product Manufacturing,4,Parts & Machining,Parts & Machining,Upstream,2028,Moody's detailed,0.1601840236697625,1.6735937835914867,10.44794446568398,,
moodys_mi_detail,Moody's MI (detail),3344,Semiconductor and Other Electronic Component Manufacturing,4,Parts & Machining,Parts & Machining,Upstream,2028,Moody's detailed,0.2236609031791956,2.4944448095051133,11.15279771318182,,
moodys_mi_detail,Moody's MI (detail),3336,"Engine, Turbine, and Power Transmission Equipment Manufacturing",5,Component Systems,Component Systems,Upstream,2028,Moody's detailed,0.7169582878623106,3.309624167182949,4.616201839371931,,
moodys_mi_detail,Moody's MI (detail),3345,"Navigational, Measuring, Electro medical, and Control Instruments Manufacturing",5,Component Systems,Component Systems,Upstream,2028,Moody's detailed,0.0208760538182582,0.19956255294174713,9.559400195031577,,
moodys_mi_detail,Moody's MI (detail),3359,Other Electrical Equipment and Component Manufacturing,5,Component Systems,Component Systems,Upstream,2028,Moody's detailed,0.503516468921238,2.273837124354259,4.515914105502558,,
moodys_mi_detail,Moody's MI (detail),5413,"Architectural, Engineering, and Related Services",6,Engineering & Design,Engineering & Design,OEM,2028,Moody's detailed,0.007242971108885,0.6236882886830815,86.10945416004752,,
moodys_mi_detail,Moody's MI (detail),5414,Industrial design,6,Engineering & Design,Engineering & Design,OEM,2028,Moody's detailed,0.0336712633047057,0.3419092367431107,10.1543334934905,,
moodys_mi_detail,Moody's MI (detail),5417,Scientific Research and Development ,6,Engineering & Design,Engineering & Design,OEM,2028,Moody's detailed,0.0026962895876024,0.06586003292611561,24.426171887820033,,
moodys_mi_detail,Moody's MI (detail),3361,Motor Vehicle Manufacturing,7,Core Automotive,Core Automotive,OEM,2028,Moody's detailed,0.0069010519260291,0.389508592360855,56.44191588991277,,
moodys_mi_detail,Moody's MI (detail),3362,Motor Vehicle Body and Trailer Manufacturing,7,Core Automotive,Core Automotive,OEM,2028,Moody's detailed,0.3212237652633554,2.760824078497625,8.594706796473051,,
moodys_mi_detail,Moody's MI (detail),3363,Motor Vehicle Parts Manufacturing,7,Core Automotive,Core Automotive,OEM,2028,Moody's detailed,0.8663772574866386,94.31537131018717,108.86178104881951,,
moodys_mi_detail,Moody's MI (detail),4231,Motor Vehicle and Motor Vehicle Parts and Supplies Merchant Wholesalers,8,"Motor Vehicle Parts, Materials, & Products Sales","Motor Vehicle Parts, Materials, & Products Sales",Downstream,2028,Moody's detailed,0.8079274458924952,21.66125135050528,26.8108868693979,,
moodys_mi_detail,Moody's MI (detail),4235,Metal and Mineral (except Petroleum) Merchant Wholesalers,8,"Motor Vehicle Parts, Materials, & Products Sales","Motor Vehicle Parts, Materials, & Products Sales",Downstream,2028,Moody's detailed,0.2166970044359996,1.4375862953337768,6.634084763079228,,
moodys_mi_detail,Moody's MI (detail),4238,"Machinery, Equipment, and Supplies Merchant Wholesalers",8,"Motor Vehicle Parts, Materials, & Products Sales","Motor Vehicle Parts, Materials, & Products Sales",Downstream,2028,Moody's detailed,0.4099321154017989,10.112740424245128,24.66930509782828,,
moodys_mi_detail,Moody's MI (detail),4239,Miscellaneous Durable Goods Merchant Wholesalers,8,"Motor Vehicle Parts, Materials, & Products Sales","Motor Vehicle Parts, Materials, & Products Sales",Downstream,2028,Moody's detailed,0.2166970044359996,1.917631140908606,8.849366173287223,,
moodys_mi_detail,Moody's MI (detail),4247,Petroleum and Petroleum Products Merchant Wholesalers,8,"Motor Vehicle Parts, Materials, & Products Sales","Motor Vehicle Parts, Materials, & Products Sales",Downstream,2028,Moody's detailed,0.0091543465435165,0.03188789231319952,3.483360845213348,,
moodys_mi_detail,Moody's MI (detail),4413,"Automotive Parts, Accessories, and Tire Retailers",8,"Motor Vehicle Parts, Materials, & Products Sales","Motor Vehicle Parts, Materials, & Products Sales",Downstream,2028,Moody's detailed,0.055639800066299,0.9884252939327056,17.76471685295279,,
moodys_mi_detail,Moody's MI (detail),4571,Gasoline Stations,8,"Motor Vehicle Parts, Materials, & Products Sales","Motor Vehicle Parts, Materials, & Products Sales",Downstream,2028,Moody's detailed,0.0019959124612901,0.05487911717674476,27.495753566903673,,
moodys_mi_detail,Moody's MI (detail),4411,Automobile Dealers,9,"Dealers, Maintenance, & Repair","Dealers, Maintenance, & Repair",Downstream,2028,Moody's detailed,0.055639800066299,2.1597435246432775,38.816522023259985,,
moodys_mi_detail,Moody's MI (detail),8111,Automotive Repair and Maintenance,9,"Dealers, Maintenance, & Repair","Dealers, Maintenance, & Repair",Downstream,2028,Moody's detailed,0.0062359117458964,0.1996506129702858,32.01626660314231,,
moodys_mi_detail,Moody's MI (detail),4841,General Freight Trucking,10,Logistics,Logistics,Downstream,2028,Moody's detailed,0.1403592121163865,4.711807996034623,33.569638394148086,,
moodys_mi_detail,Moody's MI (detail),4842,Specialized Freight Trucking,10,Logistics,Logistics,Downstream,2028,Moody's detailed,0.1403592121163865,1.4669241236645643,10.45121372189083,,
moodys_mi_detail,Moody's MI (detail),3255,"Paint, Coating, and Adhesive Manufacturing",1,Materials & Processing - Coatings & Surface Treatments,Materials & Processing - Coatings & Surface Treatments,Upstream,2029,Moody's detailed,0.5150096802925763,2.4513970511751175,4.759904803697053,,
moodys_mi_detail,Moody's MI (detail),3328,"Coating, Engraving, Heat Treating, and Allied Activities",1,Materials & Processing - Coatings & Surface Treatments,Materials & Processing - Coatings & Surface Treatments,Upstream,2029,Moody's detailed,0.2353528305668375,2.6134729208466263,11.10448901146498,,
moodys_mi_detail,Moody's MI (detail),3311,Iron and Steel Mills and Ferroalloy Manufacturing,1,Materials & Processing - Metals,Materials & Processing - Metals,Upstream,2029,Moody's detailed,0.4155561904757487,1.1950838005542344,2.87586571429978,,
moodys_mi_detail,Moody's MI (detail),3312,Steel Product Manufacturing from Purchased Steel,1,Materials & Processing - Metals,Materials & Processing - Metals,Upstream,2029,Moody's detailed,0.4018232314810702,0.6324891654526815,1.574048277700136,,
moodys_mi_detail,Moody's MI (detail),3313,Alumina and Aluminum Production and Processing,1,Materials & Processing - Metals,Materials & Processing - Metals,Upstream,2029,Moody's detailed,0.3207778863371143,0.8331777293725259,2.597366479611118,,
moodys_mi_detail,Moody's MI (detail),3314,Nonferrous Metal (except Aluminum) Production and Processing,1,Materials & Processing - Metals,Materials & Processing - Metals,Upstream,2029,Moody's detailed,0.2932456097149427,0.3097601658880349,1.05631646519498,,
moodys_mi_detail,Moody's MI (detail),3252,"Resin, Synthetic Rubber, and Artificial and Synthetic Fibers and Filaments Manufacturing",1,Materials & Processing - Non-Metals,Materials & Processing - Non-Metals,Upstream,2029,Moody's detailed,0.0885140651080839,0.5212210869984429,5.888567950889878,,
moodys_mi_detail,Moody's MI (detail),3261,Plastics Product Manufacturing,1,Materials & Processing - Non-Metals,Materials & Processing - Non-Metals,Upstream,2029,Moody's detailed,0.2346645503033676,7.7033564670848405,32.8270991810487,,
moodys_mi_detail,Moody's MI (detail),3262,Rubber Product Manufacturing,1,Materials & Processing - Non-Metals,Materials & Processing - Non-Metals,Upstream,2029,Moody's detailed,0.5480013167432982,2.508249869050436,4.577087303287233,,
moodys_mi_detail,Moody's MI (detail),3272,Glass and Glass Product Manufacturing,1,Materials & Processing - Non-Metals,Materials & Processing - Non-Metals,Upstream,2029,Moody's detailed,0.5746759592860471,1.683256894930538,2.929053961160555,,
moodys_mi_detail,Moody's MI (detail),3335,Metalworking Machinery Manufacturing,2,Equipment Manufacturing,Equipment Manufacturing,Upstream,2029,Moody's detailed,0.0781138186814543,2.1670497265111166,27.74220698834706,,
moodys_mi_detail,Moody's MI (detail),3339,Other General Purpose Machinery Manufacturing,2,Equipment Manufacturing,Equipment Manufacturing,Upstream,2029,Moody's detailed,0.2191076203234622,3.8569372171720415,17.60293508495121,,
moodys_mi_detail,Moody's MI (detail),3315,Foundries,3,Forging & Foundries,Forging & Foundries,Upstream,2029,Moody's detailed,0.6718042155478705,4.932048834118015,7.341497299322281,,
moodys_mi_detail,Moody's MI (detail),3321,Forging and Stamping,3,Forging & Foundries,Forging & Foundries,Upstream,2029,Moody's detailed,0.3924501979798644,2.758100615965179,7.027899667683924,,
moodys_mi_detail,Moody's MI (detail),3326,Spring and Wire Product Manufacturing,4,Parts & Machining,Parts & Machining,Upstream,2029,Moody's detailed,0.4020278427245708,1.3469678735383162,3.350434299300816,,
moodys_mi_detail,Moody's MI (detail),3327,"Machine Shops; Turned Product; and Screw, Nut, and Bolt Manufacturing",4,Parts & Machining,Parts & Machining,Upstream,2029,Moody's detailed,0.3798883431259702,8.824513966125025,23.22923070897923,,
moodys_mi_detail,Moody's MI (detail),3329,Other Fabricated Metal Product Manufacturing,4,Parts & Machining,Parts & Machining,Upstream,2029,Moody's detailed,0.1601840236697625,1.6712540030940828,10.43333763758839,,
moodys_mi_detail,Moody's MI (detail),3344,Semiconductor and Other Electronic Component Manufacturing,4,Parts & Machining,Parts & Machining,Upstream,2029,Moody's detailed,0.2236609031791956,2.4841252834366854,11.10665855375904,,
moodys_mi_detail,Moody's MI (detail),3336,"Engine, Turbine, and Power Transmission Equipment Manufacturing",5,Component Systems,Component Systems,Upstream,2029,Moody's detailed,0.7169582878623106,3.295931379960415,4.597103396053338,,
moodys_mi_detail,Moody's MI (detail),3345,"Navigational, Measuring, Electro medical, and Control Instruments Manufacturing",5,Component Systems,Component Systems,Upstream,2029,Moody's detailed,0.0208760538182582,0.19886119067530894,9.525803698656157,,
moodys_mi_detail,Moody's MI (detail),3359,Other Electrical Equipment and Component Manufacturing,5,Component Systems,Component Systems,Upstream,2029,Moody's detailed,0.503516468921238,2.2718708029201173,4.512008927508371,,
moodys_mi_detail,Moody's MI (detail),5413,"Architectural, Engineering, and Related Services",6,Engineering & Design,Engineering & Design,OEM,2029,Moody's detailed,0.007242971108885,0.6289060191219948,86.82983953235872,,
moodys_mi_detail,Moody's MI (detail),5414,Industrial design,6,Engineering & Design,Engineering & Design,OEM,2029,Moody's detailed,0.0336712633047057,0.34232217809551946,10.1665974037772,,
moodys_mi_detail,Moody's MI (detail),5417,Scientific Research and Development ,6,Engineering & Design,Engineering & Design,OEM,2029,Moody's detailed,0.0026962895876024,0.06718765492273081,24.918560391903434,,
moodys_mi_detail,Moody's MI (detail),3361,Motor Vehicle Manufacturing,7,Core Automotive,Core Automotive,OEM,2029,Moody's detailed,0.0069010519260291,0.40804486511510524,59.127922741177855,,
moodys_mi_detail,Moody's MI (detail),3362,Motor Vehicle Body and Trailer Manufacturing,7,Core Automotive,Core Automotive,OEM,2029,Moody's detailed,0.3212237652633554,2.764974020050801,8.607625957512628,,
moodys_mi_detail,Moody's MI (detail),3363,Motor Vehicle Parts Manufacturing,7,Core Automotive,Core Automotive,OEM,2029,Moody's detailed,0.8663772574866386,93.46384495793026,107.8789224327852,,
moodys_mi_detail,Moody's MI (detail),4231,Motor Vehicle and Motor Vehicle Parts and Supplies Merchant Wholesalers,8,"Motor Vehicle Parts, Materials, & Products Sales","Motor Vehicle Parts, Materials, & Products Sales",Downstream,2029,Moody's detailed,0.8079274458924952,21.767607492052747,26.942527578087994,,
moodys_mi_detail,Moody's MI (detail),4235,Metal and Mineral (except Petroleum) Merchant Wholesalers,8,"Motor Vehicle Parts, Materials, & Products Sales","Motor Vehicle Parts, Materials, & Products Sales",Downstream,2029,Moody's detailed,0.2166970044359996,1.4345101243637663,6.619889038602016,,
moodys_mi_detail,Moody's MI (detail),4238,"Machinery, Equipment, and Supplies Merchant Wholesalers",8,"Motor Vehicle Parts, Materials, & Products Sales","Motor Vehicle Parts, Materials, & Products Sales",Downstream,2029,Moody's detailed,0.4099321154017989,10.124462288210285,24.6978997444167,,
moodys_mi_detail,Moody's MI (detail),4239,Miscellaneous Durable Goods Merchant Wholesalers,8,"Motor Vehicle Parts, Materials, & Products Sales","Motor Vehicle Parts, Materials, & Products Sales",Downstream,2029,Moody's detailed,0.2166970044359996,1.917085743029653,8.84684930472057,,
moodys_mi_detail,Moody's MI (detail),4247,Petroleum and Petroleum Products Merchant Wholesalers,8,"Motor Vehicle Parts, Materials, & Products Sales","Motor Vehicle Parts, Materials, & Products Sales",Downstream,2029,Moody's detailed,0.0091543465435165,0.031539279333402455,3.445279156024514,,
moodys_mi_detail,Moody's MI (detail),4413,"Automotive Parts, Accessories, and Tire Retailers",8,"Motor Vehicle Parts, Materials, & Products Sales","Motor Vehicle Parts, Materials, & Products Sales",Downstream,2029,Moody's detailed,0.055639800066299,0.9898338322571634,17.79003215463934,,
moodys_mi_detail,Moody's MI (detail),4571,Gasoline Stations,8,"Motor Vehicle Parts, Materials, & Products Sales","Motor Vehicle Parts, Materials, & Products Sales",Downstream,2029,Moody's detailed,0.0019959124612901,0.05498187316994886,27.54723678332574,,
moodys_mi_detail,Moody's MI (detail),4411,Automobile Dealers,9,"Dealers, Maintenance, & Repair","Dealers, Maintenance, & Repair",Downstream,2029,Moody's detailed,0.055639800066299,2.159682585445942,38.81542677853835,,
moodys_mi_detail,Moody's MI (detail),8111,Automotive Repair and Maintenance,9,"Dealers, Maintenance, & Repair","Dealers, Maintenance, & Repair",Downstream,2029,Moody's detailed,0.0062359117458964,0.20164973488952917,32.33684874104042,,
moodys_mi_detail,Moody's MI (detail),4841,General Freight Trucking,10,Logistics,Logistics,Downstream,2029,Moody's detailed,0.1403592121163865,4.602379941692816,32.79000980624273,,
moodys_mi_detail,Moody's MI (detail),4842,Specialized Freight Trucking,10,Logistics,Logistics,Downstream,2029,Moody's detailed,0.1403592121163865,1.4272111034707378,10.16827525568673,,
moodys_mi_detail,Moody's MI (detail),3255,"Paint, Coating, and Adhesive Manufacturing",1,Materials & Processing - Coatings & Surface Treatments,Materials & Processing - Coatings & Surface Treatments,Upstream,2030,Moody's detailed,0.5150096802925763,2.445451225943357,4.748359728994025,,
moodys_mi_detail,Moody's MI (detail),3328,"Coating, Engraving, Heat Treating, and Allied Activities",1,Materials & Processing - Coatings & Surface Treatments,Materials & Processing - Coatings & Surface Treatments,Upstream,2030,Moody's detailed,0.2353528305668375,2.597243275022114,11.03553022399077,,
moodys_mi_detail,Moody's MI (detail),3311,Iron and Steel Mills and Ferroalloy Manufacturing,1,Materials & Processing - Metals,Materials & Processing - Metals,Upstream,2030,Moody's detailed,0.4155561904757487,1.157208710361443,2.784722588385977,,
moodys_mi_detail,Moody's MI (detail),3312,Steel Product Manufacturing from Purchased Steel,1,Materials & Processing - Metals,Materials & Processing - Metals,Upstream,2030,Moody's detailed,0.4018232314810702,0.6150385979468942,1.530619809312515,,
moodys_mi_detail,Moody's MI (detail),3313,Alumina and Aluminum Production and Processing,1,Materials & Processing - Metals,Materials & Processing - Metals,Upstream,2030,Moody's detailed,0.3207778863371143,0.8166051895937491,2.545702881574437,,
moodys_mi_detail,Moody's MI (detail),3314,Nonferrous Metal (except Aluminum) Production and Processing,1,Materials & Processing - Metals,Materials & Processing - Metals,Upstream,2030,Moody's detailed,0.2932456097149427,0.3001063312753925,1.023395820203818,,
moodys_mi_detail,Moody's MI (detail),3252,"Resin, Synthetic Rubber, and Artificial and Synthetic Fibers and Filaments Manufacturing",1,Materials & Processing - Non-Metals,Materials & Processing - Non-Metals,Upstream,2030,Moody's detailed,0.0885140651080839,0.5162102040172241,5.831956801293483,,
moodys_mi_detail,Moody's MI (detail),3261,Plastics Product Manufacturing,1,Materials & Processing - Non-Metals,Materials & Processing - Non-Metals,Upstream,2030,Moody's detailed,0.2346645503033676,7.634197882995277,32.53238664777447,,
moodys_mi_detail,Moody's MI (detail),3262,Rubber Product Manufacturing,1,Materials & Processing - Non-Metals,Materials & Processing - Non-Metals,Upstream,2030,Moody's detailed,0.5480013167432982,2.4636553252499405,4.495710594075082,,
moodys_mi_detail,Moody's MI (detail),3272,Glass and Glass Product Manufacturing,1,Materials & Processing - Non-Metals,Materials & Processing - Non-Metals,Upstream,2030,Moody's detailed,0.5746759592860471,1.6542981941502617,2.878662605280185,,
moodys_mi_detail,Moody's MI (detail),3335,Metalworking Machinery Manufacturing,2,Equipment Manufacturing,Equipment Manufacturing,Upstream,2030,Moody's detailed,0.0781138186814543,2.141719210227277,27.417929969102406,,
moodys_mi_detail,Moody's MI (detail),3339,Other General Purpose Machinery Manufacturing,2,Equipment Manufacturing,Equipment Manufacturing,Upstream,2030,Moody's detailed,0.2191076203234622,3.880884115786872,17.71222794559877,,
moodys_mi_detail,Moody's MI (detail),3315,Foundries,3,Forging & Foundries,Forging & Foundries,Upstream,2030,Moody's detailed,0.6718042155478705,4.735528961768138,7.048971786975487,,
moodys_mi_detail,Moody's MI (detail),3321,Forging and Stamping,3,Forging & Foundries,Forging & Foundries,Upstream,2030,Moody's detailed,0.3924501979798644,2.7358053941592773,6.971089346474592,,
moodys_mi_detail,Moody's MI (detail),3326,Spring and Wire Product Manufacturing,4,Parts & Machining,Parts & Machining,Upstream,2030,Moody's detailed,0.4020278427245708,1.34330673466298,3.341327619398936,,
moodys_mi_detail,Moody's MI (detail),3327,"Machine Shops; Turned Product; and Screw, Nut, and Bolt Manufacturing",4,Parts & Machining,Parts & Machining,Upstream,2030,Moody's detailed,0.3798883431259702,8.727102181381966,22.972808561509552,,
moodys_mi_detail,Moody's MI (detail),3329,Other Fabricated Metal Product Manufacturing,4,Parts & Machining,Parts & Machining,Upstream,2030,Moody's detailed,0.1601840236697625,1.6680625027153124,10.41341367572469,,
moodys_mi_detail,Moody's MI (detail),3344,Semiconductor and Other Electronic Component Manufacturing,4,Parts & Machining,Parts & Machining,Upstream,2030,Moody's detailed,0.2236609031791956,2.474916387979025,11.06548508389121,,
moodys_mi_detail,Moody's MI (detail),3336,"Engine, Turbine, and Power Transmission Equipment Manufacturing",5,Component Systems,Component Systems,Upstream,2030,Moody's detailed,0.7169582878623106,3.2829171698385635,4.578951419373279,,
moodys_mi_detail,Moody's MI (detail),3345,"Navigational, Measuring, Electro medical, and Control Instruments Manufacturing",5,Component Systems,Component Systems,Upstream,2030,Moody's detailed,0.0208760538182582,0.19824321782010393,9.496201702963631,,
moodys_mi_detail,Moody's MI (detail),3359,Other Electrical Equipment and Component Manufacturing,5,Component Systems,Component Systems,Upstream,2030,Moody's detailed,0.503516468921238,2.2690197242891847,4.506346593092497,,
moodys_mi_detail,Moody's MI (detail),5413,"Architectural, Engineering, and Related Services",6,Engineering & Design,Engineering & Design,OEM,2030,Moody's detailed,0.007242971108885,0.6341201689325646,87.54973054561619,,
moodys_mi_detail,Moody's MI (detail),5414,Industrial design,6,Engineering & Design,Engineering & Design,OEM,2030,Moody's detailed,0.0336712633047057,0.34280125993486377,10.18082561478933,,
moodys_mi_detail,Moody's MI (detail),5417,Scientific Research and Development ,6,Engineering & Design,Engineering & Design,OEM,2030,Moody's detailed,0.0026962895876024,0.06850725636859227,25.40797423377302,,
moodys_mi_detail,Moody's MI (detail),3361,Motor Vehicle Manufacturing,7,Core Automotive,Core Automotive,OEM,2030,Moody's detailed,0.0069010519260291,0.4269944716778083,61.8738239118718,,
moodys_mi_detail,Moody's MI (detail),3362,Motor Vehicle Body and Trailer Manufacturing,7,Core Automotive,Core Automotive,OEM,2030,Moody's detailed,0.3212237652633554,2.7707753091522367,8.625685919846608,,
moodys_mi_detail,Moody's MI (detail),3363,Motor Vehicle Parts Manufacturing,7,Core Automotive,Core Automotive,OEM,2030,Moody's detailed,0.8663772574866386,92.71211475738845,107.0112516876844,,
moodys_mi_detail,Moody's MI (detail),4231,Motor Vehicle and Motor Vehicle Parts and Supplies Merchant Wholesalers,8,"Motor Vehicle Parts, Materials, & Products Sales","Motor Vehicle Parts, Materials, & Products Sales",Downstream,2030,Moody's detailed,0.8079274458924952,21.854286472948896,27.04981317822056,,
moodys_mi_detail,Moody's MI (detail),4235,Metal and Mineral (except Petroleum) Merchant Wholesalers,8,"Motor Vehicle Parts, Materials, & Products Sales","Motor Vehicle Parts, Materials, & Products Sales",Downstream,2030,Moody's detailed,0.2166970044359996,1.4304926277228913,6.601349342350417,,
moodys_mi_detail,Moody's MI (detail),4238,"Machinery, Equipment, and Supplies Merchant Wholesalers",8,"Motor Vehicle Parts, Materials, & Products Sales","Motor Vehicle Parts, Materials, & Products Sales",Downstream,2030,Moody's detailed,0.4099321154017989,10.12824352774338,24.70712380711154,,
moodys_mi_detail,Moody's MI (detail),4239,Miscellaneous Durable Goods Merchant Wholesalers,8,"Motor Vehicle Parts, Materials, & Products Sales","Motor Vehicle Parts, Materials, & Products Sales",Downstream,2030,Moody's detailed,0.2166970044359996,1.9151391607425938,8.83786633657975,,
moodys_mi_detail,Moody's MI (detail),4247,Petroleum and Petroleum Products Merchant Wholesalers,8,"Motor Vehicle Parts, Materials, & Products Sales","Motor Vehicle Parts, Materials, & Products Sales",Downstream,2030,Moody's detailed,0.0091543465435165,0.03118340434105939,3.40640418109852,,
moodys_mi_detail,Moody's MI (detail),4413,"Automotive Parts, Accessories, and Tire Retailers",8,"Motor Vehicle Parts, Materials, & Products Sales","Motor Vehicle Parts, Materials, & Products Sales",Downstream,2030,Moody's detailed,0.055639800066299,0.9928220237231045,17.84373816117388,,
moodys_mi_detail,Moody's MI (detail),4571,Gasoline Stations,8,"Motor Vehicle Parts, Materials, & Products Sales","Motor Vehicle Parts, Materials, & Products Sales",Downstream,2030,Moody's detailed,0.0019959124612901,0.05517169799108754,27.642343570231606,,
moodys_mi_detail,Moody's MI (detail),4411,Automobile Dealers,9,"Dealers, Maintenance, & Repair","Dealers, Maintenance, & Repair",Downstream,2030,Moody's detailed,0.055639800066299,2.163177525697657,38.87824045233931,,
moodys_mi_detail,Moody's MI (detail),8111,Automotive Repair and Maintenance,9,"Dealers, Maintenance, & Repair","Dealers, Maintenance, & Repair",Downstream,2030,Moody's detailed,0.0062359117458964,0.20459241895821617,32.80874189613894,,
moodys_mi_detail,Moody's MI (detail),4841,General Freight Trucking,10,Logistics,Logistics,Downstream,2030,Moody's detailed,0.1403592121163865,4.499851228480233,32.05953610475482,,
moodys_mi_detail,Moody's MI (detail),4842,Specialized Freight Trucking,10,Logistics,Logistics,Downstream,2030,Moody's detailed,0.1403592121163865,1.390127012701528,9.90406679932649,,
moodys_mi_detail,Moody's MI (detail),3255,"Paint, Coating, and Adhesive Manufacturing",1,Materials & Processing - Coatings & Surface Treatments,Materials & Processing - Coatings & Surface Treatments,Upstream,2031,Moody's detailed,0.5150096802925763,2.436367077904921,4.730720938140083,,
moodys_mi_detail,Moody's MI (detail),3328,"Coating, Engraving, Heat Treating, and Allied Activities",1,Materials & Processing - Coatings & Surface Treatments,Materials & Processing - Coatings & Surface Treatments,Upstream,2031,Moody's detailed,0.2353528305668375,2.573482953331169,10.93457404838957,,
moodys_mi_detail,Moody's MI (detail),3311,Iron and Steel Mills and Ferroalloy Manufacturing,1,Materials & Processing - Metals,Materials & Processing - Metals,Upstream,2031,Moody's detailed,0.4155561904757487,1.1206552385927413,2.696759822804616,,
moodys_mi_detail,Moody's MI (detail),3312,Steel Product Manufacturing from Purchased Steel,1,Materials & Processing - Metals,Materials & Processing - Metals,Upstream,2031,Moody's detailed,0.4018232314810702,0.5980344140312824,1.488302236351548,,
moodys_mi_detail,Moody's MI (detail),3313,Alumina and Aluminum Production and Processing,1,Materials & Processing - Metals,Materials & Processing - Metals,Upstream,2031,Moody's detailed,0.3207778863371143,0.800066580038158,2.494145058357751,,
moodys_mi_detail,Moody's MI (detail),3314,Nonferrous Metal (except Aluminum) Production and Processing,1,Materials & Processing - Metals,Materials & Processing - Metals,Upstream,2031,Moody's detailed,0.2932456097149427,0.29077858192682154,0.991587162070323,,
moodys_mi_detail,Moody's MI (detail),3252,"Resin, Synthetic Rubber, and Artificial and Synthetic Fibers and Filaments Manufacturing",1,Materials & Processing - Non-Metals,Materials & Processing - Non-Metals,Upstream,2031,Moody's detailed,0.0885140651080839,0.5107313176719961,5.770058318396581,,
moodys_mi_detail,Moody's MI (detail),3261,Plastics Product Manufacturing,1,Materials & Processing - Non-Metals,Materials & Processing - Non-Metals,Upstream,2031,Moody's detailed,0.2346645503033676,7.555344367954296,32.19636011569265,,
moodys_mi_detail,Moody's MI (detail),3262,Rubber Product Manufacturing,1,Materials & Processing - Non-Metals,Materials & Processing - Non-Metals,Upstream,2031,Moody's detailed,0.5480013167432982,2.4173988562297426,4.411301181895027,,
moodys_mi_detail,Moody's MI (detail),3272,Glass and Glass Product Manufacturing,1,Materials & Processing - Non-Metals,Materials & Processing - Non-Metals,Upstream,2031,Moody's detailed,0.5746759592860471,1.6230210799000917,2.824236952449627,,
moodys_mi_detail,Moody's MI (detail),3335,Metalworking Machinery Manufacturing,2,Equipment Manufacturing,Equipment Manufacturing,Upstream,2031,Moody's detailed,0.0781138186814543,2.1132568667903238,27.05355982413456,,
moodys_mi_detail,Moody's MI (detail),3339,Other General Purpose Machinery Manufacturing,2,Equipment Manufacturing,Equipment Manufacturing,Upstream,2031,Moody's detailed,0.2191076203234622,3.895951226315833,17.78099374437253,,
moodys_mi_detail,Moody's MI (detail),3315,Foundries,3,Forging & Foundries,Forging & Foundries,Upstream,2031,Moody's detailed,0.6718042155478705,4.548851980068699,6.771097701968146,,
moodys_mi_detail,Moody's MI (detail),3321,Forging and Stamping,3,Forging & Foundries,Forging & Foundries,Upstream,2031,Moody's detailed,0.3924501979798644,2.705864589618296,6.894797361669637,,
moodys_mi_detail,Moody's MI (detail),3326,Spring and Wire Product Manufacturing,4,Parts & Machining,Parts & Machining,Upstream,2031,Moody's detailed,0.4020278427245708,1.3355134317680395,3.321942636403418,,
moodys_mi_detail,Moody's MI (detail),3327,"Machine Shops; Turned Product; and Screw, Nut, and Bolt Manufacturing",4,Parts & Machining,Parts & Machining,Upstream,2031,Moody's detailed,0.3798883431259702,8.606870656812855,22.6563168166464,,
moodys_mi_detail,Moody's MI (detail),3329,Other Fabricated Metal Product Manufacturing,4,Parts & Machining,Parts & Machining,Upstream,2031,Moody's detailed,0.1601840236697625,1.659677426346263,10.36106715466129,,
moodys_mi_detail,Moody's MI (detail),3344,Semiconductor and Other Electronic Component Manufacturing,4,Parts & Machining,Parts & Machining,Upstream,2031,Moody's detailed,0.2236609031791956,2.4651164580503924,11.02166906692386,,
moodys_mi_detail,Moody's MI (detail),3336,"Engine, Turbine, and Power Transmission Equipment Manufacturing",5,Component Systems,Component Systems,Upstream,2031,Moody's detailed,0.7169582878623106,3.263672933922081,4.552109919327494,,
moodys_mi_detail,Moody's MI (detail),3345,"Navigational, Measuring, Electro medical, and Control Instruments Manufacturing",5,Component Systems,Component Systems,Upstream,2031,Moody's detailed,0.0208760538182582,0.19757242412043133,9.464069495147328,,
moodys_mi_detail,Moody's MI (detail),3359,Other Electrical Equipment and Component Manufacturing,5,Component Systems,Component Systems,Upstream,2031,Moody's detailed,0.503516468921238,2.2619477048781187,4.492301333706607,,
moodys_mi_detail,Moody's MI (detail),5413,"Architectural, Engineering, and Related Services",6,Engineering & Design,Engineering & Design,OEM,2031,Moody's detailed,0.007242971108885,0.6385680001961297,88.16381987397328,,
moodys_mi_detail,Moody's MI (detail),5414,Industrial design,6,Engineering & Design,Engineering & Design,OEM,2031,Moody's detailed,0.0336712633047057,0.3429376995978919,10.1848777247976,,
moodys_mi_detail,Moody's MI (detail),5417,Scientific Research and Development ,6,Engineering & Design,Engineering & Design,OEM,2031,Moody's detailed,0.0026962895876024,0.0697340746253388,25.86297664241172,,
moodys_mi_detail,Moody's MI (detail),3361,Motor Vehicle Manufacturing,7,Core Automotive,Core Automotive,OEM,2031,Moody's detailed,0.0069010519260291,0.4436020891776999,64.28035811533891,,
moodys_mi_detail,Moody's MI (detail),3362,Motor Vehicle Body and Trailer Manufacturing,7,Core Automotive,Core Automotive,OEM,2031,Moody's detailed,0.3212237652633554,2.7610749867420634,8.595487897598098,,
moodys_mi_detail,Moody's MI (detail),3363,Motor Vehicle Parts Manufacturing,7,Core Automotive,Core Automotive,OEM,2031,Moody's detailed,0.8663772574866386,91.48792453543781,105.5982526605608,,
moodys_mi_detail,Moody's MI (detail),4231,Motor Vehicle and Motor Vehicle Parts and Supplies Merchant Wholesalers,8,"Motor Vehicle Parts, Materials, & Products Sales","Motor Vehicle Parts, Materials, & Products Sales",Downstream,2031,Moody's detailed,0.8079274458924952,21.90756749029596,27.11576095313271,,
moodys_mi_detail,Moody's MI (detail),4235,Metal and Mineral (except Petroleum) Merchant Wholesalers,8,"Motor Vehicle Parts, Materials, & Products Sales","Motor Vehicle Parts, Materials, & Products Sales",Downstream,2031,Moody's detailed,0.2166970044359996,1.42466705174361,6.574465832841628,,
moodys_mi_detail,Moody's MI (detail),4238,"Machinery, Equipment, and Supplies Merchant Wholesalers",8,"Motor Vehicle Parts, Materials, & Products Sales","Motor Vehicle Parts, Materials, & Products Sales",Downstream,2031,Moody's detailed,0.4099321154017989,10.117856402041758,24.68178515880524,,
moodys_mi_detail,Moody's MI (detail),4239,Miscellaneous Durable Goods Merchant Wholesalers,8,"Motor Vehicle Parts, Materials, & Products Sales","Motor Vehicle Parts, Materials, & Products Sales",Downstream,2031,Moody's detailed,0.2166970044359996,1.9106218780307769,8.817020258326043,,
moodys_mi_detail,Moody's MI (detail),4247,Petroleum and Petroleum Products Merchant Wholesalers,8,"Motor Vehicle Parts, Materials, & Products Sales","Motor Vehicle Parts, Materials, & Products Sales",Downstream,2031,Moody's detailed,0.0091543465435165,0.030801833500156434,3.364722250106602,,
moodys_mi_detail,Moody's MI (detail),4413,"Automotive Parts, Accessories, and Tire Retailers",8,"Motor Vehicle Parts, Materials, & Products Sales","Motor Vehicle Parts, Materials, & Products Sales",Downstream,2031,Moody's detailed,0.055639800066299,0.9947635350317525,17.87863245098683,,
moodys_mi_detail,Moody's MI (detail),4571,Gasoline Stations,8,"Motor Vehicle Parts, Materials, & Products Sales","Motor Vehicle Parts, Materials, & Products Sales",Downstream,2031,Moody's detailed,0.0019959124612901,0.05530268273669438,27.70797006846098,,
moodys_mi_detail,Moody's MI (detail),4411,Automobile Dealers,9,"Dealers, Maintenance, & Repair","Dealers, Maintenance, & Repair",Downstream,2031,Moody's detailed,0.055639800066299,2.1644988155238716,38.90198765891877,,
moodys_mi_detail,Moody's MI (detail),8111,Automotive Repair and Maintenance,9,"Dealers, Maintenance, & Repair","Dealers, Maintenance, & Repair",Downstream,2031,Moody's detailed,0.0062359117458964,0.20732629897107138,33.24715092504386,,
moodys_mi_detail,Moody's MI (detail),4841,General Freight Trucking,10,Logistics,Logistics,Downstream,2031,Moody's detailed,0.1403592121163865,4.391166616248699,31.28520422733297,,
moodys_mi_detail,Moody's MI (detail),4842,Specialized Freight Trucking,10,Logistics,Logistics,Downstream,2031,Moody's detailed,0.1403592121163865,1.351608114720996,9.629635948656055,,
moodys_mi_detail,Moody's MI (detail),3255,"Paint, Coating, and Adhesive Manufacturing",1,Materials & Processing - Coatings & Surface Treatments,Materials & Processing - Coatings & Surface Treatments,Upstream,2032,Moody's detailed,0.5150096802925763,2.4169347169500512,4.692988907658966,,
moodys_mi_detail,Moody's MI (detail),3328,"Coating, Engraving, Heat Treating, and Allied Activities",1,Materials & Processing - Coatings & Surface Treatments,Materials & Processing - Coatings & Surface Treatments,Upstream,2032,Moody's detailed,0.2353528305668375,2.5367000487364555,10.77828570247878,,
moodys_mi_detail,Moody's MI (detail),3311,Iron and Steel Mills and Ferroalloy Manufacturing,1,Materials & Processing - Metals,Materials & Processing - Metals,Upstream,2032,Moody's detailed,0.4155561904757487,1.0828093161738113,2.605686886613719,,
moodys_mi_detail,Moody's MI (detail),3312,Steel Product Manufacturing from Purchased Steel,1,Materials & Processing - Metals,Materials & Processing - Metals,Upstream,2032,Moody's detailed,0.4018232314810702,0.5800944380517722,1.443655798380837,,
moodys_mi_detail,Moody's MI (detail),3313,Alumina and Aluminum Production and Processing,1,Materials & Processing - Metals,Materials & Processing - Metals,Upstream,2032,Moody's detailed,0.3207778863371143,0.7817299239147649,2.436981965437678,,
moodys_mi_detail,Moody's MI (detail),3314,Nonferrous Metal (except Aluminum) Production and Processing,1,Materials & Processing - Metals,Materials & Processing - Metals,Upstream,2032,Moody's detailed,0.2932456097149427,0.28109956208994724,0.958580632675789,,
moodys_mi_detail,Moody's MI (detail),3252,"Resin, Synthetic Rubber, and Artificial and Synthetic Fibers and Filaments Manufacturing",1,Materials & Processing - Non-Metals,Materials & Processing - Non-Metals,Upstream,2032,Moody's detailed,0.0885140651080839,0.5032892428881542,5.685980440211297,,
moodys_mi_detail,Moody's MI (detail),3261,Plastics Product Manufacturing,1,Materials & Processing - Non-Metals,Materials & Processing - Non-Metals,Upstream,2032,Moody's detailed,0.2346645503033676,7.44071493850378,31.70787802795368,,
moodys_mi_detail,Moody's MI (detail),3262,Rubber Product Manufacturing,1,Materials & Processing - Non-Metals,Materials & Processing - Non-Metals,Upstream,2032,Moody's detailed,0.5480013167432982,2.361209956249834,4.308766939251539,,
moodys_mi_detail,Moody's MI (detail),3272,Glass and Glass Product Manufacturing,1,Materials & Processing - Non-Metals,Materials & Processing - Non-Metals,Upstream,2032,Moody's detailed,0.5746759592860471,1.5849977374988877,2.758072113314121,,
moodys_mi_detail,Moody's MI (detail),3335,Metalworking Machinery Manufacturing,2,Equipment Manufacturing,Equipment Manufacturing,Upstream,2032,Moody's detailed,0.0781138186814543,2.078169818841152,26.60438132356406,,
moodys_mi_detail,Moody's MI (detail),3339,Other General Purpose Machinery Manufacturing,2,Equipment Manufacturing,Equipment Manufacturing,Upstream,2032,Moody's detailed,0.2191076203234622,3.8952842286645666,17.77794958894662,,
moodys_mi_detail,Moody's MI (detail),3315,Foundries,3,Forging & Foundries,Forging & Foundries,Upstream,2032,Moody's detailed,0.6718042155478705,4.361107196057767,6.491634162344742,,
moodys_mi_detail,Moody's MI (detail),3321,Forging and Stamping,3,Forging & Foundries,Forging & Foundries,Upstream,2032,Moody's detailed,0.3924501979798644,2.6625469670100714,6.784419986830226,,
moodys_mi_detail,Moody's MI (detail),3326,Spring and Wire Product Manufacturing,4,Parts & Machining,Parts & Machining,Upstream,2032,Moody's detailed,0.4020278427245708,1.3206949486500732,3.285083290997039,,
moodys_mi_detail,Moody's MI (detail),3327,"Machine Shops; Turned Product; and Screw, Nut, and Bolt Manufacturing",4,Parts & Machining,Parts & Machining,Upstream,2032,Moody's detailed,0.3798883431259702,8.445788837027003,22.23229269824264,,
moodys_mi_detail,Moody's MI (detail),3329,Other Fabricated Metal Product Manufacturing,4,Parts & Machining,Parts & Machining,Upstream,2032,Moody's detailed,0.1601840236697625,1.6424904688848319,10.25377207574091,,
moodys_mi_detail,Moody's MI (detail),3344,Semiconductor and Other Electronic Component Manufacturing,4,Parts & Machining,Parts & Machining,Upstream,2032,Moody's detailed,0.2236609031791956,2.4510761167203934,10.95889394114003,,
moodys_mi_detail,Moody's MI (detail),3336,"Engine, Turbine, and Power Transmission Equipment Manufacturing",5,Component Systems,Component Systems,Upstream,2032,Moody's detailed,0.7169582878623106,3.2326853295051046,4.508888988707709,,
moodys_mi_detail,Moody's MI (detail),3345,"Navigational, Measuring, Electro medical, and Control Instruments Manufacturing",5,Component Systems,Component Systems,Upstream,2032,Moody's detailed,0.0208760538182582,0.19655618697437652,9.415389933631443,,
moodys_mi_detail,Moody's MI (detail),3359,Other Electrical Equipment and Component Manufacturing,5,Component Systems,Component Systems,Upstream,2032,Moody's detailed,0.503516468921238,2.2454829147694637,4.459601727785215,,
moodys_mi_detail,Moody's MI (detail),5413,"Architectural, Engineering, and Related Services",6,Engineering & Design,Engineering & Design,OEM,2032,Moody's detailed,0.007242971108885,0.6410025799461258,88.4999498561859,,
moodys_mi_detail,Moody's MI (detail),5414,Industrial design,6,Engineering & Design,Engineering & Design,OEM,2032,Moody's detailed,0.0336712633047057,0.3420734272179726,10.15920977251146,,
moodys_mi_detail,Moody's MI (detail),5417,Scientific Research and Development ,6,Engineering & Design,Engineering & Design,OEM,2032,Moody's detailed,0.0026962895876024,0.07072687225681422,26.23118547132992,,
moodys_mi_detail,Moody's MI (detail),3361,Motor Vehicle Manufacturing,7,Core Automotive,Core Automotive,OEM,2032,Moody's detailed,0.0069010519260291,0.45640486847177325,66.13555054560949,,
moodys_mi_detail,Moody's MI (detail),3362,Motor Vehicle Body and Trailer Manufacturing,7,Core Automotive,Core Automotive,OEM,2032,Moody's detailed,0.3212237652633554,2.7291328889108377,8.496049122247719,,
moodys_mi_detail,Moody's MI (detail),3363,Motor Vehicle Parts Manufacturing,7,Core Automotive,Core Automotive,OEM,2032,Moody's detailed,0.8663772574866386,89.58232683208655,103.39875159230861,,
moodys_mi_detail,Moody's MI (detail),4231,Motor Vehicle and Motor Vehicle Parts and Supplies Merchant Wholesalers,8,"Motor Vehicle Parts, Materials, & Products Sales","Motor Vehicle Parts, Materials, & Products Sales",Downstream,2032,Moody's detailed,0.8079274458924952,21.892327359348116,27.09689771111101,,
moodys_mi_detail,Moody's MI (detail),4235,Metal and Mineral (except Petroleum) Merchant Wholesalers,8,"Motor Vehicle Parts, Materials, & Products Sales","Motor Vehicle Parts, Materials, & Products Sales",Downstream,2032,Moody's detailed,0.2166970044359996,1.4147973546649488,6.528919762168666,,
moodys_mi_detail,Moody's MI (detail),4238,"Machinery, Equipment, and Supplies Merchant Wholesalers",8,"Motor Vehicle Parts, Materials, & Products Sales","Motor Vehicle Parts, Materials, & Products Sales",Downstream,2032,Moody's detailed,0.4099321154017989,10.0772738591488,24.5827869555218,,
moodys_mi_detail,Moody's MI (detail),4239,Miscellaneous Durable Goods Merchant Wholesalers,8,"Motor Vehicle Parts, Materials, & Products Sales","Motor Vehicle Parts, Materials, & Products Sales",Downstream,2032,Moody's detailed,0.2166970044359996,1.9005200859153442,8.770403129761092,,
moodys_mi_detail,Moody's MI (detail),4247,Petroleum and Petroleum Products Merchant Wholesalers,8,"Motor Vehicle Parts, Materials, & Products Sales","Motor Vehicle Parts, Materials, & Products Sales",Downstream,2032,Moody's detailed,0.0091543465435165,0.030347138908974523,3.315052446913064,,
moodys_mi_detail,Moody's MI (detail),4413,"Automotive Parts, Accessories, and Tire Retailers",8,"Motor Vehicle Parts, Materials, & Products Sales","Motor Vehicle Parts, Materials, & Products Sales",Downstream,2032,Moody's detailed,0.055639800066299,0.9932130805056111,17.85076652543904,,
moodys_mi_detail,Moody's MI (detail),4571,Gasoline Stations,8,"Motor Vehicle Parts, Materials, & Products Sales","Motor Vehicle Parts, Materials, & Products Sales",Downstream,2032,Moody's detailed,0.0019959124612901,0.05523875804390448,27.67594226462204,,
moodys_mi_detail,Moody's MI (detail),4411,Automobile Dealers,9,"Dealers, Maintenance, & Repair","Dealers, Maintenance, & Repair",Downstream,2032,Moody's detailed,0.055639800066299,2.1583393804481203,38.79128569614372,,
moodys_mi_detail,Moody's MI (detail),8111,Automotive Repair and Maintenance,9,"Dealers, Maintenance, & Repair","Dealers, Maintenance, & Repair",Downstream,2032,Moody's detailed,0.0062359117458964,0.2087664417193754,33.47809433909261,,
moodys_mi_detail,Moody's MI (detail),4841,General Freight Trucking,10,Logistics,Logistics,Downstream,2032,Moody's detailed,0.1403592121163865,4.268868830787127,30.4138842504143,,
moodys_mi_detail,Moody's MI (detail),4842,Specialized Freight Trucking,10,Logistics,Logistics,Downstream,2032,Moody's detailed,0.1403592121163865,1.3093654822320004,9.328675065134084,,
moodys_mi_detail,Moody's MI (detail),3255,"Paint, Coating, and Adhesive Manufacturing",1,Materials & Processing - Coatings & Surface Treatments,Materials & Processing - Coatings & Surface Treatments,Upstream,2033,Moody's detailed,0.5150096802925763,2.3878292737306337,4.63647454621457,,
moodys_mi_detail,Moody's MI (detail),3328,"Coating, Engraving, Heat Treating, and Allied Activities",1,Materials & Processing - Coatings & Surface Treatments,Materials & Processing - Coatings & Surface Treatments,Upstream,2033,Moody's detailed,0.2353528305668375,2.4893445444691795,10.5770750174268,,
moodys_mi_detail,Moody's MI (detail),3311,Iron and Steel Mills and Ferroalloy Manufacturing,1,Materials & Processing - Metals,Materials & Processing - Metals,Upstream,2033,Moody's detailed,0.4155561904757487,1.0437053701020336,2.51158662540233,,
moodys_mi_detail,Moody's MI (detail),3312,Steel Product Manufacturing from Purchased Steel,1,Materials & Processing - Metals,Materials & Processing - Metals,Upstream,2033,Moody's detailed,0.4018232314810702,0.5612368807907288,1.396725815782427,,
moodys_mi_detail,Moody's MI (detail),3313,Alumina and Aluminum Production and Processing,1,Materials & Processing - Metals,Materials & Processing - Metals,Upstream,2033,Moody's detailed,0.3207778863371143,0.7616054085892956,2.374245361130984,,
moodys_mi_detail,Moody's MI (detail),3314,Nonferrous Metal (except Aluminum) Production and Processing,1,Materials & Processing - Metals,Materials & Processing - Metals,Upstream,2033,Moody's detailed,0.2932456097149427,0.27107830423269547,0.924407033736002,,
moodys_mi_detail,Moody's MI (detail),3252,"Resin, Synthetic Rubber, and Artificial and Synthetic Fibers and Filaments Manufacturing",1,Materials & Processing - Non-Metals,Materials & Processing - Non-Metals,Upstream,2033,Moody's detailed,0.0885140651080839,0.49405941397481906,5.581705160321431,,
moodys_mi_detail,Moody's MI (detail),3261,Plastics Product Manufacturing,1,Materials & Processing - Non-Metals,Materials & Processing - Non-Metals,Upstream,2033,Moody's detailed,0.2346645503033676,7.2947294816408474,31.08577530014836,,
moodys_mi_detail,Moody's MI (detail),3262,Rubber Product Manufacturing,1,Materials & Processing - Non-Metals,Materials & Processing - Non-Metals,Upstream,2033,Moody's detailed,0.5480013167432982,2.2966931358546456,4.191035798059025,,
moodys_mi_detail,Moody's MI (detail),3272,Glass and Glass Product Manufacturing,1,Materials & Processing - Non-Metals,Materials & Processing - Non-Metals,Upstream,2033,Moody's detailed,0.5746759592860471,1.5419175270238434,2.683107762049862,,
moodys_mi_detail,Moody's MI (detail),3335,Metalworking Machinery Manufacturing,2,Equipment Manufacturing,Equipment Manufacturing,Upstream,2033,Moody's detailed,0.0781138186814543,2.039304864887864,26.10683870422576,,
moodys_mi_detail,Moody's MI (detail),3339,Other General Purpose Machinery Manufacturing,2,Equipment Manufacturing,Equipment Manufacturing,Upstream,2033,Moody's detailed,0.2191076203234622,3.8836390335395925,17.72480129995611,,
moodys_mi_detail,Moody's MI (detail),3315,Foundries,3,Forging & Foundries,Forging & Foundries,Upstream,2033,Moody's detailed,0.6718042155478705,4.172341904360124,6.210651567521783,,
moodys_mi_detail,Moody's MI (detail),3321,Forging and Stamping,3,Forging & Foundries,Forging & Foundries,Upstream,2033,Moody's detailed,0.3924501979798644,2.608481741314375,6.646656708906055,,
moodys_mi_detail,Moody's MI (detail),3326,Spring and Wire Product Manufacturing,4,Parts & Machining,Parts & Machining,Upstream,2033,Moody's detailed,0.4020278427245708,1.3000702485504196,3.233781620048384,,
moodys_mi_detail,Moody's MI (detail),3327,"Machine Shops; Turned Product; and Screw, Nut, and Bolt Manufacturing",4,Parts & Machining,Parts & Machining,Upstream,2033,Moody's detailed,0.3798883431259702,8.252468542927739,21.72340555390834,,
moodys_mi_detail,Moody's MI (detail),3329,Other Fabricated Metal Product Manufacturing,4,Parts & Machining,Parts & Machining,Upstream,2033,Moody's detailed,0.1601840236697625,1.6180005949664027,10.10088620511927,,
moodys_mi_detail,Moody's MI (detail),3344,Semiconductor and Other Electronic Component Manufacturing,4,Parts & Machining,Parts & Machining,Upstream,2033,Moody's detailed,0.2236609031791956,2.4323797228424273,10.87530135248368,,
moodys_mi_detail,Moody's MI (detail),3336,"Engine, Turbine, and Power Transmission Equipment Manufacturing",5,Component Systems,Component Systems,Upstream,2033,Moody's detailed,0.7169582878623106,3.1942051717721505,4.455217584967212,,
moodys_mi_detail,Moody's MI (detail),3345,"Navigational, Measuring, Electro medical, and Control Instruments Manufacturing",5,Component Systems,Component Systems,Upstream,2033,Moody's detailed,0.0208760538182582,0.19516066206798507,9.348541815757226,,
moodys_mi_detail,Moody's MI (detail),3359,Other Electrical Equipment and Component Manufacturing,5,Component Systems,Component Systems,Upstream,2033,Moody's detailed,0.503516468921238,2.2223718772773733,4.413702459501886,,
moodys_mi_detail,Moody's MI (detail),5413,"Architectural, Engineering, and Related Services",6,Engineering & Design,Engineering & Design,OEM,2033,Moody's detailed,0.007242971108885,0.6419708853254184,88.63363883060481,,
moodys_mi_detail,Moody's MI (detail),5414,Industrial design,6,Engineering & Design,Engineering & Design,OEM,2033,Moody's detailed,0.0336712633047057,0.3405187588054494,10.11303780686662,,
moodys_mi_detail,Moody's MI (detail),5417,Scientific Research and Development ,6,Engineering & Design,Engineering & Design,OEM,2033,Moody's detailed,0.0026962895876024,0.07153852478813412,26.532211197591632,,
moodys_mi_detail,Moody's MI (detail),3361,Motor Vehicle Manufacturing,7,Core Automotive,Core Automotive,OEM,2033,Moody's detailed,0.0069010519260291,0.4663577386266234,67.57777562397911,,
moodys_mi_detail,Moody's MI (detail),3362,Motor Vehicle Body and Trailer Manufacturing,7,Core Automotive,Core Automotive,OEM,2033,Moody's detailed,0.3212237652633554,2.683415517074741,8.353726614451276,,
moodys_mi_detail,Moody's MI (detail),3363,Motor Vehicle Parts Manufacturing,7,Core Automotive,Core Automotive,OEM,2033,Moody's detailed,0.8663772574866386,87.28991251747269,100.75277457155421,,
moodys_mi_detail,Moody's MI (detail),4231,Motor Vehicle and Motor Vehicle Parts and Supplies Merchant Wholesalers,8,"Motor Vehicle Parts, Materials, & Products Sales","Motor Vehicle Parts, Materials, & Products Sales",Downstream,2033,Moody's detailed,0.8079274458924952,21.801512711220894,26.98449325129358,,
moodys_mi_detail,Moody's MI (detail),4235,Metal and Mineral (except Petroleum) Merchant Wholesalers,8,"Motor Vehicle Parts, Materials, & Products Sales","Motor Vehicle Parts, Materials, & Products Sales",Downstream,2033,Moody's detailed,0.2166970044359996,1.4005049704329449,6.462964147003597,,
moodys_mi_detail,Moody's MI (detail),4238,"Machinery, Equipment, and Supplies Merchant Wholesalers",8,"Motor Vehicle Parts, Materials, & Products Sales","Motor Vehicle Parts, Materials, & Products Sales",Downstream,2033,Moody's detailed,0.4099321154017989,10.003554492480005,24.4029538468215,,
moodys_mi_detail,Moody's MI (detail),4239,Miscellaneous Durable Goods Merchant Wholesalers,8,"Motor Vehicle Parts, Materials, & Products Sales","Motor Vehicle Parts, Materials, & Products Sales",Downstream,2033,Moody's detailed,0.2166970044359996,1.8842998014691776,8.695550759335468,,
moodys_mi_detail,Moody's MI (detail),4247,Petroleum and Petroleum Products Merchant Wholesalers,8,"Motor Vehicle Parts, Materials, & Products Sales","Motor Vehicle Parts, Materials, & Products Sales",Downstream,2033,Moody's detailed,0.0091543465435165,0.029812907192644254,3.256694189030787,,
moodys_mi_detail,Moody's MI (detail),4413,"Automotive Parts, Accessories, and Tire Retailers",8,"Motor Vehicle Parts, Materials, & Products Sales","Motor Vehicle Parts, Materials, & Products Sales",Downstream,2033,Moody's detailed,0.055639800066299,0.9889408718999307,17.77398320485576,,
moodys_mi_detail,Moody's MI (detail),4571,Gasoline Stations,8,"Motor Vehicle Parts, Materials, & Products Sales","Motor Vehicle Parts, Materials, & Products Sales",Downstream,2033,Moody's detailed,0.0019959124612901,0.05502252326985704,27.567603458065527,,
moodys_mi_detail,Moody's MI (detail),4411,Automobile Dealers,9,"Dealers, Maintenance, & Repair","Dealers, Maintenance, & Repair",Downstream,2033,Moody's detailed,0.055639800066299,2.146400222399676,38.576706239815366,,
moodys_mi_detail,Moody's MI (detail),8111,Automotive Repair and Maintenance,9,"Dealers, Maintenance, & Repair","Dealers, Maintenance, & Repair",Downstream,2033,Moody's detailed,0.0062359117458964,0.2090902272809923,33.53001706904946,,
moodys_mi_detail,Moody's MI (detail),4841,General Freight Trucking,10,Logistics,Logistics,Downstream,2033,Moody's detailed,0.1403592121163865,4.140640505117687,29.50031168374078,,
moodys_mi_detail,Moody's MI (detail),4842,Specialized Freight Trucking,10,Logistics,Logistics,Downstream,2033,Moody's detailed,0.1403592121163865,1.2657735389243896,9.018100912926217,,
moodys_mi_detail,Moody's MI (detail),3255,"Paint, Coating, and Adhesive Manufacturing",1,Materials & Processing - Coatings & Surface Treatments,Materials & Processing - Coatings & Surface Treatments,Upstream,2034,Moody's detailed,0.5150096802925763,2.359285828673746,4.581051422826535,,
moodys_mi_detail,Moody's MI (detail),3328,"Coating, Engraving, Heat Treating, and Allied Activities",1,Materials & Processing - Coatings & Surface Treatments,Materials & Processing - Coatings & Surface Treatments,Upstream,2034,Moody's detailed,0.2353528305668375,2.437821998363047,10.35815882261392,,
moodys_mi_detail,Moody's MI (detail),3311,Iron and Steel Mills and Ferroalloy Manufacturing,1,Materials & Processing - Metals,Materials & Processing - Metals,Upstream,2034,Moody's detailed,0.4155561904757487,1.005017429773982,2.418487446001923,,
moodys_mi_detail,Moody's MI (detail),3312,Steel Product Manufacturing from Purchased Steel,1,Materials & Processing - Metals,Materials & Processing - Metals,Upstream,2034,Moody's detailed,0.4018232314810702,0.5423661295221285,1.349762997831247,,
moodys_mi_detail,Moody's MI (detail),3313,Alumina and Aluminum Production and Processing,1,Materials & Processing - Metals,Materials & Processing - Metals,Upstream,2034,Moody's detailed,0.3207778863371143,0.7409178561614229,2.309753532644616,,
moodys_mi_detail,Moody's MI (detail),3314,Nonferrous Metal (except Aluminum) Production and Processing,1,Materials & Processing - Metals,Materials & Processing - Metals,Upstream,2034,Moody's detailed,0.2932456097149427,0.2611499626179072,0.890550289471563,,
moodys_mi_detail,Moody's MI (detail),3252,"Resin, Synthetic Rubber, and Artificial and Synthetic Fibers and Filaments Manufacturing",1,Materials & Processing - Non-Metals,Materials & Processing - Non-Metals,Upstream,2034,Moody's detailed,0.0885140651080839,0.4851781629433962,5.481367987685895,,
moodys_mi_detail,Moody's MI (detail),3261,Plastics Product Manufacturing,1,Materials & Processing - Non-Metals,Materials & Processing - Non-Metals,Upstream,2034,Moody's detailed,0.2346645503033676,7.146530798477414,30.45424112520866,,
moodys_mi_detail,Moody's MI (detail),3262,Rubber Product Manufacturing,1,Materials & Processing - Non-Metals,Materials & Processing - Non-Metals,Upstream,2034,Moody's detailed,0.5480013167432982,2.2331211992437656,4.075028893205804,,
moodys_mi_detail,Moody's MI (detail),3272,Glass and Glass Product Manufacturing,1,Materials & Processing - Non-Metals,Materials & Processing - Non-Metals,Upstream,2034,Moody's detailed,0.5746759592860471,1.499174436009668,2.608730036092302,,
moodys_mi_detail,Moody's MI (detail),3335,Metalworking Machinery Manufacturing,2,Equipment Manufacturing,Equipment Manufacturing,Upstream,2034,Moody's detailed,0.0781138186814543,1.9991677132978556,25.59300962420489,,
moodys_mi_detail,Moody's MI (detail),3339,Other General Purpose Machinery Manufacturing,2,Equipment Manufacturing,Equipment Manufacturing,Upstream,2034,Moody's detailed,0.2191076203234622,3.8654803453403463,17.64192564199205,,
moodys_mi_detail,Moody's MI (detail),3315,Foundries,3,Forging & Foundries,Forging & Foundries,Upstream,2034,Moody's detailed,0.6718042155478705,3.9890979714164088,5.937887674853625,,
moodys_mi_detail,Moody's MI (detail),3321,Forging and Stamping,3,Forging & Foundries,Forging & Foundries,Upstream,2034,Moody's detailed,0.3924501979798644,2.550415810086934,6.498699257167375,,
moodys_mi_detail,Moody's MI (detail),3326,Spring and Wire Product Manufacturing,4,Parts & Machining,Parts & Machining,Upstream,2034,Moody's detailed,0.4020278427245708,1.2769489668380027,3.176269977183745,,
moodys_mi_detail,Moody's MI (detail),3327,"Machine Shops; Turned Product; and Screw, Nut, and Bolt Manufacturing",4,Parts & Machining,Parts & Machining,Upstream,2034,Moody's detailed,0.3798883431259702,8.048411222788978,21.18625477307721,,
moodys_mi_detail,Moody's MI (detail),3329,Other Fabricated Metal Product Manufacturing,4,Parts & Machining,Parts & Machining,Upstream,2034,Moody's detailed,0.1601840236697625,1.5903157721299745,9.928054844024835,,
moodys_mi_detail,Moody's MI (detail),3344,Semiconductor and Other Electronic Component Manufacturing,4,Parts & Machining,Parts & Machining,Upstream,2034,Moody's detailed,0.2236609031791956,2.4128811146876616,10.7881220203894,,
moodys_mi_detail,Moody's MI (detail),3336,"Engine, Turbine, and Power Transmission Equipment Manufacturing",5,Component Systems,Component Systems,Upstream,2034,Moody's detailed,0.7169582878623106,3.152079456524711,4.396461425842471,,
moodys_mi_detail,Moody's MI (detail),3345,"Navigational, Measuring, Electro medical, and Control Instruments Manufacturing",5,Component Systems,Component Systems,Upstream,2034,Moody's detailed,0.0208760538182582,0.19369468926379949,9.27831911864464,,
moodys_mi_detail,Moody's MI (detail),3359,Other Electrical Equipment and Component Manufacturing,5,Component Systems,Component Systems,Upstream,2034,Moody's detailed,0.503516468921238,2.19447943093547,4.358307158526603,,
moodys_mi_detail,Moody's MI (detail),5413,"Architectural, Engineering, and Related Services",6,Engineering & Design,Engineering & Design,OEM,2034,Moody's detailed,0.007242971108885,0.6428253634680047,88.75161226025693,,
moodys_mi_detail,Moody's MI (detail),5414,Industrial design,6,Engineering & Design,Engineering & Design,OEM,2034,Moody's detailed,0.0336712633047057,0.3390007128064744,10.06795348718317,,
moodys_mi_detail,Moody's MI (detail),5417,Scientific Research and Development ,6,Engineering & Design,Engineering & Design,OEM,2034,Moody's detailed,0.0026962895876024,0.07231510376855158,26.82022884376294,,
moodys_mi_detail,Moody's MI (detail),3361,Motor Vehicle Manufacturing,7,Core Automotive,Core Automotive,OEM,2034,Moody's detailed,0.0069010519260291,0.47454392935757583,68.76399923433569,,
moodys_mi_detail,Moody's MI (detail),3362,Motor Vehicle Body and Trailer Manufacturing,7,Core Automotive,Core Automotive,OEM,2034,Moody's detailed,0.3212237652633554,2.631818453201211,8.193100068556616,,
moodys_mi_detail,Moody's MI (detail),3363,Motor Vehicle Parts Manufacturing,7,Core Automotive,Core Automotive,OEM,2034,Moody's detailed,0.8663772574866386,84.87497683330238,97.96537951552973,,
moodys_mi_detail,Moody's MI (detail),4231,Motor Vehicle and Motor Vehicle Parts and Supplies Merchant Wholesalers,8,"Motor Vehicle Parts, Materials, & Products Sales","Motor Vehicle Parts, Materials, & Products Sales",Downstream,2034,Moody's detailed,0.8079274458924952,21.678311273160602,26.832002531134673,,
moodys_mi_detail,Moody's MI (detail),4235,Metal and Mineral (except Petroleum) Merchant Wholesalers,8,"Motor Vehicle Parts, Materials, & Products Sales","Motor Vehicle Parts, Materials, & Products Sales",Downstream,2034,Moody's detailed,0.2166970044359996,1.3846269015745787,6.389691012011758,,
moodys_mi_detail,Moody's MI (detail),4238,"Machinery, Equipment, and Supplies Merchant Wholesalers",8,"Motor Vehicle Parts, Materials, & Products Sales","Motor Vehicle Parts, Materials, & Products Sales",Downstream,2034,Moody's detailed,0.4099321154017989,9.916765813358852,24.19123908757146,,
moodys_mi_detail,Moody's MI (detail),4239,Miscellaneous Durable Goods Merchant Wholesalers,8,"Motor Vehicle Parts, Materials, & Products Sales","Motor Vehicle Parts, Materials, & Products Sales",Downstream,2034,Moody's detailed,0.2166970044359996,1.8657577551086846,8.609984064914599,,
moodys_mi_detail,Moody's MI (detail),4247,Petroleum and Petroleum Products Merchant Wholesalers,8,"Motor Vehicle Parts, Materials, & Products Sales","Motor Vehicle Parts, Materials, & Products Sales",Downstream,2034,Moody's detailed,0.0091543465435165,0.029260828510580327,3.196386369194653,,
moodys_mi_detail,Moody's MI (detail),4413,"Automotive Parts, Accessories, and Tire Retailers",8,"Motor Vehicle Parts, Materials, & Products Sales","Motor Vehicle Parts, Materials, & Products Sales",Downstream,2034,Moody's detailed,0.055639800066299,0.9836911630027003,17.67963151971356,,
moodys_mi_detail,Moody's MI (detail),4571,Gasoline Stations,8,"Motor Vehicle Parts, Materials, & Products Sales","Motor Vehicle Parts, Materials, & Products Sales",Downstream,2034,Moody's detailed,0.0019959124612901,0.054750873505954034,27.43150041288116,,
moodys_mi_detail,Moody's MI (detail),4411,Automobile Dealers,9,"Dealers, Maintenance, & Repair","Dealers, Maintenance, & Repair",Downstream,2034,Moody's detailed,0.055639800066299,2.1324834813425357,38.32658418616749,,
moodys_mi_detail,Moody's MI (detail),8111,Automotive Repair and Maintenance,9,"Dealers, Maintenance, & Repair","Dealers, Maintenance, & Repair",Downstream,2034,Moody's detailed,0.0062359117458964,0.2088621182118835,33.49343716246901,,
moodys_mi_detail,Moody's MI (detail),4841,General Freight Trucking,10,Logistics,Logistics,Downstream,2034,Moody's detailed,0.1403592121163865,4.015915083179793,28.61169582406731,,
moodys_mi_detail,Moody's MI (detail),4842,Specialized Freight Trucking,10,Logistics,Logistics,Downstream,2034,Moody's detailed,0.1403592121163865,1.2237069395642985,8.718394190967638,,
