projection_method,projection_label,naics_code,naics_title,segment_id,segment_name,stage,year,value_type,share_applied,employment_auto,employment_raw,projection_rate_total,projection_cagr
moodys_mi,Moody's MI,3252,"Resin, Synthetic Rubber, and Artificial and Synthetic Fibers and Filaments Manufacturing",1,Materials & Processing - Non-Metals,Upstream,2024,QCEW,0.0885140651080839,488.9516956570555,5524.0,-0.04,-0.006780573220505293
moodys_mi,Moody's MI,3255,"Paint, Coating, and Adhesive Manufacturing",1,Materials & Processing - Coatings & Surface Treatments,Upstream,2024,QCEW,0.5150096802925763,2238.7470802318294,4347.0,-0.001,-0.00016673615357942762
moodys_mi,Moody's MI,3261,Plastics Product Manufacturing,1,Materials & Processing - Non-Metals,Upstream,2024,QCEW,0.2346645503033676,8065.655258477048,34371.0,-0.0579999999999999,-0.009908914042015105
moodys_mi,Moody's MI,3262,Rubber Product Manufacturing,1,Materials & Processing - Non-Metals,Upstream,2024,QCEW,0.5480013167432982,2820.562777277756,5147.0,-0.13,-0.022943056451670274
moodys_mi,Moody's MI,3272,Glass and Glass Product Manufacturing,1,Materials & Processing - Non-Metals,Upstream,2024,QCEW,0.5746759592860471,1610.242037919504,2802.0,-0.091,-0.015775932981637153
moodys_mi,Moody's MI,3311,Iron and Steel Mills and Ferroalloy Manufacturing,1,Materials & Processing - Metals,Upstream,2024,QCEW,0.4155561904757487,1353.8820685699893,3258.0,-0.17,-0.030577678462427094
moodys_mi,Moody's MI,3312,Steel Product Manufacturing from Purchased Steel,1,Materials & Processing - Metals,Upstream,2024,QCEW,0.4018232314810702,793.1990589436325,1974.0,-0.15,-0.02672293914532764
moodys_mi,Moody's MI,3313,Alumina and Aluminum Production and Processing,1,Materials & Processing - Metals,Upstream,2024,QCEW,0.3207778863371143,865.4587373375343,2698.0,-0.1119999999999999,-0.01960257714482616
moodys_mi,Moody's MI,3314,Nonferrous Metal (except Aluminum) Production and Processing,1,Materials & Processing - Metals,Upstream,2024,QCEW,0.2932456097149427,370.07595946025765,1262.0,-0.1669999999999999,-0.02999456667642164
moodys_mi,Moody's MI,3328,"Coating, Engraving, Heat Treating, and Allied Activities",1,Materials & Processing - Coatings & Surface Treatments,Upstream,2024,QCEW,0.2353528305668375,2640.8941117904837,11221.0,-0.032,-0.0054058673761743226
moodys_mi,Moody's MI,3335,Metalworking Machinery Manufacturing,2,Equipment Manufacturing,Upstream,2024,QCEW,0.0781138186814543,2312.481488245773,29604.0,-0.078,-0.01344382286646073
moodys_mi,Moody's MI,3339,Other General Purpose Machinery Manufacturing,2,Equipment Manufacturing,Upstream,2024,QCEW,0.2191076203234622,3932.1053543248527,17946.0,0.011,0.0018249866044590668
moodys_mi,Moody's MI,3315,Foundries,3,Forging & Foundries,Upstream,2024,QCEW,0.6718042155478705,6280.697611157041,9349.0,-0.2289999999999999,-0.04241853847592669
moodys_mi,Moody's MI,3321,Forging and Stamping,3,Forging & Foundries,Upstream,2024,QCEW,0.3924501979798644,2742.4419834832925,6988.0,-0.042,-0.007125740823183402
moodys_mi,Moody's MI,3326,Spring and Wire Product Manufacturing,4,Parts & Machining,Upstream,2024,QCEW,0.4020278427245708,1153.4178807767937,2869.0,-0.013,-0.0021784968818643335
moodys_mi,Moody's MI,3327,"Machine Shops; Turned Product; and Screw, Nut, and Bolt Manufacturing",4,Parts & Machining,Upstream,2024,QCEW,0.3798883431259702,9318.66105688005,24530.0,-0.066,-0.011315301707896852
moodys_mi,Moody's MI,3329,Other Fabricated Metal Product Manufacturing,4,Parts & Machining,Upstream,2024,QCEW,0.1601840236697625,1740.3994171719696,10865.0,-0.009,-0.001505656136097322
moodys_mi,Moody's MI,3344,Semiconductor and Other Electronic Component Manufacturing,4,Parts & Machining,Upstream,2024,QCEW,0.2236609031791956,2723.966139819423,12179.0,-0.03,-0.005063670756198957
moodys_mi,Moody's MI,3336,"Engine, Turbine, and Power Transmission Equipment Manufacturing",5,Component Systems,Upstream,2024,QCEW,0.7169582878623106,3563.282690675684,4970.0,-0.045,-0.007644619866971847
moodys_mi,Moody's MI,3345,"Navigational, Measuring, Electro medical, and Control Instruments Manufacturing",5,Component Systems,Upstream,2024,QCEW,0.0208760538182582,185.10796920649545,8867.0,-0.027,-0.004551476625899498
moodys_mi,Moody's MI,3359,Other Electrical Equipment and Component Manufacturing,5,Component Systems,Upstream,2024,QCEW,0.503516468921238,2238.6342208238243,4446.0,0.021,0.003469762267207077
moodys_mi,Moody's MI,5413,"Architectural, Engineering, and Related Services",6,Engineering & Design,OEM,2024,QCEW,0.007242971108885,611.683396087556,84452.0,0.027,0.0044501946608039855
moodys_mi,Moody's MI,5414,Industrial design,6,Engineering & Design,OEM,2024,QCEW,0.0336712633047057,352.1340716406122,10458.0,-0.02,-0.003361455501911359
moodys_mi,Moody's MI,5417,Scientific Research and Development,6,Engineering & Design,OEM,2024,QCEW,0.0026962895876024,68.20803769757791,25297.0,0.093,0.014931411025128849
moodys_mi,Moody's MI,3361,Motor Vehicle Manufacturing,7,Core Automotive,OEM,2024,QCEW,1.0,48138.0,48138.0,0.272,0.04091320627391215
moodys_mi,Moody's MI,3362,Motor Vehicle Body and Trailer Manufacturing,7,Core Automotive,OEM,2024,QCEW,1.0,7921.0,7921.0,0.004,0.0006655582639329971
moodys_mi,Moody's MI,3363,Motor Vehicle Parts Manufacturing,7,Core Automotive,OEM,2024,QCEW,1.0,117023.0,117023.0,-0.096,-0.01668030355213168
moodys_mi,Moody's MI,4231,Motor Vehicle and Motor Vehicle Parts and Supplies Merchant Wholesalers,8,"Motor Vehicle Parts, Materials, & Products Sales",Downstream,2024,QCEW,1.0,25978.0,25978.0,0.037,0.0060736920618000845
moodys_mi,Moody's MI,4235,Metal and Mineral (except Petroleum) Merchant Wholesalers,8,"Motor Vehicle Parts, Materials, & Products Sales",Downstream,2024,QCEW,1.0,6359.0,6359.0,-0.008,-0.0013377996300605322
moodys_mi,Moody's MI,4238,"Machinery, Equipment, and Supplies Merchant Wholesalers",8,"Motor Vehicle Parts, Materials, & Products Sales",Downstream,2024,QCEW,1.0,24407.0,24407.0,0.01,0.0016597643621756308
moodys_mi,Moody's MI,4239,Miscellaneous Durable Goods Merchant Wholesalers,8,"Motor Vehicle Parts, Materials, & Products Sales",Downstream,2024,QCEW,1.0,8732.0,8732.0,0.002,0.0003330558945815465
moodys_mi,Moody's MI,4247,Petroleum and Petroleum Products Merchant Wholesalers,8,"Motor Vehicle Parts, Materials, & Products Sales",Downstream,2024,QCEW,1.0,3846.0,3846.0,-0.057,-0.00973381612420321
moodys_mi,Moody's MI,4413,"Automotive Parts, Accessories, and Tire Retailers",8,"Motor Vehicle Parts, Materials, & Products Sales",Downstream,2024,QCEW,1.0,18192.0,18192.0,0.012,0.001990072715679858
moodys_mi,Moody's MI,4571,Gasoline Stations,8,"Motor Vehicle Parts, Materials, & Products Sales",Downstream,2024,QCEW,1.0,27826.0,27826.0,0.016,0.0026490607698665958
moodys_mi,Moody's MI,4411,Automobile Dealers,9,"Dealers, Maintenance, & Repair",Downstream,2024,QCEW,1.0,38262.0,38262.0,0.004,0.0006655582639329971
moodys_mi,Moody's MI,8111,Automotive Repair and Maintenance,9,"Dealers, Maintenance, & Repair",Downstream,2024,QCEW,1.0,31338.0,31338.0,0.062,0.010076079044837316
moodys_mi,Moody's MI,4841,General Freight Trucking,10,Logistics,Downstream,2024,QCEW,1.0,35249.0,35249.0,-0.0969999999999999,-0.016861677672584063
moodys_mi,Moody's MI,4842,Specialized Freight Trucking,10,Logistics,Downstream,2024,QCEW,1.0,11640.0,11640.0,-0.15,-0.02672293914532764
moodys_mi,Moody's MI,3252,"Resin, Synthetic Rubber, and Artificial and Synthetic Fibers and Filaments Manufacturing",1,Materials & Processing - Non-Metals,Upstream,2025,Forecast,0.0885140651080839,485.6363228833626,5486.544113529929,-0.04,-0.006780573220505293
moodys_mi,Moody's MI,3255,"Paint, Coating, and Adhesive Manufacturing",1,Materials & Processing - Coatings & Surface Treatments,Upstream,2025,Forecast,0.5150096802925763,2238.3738001548345,4346.27519794039,-0.001,-0.00016673615357942762
moodys_mi,Moody's MI,3261,Plastics Product Manufacturing,1,Materials & Processing - Non-Metals,Upstream,2025,Forecast,0.2346645503033676,7985.733373828271,34030.4207154619,-0.0579999999999999,-0.009908914042015105
moodys_mi,Moody's MI,3262,Rubber Product Manufacturing,1,Materials & Processing - Non-Metals,Upstream,2025,Forecast,0.5480013167432982,2755.850446253193,5028.912088443253,-0.13,-0.022943056451670274
moodys_mi,Moody's MI,3272,Glass and Glass Product Manufacturing,1,Materials & Processing - Non-Metals,Upstream,2025,Forecast,0.5746759592860471,1584.838967445071,2757.7958357854527,-0.091,-0.015775932981637153
moodys_mi,Moody's MI,3311,Iron and Steel Mills and Ferroalloy Manufacturing,1,Materials & Processing - Metals,Upstream,2025,Forecast,0.4155561904757487,1312.4834980012106,3158.3779235694124,-0.17,-0.030577678462427094
moodys_mi,Moody's MI,3312,Steel Product Manufacturing from Purchased Steel,1,Materials & Processing - Metals,Upstream,2025,Forecast,0.4018232314810702,772.0024487613507,1921.2489181271233,-0.15,-0.02672293914532764
moodys_mi,Moody's MI,3313,Alumina and Aluminum Production and Processing,1,Materials & Processing - Metals,Upstream,2025,Forecast,0.3207778863371143,848.4935156732115,2645.112246863259,-0.1119999999999999,-0.01960257714482616
moodys_mi,Moody's MI,3314,Nonferrous Metal (except Aluminum) Production and Processing,1,Materials & Processing - Metals,Upstream,2025,Forecast,0.2932456097149427,358.97569141888624,1224.146856854356,-0.1669999999999999,-0.02999456667642164
moodys_mi,Moody's MI,3328,"Coating, Engraving, Heat Treating, and Allied Activities",1,Materials & Processing - Coatings & Surface Treatments,Upstream,2025,Forecast,0.2353528305668375,2626.617788467625,11160.340762171947,-0.032,-0.0054058673761743226
moodys_mi,Moody's MI,3335,Metalworking Machinery Manufacturing,2,Equipment Manufacturing,Upstream,2025,Forecast,0.0781138186814543,2281.3928967358274,29206.009067861298,-0.078,-0.01344382286646073
moodys_mi,Moody's MI,3339,Other General Purpose Machinery Manufacturing,2,Equipment Manufacturing,Upstream,2025,Forecast,0.2191076203234622,3939.281393923817,17978.751209603623,0.011,0.0018249866044590668
moodys_mi,Moody's MI,3315,Foundries,3,Forging & Foundries,Upstream,2025,Forecast,0.6718042155478705,6014.279597882515,8952.429083788562,-0.2289999999999999,-0.04241853847592669
moodys_mi,Moody's MI,3321,Forging and Stamping,3,Forging & Foundries,Upstream,2025,Forecast,0.3924501979798644,2722.9000526863733,6938.205323127594,-0.042,-0.007125740823183402
moodys_mi,Moody's MI,3326,Spring and Wire Product Manufacturing,4,Parts & Machining,Upstream,2025,Forecast,0.4020278427245708,1150.9051635200349,2862.7498924459314,-0.013,-0.0021784968818643335
moodys_mi,Moody's MI,3327,"Machine Shops; Turned Product; and Screw, Nut, and Bolt Manufacturing",4,Parts & Machining,Upstream,2025,Forecast,0.3798883431259702,9213.217595507824,24252.43564910529,-0.066,-0.011315301707896852
moodys_mi,Moody's MI,3329,Other Fabricated Metal Product Manufacturing,4,Parts & Machining,Upstream,2025,Forecast,0.1601840236697625,1737.7789741102445,10848.641046081302,-0.009,-0.001505656136097322
moodys_mi,Moody's MI,3344,Semiconductor and Other Electronic Component Manufacturing,4,Parts & Machining,Upstream,2025,Forecast,0.2236609031791956,2710.1728721363434,12117.329553860252,-0.03,-0.005063670756198957
moodys_mi,Moody's MI,3336,"Engine, Turbine, and Power Transmission Equipment Manufacturing",5,Component Systems,Upstream,2025,Forecast,0.7169582878623106,3536.042749026908,4932.00623926115,-0.045,-0.007644619866971847
moodys_mi,Moody's MI,3345,"Navigational, Measuring, Electro medical, and Control Instruments Manufacturing",5,Component Systems,Upstream,2025,Forecast,0.0208760538182582,184.26545461138437,8826.64205675815,-0.027,-0.004551476625899498
moodys_mi,Moody's MI,3359,Other Electrical Equipment and Component Manufacturing,5,Component Systems,Upstream,2025,Forecast,0.503516468921238,2246.401749373317,4461.426563040002,0.021,0.003469762267207077
moodys_mi,Moody's MI,5413,"Architectural, Engineering, and Related Services",6,Engineering & Design,OEM,2025,Forecast,0.007242971108885,614.4055062709274,84827.82783949422,0.027,0.0044501946608039855
moodys_mi,Moody's MI,5414,Industrial design,6,Engineering & Design,OEM,2025,Forecast,0.0336712633047057,350.9503886280854,10422.84589836101,-0.02,-0.003361455501911359
moodys_mi,Moody's MI,5417,Scientific Research and Development,6,Engineering & Design,OEM,2025,Forecast,0.0026962895876024,69.22647994365792,25674.719904702684,0.093,0.014931411025128849
moodys_mi,Moody's MI,3361,Motor Vehicle Manufacturing,7,Core Automotive,OEM,2025,Forecast,1.0,50107.47992361358,50107.47992361358,0.272,0.04091320627391215
moodys_mi,Moody's MI,3362,Motor Vehicle Body and Trailer Manufacturing,7,Core Automotive,OEM,2025,Forecast,1.0,7926.271887008614,7926.271887008614,0.004,0.0006655582639329971
moodys_mi,Moody's MI,3363,Motor Vehicle Parts Manufacturing,7,Core Automotive,OEM,2025,Forecast,1.0,115071.0208374189,115071.0208374189,-0.096,-0.01668030355213168
moodys_mi,Moody's MI,4231,Motor Vehicle and Motor Vehicle Parts and Supplies Merchant Wholesalers,8,"Motor Vehicle Parts, Materials, & Products Sales",Downstream,2025,Forecast,1.0,26135.782372381444,26135.782372381444,0.037,0.0060736920618000845
moodys_mi,Moody's MI,4235,Metal and Mineral (except Petroleum) Merchant Wholesalers,8,"Motor Vehicle Parts, Materials, & Products Sales",Downstream,2025,Forecast,1.0,6350.492932152445,6350.492932152445,-0.008,-0.0013377996300605322
moodys_mi,Moody's MI,4238,"Machinery, Equipment, and Supplies Merchant Wholesalers",8,"Motor Vehicle Parts, Materials, & Products Sales",Downstream,2025,Forecast,1.0,24447.50986878762,24447.50986878762,0.01,0.0016597643621756308
moodys_mi,Moody's MI,4239,Miscellaneous Durable Goods Merchant Wholesalers,8,"Motor Vehicle Parts, Materials, & Products Sales",Downstream,2025,Forecast,1.0,8734.908244071486,8734.908244071486,0.002,0.0003330558945815465
moodys_mi,Moody's MI,4247,Petroleum and Petroleum Products Merchant Wholesalers,8,"Motor Vehicle Parts, Materials, & Products Sales",Downstream,2025,Forecast,1.0,3808.5637431863142,3808.5637431863142,-0.057,-0.00973381612420321
moodys_mi,Moody's MI,4413,"Automotive Parts, Accessories, and Tire Retailers",8,"Motor Vehicle Parts, Materials, & Products Sales",Downstream,2025,Forecast,1.0,18228.203402843646,18228.203402843646,0.012,0.001990072715679858
moodys_mi,Moody's MI,4571,Gasoline Stations,8,"Motor Vehicle Parts, Materials, & Products Sales",Downstream,2025,Forecast,1.0,27899.71276498231,27899.71276498231,0.016,0.0026490607698665958
moodys_mi,Moody's MI,4411,Automobile Dealers,9,"Dealers, Maintenance, & Repair",Downstream,2025,Forecast,1.0,38287.4655902946,38287.4655902946,0.004,0.0006655582639329971
moodys_mi,Moody's MI,8111,Automotive Repair and Maintenance,9,"Dealers, Maintenance, & Repair",Downstream,2025,Forecast,1.0,31653.764165107114,31653.764165107114,0.062,0.010076079044837316
moodys_mi,Moody's MI,4841,General Freight Trucking,10,Logistics,Downstream,2025,Forecast,1.0,34654.64272371909,34654.64272371909,-0.0969999999999999,-0.016861677672584063
moodys_mi,Moody's MI,4842,Specialized Freight Trucking,10,Logistics,Downstream,2025,Forecast,1.0,11328.944988348387,11328.944988348387,-0.15,-0.02672293914532764
moodys_mi,Moody's MI,3252,"Resin, Synthetic Rubber, and Artificial and Synthetic Fibers and Filaments Manufacturing",1,Materials & Processing - Non-Metals,Upstream,2026,Forecast,0.0885140651080839,482.34343023751507,5449.342199440607,-0.04,-0.006780573220505293
moodys_mi,Moody's MI,3255,"Paint, Coating, and Adhesive Manufacturing",1,Materials & Processing - Coatings & Surface Treatments,Upstream,2026,Forecast,0.5150096802925763,2238.0005823171236,4345.550516731488,-0.001,-0.00016673615357942762
moodys_mi,Moody's MI,3261,Plastics Product Manufacturing,1,Materials & Processing - Non-Metals,Upstream,2026,Forecast,0.2346645503033676,7906.603428264556,33693.21620177878,-0.0579999999999999,-0.009908914042015105
moodys_mi,Moody's MI,3262,Rubber Product Manufacturing,1,Materials & Processing - Non-Metals,Upstream,2026,Forecast,0.5480013167432982,2692.6228138924453,4913.5334745076125,-0.13,-0.022943056451670274
moodys_mi,Moody's MI,3272,Glass and Glass Product Manufacturing,1,Materials & Processing - Non-Metals,Upstream,2026,Forecast,0.5746759592860471,1559.8366541079704,2714.2890335030634,-0.091,-0.015775932981637153
moodys_mi,Moody's MI,3311,Iron and Steel Mills and Ferroalloy Manufacturing,1,Materials & Processing - Metals,Upstream,2026,Forecast,0.4155561904757487,1272.350799612088,3061.802058959679,-0.17,-0.030577678462427094
moodys_mi,Moody's MI,3312,Steel Product Manufacturing from Purchased Steel,1,Materials & Processing - Metals,Upstream,2026,Forecast,0.4018232314810702,751.3722743030571,1869.9075002049856,-0.15,-0.02672293914532764
moodys_mi,Moody's MI,3313,Alumina and Aluminum Production and Processing,1,Materials & Processing - Metals,Upstream,2026,Forecast,0.3207778863371143,831.8608560753426,2593.2612299873977,-0.1119999999999999,-0.01960257714482616
moodys_mi,Moody's MI,3314,Nonferrous Metal (except Aluminum) Production and Processing,1,Materials & Processing - Metals,Upstream,2026,Forecast,0.2932456097149427,348.20837110740786,1187.429102334706,-0.1669999999999999,-0.02999456667642164
moodys_mi,Moody's MI,3328,"Coating, Engraving, Heat Treating, and Allied Activities",1,Materials & Processing - Coatings & Surface Treatments,Upstream,2026,Forecast,0.2353528305668375,2612.4186410552684,11100.009440138734,-0.032,-0.0054058673761743226
moodys_mi,Moody's MI,3335,Metalworking Machinery Manufacturing,2,Equipment Manufacturing,Upstream,2026,Forecast,0.0781138186814543,2250.7222547433093,28813.368655316724,-0.078,-0.01344382286646073
moodys_mi,Moody's MI,3339,Other General Purpose Machinery Manufacturing,2,Equipment Manufacturing,Upstream,2026,Forecast,0.2191076203234622,3946.470529698923,18011.56218972605,0.011,0.0018249866044590668
moodys_mi,Moody's MI,3315,Foundries,3,Forging & Foundries,Upstream,2026,Forecast,0.6718042155478705,5759.162647354755,8572.680126244872,-0.2289999999999999,-0.04241853847592669
moodys_mi,Moody's MI,3321,Forging and Stamping,3,Forging & Foundries,Upstream,2026,Forecast,0.3924501979798644,2703.497372623498,6888.765470216956,-0.042,-0.007125740823183402
moodys_mi,Moody's MI,3326,Spring and Wire Product Manufacturing,4,Parts & Machining,Upstream,2026,Forecast,0.4020278427245708,1148.397920209985,2856.51340073168,-0.013,-0.0021784968818643335
moodys_mi,Moody's MI,3327,"Machine Shops; Turned Product; and Screw, Nut, and Bolt Manufacturing",4,Parts & Machining,Upstream,2026,Forecast,0.3798883431259702,9108.967258714149,23978.01202258431,-0.066,-0.011315301707896852
moodys_mi,Moody's MI,3329,Other Fabricated Metal Product Manufacturing,4,Parts & Machining,Upstream,2026,Forecast,0.1601840236697625,1735.1624765346944,10832.306723121954,-0.009,-0.001505656136097322
moodys_mi,Moody's MI,3344,Semiconductor and Other Electronic Component Manufacturing,4,Parts & Machining,Upstream,2026,Forecast,0.2236609031791956,2696.449449019463,12055.971386555146,-0.03,-0.005063670756198957
moodys_mi,Moody's MI,3336,"Engine, Turbine, and Power Transmission Equipment Manufacturing",5,Component Systems,Upstream,2026,Forecast,0.7169582878623106,3509.011046377235,4894.302926380465,-0.045,-0.007644619866971847
moodys_mi,Moody's MI,3345,"Navigational, Measuring, Electro medical, and Control Instruments Manufacturing",5,Component Systems,Upstream,2026,Forecast,0.0208760538182582,183.42677470175988,8786.467801751633,-0.027,-0.004551476625899498
moodys_mi,Moody's MI,3359,Other Electrical Equipment and Component Manufacturing,5,Component Systems,Upstream,2026,Forecast,0.503516468921238,2254.196229400281,4476.9066525863545,0.021,0.003469762267207077
moodys_mi,Moody's MI,5413,"Architectural, Engineering, and Related Services",6,Engineering & Design,OEM,2026,Forecast,0.007242971108885,617.1397303745027,85205.32818603313,0.027,0.0044501946608039855
moodys_mi,Moody's MI,5414,Industrial design,6,Engineering & Design,OEM,2026,Forecast,0.0336712633047057,349.7706845133336,10387.80996567039,-0.02,-0.003361455501911359
moodys_mi,Moody's MI,5417,Scientific Research and Development,6,Engineering & Design,OEM,2026,Forecast,0.0026962895876024,70.26012896951951,26058.079700554856,0.093,0.014931411025128849
moodys_mi,Moody's MI,3361,Motor Vehicle Manufacturing,7,Core Automotive,OEM,2026,Forecast,1.0,52157.5375855943,52157.5375855943,0.272,0.04091320627391215
moodys_mi,Moody's MI,3362,Motor Vehicle Body and Trailer Manufacturing,7,Core Automotive,OEM,2026,Forecast,1.0,7931.547282765191,7931.547282765191,0.004,0.0006655582639329971
moodys_mi,Moody's MI,3363,Motor Vehicle Parts Manufacturing,7,Core Automotive,OEM,2026,Forecast,1.0,113151.60127979708,113151.60127979708,-0.096,-0.01668030355213168
moodys_mi,Moody's MI,4231,Motor Vehicle and Motor Vehicle Parts and Supplies Merchant Wholesalers,8,"Motor Vehicle Parts, Materials, & Products Sales",Downstream,2026,Forecast,1.0,26294.52306630551,26294.52306630551,0.037,0.0060736920618000845
moodys_mi,Moody's MI,4235,Metal and Mineral (except Petroleum) Merchant Wholesalers,8,"Motor Vehicle Parts, Materials, & Products Sales",Downstream,2026,Forecast,1.0,6341.9972450571095,6341.9972450571095,-0.008,-0.0013377996300605322
moodys_mi,Moody's MI,4238,"Machinery, Equipment, and Supplies Merchant Wholesalers",8,"Motor Vehicle Parts, Materials, & Products Sales",Downstream,2026,Forecast,1.0,24488.08697441177,24488.08697441177,0.01,0.0016597643621756308
moodys_mi,Moody's MI,4239,Miscellaneous Durable Goods Merchant Wholesalers,8,"Motor Vehicle Parts, Materials, & Products Sales",Downstream,2026,Forecast,1.0,8737.817456750803,8737.817456750803,0.002,0.0003330558945815465
moodys_mi,Moody's MI,4247,Petroleum and Petroleum Products Merchant Wholesalers,8,"Motor Vehicle Parts, Materials, & Products Sales",Downstream,2026,Forecast,1.0,3771.491884012832,3771.491884012832,-0.057,-0.00973381612420321
moodys_mi,Moody's MI,4413,"Automotive Parts, Accessories, and Tire Retailers",8,"Motor Vehicle Parts, Materials, & Products Sales",Downstream,2026,Forecast,1.0,18264.47885309151,18264.47885309151,0.012,0.001990072715679858
moodys_mi,Moody's MI,4571,Gasoline Stations,8,"Motor Vehicle Parts, Materials, & Products Sales",Downstream,2026,Forecast,1.0,27973.620799558572,27973.620799558572,0.016,0.0026490607698665958
moodys_mi,Moody's MI,4411,Automobile Dealers,9,"Dealers, Maintenance, & Repair",Downstream,2026,Forecast,1.0,38312.948129423276,38312.948129423276,0.004,0.0006655582639329971
moodys_mi,Moody's MI,8111,Automotive Repair and Maintenance,9,"Dealers, Maintenance, & Repair",Downstream,2026,Forecast,1.0,31972.70999490137,31972.70999490137,0.062,0.010076079044837316
moodys_mi,Moody's MI,4841,General Freight Trucking,10,Logistics,Downstream,2026,Forecast,1.0,34070.30730825317,34070.30730825317,-0.0969999999999999,-0.016861677672584063
moodys_mi,Moody's MI,4842,Specialized Freight Trucking,10,Logistics,Downstream,2026,Forecast,1.0,11026.202280843987,11026.202280843987,-0.15,-0.02672293914532764
moodys_mi,Moody's MI,3252,"Resin, Synthetic Rubber, and Artificial and Synthetic Fibers and Filaments Manufacturing",1,Materials & Processing - Non-Metals,Upstream,2027,Forecast,0.0885140651080839,479.07286529135985,5412.39253565371,-0.04,-0.006780573220505293
moodys_mi,Moody's MI,3255,"Paint, Coating, and Adhesive Manufacturing",1,Materials & Processing - Coatings & Surface Treatments,Upstream,2027,Forecast,0.5150096802925763,2237.6274267083195,4344.825956353143,-0.001,-0.00016673615357942762
moodys_mi,Moody's MI,3261,Plastics Product Manufacturing,1,Materials & Processing - Non-Metals,Upstream,2027,Forecast,0.2346645503033676,7828.257574529581,33359.35301863632,-0.0579999999999999,-0.009908914042015105
moodys_mi,Moody's MI,3262,Rubber Product Manufacturing,1,Materials & Processing - Non-Metals,Upstream,2027,Forecast,0.5480013167432982,2630.8458166702553,4800.801998624813,-0.13,-0.022943056451670274
moodys_mi,Moody's MI,3272,Glass and Glass Product Manufacturing,1,Materials & Processing - Non-Metals,Upstream,2027,Forecast,0.5746759592860471,1535.2287755904622,2671.4685916177264,-0.091,-0.015775932981637153
moodys_mi,Moody's MI,3311,Iron and Steel Mills and Ferroalloy Manufacturing,1,Materials & Processing - Metals,Upstream,2027,Forecast,0.4155561904757487,1233.4452659701376,2968.1792600852127,-0.17,-0.030577678462427094
moodys_mi,Moody's MI,3312,Steel Product Manufacturing from Purchased Steel,1,Materials & Processing - Metals,Upstream,2027,Forecast,0.4018232314810702,731.2933987413702,1819.938075869616,-0.15,-0.02672293914532764
moodys_mi,Moody's MI,3313,Alumina and Aluminum Production and Processing,1,Materials & Processing - Metals,Upstream,2027,Forecast,0.3207778863371143,815.5542394703646,2542.426626669883,-0.1119999999999999,-0.01960257714482616
moodys_mi,Moody's MI,3314,Nonferrous Metal (except Aluminum) Production and Processing,1,Materials & Processing - Metals,Upstream,2027,Forecast,0.2932456097149427,337.7640119029386,1151.8126809512041,-0.1669999999999999,-0.02999456667642164
moodys_mi,Moody's MI,3328,"Coating, Engraving, Heat Treating, and Allied Activities",1,Materials & Processing - Coatings & Surface Treatments,Upstream,2027,Forecast,0.2353528305668375,2598.296252350678,11040.00426123106,-0.032,-0.0054058673761743226
moodys_mi,Moody's MI,3335,Metalworking Machinery Manufacturing,2,Equipment Manufacturing,Upstream,2027,Forecast,0.0781138186814543,2220.4639434289393,28426.006830928614,-0.078,-0.01344382286646073
moodys_mi,Moody's MI,3339,Other General Purpose Machinery Manufacturing,2,Equipment Manufacturing,Upstream,2027,Forecast,0.2191076203234622,3953.6727855505164,18044.43304944768,0.011,0.0018249866044590668
moodys_mi,Moody's MI,3315,Foundries,3,Forging & Foundries,Upstream,2027,Forecast,0.6718042155478705,5514.867385008817,8209.039564467941,-0.2289999999999999,-0.04241853847592669
moodys_mi,Moody's MI,3321,Forging and Stamping,3,Forging & Foundries,Upstream,2027,Forecast,0.3924501979798644,2684.2329510300256,6839.677912884495,-0.042,-0.007125740823183402
moodys_mi,Moody's MI,3326,Spring and Wire Product Manufacturing,4,Parts & Machining,Upstream,2027,Forecast,0.4020278427245708,1145.896138921668,2850.2904951951828,-0.013,-0.0021784968818643335
moodys_mi,Moody's MI,3327,"Machine Shops; Turned Product; and Screw, Nut, and Bolt Manufacturing",4,Parts & Machining,Upstream,2027,Forecast,0.3798883431259702,9005.896545934444,23706.69358219319,-0.066,-0.011315301707896852
moodys_mi,Moody's MI,3329,Other Fabricated Metal Product Manufacturing,4,Parts & Machining,Upstream,2027,Forecast,0.1601840236697625,1732.5499185047743,10815.996994036197,-0.009,-0.001505656136097322
moodys_mi,Moody's MI,3344,Semiconductor and Other Electronic Component Manufacturing,4,Parts & Machining,Upstream,2027,Forecast,0.2236609031791956,2682.795516798894,11994.923916807475,-0.03,-0.005063670756198957
moodys_mi,Moody's MI,3336,"Engine, Turbine, and Power Transmission Equipment Manufacturing",5,Component Systems,Upstream,2027,Forecast,0.7169582878623106,3482.1859908186757,4856.887840994478,-0.045,-0.007644619866971847
moodys_mi,Moody's MI,3345,"Navigational, Measuring, Electro medical, and Control Instruments Manufacturing",5,Component Systems,Upstream,2027,Forecast,0.0208760538182582,182.5919120241407,8746.476398927742,-0.027,-0.004551476625899498
moodys_mi,Moody's MI,3359,Other Electrical Equipment and Component Manufacturing,5,Component Systems,Upstream,2027,Forecast,0.503516468921238,2262.0177544199346,4492.440454363307,0.021,0.003469762267207077
moodys_mi,Moody's MI,5413,"Architectural, Engineering, and Related Services",6,Engineering & Design,OEM,2027,Forecast,0.007242971108885,619.8861223075853,85584.50848259866,0.027,0.0044501946608039855
moodys_mi,Moody's MI,5414,Industrial design,6,Engineering & Design,OEM,2027,Forecast,0.0336712633047057,348.594945921469,10352.891804708479,-0.02,-0.003361455501911359
moodys_mi,Moody's MI,5417,Scientific Research and Development,6,Engineering & Design,OEM,2027,Forecast,0.0026962895876024,71.30921183384199,26447.163599089406,0.093,0.014931411025128849
moodys_mi,Moody's MI,3361,Motor Vehicle Manufacturing,7,Core Automotive,OEM,2027,Forecast,1.0,54291.46967957304,54291.46967957304,0.272,0.04091320627391215
moodys_mi,Moody's MI,3362,Motor Vehicle Body and Trailer Manufacturing,7,Core Automotive,OEM,2027,Forecast,1.0,7936.826189605012,7936.826189605012,0.004,0.0006655582639329971
moodys_mi,Moody's MI,3363,Motor Vehicle Parts Manufacturing,7,Core Automotive,OEM,2027,Forecast,1.0,111264.1982230403,111264.1982230403,-0.096,-0.01668030355213168
moodys_mi,Moody's MI,4231,Motor Vehicle and Motor Vehicle Parts and Supplies Merchant Wholesalers,8,"Motor Vehicle Parts, Materials, & Products Sales",Downstream,2027,Forecast,1.0,26454.22790232215,26454.22790232215,0.037,0.0060736920618000845
moodys_mi,Moody's MI,4235,Metal and Mineral (except Petroleum) Merchant Wholesalers,8,"Motor Vehicle Parts, Materials, & Products Sales",Downstream,2027,Forecast,1.0,6333.512923488827,6333.512923488827,-0.008,-0.0013377996300605322
moodys_mi,Moody's MI,4238,"Machinery, Equipment, and Supplies Merchant Wholesalers",8,"Motor Vehicle Parts, Materials, & Products Sales",Downstream,2027,Forecast,1.0,24528.731428469757,24528.731428469757,0.01,0.0016597643621756308
moodys_mi,Moody's MI,4239,Miscellaneous Durable Goods Merchant Wholesalers,8,"Motor Vehicle Parts, Materials, & Products Sales",Downstream,2027,Forecast,1.0,8740.727638360551,8740.727638360551,0.002,0.0003330558945815465
moodys_mi,Moody's MI,4247,Petroleum and Petroleum Products Merchant Wholesalers,8,"Motor Vehicle Parts, Materials, & Products Sales",Downstream,2027,Forecast,1.0,3734.7808754999264,3734.7808754999264,-0.057,-0.00973381612420321
moodys_mi,Moody's MI,4413,"Automotive Parts, Accessories, and Tire Retailers",8,"Motor Vehicle Parts, Materials, & Products Sales",Downstream,2027,Forecast,1.0,18300.82649412316,18300.82649412316,0.012,0.001990072715679858
moodys_mi,Moody's MI,4571,Gasoline Stations,8,"Motor Vehicle Parts, Materials, & Products Sales",Downstream,2027,Forecast,1.0,28047.724621009802,28047.724621009802,0.016,0.0026490607698665958
moodys_mi,Moody's MI,4411,Automobile Dealers,9,"Dealers, Maintenance, & Repair",Downstream,2027,Forecast,1.0,38338.44762866645,38338.44762866645,0.004,0.0006655582639329971
moodys_mi,Moody's MI,8111,Automotive Repair and Maintenance,9,"Dealers, Maintenance, & Repair",Downstream,2027,Forecast,1.0,32294.869548087656,32294.869548087656,0.062,0.010076079044837316
moodys_mi,Moody's MI,4841,General Freight Trucking,10,Logistics,Downstream,2027,Forecast,1.0,33495.82476821552,33495.82476821552,-0.0969999999999999,-0.016861677672584063
moodys_mi,Moody's MI,4842,Specialized Freight Trucking,10,Logistics,Downstream,2027,Forecast,1.0,10731.54974828892,10731.54974828892,-0.15,-0.02672293914532764
moodys_mi,Moody's MI,3252,"Resin, Synthetic Rubber, and Artificial and Synthetic Fibers and Filaments Manufacturing",1,Materials & Processing - Non-Metals,Upstream,2028,Forecast,0.0885140651080839,475.8244766502945,5375.693411767595,-0.04,-0.006780573220505293
moodys_mi,Moody's MI,3255,"Paint, Coating, and Adhesive Manufacturing",1,Materials & Processing - Coatings & Surface Treatments,Upstream,2028,Forecast,0.5150096802925763,2237.2543333180465,4344.101516785208,-0.001,-0.00016673615357942762
moodys_mi,Moody's MI,3261,Plastics Product Manufacturing,1,Materials & Processing - Non-Metals,Upstream,2028,Forecast,0.2346645503033676,7750.688043124814,33028.798057077416,-0.0579999999999999,-0.009908914042015105
moodys_mi,Moody's MI,3262,Rubber Product Manufacturing,1,Materials & Processing - Non-Metals,Upstream,2028,Forecast,0.5480013167432982,2570.486172582749,4690.656927357072,-0.13,-0.022943056451670274
moodys_mi,Moody's MI,3272,Glass and Glass Product Manufacturing,1,Materials & Processing - Non-Metals,Upstream,2028,Forecast,0.5746759592860471,1511.0091093152662,2629.3236821538167,-0.091,-0.015775932981637153
moodys_mi,Moody's MI,3311,Iron and Steel Mills and Ferroalloy Manufacturing,1,Materials & Processing - Metals,Upstream,2028,Forecast,0.4155561904757487,1195.7293732262997,2877.419229051482,-0.17,-0.030577678462427094
moodys_mi,Moody's MI,3312,Steel Product Manufacturing from Purchased Steel,1,Materials & Processing - Metals,Upstream,2028,Forecast,0.4018232314810702,711.7510897494248,1771.3039814198876,-0.15,-0.02672293914532764
moodys_mi,Moody's MI,3313,Alumina and Aluminum Production and Processing,1,Materials & Processing - Metals,Upstream,2028,Forecast,0.3207778863371143,799.5672745753567,2492.588512585526,-0.1119999999999999,-0.01960257714482616
moodys_mi,Moody's MI,3314,Nonferrous Metal (except Aluminum) Production and Processing,1,Materials & Processing - Metals,Upstream,2028,Forecast,0.2932456097149427,327.6329267270202,1117.264558693665,-0.1669999999999999,-0.02999456667642164
moodys_mi,Moody's MI,3328,"Coating, Engraving, Heat Treating, and Allied Activities",1,Materials & Processing - Coatings & Surface Treatments,Upstream,2028,Forecast,0.2353528305668375,2584.2502074064596,10980.323462362447,-0.032,-0.0054058673761743226
moodys_mi,Moody's MI,3335,Metalworking Machinery Manufacturing,2,Equipment Manufacturing,Upstream,2028,Forecast,0.0781138186814543,2190.6124194921176,28043.852630292808,-0.078,-0.01344382286646073
moodys_mi,Moody's MI,3339,Other General Purpose Machinery Manufacturing,2,Equipment Manufacturing,Upstream,2028,Forecast,0.2191076203234622,3960.88818542256,18077.363898047985,0.011,0.0018249866044590668
moodys_mi,Moody's MI,3315,Foundries,3,Forging & Foundries,Upstream,2028,Forecast,0.6718042155478705,5280.934770648188,7860.824103852153,-0.2289999999999999,-0.04241853847592669
moodys_mi,Moody's MI,3321,Forging and Stamping,3,Forging & Foundries,Upstream,2028,Forecast,0.3924501979798644,2665.105802711937,6790.940140763228,-0.042,-0.007125740823183402
moodys_mi,Moody's MI,3326,Spring and Wire Product Manufacturing,4,Parts & Machining,Upstream,2028,Forecast,0.4020278427245708,1143.3998077560868,2844.0811462389925,-0.013,-0.0021784968818643335
moodys_mi,Moody's MI,3327,"Machine Shops; Turned Product; and Screw, Nut, and Bolt Manufacturing",4,Parts & Machining,Upstream,2028,Forecast,0.3798883431259702,8903.99210936709,23438.445191814015,-0.066,-0.011315301707896852
moodys_mi,Moody's MI,3329,Other Fabricated Metal Product Manufacturing,4,Parts & Machining,Upstream,2028,Forecast,0.1601840236697625,1729.9412940888824,10799.711821794115,-0.009,-0.001505656136097322
moodys_mi,Moody's MI,3344,Semiconductor and Other Electronic Component Manufacturing,4,Parts & Machining,Upstream,2028,Forecast,0.2236609031791956,2669.2107235956178,11934.185571347105,-0.03,-0.005063670756198957
moodys_mi,Moody's MI,3336,"Engine, Turbine, and Power Transmission Equipment Manufacturing",5,Component Systems,Upstream,2028,Forecast,0.7169582878623106,3455.5660026127725,4819.758779713558,-0.045,-0.007644619866971847
moodys_mi,Moody's MI,3345,"Navigational, Measuring, Electro medical, and Control Instruments Manufacturing",5,Component Systems,Upstream,2028,Forecast,0.0208760538182582,181.76084920448454,8706.66701603904,-0.027,-0.004551476625899498
moodys_mi,Moody's MI,3359,Other Electrical Equipment and Component Manufacturing,5,Component Systems,Upstream,2028,Forecast,0.503516468921238,2269.866418271973,4508.028154739531,0.021,0.003469762267207077
moodys_mi,Moody's MI,5413,"Architectural, Engineering, and Related Services",6,Engineering & Design,OEM,2028,Forecast,0.007242971108885,622.6447362193851,85965.37620529547,0.027,0.0044501946608039855
moodys_mi,Moody's MI,5414,Industrial design,6,Engineering & Design,OEM,2028,Forecast,0.0336712633047057,347.42315952256274,10318.09101959085,-0.02,-0.003361455501911359
moodys_mi,Moody's MI,5417,Scientific Research and Development,6,Engineering & Design,OEM,2028,Forecast,0.0026962895876024,72.37395898561107,26842.05706923624,0.093,0.014931411025128849
moodys_mi,Moody's MI,3361,Motor Vehicle Manufacturing,7,Core Automotive,OEM,2028,Forecast,1.0,56512.70777748727,56512.70777748727,0.272,0.04091320627391215
moodys_mi,Moody's MI,3362,Motor Vehicle Body and Trailer Manufacturing,7,Core Automotive,OEM,2028,Forecast,1.0,7942.108609864902,7942.108609864902,0.004,0.0006655582639329971
moodys_mi,Moody's MI,3363,Motor Vehicle Parts Manufacturing,7,Core Automotive,OEM,2028,Forecast,1.0,109408.27762219543,109408.27762219543,-0.096,-0.01668030355213168
moodys_mi,Moody's MI,4231,Motor Vehicle and Motor Vehicle Parts and Supplies Merchant Wholesalers,8,"Motor Vehicle Parts, Materials, & Products Sales",Downstream,2028,Forecast,1.0,26614.902736333534,26614.902736333534,0.037,0.0060736920618000845
moodys_mi,Moody's MI,4235,Metal and Mineral (except Petroleum) Merchant Wholesalers,8,"Motor Vehicle Parts, Materials, & Products Sales",Downstream,2028,Forecast,1.0,6325.0399522428,6325.0399522428,-0.008,-0.0013377996300605322
moodys_mi,Moody's MI,4238,"Machinery, Equipment, and Supplies Merchant Wholesalers",8,"Motor Vehicle Parts, Materials, & Products Sales",Downstream,2028,Forecast,1.0,24569.443342744107,24569.443342744107,0.01,0.0016597643621756308
moodys_mi,Moody's MI,4239,Miscellaneous Durable Goods Merchant Wholesalers,8,"Motor Vehicle Parts, Materials, & Products Sales",Downstream,2028,Forecast,1.0,8743.63878922344,8743.63878922344,0.002,0.0003330558945815465
moodys_mi,Moody's MI,4247,Petroleum and Petroleum Products Merchant Wholesalers,8,"Motor Vehicle Parts, Materials, & Products Sales",Downstream,2028,Forecast,1.0,3698.427205193619,3698.427205193619,-0.057,-0.00973381612420321
moodys_mi,Moody's MI,4413,"Automotive Parts, Accessories, and Tire Retailers",8,"Motor Vehicle Parts, Materials, & Products Sales",Downstream,2028,Forecast,1.0,18337.246469603506,18337.246469603506,0.012,0.001990072715679858
moodys_mi,Moody's MI,4571,Gasoline Stations,8,"Motor Vehicle Parts, Materials, & Products Sales",Downstream,2028,Forecast,1.0,28122.02474798734,28122.02474798734,0.016,0.0026490607698665958
moodys_mi,Moody's MI,4411,Automobile Dealers,9,"Dealers, Maintenance, & Repair",Downstream,2028,Forecast,1.0,38363.96409931207,38363.96409931207,0.004,0.0006655582639329971
moodys_mi,Moody's MI,8111,Automotive Repair and Maintenance,9,"Dealers, Maintenance, & Repair",Downstream,2028,Forecast,1.0,32620.275206396895,32620.275206396895,0.062,0.010076079044837316
moodys_mi,Moody's MI,4841,General Freight Trucking,10,Logistics,Downstream,2028,Forecast,1.0,32931.02896759652,32931.02896759652,-0.0969999999999999,-0.016861677672584063
moodys_mi,Moody's MI,4842,Specialized Freight Trucking,10,Logistics,Downstream,2028,Forecast,1.0,10444.77119743034,10444.77119743034,-0.15,-0.02672293914532764
moodys_mi,Moody's MI,3252,"Resin, Synthetic Rubber, and Artificial and Synthetic Fibers and Filaments Manufacturing",1,Materials & Processing - Non-Metals,Upstream,2029,Forecast,0.0885140651080839,472.5981139462586,5339.243128978116,-0.04,-0.006780573220505293
moodys_mi,Moody's MI,3255,"Paint, Coating, and Adhesive Manufacturing",1,Materials & Processing - Coatings & Surface Treatments,Upstream,2029,Forecast,0.5150096802925763,2236.88130213593,4343.377198007542,-0.001,-0.00016673615357942762
moodys_mi,Moody's MI,3261,Plastics Product Manufacturing,1,Materials & Processing - Non-Metals,Upstream,2029,Forecast,0.2346645503033676,7673.887141539016,32701.518536218762,-0.0579999999999999,-0.009908914042015105
moodys_mi,Moody's MI,3262,Rubber Product Manufacturing,1,Materials & Processing - Non-Metals,Upstream,2029,Forecast,0.5480013167432982,2511.511363216945,4583.038920677301,-0.13,-0.022943056451670274
moodys_mi,Moody's MI,3272,Glass and Glass Product Manufacturing,1,Materials & Processing - Non-Metals,Upstream,2029,Forecast,0.5746759592860471,1487.171530872065,2587.8436479571264,-0.091,-0.015775932981637153
moodys_mi,Moody's MI,3311,Iron and Steel Mills and Ferroalloy Manufacturing,1,Materials & Processing - Metals,Upstream,2029,Forecast,0.4155561904757487,1159.1667449237066,2789.4344290639415,-0.17,-0.030577678462427094
moodys_mi,Moody's MI,3312,Steel Product Manufacturing from Purchased Steel,1,Materials & Processing - Metals,Upstream,2029,Forecast,0.4018232314810702,692.7310086914301,1723.9695329165274,-0.15,-0.02672293914532764
moodys_mi,Moody's MI,3313,Alumina and Aluminum Production and Processing,1,Materials & Processing - Metals,Upstream,2029,Forecast,0.3207778863371143,783.8936953930148,2443.727353977261,-0.1119999999999999,-0.01960257714482616
moodys_mi,Moody's MI,3314,Nonferrous Metal (except Aluminum) Production and Processing,1,Materials & Processing - Metals,Upstream,2029,Forecast,0.2932456097149427,317.80571906091546,1083.7526923927253,-0.1669999999999999,-0.02999456667642164
moodys_mi,Moody's MI,3328,"Coating, Engraving, Heat Treating, and Allied Activities",1,Materials & Processing - Coatings & Surface Treatments,Upstream,2029,Forecast,0.2353528305668375,2570.280093518369,10920.96528997742,-0.032,-0.0054058673761743226
moodys_mi,Moody's MI,3335,Metalworking Machinery Manufacturing,2,Equipment Manufacturing,Upstream,2029,Forecast,0.0781138186814543,2161.1622141553967,27666.83604303802,-0.078,-0.01344382286646073
moodys_mi,Moody's MI,3339,Other General Purpose Machinery Manufacturing,2,Equipment Manufacturing,Upstream,2029,Forecast,0.2191076203234622,3968.116753302717,18110.354845005855,0.011,0.0018249866044590668
moodys_mi,Moody's MI,3315,Foundries,3,Forging & Foundries,Upstream,2029,Forecast,0.6718042155478705,5056.925235890589,7527.379434150409,-0.2289999999999999,-0.04241853847592669
moodys_mi,Moody's MI,3321,Forging and Stamping,3,Forging & Foundries,Upstream,2029,Forecast,0.3924501979798644,2646.1149494954493,6742.549661374396,-0.042,-0.007125740823183402
moodys_mi,Moody's MI,3326,Spring and Wire Product Manufacturing,4,Parts & Machining,Upstream,2029,Forecast,0.4020278427245708,1140.9089148401658,2837.8853243301414,-0.013,-0.0021784968818643335
moodys_mi,Moody's MI,3327,"Machine Shops; Turned Product; and Screw, Nut, and Bolt Manufacturing",4,Parts & Machining,Upstream,2029,Forecast,0.3798883431259702,8803.240752244868,23173.232112904636,-0.066,-0.011315301707896852
moodys_mi,Moody's MI,3329,Other Fabricated Metal Product Manufacturing,4,Parts & Machining,Upstream,2029,Forecast,0.1601840236697625,1727.3365973643495,10783.451169421549,-0.009,-0.001505656136097322
moodys_mi,Moody's MI,3344,Semiconductor and Other Electronic Component Manufacturing,4,Parts & Machining,Upstream,2029,Forecast,0.2236609031791956,2655.694719312414,11873.754784870423,-0.03,-0.005063670756198957
moodys_mi,Moody's MI,3336,"Engine, Turbine, and Power Transmission Equipment Manufacturing",5,Component Systems,Upstream,2029,Forecast,0.7169582878623106,3429.149514097566,4782.913555992148,-0.045,-0.007644619866971847
moodys_mi,Moody's MI,3345,"Navigational, Measuring, Electro medical, and Control Instruments Manufacturing",5,Component Systems,Upstream,2029,Forecast,0.0208760538182582,180.93356894782667,8667.038824626048,-0.027,-0.004551476625899498
moodys_mi,Moody's MI,3359,Other Electrical Equipment and Component Manufacturing,5,Component Systems,Upstream,2029,Forecast,0.503516468921238,2277.742315121694,4523.669940730354,0.021,0.003469762267207077
moodys_mi,Moody's MI,5413,"Architectural, Engineering, and Related Services",6,Engineering & Design,OEM,2029,Forecast,0.007242971108885,625.4156265000863,86347.93886349828,0.027,0.0044501946608039855
moodys_mi,Moody's MI,5414,Industrial design,6,Engineering & Design,OEM,2029,Forecast,0.0336712633047057,346.2553120314942,10283.407215763822,-0.02,-0.003361455501911359
moodys_mi,Moody's MI,5417,Scientific Research and Development,6,Engineering & Design,OEM,2029,Forecast,0.0026962895876024,73.45460431474103,27242.84685609697,0.093,0.014931411025128849
moodys_mi,Moody's MI,3361,Motor Vehicle Manufacturing,7,Core Automotive,OEM,2029,Forecast,1.0,58824.823847884916,58824.823847884916,0.272,0.04091320627391215
moodys_mi,Moody's MI,3362,Motor Vehicle Body and Trailer Manufacturing,7,Core Automotive,OEM,2029,Forecast,1.0,7947.394545883252,7947.394545883252,0.004,0.0006655582639329971
moodys_mi,Moody's MI,3363,Motor Vehicle Parts Manufacturing,7,Core Automotive,OEM,2029,Forecast,1.0,107583.31434034131,107583.31434034131,-0.096,-0.01668030355213168
moodys_mi,Moody's MI,4231,Motor Vehicle and Motor Vehicle Parts and Supplies Merchant Wholesalers,8,"Motor Vehicle Parts, Materials, & Products Sales",Downstream,2029,Forecast,1.0,26776.553459808783,26776.553459808783,0.037,0.0060736920618000845
moodys_mi,Moody's MI,4235,Metal and Mineral (except Petroleum) Merchant Wholesalers,8,"Motor Vehicle Parts, Materials, & Products Sales",Downstream,2029,Forecast,1.0,6316.578316134572,6316.578316134572,-0.008,-0.0013377996300605322
moodys_mi,Moody's MI,4238,"Machinery, Equipment, and Supplies Merchant Wholesalers",8,"Motor Vehicle Parts, Materials, & Products Sales",Downstream,2029,Forecast,1.0,24610.222829202892,24610.222829202892,0.01,0.0016597643621756308
moodys_mi,Moody's MI,4239,Miscellaneous Durable Goods Merchant Wholesalers,8,"Motor Vehicle Parts, Materials, & Products Sales",Downstream,2029,Forecast,1.0,8746.550909662283,8746.550909662283,0.002,0.0003330558945815465
moodys_mi,Moody's MI,4247,Petroleum and Petroleum Products Merchant Wholesalers,8,"Motor Vehicle Parts, Materials, & Products Sales",Downstream,2029,Forecast,1.0,3662.427394829514,3662.427394829514,-0.057,-0.00973381612420321
moodys_mi,Moody's MI,4413,"Automotive Parts, Accessories, and Tire Retailers",8,"Motor Vehicle Parts, Materials, & Products Sales",Downstream,2029,Forecast,1.0,18373.738923483357,18373.738923483357,0.012,0.001990072715679858
moodys_mi,Moody's MI,4571,Gasoline Stations,8,"Motor Vehicle Parts, Materials, & Products Sales",Downstream,2029,Forecast,1.0,28196.521700516452,28196.521700516452,0.016,0.0026490607698665958
moodys_mi,Moody's MI,4411,Automobile Dealers,9,"Dealers, Maintenance, & Repair",Downstream,2029,Forecast,1.0,38389.4975526556,38389.4975526556,0.004,0.0006655582639329971
moodys_mi,Moody's MI,8111,Automotive Repair and Maintenance,9,"Dealers, Maintenance, & Repair",Downstream,2029,Forecast,1.0,32948.959677840896,32948.959677840896,0.062,0.010076079044837316
moodys_mi,Moody's MI,4841,General Freight Trucking,10,Logistics,Downstream,2029,Forecast,1.0,32375.75657171837,32375.75657171837,-0.0969999999999999,-0.016861677672584063
moodys_mi,Moody's MI,4842,Specialized Freight Trucking,10,Logistics,Downstream,2029,Forecast,1.0,10165.656212334537,10165.656212334537,-0.15,-0.02672293914532764
moodys_mi,Moody's MI,3252,"Resin, Synthetic Rubber, and Artificial and Synthetic Fibers and Filaments Manufacturing",1,Materials & Processing - Non-Metals,Upstream,2030,Forecast,0.0885140651080839,469.3936278307733,5303.04,-0.04,-0.006780573220505293
moodys_mi,Moody's MI,3255,"Paint, Coating, and Adhesive Manufacturing",1,Materials & Processing - Coatings & Surface Treatments,Upstream,2030,Forecast,0.5150096802925763,2236.508333151598,4342.653000000001,-0.001,-0.00016673615357942762
moodys_mi,Moody's MI,3261,Plastics Product Manufacturing,1,Materials & Processing - Non-Metals,Upstream,2030,Forecast,0.2346645503033676,7597.847253485381,32377.482000000007,-0.0579999999999999,-0.009908914042015105
moodys_mi,Moody's MI,3262,Rubber Product Manufacturing,1,Materials & Processing - Non-Metals,Upstream,2030,Forecast,0.5480013167432982,2453.8896162316473,4477.889999999999,-0.13,-0.022943056451670274
moodys_mi,Moody's MI,3272,Glass and Glass Product Manufacturing,1,Materials & Processing - Non-Metals,Upstream,2030,Forecast,0.5746759592860471,1463.7100124688288,2547.0179999999996,-0.091,-0.015775932981637153
moodys_mi,Moody's MI,3311,Iron and Steel Mills and Ferroalloy Manufacturing,1,Materials & Processing - Metals,Upstream,2030,Forecast,0.4155561904757487,1123.722116913091,2704.14,-0.17,-0.030577678462427094
moodys_mi,Moody's MI,3312,Steel Product Manufacturing from Purchased Steel,1,Materials & Processing - Metals,Upstream,2030,Forecast,0.4018232314810702,674.2192001020877,1677.9,-0.15,-0.02672293914532764
moodys_mi,Moody's MI,3313,Alumina and Aluminum Production and Processing,1,Materials & Processing - Metals,Upstream,2030,Forecast,0.3207778863371143,768.5273587557303,2395.8239999999996,-0.1119999999999999,-0.01960257714482616
moodys_mi,Moody's MI,3314,Nonferrous Metal (except Aluminum) Production and Processing,1,Materials & Processing - Metals,Upstream,2030,Forecast,0.2932456097149427,308.2732742303947,1051.2460000000003,-0.1669999999999999,-0.02999456667642164
moodys_mi,Moody's MI,3328,"Coating, Engraving, Heat Treating, and Allied Activities",1,Materials & Processing - Coatings & Surface Treatments,Upstream,2030,Forecast,0.2353528305668375,2556.3855002131877,10861.927999999998,-0.032,-0.0054058673761743226
moodys_mi,Moody's MI,3335,Metalworking Machinery Manufacturing,2,Equipment Manufacturing,Upstream,2030,Forecast,0.0781138186814543,2132.1079321626034,27294.888000000006,-0.078,-0.01344382286646073
moodys_mi,Moody's MI,3339,Other General Purpose Machinery Manufacturing,2,Equipment Manufacturing,Upstream,2030,Forecast,0.2191076203234622,3975.358513222424,18143.40599999999,0.011,0.0018249866044590668
moodys_mi,Moody's MI,3315,Foundries,3,Forging & Foundries,Upstream,2030,Forecast,0.6718042155478705,4842.417858202079,7208.079,-0.2289999999999999,-0.04241853847592669
moodys_mi,Moody's MI,3321,Forging and Stamping,3,Forging & Foundries,Upstream,2030,Forecast,0.3924501979798644,2627.259420176994,6694.503999999999,-0.042,-0.007125740823183402
moodys_mi,Moody's MI,3326,Spring and Wire Product Manufacturing,4,Parts & Machining,Upstream,2030,Forecast,0.4020278427245708,1138.4234483266953,2831.703,-0.013,-0.0021784968818643335
moodys_mi,Moody's MI,3327,"Machine Shops; Turned Product; and Screw, Nut, and Bolt Manufacturing",4,Parts & Machining,Upstream,2030,Forecast,0.3798883431259702,8703.629427125963,22911.019999999993,-0.066,-0.011315301707896852
moodys_mi,Moody's MI,3329,Other Fabricated Metal Product Manufacturing,4,Parts & Machining,Upstream,2030,Forecast,0.1601840236697625,1724.7358224174222,10767.215000000002,-0.009,-0.001505656136097322
moodys_mi,Moody's MI,3344,Semiconductor and Other Electronic Component Manufacturing,4,Parts & Machining,Upstream,2030,Forecast,0.2236609031791956,2642.2471556248397,11813.629999999997,-0.03,-0.005063670756198957
moodys_mi,Moody's MI,3336,"Engine, Turbine, and Power Transmission Equipment Manufacturing",5,Component Systems,Upstream,2030,Forecast,0.7169582878623106,3402.934969595279,4746.350000000001,-0.045,-0.007644619866971847
moodys_mi,Moody's MI,3345,"Navigational, Measuring, Electro medical, and Control Instruments Manufacturing",5,Component Systems,Upstream,2030,Forecast,0.0208760538182582,180.11005403792007,8627.591,-0.027,-0.004551476625899498
moodys_mi,Moody's MI,3359,Other Electrical Equipment and Component Manufacturing,5,Component Systems,Upstream,2030,Forecast,0.503516468921238,2285.645539461124,4539.365999999998,0.021,0.003469762267207077
moodys_mi,Moody's MI,5413,"Architectural, Engineering, and Related Services",6,Engineering & Design,OEM,2030,Forecast,0.007242971108885,628.1988477819204,86732.20400000006,0.027,0.0044501946608039855
moodys_mi,Moody's MI,5414,Industrial design,6,Engineering & Design,OEM,2030,Forecast,0.0336712633047057,345.0913902077999,10248.839999999998,-0.02,-0.003361455501911359
moodys_mi,Moody's MI,5417,Scientific Research and Development,6,Engineering & Design,OEM,2030,Forecast,0.0026962895876024,74.55138520345264,27649.620999999992,0.093,0.014931411025128849
moodys_mi,Moody's MI,3361,Motor Vehicle Manufacturing,7,Core Automotive,OEM,2030,Forecast,1.0,61231.53599999998,61231.53599999998,0.272,0.04091320627391215
moodys_mi,Moody's MI,3362,Motor Vehicle Body and Trailer Manufacturing,7,Core Automotive,OEM,2030,Forecast,1.0,7952.684,7952.684,0.004,0.0006655582639329971
moodys_mi,Moody's MI,3363,Motor Vehicle Parts Manufacturing,7,Core Automotive,OEM,2030,Forecast,1.0,105788.79200000002,105788.79200000002,-0.096,-0.01668030355213168
moodys_mi,Moody's MI,4231,Motor Vehicle and Motor Vehicle Parts and Supplies Merchant Wholesalers,8,"Motor Vehicle Parts, Materials, & Products Sales",Downstream,2030,Forecast,1.0,26939.18599999999,26939.18599999999,0.037,0.0060736920618000845
moodys_mi,Moody's MI,4235,Metal and Mineral (except Petroleum) Merchant Wholesalers,8,"Motor Vehicle Parts, Materials, & Products Sales",Downstream,2030,Forecast,1.0,6308.127999999999,6308.127999999999,-0.008,-0.0013377996300605322
moodys_mi,Moody's MI,4238,"Machinery, Equipment, and Supplies Merchant Wholesalers",8,"Motor Vehicle Parts, Materials, & Products Sales",Downstream,2030,Forecast,1.0,24651.07,24651.07,0.01,0.0016597643621756308
moodys_mi,Moody's MI,4239,Miscellaneous Durable Goods Merchant Wholesalers,8,"Motor Vehicle Parts, Materials, & Products Sales",Downstream,2030,Forecast,1.0,8749.464000000002,8749.464000000002,0.002,0.0003330558945815465
moodys_mi,Moody's MI,4247,Petroleum and Petroleum Products Merchant Wholesalers,8,"Motor Vehicle Parts, Materials, & Products Sales",Downstream,2030,Forecast,1.0,3626.7779999999984,3626.7779999999984,-0.057,-0.00973381612420321
moodys_mi,Moody's MI,4413,"Automotive Parts, Accessories, and Tire Retailers",8,"Motor Vehicle Parts, Materials, & Products Sales",Downstream,2030,Forecast,1.0,18410.304000000007,18410.304000000007,0.012,0.001990072715679858
moodys_mi,Moody's MI,4571,Gasoline Stations,8,"Motor Vehicle Parts, Materials, & Products Sales",Downstream,2030,Forecast,1.0,28271.215999999982,28271.215999999982,0.016,0.0026490607698665958
moodys_mi,Moody's MI,4411,Automobile Dealers,9,"Dealers, Maintenance, & Repair",Downstream,2030,Forecast,1.0,38415.048,38415.048,0.004,0.0006655582639329971
moodys_mi,Moody's MI,8111,Automotive Repair and Maintenance,9,"Dealers, Maintenance, & Repair",Downstream,2030,Forecast,1.0,33280.955999999984,33280.955999999984,0.062,0.010076079044837316
moodys_mi,Moody's MI,4841,General Freight Trucking,10,Logistics,Downstream,2030,Forecast,1.0,31829.847000000012,31829.847000000012,-0.0969999999999999,-0.016861677672584063
moodys_mi,Moody's MI,4842,Specialized Freight Trucking,10,Logistics,Downstream,2030,Forecast,1.0,9894.000000000002,9894.000000000002,-0.15,-0.02672293914532764
moodys_mi,Moody's MI,3252,"Resin, Synthetic Rubber, and Artificial and Synthetic Fibers and Filaments Manufacturing",1,Materials & Processing - Non-Metals,Upstream,2031,Forecast,0.0885140651080839,466.21086996802813,5267.082348988732,-0.04,-0.006780573220505293
moodys_mi,Moody's MI,3255,"Paint, Coating, and Adhesive Manufacturing",1,Materials & Processing - Coatings & Surface Treatments,Upstream,2031,Forecast,0.5150096802925763,2236.13542635468,4341.928922742451,-0.001,-0.00016673615357942762
moodys_mi,Moody's MI,3261,Plastics Product Manufacturing,1,Materials & Processing - Non-Metals,Upstream,2031,Forecast,0.2346645503033676,7522.560838146233,32056.656313965115,-0.0579999999999999,-0.009908914042015105
moodys_mi,Moody's MI,3262,Rubber Product Manufacturing,1,Materials & Processing - Non-Metals,Upstream,2031,Forecast,0.5480013167432982,2397.589888240277,4375.153516945629,-0.13,-0.022943056451670274
moodys_mi,Moody's MI,3272,Glass and Glass Product Manufacturing,1,Materials & Processing - Non-Metals,Upstream,2031,Forecast,0.5746759592860471,1440.6186214075692,2506.836414728976,-0.091,-0.015775932981637153
moodys_mi,Moody's MI,3311,Iron and Steel Mills and Ferroalloy Manufacturing,1,Materials & Processing - Metals,Upstream,2031,Forecast,0.4155561904757487,1089.3613033410047,2621.4536765626126,-0.17,-0.030577678462427094
moodys_mi,Moody's MI,3312,Steel Product Manufacturing from Purchased Steel,1,Materials & Processing - Metals,Upstream,2031,Forecast,0.4018232314810702,656.2020814471481,1633.0615804080549,-0.15,-0.02672293914532764
moodys_mi,Moody's MI,3313,Alumina and Aluminum Production and Processing,1,Materials & Processing - Metals,Upstream,2031,Forecast,0.3207778863371143,753.4622419178118,2348.859675214574,-0.1119999999999999,-0.01960257714482616
moodys_mi,Moody's MI,3314,Nonferrous Metal (except Aluminum) Production and Processing,1,Materials & Processing - Metals,Upstream,2031,Forecast,0.2932456097149427,299.0267509519323,1019.7143317596787,-0.1669999999999999,-0.02999456667642164
moodys_mi,Moody's MI,3328,"Coating, Engraving, Heat Treating, and Allied Activities",1,Materials & Processing - Coatings & Surface Treatments,Upstream,2031,Forecast,0.2353528305668375,2542.5660192366604,10803.209857782444,-0.032,-0.0054058673761743226
moodys_mi,Moody's MI,3335,Metalworking Machinery Manufacturing,2,Equipment Manufacturing,Upstream,2031,Forecast,0.0781138186814543,2103.4442507904337,26927.940360568122,-0.078,-0.01344382286646073
moodys_mi,Moody's MI,3339,Other General Purpose Machinery Manufacturing,2,Equipment Manufacturing,Upstream,2031,Forecast,0.2191076203234622,3982.6134892569767,18176.51747290925,0.011,0.0018249866044590668
moodys_mi,Moody's MI,3315,Foundries,3,Forging & Foundries,Upstream,2031,Forecast,0.6718042155478705,4637.009569967419,6902.322823600981,-0.2289999999999999,-0.04241853847592669
moodys_mi,Moody's MI,3321,Forging and Stamping,3,Forging & Foundries,Upstream,2031,Forecast,0.3924501979798644,2608.5382504735458,6646.800699556235,-0.042,-0.007125740823183402
moodys_mi,Moody's MI,3326,Spring and Wire Product Manufacturing,4,Parts & Machining,Upstream,2031,Forecast,0.4020278427245708,1135.9433963942745,2825.534143844134,-0.013,-0.0021784968818643335
moodys_mi,Moody's MI,3327,"Machine Shops; Turned Product; and Screw, Nut, and Bolt Manufacturing",4,Parts & Machining,Upstream,2031,Forecast,0.3798883431259702,8605.145234204305,22651.774896264335,-0.066,-0.011315301707896852
moodys_mi,Moody's MI,3329,Other Fabricated Metal Product Manufacturing,4,Parts & Machining,Upstream,2031,Forecast,0.1601840236697625,1722.1389633432527,10751.003276666574,-0.009,-0.001505656136097322
moodys_mi,Moody's MI,3344,Semiconductor and Other Electronic Component Manufacturing,4,Parts & Machining,Upstream,2031,Forecast,0.2236609031791956,2628.8676859722523,11753.809667244443,-0.03,-0.005063670756198957
moodys_mi,Moody's MI,3336,"Engine, Turbine, and Power Transmission Equipment Manufacturing",5,Component Systems,Upstream,2031,Forecast,0.7169582878623106,3376.920825320698,4710.0659584944,-0.045,-0.007644619866971847
moodys_mi,Moody's MI,3345,"Navigational, Measuring, Electro medical, and Control Instruments Manufacturing",5,Component Systems,Upstream,2031,Forecast,0.0208760538182582,179.290287336877,8588.322721225679,-0.027,-0.004551476625899498
moodys_mi,Moody's MI,3359,Other Electrical Equipment and Component Manufacturing,5,Component Systems,Upstream,2031,Forecast,0.503516468921238,2293.5761861101564,4555.116520863841,0.021,0.003469762267207077
moodys_mi,Moody's MI,5413,"Architectural, Engineering, and Related Services",6,Engineering & Design,OEM,2031,Forecast,0.007242971108885,630.9944549402427,87118.1791911606,0.027,0.0044501946608039855
moodys_mi,Moody's MI,5414,Industrial design,6,Engineering & Design,OEM,2031,Forecast,0.0336712633047057,343.9313808555237,10214.38898039379,-0.02,-0.003361455501911359
moodys_mi,Moody's MI,5417,Scientific Research and Development,6,Engineering & Design,OEM,2031,Forecast,0.0026962895876024,75.6645425784181,28062.468855840027,0.093,0.014931411025128849
moodys_mi,Moody's MI,3361,Motor Vehicle Manufacturing,7,Core Automotive,OEM,2031,Forecast,1.0,63736.71446283646,63736.71446283646,0.272,0.04091320627391215
moodys_mi,Moody's MI,3362,Motor Vehicle Body and Trailer Manufacturing,7,Core Automotive,OEM,2031,Forecast,1.0,7957.976974556648,7957.976974556648,0.004,0.0006655582639329971
moodys_mi,Moody's MI,3363,Motor Vehicle Parts Manufacturing,7,Core Automotive,OEM,2031,Forecast,1.0,104024.20283702669,104024.20283702669,-0.096,-0.01668030355213168
moodys_mi,Moody's MI,4231,Motor Vehicle and Motor Vehicle Parts and Supplies Merchant Wholesalers,8,"Motor Vehicle Parts, Materials, & Products Sales",Downstream,2031,Forecast,1.0,27102.806320159543,27102.806320159543,0.037,0.0060736920618000845
moodys_mi,Moody's MI,4235,Metal and Mineral (except Petroleum) Merchant Wholesalers,8,"Motor Vehicle Parts, Materials, & Products Sales",Downstream,2031,Forecast,1.0,6299.688988695224,6299.688988695224,-0.008,-0.0013377996300605322
moodys_mi,Moody's MI,4238,"Machinery, Equipment, and Supplies Merchant Wholesalers",8,"Motor Vehicle Parts, Materials, & Products Sales",Downstream,2031,Forecast,1.0,24691.984967475495,24691.984967475495,0.01,0.0016597643621756308
moodys_mi,Moody's MI,4239,Miscellaneous Durable Goods Merchant Wholesalers,8,"Motor Vehicle Parts, Materials, & Products Sales",Downstream,2031,Forecast,1.0,8752.378060559631,8752.378060559631,0.002,0.0003330558945815465
moodys_mi,Moody's MI,4247,Petroleum and Petroleum Products Merchant Wholesalers,8,"Motor Vehicle Parts, Materials, & Products Sales",Downstream,2031,Forecast,1.0,3591.4756098246935,3591.4756098246935,-0.057,-0.00973381612420321
moodys_mi,Moody's MI,4413,"Automotive Parts, Accessories, and Tire Retailers",8,"Motor Vehicle Parts, Materials, & Products Sales",Downstream,2031,Forecast,1.0,18446.941843677778,18446.941843677778,0.012,0.001990072715679858
moodys_mi,Moody's MI,4571,Gasoline Stations,8,"Motor Vehicle Parts, Materials, & Products Sales",Downstream,2031,Forecast,1.0,28346.108169222007,28346.108169222007,0.016,0.0026490607698665958
moodys_mi,Moody's MI,4411,Automobile Dealers,9,"Dealers, Maintenance, & Repair",Downstream,2031,Forecast,1.0,38440.61545265579,38440.61545265579,0.004,0.0006655582639329971
moodys_mi,Moody's MI,8111,Automotive Repair and Maintenance,9,"Dealers, Maintenance, & Repair",Downstream,2031,Forecast,1.0,33616.29754334374,33616.29754334374,0.062,0.010076079044837316
moodys_mi,Moody's MI,4841,General Freight Trucking,10,Logistics,Downstream,2031,Forecast,1.0,31293.142379518347,31293.142379518347,-0.0969999999999999,-0.016861677672584063
moodys_mi,Moody's MI,4842,Specialized Freight Trucking,10,Logistics,Downstream,2031,Forecast,1.0,9629.603240096129,9629.603240096129,-0.15,-0.02672293914532764
moodys_mi,Moody's MI,3252,"Resin, Synthetic Rubber, and Artificial and Synthetic Fibers and Filaments Manufacturing",1,Materials & Processing - Non-Metals,Upstream,2032,Forecast,0.0885140651080839,463.0496930280144,5231.3685114629825,-0.04,-0.006780573220505293
moodys_mi,Moody's MI,3255,"Paint, Coating, and Adhesive Manufacturing",1,Materials & Processing - Coatings & Surface Treatments,Upstream,2032,Forecast,0.5150096802925763,2235.762581734807,4341.204966214757,-0.001,-0.00016673615357942762
moodys_mi,Moody's MI,3261,Plastics Product Manufacturing,1,Materials & Processing - Non-Metals,Upstream,2032,Forecast,0.2346645503033676,7448.0204294252135,31739.009662075612,-0.0579999999999999,-0.009908914042015105
moodys_mi,Moody's MI,3262,Rubber Product Manufacturing,1,Materials & Processing - Non-Metals,Upstream,2032,Forecast,0.5480013167432982,2342.581848086427,4274.774122821623,-0.13,-0.022943056451670274
moodys_mi,Moody's MI,3272,Glass and Glass Product Manufacturing,1,Materials & Processing - Non-Metals,Upstream,2032,Forecast,0.5746759592860471,1417.891518584145,2467.288731454284,-0.091,-0.015775932981637153
moodys_mi,Moody's MI,3311,Iron and Steel Mills and Ferroalloy Manufacturing,1,Materials & Processing - Metals,Upstream,2032,Forecast,0.4155561904757487,1056.051163678033,2541.2957089365336,-0.17,-0.030577678462427094
moodys_mi,Moody's MI,3312,Steel Product Manufacturing from Purchased Steel,1,Materials & Processing - Metals,Upstream,2032,Forecast,0.4018232314810702,638.6664331575986,1589.421375174238,-0.15,-0.02672293914532764
moodys_mi,Moody's MI,3313,Alumina and Aluminum Production and Processing,1,Materials & Processing - Metals,Upstream,2032,Forecast,0.3207778863371143,738.6924401949042,2302.8159722288087,-0.1119999999999999,-0.01960257714482616
moodys_mi,Moody's MI,3314,Nonferrous Metal (except Aluminum) Production and Processing,1,Materials & Processing - Metals,Upstream,2032,Forecast,0.2932456097149427,290.05757313247085,989.1284422448103,-0.1669999999999999,-0.02999456667642164
moodys_mi,Moody's MI,3328,"Coating, Engraving, Heat Treating, and Allied Activities",1,Materials & Processing - Coatings & Surface Treatments,Upstream,2032,Forecast,0.2353528305668375,2528.8212445414997,10744.809138054294,-0.032,-0.0054058673761743226
moodys_mi,Moody's MI,3335,Metalworking Machinery Manufacturing,2,Equipment Manufacturing,Upstream,2032,Forecast,0.0781138186814543,2075.1659188733315,26565.925900202026,-0.078,-0.01344382286646073
moodys_mi,Moody's MI,3339,Other General Purpose Machinery Manufacturing,2,Equipment Manufacturing,Upstream,2032,Forecast,0.2191076203234622,3989.881705525609,18209.689373813027,0.011,0.0018249866044590668
moodys_mi,Moody's MI,3315,Foundries,3,Forging & Foundries,Upstream,2032,Forecast,0.6718042155478705,4440.314401110517,6609.536377334796,-0.2289999999999999,-0.04241853847592669
moodys_mi,Moody's MI,3321,Forging and Stamping,3,Forging & Foundries,Upstream,2032,Forecast,0.3924501979798644,2589.950482973311,6599.437320467843,-0.042,-0.007125740823183402
moodys_mi,Moody's MI,3326,Spring and Wire Product Manufacturing,4,Parts & Machining,Upstream,2032,Forecast,0.4020278427245708,1133.4687472472551,2819.378726522168,-0.013,-0.0021784968818643335
moodys_mi,Moody's MI,3327,"Machine Shops; Turned Product; and Screw, Nut, and Bolt Manufacturing",4,Parts & Machining,Upstream,2032,Forecast,0.3798883431259702,8507.775419639012,22395.46322909374,-0.066,-0.011315301707896852
moodys_mi,Moody's MI,3329,Other Fabricated Metal Product Manufacturing,4,Parts & Machining,Upstream,2032,Forecast,0.1601840236697625,1719.5460142458828,10734.815962613859,-0.009,-0.001505656136097322
moodys_mi,Moody's MI,3344,Semiconductor and Other Electronic Component Manufacturing,4,Parts & Machining,Upstream,2032,Forecast,0.2236609031791956,2615.5559655488782,11694.29224495849,-0.03,-0.005063670756198957
moodys_mi,Moody's MI,3336,"Engine, Turbine, and Power Transmission Equipment Manufacturing",5,Component Systems,Upstream,2032,Forecast,0.7169582878623106,3351.10554929026,4674.059294693346,-0.045,-0.007644619866971847
moodys_mi,Moody's MI,3345,"Navigational, Measuring, Electro medical, and Control Instruments Manufacturing",5,Component Systems,Upstream,2032,Forecast,0.0208760538182582,178.4742517848124,8549.233171104339,-0.027,-0.004551476625899498
moodys_mi,Moody's MI,3359,Other Electrical Equipment and Component Manufacturing,5,Component Systems,Upstream,2032,Forecast,0.503516468921238,2301.5343502176856,4570.921692290666,0.021,0.003469762267207077
moodys_mi,Moody's MI,5413,"Architectural, Engineering, and Related Services",6,Engineering & Design,OEM,2032,Forecast,0.007242971108885,633.8025030946147,87505.87204705608,0.027,0.0044501946608039855
moodys_mi,Moody's MI,5414,Industrial design,6,Engineering & Design,OEM,2032,Forecast,0.0336712633047057,342.7752708230669,10180.053766356981,-0.02,-0.003361455501911359
moodys_mi,Moody's MI,5417,Scientific Research and Development,6,Engineering & Design,OEM,2032,Forecast,0.0026962895876024,76.79432096368483,28481.481112706453,0.093,0.014931411025128849
moodys_mi,Moody's MI,3361,Motor Vehicle Manufacturing,7,Core Automotive,OEM,2032,Forecast,1.0,66344.38780887592,66344.38780887592,0.272,0.04091320627391215
moodys_mi,Moody's MI,3362,Motor Vehicle Body and Trailer Manufacturing,7,Core Automotive,OEM,2032,Forecast,1.0,7963.273471896252,7963.273471896252,0.004,0.0006655582639329971
moodys_mi,Moody's MI,3363,Motor Vehicle Parts Manufacturing,7,Core Automotive,OEM,2032,Forecast,1.0,102289.04755693657,102289.04755693657,-0.096,-0.01668030355213168
moodys_mi,Moody's MI,4231,Motor Vehicle and Motor Vehicle Parts and Supplies Merchant Wholesalers,8,"Motor Vehicle Parts, Materials, & Products Sales",Downstream,2032,Forecast,1.0,27267.420419758804,27267.420419758804,0.037,0.0060736920618000845
moodys_mi,Moody's MI,4235,Metal and Mineral (except Petroleum) Merchant Wholesalers,8,"Motor Vehicle Parts, Materials, & Products Sales",Downstream,2032,Forecast,1.0,6291.261267096651,6291.261267096651,-0.008,-0.0013377996300605322
moodys_mi,Moody's MI,4238,"Machinery, Equipment, and Supplies Merchant Wholesalers",8,"Motor Vehicle Parts, Materials, & Products Sales",Downstream,2032,Forecast,1.0,24732.96784415589,24732.96784415589,0.01,0.0016597643621756308
moodys_mi,Moody's MI,4239,Miscellaneous Durable Goods Merchant Wholesalers,8,"Motor Vehicle Parts, Materials, & Products Sales",Downstream,2032,Forecast,1.0,8755.293091664307,8755.293091664307,0.002,0.0003330558945815465
moodys_mi,Moody's MI,4247,Petroleum and Petroleum Products Merchant Wholesalers,8,"Motor Vehicle Parts, Materials, & Products Sales",Downstream,2032,Forecast,1.0,3556.516846624099,3556.516846624099,-0.057,-0.00973381612420321
moodys_mi,Moody's MI,4413,"Automotive Parts, Accessories, and Tire Retailers",8,"Motor Vehicle Parts, Materials, & Products Sales",Downstream,2032,Forecast,1.0,18483.652599328616,18483.652599328616,0.012,0.001990072715679858
moodys_mi,Moody's MI,4571,Gasoline Stations,8,"Motor Vehicle Parts, Materials, & Products Sales",Downstream,2032,Forecast,1.0,28421.198732351488,28421.198732351488,0.016,0.0026490607698665958
moodys_mi,Moody's MI,4411,Automobile Dealers,9,"Dealers, Maintenance, & Repair",Downstream,2032,Forecast,1.0,38466.19992194097,38466.19992194097,0.004,0.0006655582639329971
moodys_mi,Moody's MI,8111,Automotive Repair and Maintenance,9,"Dealers, Maintenance, & Repair",Downstream,2032,Forecast,1.0,33955.018014585236,33955.018014585236,0.062,0.010076079044837316
moodys_mi,Moody's MI,4841,General Freight Trucking,10,Logistics,Downstream,2032,Forecast,1.0,30765.487499352625,30765.487499352625,-0.0969999999999999,-0.016861677672584063
moodys_mi,Moody's MI,4842,Specialized Freight Trucking,10,Logistics,Downstream,2032,Forecast,1.0,9372.271938717391,9372.271938717391,-0.15,-0.02672293914532764
moodys_mi,Moody's MI,3252,"Resin, Synthetic Rubber, and Artificial and Synthetic Fibers and Filaments Manufacturing",1,Materials & Processing - Non-Metals,Upstream,2033,Forecast,0.0885140651080839,459.90995067970545,5195.896834227562,-0.04,-0.006780573220505293
moodys_mi,Moody's MI,3255,"Paint, Coating, and Adhesive Manufacturing",1,Materials & Processing - Coatings & Surface Treatments,Upstream,2033,Forecast,0.5150096802925763,2235.3897992816114,4340.481130396791,-0.001,-0.00016673615357942762
moodys_mi,Moody's MI,3261,Plastics Product Manufacturing,1,Materials & Processing - Non-Metals,Upstream,2033,Forecast,0.2346645503033676,7374.218635206867,31424.510543555418,-0.0579999999999999,-0.009908914042015105
moodys_mi,Moody's MI,3262,Rubber Product Manufacturing,1,Materials & Processing - Non-Metals,Upstream,2033,Forecast,0.5480013167432982,2288.8358605031217,4176.697738803587,-0.13,-0.022943056451670274
moodys_mi,Moody's MI,3272,Glass and Glass Product Manufacturing,1,Materials & Processing - Non-Metals,Upstream,2033,Forecast,0.5746759592860471,1395.5229570117297,2428.3649497805127,-0.091,-0.015775932981637153
moodys_mi,Moody's MI,3311,Iron and Steel Mills and Ferroalloy Manufacturing,1,Materials & Processing - Metals,Upstream,2033,Forecast,0.4155561904757487,1023.7595707552142,2463.5887858707265,-0.17,-0.030577678462427094
moodys_mi,Moody's MI,3312,Steel Product Manufacturing from Purchased Steel,1,Materials & Processing - Metals,Upstream,2033,Forecast,0.4018232314810702,621.5993889301647,1546.9473644891737,-0.15,-0.02672293914532764
moodys_mi,Moody's MI,3313,Alumina and Aluminum Production and Processing,1,Materials & Processing - Metals,Upstream,2033,Forecast,0.3207778863371143,724.2121646496837,2257.674844482856,-0.1119999999999999,-0.01960257714482616
moodys_mi,Moody's MI,3314,Nonferrous Metal (except Aluminum) Production and Processing,1,Materials & Processing - Metals,Upstream,2033,Forecast,0.2932456097149427,281.3574219151479,959.4599632323532,-0.1669999999999999,-0.02999456667642164
moodys_mi,Moody's MI,3328,"Coating, Engraving, Heat Treating, and Allied Activities",1,Materials & Processing - Coatings & Surface Treatments,Upstream,2033,Forecast,0.2353528305668375,2515.1507722754563,10686.724124871665,-0.032,-0.0054058673761743226
moodys_mi,Moody's MI,3335,Metalworking Machinery Manufacturing,2,Equipment Manufacturing,Upstream,2033,Forecast,0.0781138186814543,2047.2677558414823,26208.778298116187,-0.078,-0.01344382286646073
moodys_mi,Moody's MI,3339,Other General Purpose Machinery Manufacturing,2,Equipment Manufacturing,Upstream,2033,Forecast,0.2191076203234622,3997.163186191569,18242.921812991593,0.011,0.0018249866044590668
moodys_mi,Moody's MI,3315,Foundries,3,Forging & Foundries,Upstream,2033,Forecast,0.6718042155478705,4251.962753841798,6329.169504204783,-0.2289999999999999,-0.04241853847592669
moodys_mi,Moody's MI,3321,Forging and Stamping,3,Forging & Foundries,Upstream,2033,Forecast,0.3924501979798644,2571.4951670867645,6552.411440543345,-0.042,-0.007125740823183402
moodys_mi,Moody's MI,3326,Spring and Wire Product Manufacturing,4,Parts & Machining,Upstream,2033,Forecast,0.4020278427245708,1130.9994891156862,2813.236718757645,-0.013,-0.0021784968818643335
moodys_mi,Moody's MI,3327,"Machine Shops; Turned Product; and Screw, Nut, and Bolt Manufacturing",4,Parts & Machining,Upstream,2033,Forecast,0.3798883431259702,8411.507373902767,22142.051805768435,-0.066,-0.011315301707896852
moodys_mi,Moody's MI,3329,Other Fabricated Metal Product Manufacturing,4,Parts & Machining,Upstream,2033,Forecast,0.1601840236697625,1716.9569692382317,10718.653021089875,-0.009,-0.001505656136097322
moodys_mi,Moody's MI,3344,Semiconductor and Other Electronic Component Manufacturing,4,Parts & Machining,Upstream,2033,Forecast,0.2236609031791956,2602.311651294927,11635.076199303248,-0.03,-0.005063670756198957
moodys_mi,Moody's MI,3336,"Engine, Turbine, and Power Transmission Equipment Manufacturing",5,Component Systems,Upstream,2033,Forecast,0.7169582878623106,3325.4876212318363,4638.327888149728,-0.045,-0.007644619866971847
moodys_mi,Moody's MI,3345,"Navigational, Measuring, Electro medical, and Control Instruments Manufacturing",5,Component Systems,Upstream,2033,Forecast,0.0208760538182582,177.6619303994889,8510.321536156693,-0.027,-0.004551476625899498
moodys_mi,Moody's MI,3359,Other Electrical Equipment and Component Manufacturing,5,Component Systems,Upstream,2033,Forecast,0.503516468921238,2309.5201272627523,4586.781703904935,0.021,0.003469762267207077
moodys_mi,Moody's MI,5413,"Architectural, Engineering, and Related Services",6,Engineering & Design,OEM,2033,Forecast,0.007242971108885,636.6230476098905,87895.29021162888,0.027,0.0044501946608039855
moodys_mi,Moody's MI,5414,Industrial design,6,Engineering & Design,OEM,2033,Forecast,0.0336712633047057,341.6230470030395,10145.833968614308,-0.02,-0.003361455501911359
moodys_mi,Moody's MI,5417,Scientific Research and Development,6,Engineering & Design,OEM,2033,Forecast,0.0026962895876024,77.94096853438927,28906.74981380472,0.093,0.014931411025128849
moodys_mi,Moody's MI,3361,Motor Vehicle Manufacturing,7,Core Automotive,OEM,2033,Forecast,1.0,69058.7494324169,69058.7494324169,0.272,0.04091320627391215
moodys_mi,Moody's MI,3362,Motor Vehicle Body and Trailer Manufacturing,7,Core Automotive,OEM,2033,Forecast,1.0,7968.5734943634325,7968.5734943634325,0.004,0.0006655582639329971
moodys_mi,Moody's MI,3363,Motor Vehicle Parts Manufacturing,7,Core Automotive,OEM,2033,Forecast,1.0,100582.83519362843,100582.83519362843,-0.096,-0.01668030355213168
moodys_mi,Moody's MI,4231,Motor Vehicle and Motor Vehicle Parts and Supplies Merchant Wholesalers,8,"Motor Vehicle Parts, Materials, & Products Sales",Downstream,2033,Forecast,1.0,27433.034334708063,27433.034334708063,0.037,0.0060736920618000845
moodys_mi,Moody's MI,4235,Metal and Mineral (except Petroleum) Merchant Wholesalers,8,"Motor Vehicle Parts, Materials, & Products Sales",Downstream,2033,Forecast,1.0,6282.844820100915,6282.844820100915,-0.008,-0.0013377996300605322
moodys_mi,Moody's MI,4238,"Machinery, Equipment, and Supplies Merchant Wholesalers",8,"Motor Vehicle Parts, Materials, & Products Sales",Downstream,2033,Forecast,1.0,24774.01874275445,24774.01874275445,0.01,0.0016597643621756308
moodys_mi,Moody's MI,4239,Miscellaneous Durable Goods Merchant Wholesalers,8,"Motor Vehicle Parts, Materials, & Products Sales",Downstream,2033,Forecast,1.0,8758.209093637275,8758.209093637275,0.002,0.0003330558945815465
moodys_mi,Moody's MI,4247,Petroleum and Petroleum Products Merchant Wholesalers,8,"Motor Vehicle Parts, Materials, & Products Sales",Downstream,2033,Forecast,1.0,3521.898365596429,3521.898365596429,-0.057,-0.00973381612420321
moodys_mi,Moody's MI,4413,"Automotive Parts, Accessories, and Tire Retailers",8,"Motor Vehicle Parts, Materials, & Products Sales",Downstream,2033,Forecast,1.0,18520.436412052648,18520.436412052648,0.012,0.001990072715679858
moodys_mi,Moody's MI,4571,Gasoline Stations,8,"Motor Vehicle Parts, Materials, & Products Sales",Downstream,2033,Forecast,1.0,28496.488214945944,28496.488214945944,0.016,0.0026490607698665958
moodys_mi,Moody's MI,4411,Automobile Dealers,9,"Dealers, Maintenance, & Repair",Downstream,2033,Forecast,1.0,38491.801419181116,38491.801419181116,0.004,0.0006655582639329971
moodys_mi,Moody's MI,8111,Automotive Repair and Maintenance,9,"Dealers, Maintenance, & Repair",Downstream,2033,Forecast,1.0,34297.15146006907,34297.15146006907,0.062,0.010076079044837316
moodys_mi,Moody's MI,4841,General Freight Trucking,10,Logistics,Downstream,2033,Forecast,1.0,30246.72976569863,30246.72976569863,-0.0969999999999999,-0.016861677672584063
moodys_mi,Moody's MI,4842,Specialized Freight Trucking,10,Logistics,Downstream,2033,Forecast,1.0,9121.817286045583,9121.817286045583,-0.15,-0.02672293914532764
moodys_mi,Moody's MI,3252,"Resin, Synthetic Rubber, and Artificial and Synthetic Fibers and Filaments Manufacturing",1,Materials & Processing - Non-Metals,Upstream,2034,Forecast,0.0885140651080839,456.79149758428275,5160.66567529689,-0.04,-0.006780573220505293
moodys_mi,Moody's MI,3255,"Paint, Coating, and Adhesive Manufacturing",1,Materials & Processing - Coatings & Surface Treatments,Upstream,2034,Forecast,0.5150096802925763,2235.017078984729,4339.757415268425,-0.001,-0.00016673615357942762
moodys_mi,Moody's MI,3261,Plastics Product Manufacturing,1,Materials & Processing - Non-Metals,Upstream,2034,Forecast,0.2346645503033676,7301.148136623576,31113.127769766932,-0.0579999999999999,-0.009908914042015105
moodys_mi,Moody's MI,3262,Rubber Product Manufacturing,1,Materials & Processing - Non-Metals,Upstream,2034,Forecast,0.5480013167432982,2236.3229701469913,4080.871526800652,-0.13,-0.022943056451670274
moodys_mi,Moody's MI,3272,Glass and Glass Product Manufacturing,1,Materials & Processing - Non-Metals,Upstream,2034,Forecast,0.5746759592860471,1373.5072803675766,2390.0552270778185,-0.091,-0.015775932981637153
moodys_mi,Moody's MI,3311,Iron and Steel Mills and Ferroalloy Manufacturing,1,Materials & Processing - Metals,Upstream,2034,Forecast,0.4155561904757487,992.4553797778289,2388.2579601127304,-0.17,-0.030577678462427094
moodys_mi,Moody's MI,3312,Steel Product Manufacturing from Purchased Steel,1,Materials & Processing - Metals,Upstream,2034,Forecast,0.4018232314810702,604.9884262870111,1505.6083842069045,-0.15,-0.02672293914532764
moodys_mi,Moody's MI,3313,Alumina and Aluminum Production and Processing,1,Materials & Processing - Metals,Upstream,2034,Forecast,0.3207778863371143,710.0157398229167,2213.4185991759473,-0.1119999999999999,-0.01960257714482616
moodys_mi,Moody's MI,3314,Nonferrous Metal (except Aluminum) Production and Processing,1,Materials & Processing - Metals,Upstream,2034,Forecast,0.2932456097149427,272.9182279636079,930.6813773918234,-0.1669999999999999,-0.02999456667642164
moodys_mi,Moody's MI,3328,"Coating, Engraving, Heat Treating, and Allied Activities",1,Materials & Processing - Coatings & Surface Treatments,Upstream,2034,Forecast,0.2353528305668375,2501.5542007694526,10628.953111566847,-0.032,-0.0054058673761743226
moodys_mi,Moody's MI,3335,Metalworking Machinery Manufacturing,2,Equipment Manufacturing,Upstream,2034,Forecast,0.0781138186814543,2019.744650771733,25856.432125129973,-0.078,-0.01344382286646073
moodys_mi,Moody's MI,3339,Other General Purpose Machinery Manufacturing,2,Equipment Manufacturing,Upstream,2034,Forecast,0.2191076203234622,4004.4579554622055,18276.214900926498,0.011,0.0018249866044590668
moodys_mi,Moody's MI,3315,Foundries,3,Forging & Foundries,Upstream,2034,Forecast,0.6718042155478705,4071.6007081697526,6060.69538407001,-0.2289999999999999,-0.04241853847592669
moodys_mi,Moody's MI,3321,Forging and Stamping,3,Forging & Foundries,Upstream,2034,Forecast,0.3924501979798644,2553.1713589980354,6505.720654851172,-0.042,-0.007125740823183402
moodys_mi,Moody's MI,3326,Spring and Wire Product Manufacturing,4,Parts & Machining,Upstream,2034,Forecast,0.4020278427245708,1128.5356102552576,2807.1080913378855,-0.013,-0.0021784968818643335
moodys_mi,Moody's MI,3327,"Machine Shops; Turned Product; and Screw, Nut, and Bolt Manufacturing",4,Parts & Machining,Upstream,2034,Forecast,0.3798883431259702,8316.328630148859,21891.507809154282,-0.066,-0.011315301707896852
moodys_mi,Moody's MI,3329,Other Fabricated Metal Product Manufacturing,4,Parts & Machining,Upstream,2034,Forecast,0.1601840236697625,1714.3718224420832,10702.51441539797,-0.009,-0.001505656136097322
moodys_mi,Moody's MI,3344,Semiconductor and Other Electronic Component Manufacturing,4,Parts & Machining,Upstream,2034,Forecast,0.2236609031791956,2589.134401887749,11576.16000420669,-0.03,-0.005063670756198957
moodys_mi,Moody's MI,3336,"Engine, Turbine, and Power Transmission Equipment Manufacturing",5,Component Systems,Upstream,2034,Forecast,0.7169582878623106,3300.0655324951986,4602.869634626449,-0.045,-0.007644619866971847
moodys_mi,Moody's MI,3345,"Navigational, Measuring, Electro medical, and Control Instruments Manufacturing",5,Component Systems,Upstream,2034,Forecast,0.0208760538182582,176.85330627596346,8471.587006605987,-0.027,-0.004551476625899498
moodys_mi,Moody's MI,3359,Other Electrical Equipment and Component Manufacturing,5,Component Systems,Upstream,2034,Forecast,0.503516468921238,2317.533613055684,4602.69674598906,0.021,0.003469762267207077
moodys_mi,Moody's MI,5413,"Architectural, Engineering, and Related Services",6,Engineering & Design,OEM,2034,Forecast,0.007242971108885,639.4561440973089,88286.4413628385,0.027,0.0044501946608039855
moodys_mi,Moody's MI,5414,Industrial design,6,Engineering & Design,OEM,2034,Forecast,0.0336712633047057,340.4746963321114,10111.72919919903,-0.02,-0.003361455501911359
moodys_mi,Moody's MI,5417,Scientific Research and Development,6,Engineering & Design,OEM,2034,Forecast,0.0026962895876024,79.10473717127286,29338.3683766752,0.093,0.014931411025128849
moodys_mi,Moody's MI,3361,Motor Vehicle Manufacturing,7,Core Automotive,OEM,2034,Forecast,1.0,71884.16429296377,71884.16429296377,0.272,0.04091320627391215
moodys_mi,Moody's MI,3362,Motor Vehicle Body and Trailer Manufacturing,7,Core Automotive,OEM,2034,Forecast,1.0,7973.877044304362,7973.877044304362,0.004,0.0006655582639329971
moodys_mi,Moody's MI,3363,Motor Vehicle Parts Manufacturing,7,Core Automotive,OEM,2034,Forecast,1.0,98905.08297046467,98905.08297046467,-0.096,-0.01668030355213168
moodys_mi,Moody's MI,4231,Motor Vehicle and Motor Vehicle Parts and Supplies Merchant Wholesalers,8,"Motor Vehicle Parts, Materials, & Products Sales",Downstream,2034,Forecast,1.0,27599.654137577865,27599.654137577865,0.037,0.0060736920618000845
moodys_mi,Moody's MI,4235,Metal and Mineral (except Petroleum) Merchant Wholesalers,8,"Motor Vehicle Parts, Materials, & Products Sales",Downstream,2034,Forecast,1.0,6274.439632624857,6274.439632624857,-0.008,-0.0013377996300605322
moodys_mi,Moody's MI,4238,"Machinery, Equipment, and Supplies Merchant Wholesalers",8,"Motor Vehicle Parts, Materials, & Products Sales",Downstream,2034,Forecast,1.0,24815.137776171552,24815.137776171552,0.01,0.0016597643621756308
moodys_mi,Moody's MI,4239,Miscellaneous Durable Goods Merchant Wholesalers,8,"Motor Vehicle Parts, Materials, & Products Sales",Downstream,2034,Forecast,1.0,8761.126066801888,8761.126066801888,0.002,0.0003330558945815465
moodys_mi,Moody's MI,4247,Petroleum and Petroleum Products Merchant Wholesalers,8,"Motor Vehicle Parts, Materials, & Products Sales",Downstream,2034,Forecast,1.0,3487.6168544975817,3487.6168544975817,-0.057,-0.00973381612420321
moodys_mi,Moody's MI,4413,"Automotive Parts, Accessories, and Tire Retailers",8,"Motor Vehicle Parts, Materials, & Products Sales",Downstream,2034,Forecast,1.0,18557.293427238754,18557.293427238754,0.012,0.001990072715679858
moodys_mi,Moody's MI,4571,Gasoline Stations,8,"Motor Vehicle Parts, Materials, & Products Sales",Downstream,2034,Forecast,1.0,28571.977143955122,28571.977143955122,0.016,0.0026490607698665958
moodys_mi,Moody's MI,4411,Automobile Dealers,9,"Dealers, Maintenance, & Repair",Downstream,2034,Forecast,1.0,38517.419955709316,38517.419955709316,0.004,0.0006655582639329971
moodys_mi,Moody's MI,8111,Automotive Repair and Maintenance,9,"Dealers, Maintenance, & Repair",Downstream,2034,Forecast,1.0,34642.73226919348,34642.73226919348,0.062,0.010076079044837316
moodys_mi,Moody's MI,4841,General Freight Trucking,10,Logistics,Downstream,2034,Forecast,1.0,29736.719157739666,29736.719157739666,-0.0969999999999999,-0.016861677672584063
moodys_mi,Moody's MI,4842,Specialized Freight Trucking,10,Logistics,Downstream,2034,Forecast,1.0,8878.05551781579,8878.05551781579,-0.15,-0.02672293914532764
moodys_us,Moody's US,3252,"Resin, Synthetic Rubber, and Artificial and Synthetic Fibers and Filaments Manufacturing",1,Materials & Processing - Non-Metals,Upstream,2024,QCEW,0.0885140651080839,488.9516956570555,5524.0,-0.021,-0.003531023962762392
moodys_us,Moody's US,3255,"Paint, Coating, and Adhesive Manufacturing",1,Materials & Processing - Coatings & Surface Treatments,Upstream,2024,QCEW,0.5150096802925763,2238.7470802318294,4347.0,0.03,0.004938622031196882
moodys_us,Moody's US,3261,Plastics Product Manufacturing,1,Materials & Processing - Non-Metals,Upstream,2024,QCEW,0.2346645503033676,8065.655258477048,34371.0,-0.025,-0.0042107445144894395
moodys_us,Moody's US,3262,Rubber Product Manufacturing,1,Materials & Processing - Non-Metals,Upstream,2024,QCEW,0.5480013167432982,2820.562777277756,5147.0,-0.098,-0.017043219251406172
moodys_us,Moody's US,3272,Glass and Glass Product Manufacturing,1,Materials & Processing - Non-Metals,Upstream,2024,QCEW,0.5746759592860471,1610.242037919504,2802.0,-0.076,-0.013087472296661962
moodys_us,Moody's US,3311,Iron and Steel Mills and Ferroalloy Manufacturing,1,Materials & Processing - Metals,Upstream,2024,QCEW,0.4155561904757487,1353.8820685699893,3258.0,-0.138,-0.02444623136520041
moodys_us,Moody's US,3312,Steel Product Manufacturing from Purchased Steel,1,Materials & Processing - Metals,Upstream,2024,QCEW,0.4018232314810702,793.1990589436325,1974.0,-0.11,-0.01923490498096092
moodys_us,Moody's US,3313,Alumina and Aluminum Production and Processing,1,Materials & Processing - Metals,Upstream,2024,QCEW,0.3207778863371143,865.4587373375343,2698.0,-0.071,-0.01219939989726182
moodys_us,Moody's US,3314,Nonferrous Metal (except Aluminum) Production and Processing,1,Materials & Processing - Metals,Upstream,2024,QCEW,0.2932456097149427,370.07595946025765,1262.0,-0.128,-0.022569063203438655
moodys_us,Moody's US,3328,"Coating, Engraving, Heat Treating, and Allied Activities",1,Materials & Processing - Coatings & Surface Treatments,Upstream,2024,QCEW,0.2353528305668375,2640.8941117904837,11221.0,-0.02,-0.003361455501911359
moodys_us,Moody's US,3335,Metalworking Machinery Manufacturing,2,Equipment Manufacturing,Upstream,2024,QCEW,0.0781138186814543,2312.481488245773,29604.0,-0.099,-0.01722492862911773
moodys_us,Moody's US,3339,Other General Purpose Machinery Manufacturing,2,Equipment Manufacturing,Upstream,2024,QCEW,0.2191076203234622,3932.1053543248527,17946.0,0.004,0.0006655582639329971
moodys_us,Moody's US,3315,Foundries,3,Forging & Foundries,Upstream,2024,QCEW,0.6718042155478705,6280.697611157041,9349.0,-0.179,-0.03233761489018061
moodys_us,Moody's US,3321,Forging and Stamping,3,Forging & Foundries,Upstream,2024,QCEW,0.3924501979798644,2742.4419834832925,6988.0,-0.024,-0.00404059682712965
moodys_us,Moody's US,3326,Spring and Wire Product Manufacturing,4,Parts & Machining,Upstream,2024,QCEW,0.4020278427245708,1153.4178807767937,2869.0,0.005,0.0008316025082901746
moodys_us,Moody's US,3327,"Machine Shops; Turned Product; and Screw, Nut, and Bolt Manufacturing",4,Parts & Machining,Upstream,2024,QCEW,0.3798883431259702,9318.66105688005,24530.0,-0.065,-0.01113895554005151
moodys_us,Moody's US,3329,Other Fabricated Metal Product Manufacturing,4,Parts & Machining,Upstream,2024,QCEW,0.1601840236697625,1740.3994171719696,10865.0,-0.003,-0.0005006261482738417
moodys_us,Moody's US,3344,Semiconductor and Other Electronic Component Manufacturing,4,Parts & Machining,Upstream,2024,QCEW,0.2236609031791956,2723.966139819423,12179.0,-0.038,-0.006436004347869617
moodys_us,Moody's US,3336,"Engine, Turbine, and Power Transmission Equipment Manufacturing",5,Component Systems,Upstream,2024,QCEW,0.7169582878623106,3563.282690675684,4970.0,-0.031,-0.005234695494487962
moodys_us,Moody's US,3345,"Navigational, Measuring, Electro medical, and Control Instruments Manufacturing",5,Component Systems,Upstream,2024,QCEW,0.0208760538182582,185.10796920649545,8867.0,-0.004,-0.0006677805015462557
moodys_us,Moody's US,3359,Other Electrical Equipment and Component Manufacturing,5,Component Systems,Upstream,2024,QCEW,0.503516468921238,2238.6342208238243,4446.0,-0.027,-0.004551476625899498
moodys_us,Moody's US,5413,"Architectural, Engineering, and Related Services",6,Engineering & Design,OEM,2024,QCEW,0.007242971108885,611.683396087556,84452.0,0.078,0.012596589090453358
moodys_us,Moody's US,5414,Industrial design,6,Engineering & Design,OEM,2024,QCEW,0.0336712633047057,352.1340716406122,10458.0,-0.002,-0.0003336114510990029
moodys_us,Moody's US,5417,Scientific Research and Development,6,Engineering & Design,OEM,2024,QCEW,0.0026962895876024,68.20803769757791,25297.0,0.1169999999999999,0.018612173578112623
moodys_us,Moody's US,3361,Motor Vehicle Manufacturing,7,Core Automotive,OEM,2024,QCEW,1.0,48138.0,48138.0,0.316,0.046829569527267134
moodys_us,Moody's US,3362,Motor Vehicle Body and Trailer Manufacturing,7,Core Automotive,OEM,2024,QCEW,1.0,7921.0,7921.0,0.043,0.007041538532584823
moodys_us,Moody's US,3363,Motor Vehicle Parts Manufacturing,7,Core Automotive,OEM,2024,QCEW,1.0,117023.0,117023.0,-0.053,-0.009034968120084308
moodys_us,Moody's US,4231,Motor Vehicle and Motor Vehicle Parts and Supplies Merchant Wholesalers,8,"Motor Vehicle Parts, Materials, & Products Sales",Downstream,2024,QCEW,1.0,25978.0,25978.0,0.054,0.008803937035929632
moodys_us,Moody's US,4235,Metal and Mineral (except Petroleum) Merchant Wholesalers,8,"Motor Vehicle Parts, Materials, & Products Sales",Downstream,2024,QCEW,1.0,6359.0,6359.0,0.063,0.010234534790627858
moodys_us,Moody's US,4238,"Machinery, Equipment, and Supplies Merchant Wholesalers",8,"Motor Vehicle Parts, Materials, & Products Sales",Downstream,2024,QCEW,1.0,24407.0,24407.0,0.026,0.004287121315258657
moodys_us,Moody's US,4239,Miscellaneous Durable Goods Merchant Wholesalers,8,"Motor Vehicle Parts, Materials, & Products Sales",Downstream,2024,QCEW,1.0,8732.0,8732.0,0.046,0.007523722976808145
moodys_us,Moody's US,4247,Petroleum and Petroleum Products Merchant Wholesalers,8,"Motor Vehicle Parts, Materials, & Products Sales",Downstream,2024,QCEW,1.0,3846.0,3846.0,-0.05,-0.008512444610847103
moodys_us,Moody's US,4413,"Automotive Parts, Accessories, and Tire Retailers",8,"Motor Vehicle Parts, Materials, & Products Sales",Downstream,2024,QCEW,1.0,18192.0,18192.0,0.045,0.007363123025003082
moodys_us,Moody's US,4571,Gasoline Stations,8,"Motor Vehicle Parts, Materials, & Products Sales",Downstream,2024,QCEW,1.0,27826.0,27826.0,0.038,0.006235323320181063
moodys_us,Moody's US,4411,Automobile Dealers,9,"Dealers, Maintenance, & Repair",Downstream,2024,QCEW,1.0,38262.0,38262.0,0.034,0.005588017731095185
moodys_us,Moody's US,8111,Automotive Repair and Maintenance,9,"Dealers, Maintenance, & Repair",Downstream,2024,QCEW,1.0,31338.0,31338.0,0.052,0.008484644669468189
moodys_us,Moody's US,4841,General Freight Trucking,10,Logistics,Downstream,2024,QCEW,1.0,35249.0,35249.0,-0.124,-0.021823216125122613
moodys_us,Moody's US,4842,Specialized Freight Trucking,10,Logistics,Downstream,2024,QCEW,1.0,11640.0,11640.0,-0.115,-0.02015538139193318
moodys_us,Moody's US,3252,"Resin, Synthetic Rubber, and Artificial and Synthetic Fibers and Filaments Manufacturing",1,Materials & Processing - Non-Metals,Upstream,2025,Forecast,0.0885140651080839,487.22519550305714,5504.494623629701,-0.021,-0.003531023962762392
moodys_us,Moody's US,3255,"Paint, Coating, and Adhesive Manufacturing",1,Materials & Processing - Coatings & Surface Treatments,Upstream,2025,Forecast,0.5150096802925763,2249.80340588454,4368.4681899696125,0.03,0.004938622031196882
moodys_us,Moody's US,3261,Plastics Product Manufacturing,1,Materials & Processing - Non-Metals,Upstream,2025,Forecast,0.2346645503033676,8031.692844841653,34226.272500292485,-0.025,-0.0042107445144894395
moodys_us,Moody's US,3262,Rubber Product Manufacturing,1,Materials & Processing - Non-Metals,Upstream,2025,Forecast,0.5480013167432982,2772.491307452256,5059.278550513012,-0.098,-0.017043219251406172
moodys_us,Moody's US,3272,Glass and Glass Product Manufacturing,1,Materials & Processing - Non-Metals,Upstream,2025,Forecast,0.5746759592860471,1589.168039857312,2765.328902624753,-0.076,-0.013087472296661962
moodys_us,Moody's US,3311,Iron and Steel Mills and Ferroalloy Manufacturing,1,Materials & Processing - Metals,Upstream,2025,Forecast,0.4155561904757487,1320.7847542805312,3178.354178212177,-0.138,-0.02444623136520041
moodys_us,Moody's US,3312,Steel Product Manufacturing from Purchased Steel,1,Materials & Processing - Metals,Upstream,2025,Forecast,0.4018232314810702,777.9419504138641,1936.0302975675831,-0.11,-0.01923490498096092
moodys_us,Moody's US,3313,Alumina and Aluminum Production and Processing,1,Materials & Processing - Metals,Upstream,2025,Forecast,0.3207778863371143,854.9006601061744,2665.0860190771878,-0.071,-0.01219939989726182
moodys_us,Moody's US,3314,Nonferrous Metal (except Aluminum) Production and Processing,1,Materials & Processing - Metals,Upstream,2025,Forecast,0.2932456097149427,361.7236917411259,1233.5178422372603,-0.128,-0.022569063203438655
moodys_us,Moody's US,3328,"Coating, Engraving, Heat Treating, and Allied Activities",1,Materials & Processing - Coatings & Surface Treatments,Upstream,2025,Forecast,0.2353528305668375,2632.0168637484403,11183.281107813053,-0.02,-0.003361455501911359
moodys_us,Moody's US,3335,Metalworking Machinery Manufacturing,2,Equipment Manufacturing,Upstream,2025,Forecast,0.0781138186814543,2272.649159654584,29094.073212863597,-0.099,-0.01722492862911773
moodys_us,Moody's US,3339,Other General Purpose Machinery Manufacturing,2,Equipment Manufacturing,Upstream,2025,Forecast,0.2191076203234622,3934.7223995380787,17957.94410860454,0.004,0.0006655582639329971
moodys_us,Moody's US,3315,Foundries,3,Forging & Foundries,Upstream,2025,Forecast,0.6718042155478705,6077.594830565768,9046.675638391702,-0.179,-0.03233761489018061
moodys_us,Moody's US,3321,Forging and Stamping,3,Forging & Foundries,Upstream,2025,Forecast,0.3924501979798644,2731.3608811062427,6959.764309372018,-0.024,-0.00404059682712965
moodys_us,Moody's US,3326,Spring and Wire Product Manufacturing,4,Parts & Machining,Upstream,2025,Forecast,0.4020278427245708,1154.3770659795543,2871.3858675962847,0.005,0.0008316025082901746
moodys_us,Moody's US,3327,"Machine Shops; Turned Product; and Screw, Nut, and Bolt Manufacturing",4,Parts & Machining,Upstream,2025,Forecast,0.3798883431259702,9214.860905674654,24256.761420602536,-0.065,-0.01113895554005151
moodys_us,Moody's US,3329,Other Fabricated Metal Product Manufacturing,4,Parts & Machining,Upstream,2025,Forecast,0.1601840236697625,1739.5281277152928,10859.560696899005,-0.003,-0.0005006261482738417
moodys_us,Moody's US,3344,Semiconductor and Other Electronic Component Manufacturing,4,Parts & Machining,Upstream,2025,Forecast,0.2236609031791956,2706.4346819000957,12100.615903047295,-0.038,-0.006436004347869617
moodys_us,Moody's US,3336,"Engine, Turbine, and Power Transmission Equipment Manufacturing",5,Component Systems,Upstream,2025,Forecast,0.7169582878623106,3544.629990829217,4943.983563392395,-0.031,-0.005234695494487962
moodys_us,Moody's US,3345,"Navigational, Measuring, Electro medical, and Control Instruments Manufacturing",5,Component Systems,Upstream,2025,Forecast,0.0208760538182582,184.98435771397854,8861.07879029279,-0.004,-0.0006677805015462557
moodys_us,Moody's US,3359,Other Electrical Equipment and Component Manufacturing,5,Component Systems,Upstream,2025,Forecast,0.503516468921238,2228.445129493806,4425.764134921251,-0.027,-0.004551476625899498
moodys_us,Moody's US,5413,"Architectural, Engineering, and Related Services",6,Engineering & Design,OEM,2025,Forecast,0.007242971108885,619.388520481524,85515.80714186697,0.078,0.012596589090453358
moodys_us,Moody's US,5414,Industrial design,6,Engineering & Design,OEM,2025,Forecast,0.0336712633047057,352.0165956819908,10454.511091444407,-0.002,-0.0003336114510990029
moodys_us,Moody's US,5417,Scientific Research and Development,6,Engineering & Design,OEM,2025,Forecast,0.0026962895876024,69.47753753462767,25767.832155005515,0.1169999999999999,0.018612173578112623
moodys_us,Moody's US,3361,Motor Vehicle Manufacturing,7,Core Automotive,OEM,2025,Forecast,1.0,50392.28181790358,50392.28181790358,0.316,0.046829569527267134
moodys_us,Moody's US,3362,Motor Vehicle Body and Trailer Manufacturing,7,Core Automotive,OEM,2025,Forecast,1.0,7976.776026716604,7976.776026716604,0.043,0.007041538532584823
moodys_us,Moody's US,3363,Motor Vehicle Parts Manufacturing,7,Core Automotive,OEM,2025,Forecast,1.0,115965.70092568337,115965.70092568337,-0.053,-0.009034968120084308
moodys_us,Moody's US,4231,Motor Vehicle and Motor Vehicle Parts and Supplies Merchant Wholesalers,8,"Motor Vehicle Parts, Materials, & Products Sales",Downstream,2025,Forecast,1.0,26206.70867631938,26206.70867631938,0.054,0.008803937035929632
moodys_us,Moody's US,4235,Metal and Mineral (except Petroleum) Merchant Wholesalers,8,"Motor Vehicle Parts, Materials, & Products Sales",Downstream,2025,Forecast,1.0,6424.081406733602,6424.081406733602,0.063,0.010234534790627858
moodys_us,Moody's US,4238,"Machinery, Equipment, and Supplies Merchant Wholesalers",8,"Motor Vehicle Parts, Materials, & Products Sales",Downstream,2025,Forecast,1.0,24511.635769941517,24511.635769941517,0.026,0.004287121315258657
moodys_us,Moody's US,4239,Miscellaneous Durable Goods Merchant Wholesalers,8,"Motor Vehicle Parts, Materials, & Products Sales",Downstream,2025,Forecast,1.0,8797.697149033489,8797.697149033489,0.046,0.007523722976808145
moodys_us,Moody's US,4247,Petroleum and Petroleum Products Merchant Wholesalers,8,"Motor Vehicle Parts, Materials, & Products Sales",Downstream,2025,Forecast,1.0,3813.261138026682,3813.261138026682,-0.05,-0.008512444610847103
moodys_us,Moody's US,4413,"Automotive Parts, Accessories, and Tire Retailers",8,"Motor Vehicle Parts, Materials, & Products Sales",Downstream,2025,Forecast,1.0,18325.949934070857,18325.949934070857,0.045,0.007363123025003082
moodys_us,Moody's US,4571,Gasoline Stations,8,"Motor Vehicle Parts, Materials, & Products Sales",Downstream,2025,Forecast,1.0,27999.504106707358,27999.504106707358,0.038,0.006235323320181063
moodys_us,Moody's US,4411,Automobile Dealers,9,"Dealers, Maintenance, & Repair",Downstream,2025,Forecast,1.0,38475.80873442716,38475.80873442716,0.034,0.005588017731095185
moodys_us,Moody's US,8111,Automotive Repair and Maintenance,9,"Dealers, Maintenance, & Repair",Downstream,2025,Forecast,1.0,31603.891794651794,31603.891794651794,0.052,0.008484644669468189
moodys_us,Moody's US,4841,General Freight Trucking,10,Logistics,Downstream,2025,Forecast,1.0,34479.753454805556,34479.753454805556,-0.124,-0.021823216125122613
moodys_us,Moody's US,4842,Specialized Freight Trucking,10,Logistics,Downstream,2025,Forecast,1.0,11405.391360597898,11405.391360597898,-0.115,-0.02015538139193318
moodys_us,Moody's US,3252,"Resin, Synthetic Rubber, and Artificial and Synthetic Fibers and Filaments Manufacturing",1,Materials & Processing - Non-Metals,Upstream,2026,Forecast,0.0885140651080839,485.50479166247425,5485.058121210767,-0.021,-0.003531023962762392
moodys_us,Moody's US,3255,"Paint, Coating, and Adhesive Manufacturing",1,Materials & Processing - Coatings & Surface Treatments,Upstream,2026,Forecast,0.5150096802925763,2260.9143345507027,4390.04240321518,0.03,0.004938622031196882
moodys_us,Moody's US,3261,Plastics Product Manufacturing,1,Materials & Processing - Non-Metals,Upstream,2026,Forecast,0.2346645503033676,7997.873438253171,34082.15441111045,-0.025,-0.0042107445144894395
moodys_us,Moody's US,3262,Rubber Product Manufacturing,1,Materials & Processing - Non-Metals,Upstream,2026,Forecast,0.5480013167432982,2725.2391302267297,4973.052156922683,-0.098,-0.017043219251406172
moodys_us,Moody's US,3272,Glass and Glass Product Manufacturing,1,Materials & Processing - Non-Metals,Upstream,2026,Forecast,0.5746759592860471,1568.369847160939,2729.1377372204934,-0.076,-0.013087472296661962
moodys_us,Moody's US,3311,Iron and Steel Mills and Ferroalloy Manufacturing,1,Materials & Processing - Metals,Upstream,2026,Forecast,0.4155561904757487,1288.49654459376,3100.655396611051,-0.138,-0.02444623136520041
moodys_us,Moody's US,3312,Steel Product Manufacturing from Purchased Steel,1,Materials & Processing - Metals,Upstream,2026,Forecast,0.4018232314810702,762.97831091695,1898.7909387536092,-0.11,-0.01923490498096092
moodys_us,Moody's US,3313,Alumina and Aluminum Production and Processing,1,Materials & Processing - Metals,Upstream,2026,Forecast,0.3207778863371143,844.4713850811062,2632.5735689698636,-0.071,-0.01219939989726182
moodys_us,Moody's US,3314,Nonferrous Metal (except Aluminum) Production and Processing,1,Materials & Processing - Metals,Upstream,2026,Forecast,0.2932456097149427,353.55992688003926,1205.6785000932384,-0.128,-0.022569063203438655
moodys_us,Moody's US,3328,"Coating, Engraving, Heat Treating, and Allied Activities",1,Materials & Processing - Coatings & Surface Treatments,Upstream,2026,Forecast,0.2353528305668375,2623.1694561806694,11145.689006003773,-0.02,-0.003361455501911359
moodys_us,Moody's US,3335,Metalworking Machinery Manufacturing,2,Equipment Manufacturing,Upstream,2026,Forecast,0.0781138186814543,2233.5029400805092,28592.929878241695,-0.099,-0.01722492862911773
moodys_us,Moody's US,3339,Other General Purpose Machinery Manufacturing,2,Equipment Manufacturing,Upstream,2026,Forecast,0.2191076203234622,3937.3411865473736,17969.89616670927,0.004,0.0006655582639329971
moodys_us,Moody's US,3315,Foundries,3,Forging & Foundries,Upstream,2026,Forecast,0.6718042155478705,5881.059909476379,8754.127725561011,-0.179,-0.03233761489018061
moodys_us,Moody's US,3321,Forging and Stamping,3,Forging & Foundries,Upstream,2026,Forecast,0.3924501979798644,2720.3245529962987,6931.642707785999,-0.024,-0.00404059682712965
moodys_us,Moody's US,3326,Spring and Wire Product Manufacturing,4,Parts & Machining,Upstream,2026,Forecast,0.4020278427245708,1155.3370488431356,2873.7737192860463,0.005,0.0008316025082901746
moodys_us,Moody's US,3327,"Machine Shops; Turned Product; and Screw, Nut, and Bolt Manufacturing",4,Parts & Machining,Upstream,2026,Forecast,0.3798883431259702,9112.216979738585,23986.56643359281,-0.065,-0.01113895554005151
moodys_us,Moody's US,3329,Other Fabricated Metal Product Manufacturing,4,Parts & Machining,Upstream,2026,Forecast,0.1601840236697625,1738.6572744489006,10854.12411685537,-0.003,-0.0005006261482738417
moodys_us,Moody's US,3344,Semiconductor and Other Electronic Component Manufacturing,4,Parts & Machining,Upstream,2026,Forecast,0.2236609031791956,2689.0160565201613,12022.736286483383,-0.038,-0.006436004347869617
moodys_us,Moody's US,3336,"Engine, Turbine, and Power Transmission Equipment Manufacturing",5,Component Systems,Upstream,2026,Forecast,0.7169582878623106,3526.0749321865965,4918.103314908282,-0.031,-0.005234695494487962
moodys_us,Moody's US,3345,"Navigational, Measuring, Electro medical, and Control Instruments Manufacturing",5,Component Systems,Upstream,2026,Forecast,0.0208760538182582,184.8608287668061,8855.161534653967,-0.004,-0.0006677805015462557
moodys_us,Moody's US,3359,Other Electrical Equipment and Component Manufacturing,5,Component Systems,Upstream,2026,Forecast,0.503516468921238,2218.302413574815,4405.620372909412,-0.027,-0.004551476625899498
moodys_us,Moody's US,5413,"Architectural, Engineering, and Related Services",6,Engineering & Design,OEM,2026,Forecast,0.007242971108885,627.1907031613736,86593.01462517152,0.078,0.012596589090453358
moodys_us,Moody's US,5414,Industrial design,6,Engineering & Design,OEM,2026,Forecast,0.0336712633047057,351.8991589146944,10451.023346828659,-0.002,-0.0003336114510990029
moodys_us,Moody's US,5417,Scientific Research and Development,6,Engineering & Design,OEM,2026,Forecast,0.0026962895876024,70.770665523002,26247.427519806148,0.1169999999999999,0.018612173578112623
moodys_us,Moody's US,3361,Motor Vehicle Manufacturing,7,Core Automotive,OEM,2026,Forecast,1.0,52752.13068293274,52752.13068293274,0.316,0.046829569527267134
moodys_us,Moody's US,3362,Motor Vehicle Body and Trailer Manufacturing,7,Core Automotive,OEM,2026,Forecast,1.0,8032.944802474528,8032.944802474528,0.043,0.007041538532584823
moodys_us,Moody's US,3363,Motor Vehicle Parts Manufacturing,7,Core Automotive,OEM,2026,Forecast,1.0,114917.9545147966,114917.9545147966,-0.053,-0.009034968120084308
moodys_us,Moody's US,4231,Motor Vehicle and Motor Vehicle Parts and Supplies Merchant Wholesalers,8,"Motor Vehicle Parts, Materials, & Products Sales",Downstream,2026,Forecast,1.0,26437.430889424646,26437.430889424646,0.054,0.008803937035929632
moodys_us,Moody's US,4235,Metal and Mineral (except Petroleum) Merchant Wholesalers,8,"Motor Vehicle Parts, Materials, & Products Sales",Downstream,2026,Forecast,1.0,6489.828891388644,6489.828891388644,0.063,0.010234534790627858
moodys_us,Moody's US,4238,"Machinery, Equipment, and Supplies Merchant Wholesalers",8,"Motor Vehicle Parts, Materials, & Products Sales",Downstream,2026,Forecast,1.0,24616.72012612269,24616.72012612269,0.026,0.004287121315258657
moodys_us,Moody's US,4239,Miscellaneous Durable Goods Merchant Wholesalers,8,"Motor Vehicle Parts, Materials, & Products Sales",Downstream,2026,Forecast,1.0,8863.888585216671,8863.888585216671,0.046,0.007523722976808145
moodys_us,Moody's US,4247,Petroleum and Petroleum Products Merchant Wholesalers,8,"Motor Vehicle Parts, Materials, & Products Sales",Downstream,2026,Forecast,1.0,3780.800963802534,3780.800963802534,-0.05,-0.008512444610847103
moodys_us,Moody's US,4413,"Automotive Parts, Accessories, and Tire Retailers",8,"Motor Vehicle Parts, Materials, & Products Sales",Downstream,2026,Forecast,1.0,18460.886157985467,18460.886157985467,0.045,0.007363123025003082
moodys_us,Moody's US,4571,Gasoline Stations,8,"Motor Vehicle Parts, Materials, & Products Sales",Downstream,2026,Forecast,1.0,28174.090067617417,28174.090067617417,0.038,0.006235323320181063
moodys_us,Moody's US,4411,Automobile Dealers,9,"Dealers, Maintenance, & Repair",Downstream,2026,Forecast,1.0,38690.81223585337,38690.81223585337,0.034,0.005588017731095185
moodys_us,Moody's US,8111,Automotive Repair and Maintenance,9,"Dealers, Maintenance, & Repair",Downstream,2026,Forecast,1.0,31872.039586701732,31872.039586701732,0.052,0.008484644669468189
moodys_us,Moody's US,4841,General Freight Trucking,10,Logistics,Downstream,2026,Forecast,1.0,33727.29434322039,33727.29434322039,-0.124,-0.021823216125122613
moodys_us,Moody's US,4842,Specialized Freight Trucking,10,Logistics,Downstream,2026,Forecast,1.0,11175.511347800788,11175.511347800788,-0.115,-0.02015538139193318
moodys_us,Moody's US,3252,"Resin, Synthetic Rubber, and Artificial and Synthetic Fibers and Filaments Manufacturing",1,Materials & Processing - Non-Metals,Upstream,2027,Forecast,0.0885140651080839,483.7904626090781,5465.690249547628,-0.021,-0.003531023962762392
moodys_us,Moody's US,3255,"Paint, Coating, and Adhesive Manufacturing",1,Materials & Processing - Coatings & Surface Treatments,Upstream,2027,Forecast,0.5150096802925763,2272.0801358939643,4411.723163345587,0.03,0.004938622031196882
moodys_us,Moody's US,3261,Plastics Product Manufacturing,1,Materials & Processing - Non-Metals,Upstream,2027,Forecast,0.2346645503033676,7964.196436545466,33938.64316638189,-0.025,-0.0042107445144894395
moodys_us,Moody's US,3262,Rubber Product Manufacturing,1,Materials & Processing - Non-Metals,Upstream,2027,Forecast,0.5480013167432982,2678.792282217764,4888.295338663571,-0.098,-0.017043219251406172
moodys_us,Moody's US,3272,Glass and Glass Product Manufacturing,1,Materials & Processing - Non-Metals,Upstream,2027,Forecast,0.5746759592860471,1547.8438502353001,2693.420222690845,-0.076,-0.013087472296661962
moodys_us,Moody's US,3311,Iron and Steel Mills and Ferroalloy Manufacturing,1,Materials & Processing - Metals,Upstream,2027,Forecast,0.4155561904757487,1256.9976599513595,3024.8560574017397,-0.138,-0.02444623136520041
moodys_us,Moody's US,3312,Steel Product Manufacturing from Purchased Steel,1,Materials & Processing - Metals,Upstream,2027,Forecast,0.4018232314810702,748.3024956039285,1862.267875467974,-0.11,-0.01923490498096092
moodys_us,Moody's US,3313,Alumina and Aluminum Production and Processing,1,Materials & Processing - Metals,Upstream,2027,Forecast,0.3207778863371143,834.1693409527072,2600.4577512430383,-0.071,-0.01219939989726182
moodys_us,Moody's US,3314,Nonferrous Metal (except Aluminum) Production and Processing,1,Materials & Processing - Metals,Upstream,2027,Forecast,0.2932456097149427,345.5804105440805,1178.467465821607,-0.128,-0.022569063203438655
moodys_us,Moody's US,3328,"Coating, Engraving, Heat Treating, and Allied Activities",1,Materials & Processing - Coatings & Surface Treatments,Upstream,2027,Forecast,0.2353528305668375,2614.351788779745,11108.223268371949,-0.02,-0.003361455501911359
moodys_us,Moody's US,3335,Metalworking Machinery Manufacturing,2,Equipment Manufacturing,Upstream,2027,Forecast,0.0781138186814543,2195.0310113446976,28100.418701791616,-0.099,-0.01722492862911773
moodys_us,Moody's US,3339,Other General Purpose Machinery Manufacturing,2,Equipment Manufacturing,Upstream,2027,Forecast,0.2191076203234622,3939.9617165120044,17981.85617960504,0.004,0.0006655582639329971
moodys_us,Moody's US,3315,Foundries,3,Forging & Foundries,Upstream,2027,Forecast,0.6718042155478705,5690.880458977652,8471.040114472367,-0.179,-0.03233761489018061
moodys_us,Moody's US,3321,Forging and Stamping,3,Forging & Foundries,Upstream,2027,Forecast,0.3924501979798644,2709.332818238699,6903.634734254123,-0.024,-0.00404059682712965
moodys_us,Moody's US,3326,Spring and Wire Product Manufacturing,4,Parts & Machining,Upstream,2027,Forecast,0.4020278427245708,1156.2978300308744,2876.1635567192634,0.005,0.0008316025082901746
moodys_us,Moody's US,3327,"Machine Shops; Turned Product; and Screw, Nut, and Bolt Manufacturing",4,Parts & Machining,Upstream,2027,Forecast,0.3798883431259702,9010.716399929974,23719.381136530526,-0.065,-0.01113895554005151
moodys_us,Moody's US,3329,Other Fabricated Metal Product Manufacturing,4,Parts & Machining,Upstream,2027,Forecast,0.1601840236697625,1737.786857154425,10848.690258505863,-0.003,-0.0005006261482738417
moodys_us,Moody's US,3344,Semiconductor and Other Electronic Component Manufacturing,4,Parts & Machining,Upstream,2027,Forecast,0.2236609031791956,2671.7095374889063,11945.357903470287,-0.038,-0.006436004347869617
moodys_us,Moody's US,3336,"Engine, Turbine, and Power Transmission Equipment Manufacturing",5,Component Systems,Upstream,2027,Forecast,0.7169582878623106,3507.6170036258527,4892.358541644306,-0.031,-0.005234695494487962
moodys_us,Moody's US,3345,"Navigational, Measuring, Electro medical, and Control Instruments Manufacturing",5,Component Systems,Upstream,2027,Forecast,0.0208760538182582,184.73738230985592,8849.248230443083,-0.004,-0.0006677805015462557
moodys_us,Moody's US,3359,Other Electrical Equipment and Component Manufacturing,5,Component Systems,Upstream,2027,Forecast,0.503516468921238,2208.2058619902527,4385.568294759529,-0.027,-0.004551476625899498
moodys_us,Moody's US,5413,"Architectural, Engineering, and Related Services",6,Engineering & Design,OEM,2027,Forecast,0.007242971108885,635.09116673045,87683.79124850842,0.078,0.012596589090453358
moodys_us,Moody's US,5414,Industrial design,6,Engineering & Design,OEM,2027,Forecast,0.0336712633047057,351.78176132564835,10447.536765764455,-0.002,-0.0003336114510990029
moodys_us,Moody's US,5417,Scientific Research and Development,6,Engineering & Design,OEM,2027,Forecast,0.0026962895876024,72.08786143395467,26735.949196783713,0.1169999999999999,0.018612173578112623
moodys_us,Moody's US,3361,Motor Vehicle Manufacturing,7,Core Automotive,OEM,2027,Forecast,1.0,55222.490254460616,55222.490254460616,0.316,0.046829569527267134
moodys_us,Moody's US,3362,Motor Vehicle Body and Trailer Manufacturing,7,Core Automotive,OEM,2027,Forecast,1.0,8089.509092831279,8089.509092831279,0.043,0.007041538532584823
moodys_us,Moody's US,3363,Motor Vehicle Parts Manufacturing,7,Core Automotive,OEM,2027,Forecast,1.0,113879.6744593301,113879.6744593301,-0.053,-0.009034968120084308
moodys_us,Moody's US,4231,Motor Vehicle and Motor Vehicle Parts and Supplies Merchant Wholesalers,8,"Motor Vehicle Parts, Materials, & Products Sales",Downstream,2027,Forecast,1.0,26670.18436636688,26670.18436636688,0.054,0.008803937035929632
moodys_us,Moody's US,4235,Metal and Mineral (except Petroleum) Merchant Wholesalers,8,"Motor Vehicle Parts, Materials, & Products Sales",Downstream,2027,Forecast,1.0,6556.249270962782,6556.249270962782,0.063,0.010234534790627858
moodys_us,Moody's US,4238,"Machinery, Equipment, and Supplies Merchant Wholesalers",8,"Motor Vehicle Parts, Materials, & Products Sales",Downstream,2027,Forecast,1.0,24722.25499168715,24722.25499168715,0.026,0.004287121315258657
moodys_us,Moody's US,4239,Miscellaneous Durable Goods Merchant Wholesalers,8,"Motor Vehicle Parts, Materials, & Products Sales",Downstream,2027,Forecast,1.0,8930.578027429134,8930.578027429134,0.046,0.007523722976808145
moodys_us,Moody's US,4247,Petroleum and Petroleum Products Merchant Wholesalers,8,"Motor Vehicle Parts, Materials, & Products Sales",Downstream,2027,Forecast,1.0,3748.6171050135276,3748.6171050135276,-0.05,-0.008512444610847103
moodys_us,Moody's US,4413,"Automotive Parts, Accessories, and Tire Retailers",8,"Motor Vehicle Parts, Materials, & Products Sales",Downstream,2027,Forecast,1.0,18596.81593391729,18596.81593391729,0.045,0.007363123025003082
moodys_us,Moody's US,4571,Gasoline Stations,8,"Motor Vehicle Parts, Materials, & Products Sales",Downstream,2027,Forecast,1.0,28349.76462844091,28349.76462844091,0.038,0.006235323320181063
moodys_us,Moody's US,4411,Automobile Dealers,9,"Dealers, Maintenance, & Repair",Downstream,2027,Forecast,1.0,38907.01718065779,38907.01718065779,0.034,0.005588017731095185
moodys_us,Moody's US,8111,Automotive Repair and Maintenance,9,"Dealers, Maintenance, & Repair",Downstream,2027,Forecast,1.0,32142.46251748612,32142.46251748612,0.052,0.008484644669468189
moodys_us,Moody's US,4841,General Freight Trucking,10,Logistics,Downstream,2027,Forecast,1.0,32991.25630945266,32991.25630945266,-0.124,-0.021823216125122613
moodys_us,Moody's US,4842,Specialized Freight Trucking,10,Logistics,Downstream,2027,Forecast,1.0,10950.264654335984,10950.264654335984,-0.115,-0.02015538139193318
moodys_us,Moody's US,3252,"Resin, Synthetic Rubber, and Artificial and Synthetic Fibers and Filaments Manufacturing",1,Materials & Processing - Non-Metals,Upstream,2028,Forecast,0.0885140651080839,482.08218689264953,5446.390766303438,-0.021,-0.003531023962762392
moodys_us,Moody's US,3255,"Paint, Coating, and Adhesive Manufacturing",1,Materials & Processing - Coatings & Surface Treatments,Upstream,2028,Forecast,0.5150096802925763,2283.301080909735,4433.510996555627,0.03,0.004938622031196882
moodys_us,Moody's US,3261,Plastics Product Manufacturing,1,Materials & Processing - Non-Metals,Upstream,2028,Forecast,0.2346645503033676,7930.661240087967,33795.73621083984,-0.025,-0.0042107445144894395
moodys_us,Moody's US,3262,Rubber Product Manufacturing,1,Materials & Processing - Non-Metals,Upstream,2028,Forecast,0.5480013167432982,2633.137038022952,4804.983049441101,-0.098,-0.017043219251406172
moodys_us,Moody's US,3272,Glass and Glass Product Manufacturing,1,Materials & Processing - Non-Metals,Upstream,2028,Forecast,0.5746759592860471,1527.586486725787,2658.1701601431096,-0.076,-0.013087472296661962
moodys_us,Moody's US,3311,Iron and Steel Mills and Ferroalloy Manufacturing,1,Materials & Processing - Metals,Upstream,2028,Forecast,0.4155561904757487,1226.2688043306732,2950.9097263760686,-0.138,-0.02444623136520041
moodys_us,Moody's US,3312,Steel Product Manufacturing from Purchased Steel,1,Materials & Processing - Metals,Upstream,2028,Forecast,0.4018232314810702,733.908968203971,1826.4473298342516,-0.11,-0.01923490498096092
moodys_us,Moody's US,3313,Alumina and Aluminum Production and Processing,1,Materials & Processing - Metals,Upstream,2028,Forecast,0.3207778863371143,823.9929755803897,2568.7337272196905,-0.071,-0.01219939989726182
moodys_us,Moody's US,3314,Nonferrous Metal (except Aluminum) Production and Processing,1,Materials & Processing - Metals,Upstream,2028,Forecast,0.2932456097149427,337.7809844166409,1151.8705591022829,-0.128,-0.022569063203438655
moodys_us,Moody's US,3328,"Coating, Engraving, Heat Treating, and Allied Activities",1,Materials & Processing - Coatings & Surface Treatments,Upstream,2028,Forecast,0.2353528305668375,2605.56376157542,11070.88347015002,-0.02,-0.003361455501911359
moodys_us,Moody's US,3335,Metalworking Machinery Manufacturing,2,Equipment Manufacturing,Upstream,2028,Forecast,0.0781138186814543,2157.221758835585,27616.39099520493,-0.099,-0.01722492862911773
moodys_us,Moody's US,3339,Other General Purpose Machinery Manufacturing,2,Equipment Manufacturing,Upstream,2028,Forecast,0.2191076203234622,3942.583990592008,17993.824152586232,0.004,0.0006655582639329971
moodys_us,Moody's US,3315,Foundries,3,Forging & Foundries,Upstream,2028,Forecast,0.6718042155478705,5506.850958309178,8197.106881531288,-0.179,-0.03233761489018061
moodys_us,Moody's US,3321,Forging and Stamping,3,Forging & Foundries,Upstream,2028,Forecast,0.3924501979798644,2698.3854966496856,6875.739929651234,-0.024,-0.00404059682712965
moodys_us,Moody's US,3326,Spring and Wire Product Manufacturing,4,Parts & Machining,Upstream,2028,Forecast,0.4020278427245708,1157.2594102066582,2878.5553815472836,0.005,0.0008316025082901746
moodys_us,Moody's US,3327,"Machine Shops; Turned Product; and Screw, Nut, and Bolt Manufacturing",4,Parts & Machining,Upstream,2028,Forecast,0.3798883431259702,8910.34643056714,23455.172004613174,-0.065,-0.01113895554005151
moodys_us,Moody's US,3329,Other Fabricated Metal Product Manufacturing,4,Parts & Machining,Upstream,2028,Forecast,0.1601840236697625,1736.9168756136069,10843.25912048793,-0.003,-0.0005006261482738417
moodys_us,Moody's US,3344,Semiconductor and Other Electronic Component Manufacturing,4,Parts & Machining,Upstream,2028,Forecast,0.2236609031791956,2654.514403289383,11868.477528066693,-0.038,-0.006436004347869617
moodys_us,Moody's US,3336,"Engine, Turbine, and Power Transmission Equipment Manufacturing",5,Component Systems,Upstream,2028,Forecast,0.7169582878623106,3489.255696700583,4866.748534428941,-0.031,-0.005234695494487962
moodys_us,Moody's US,3345,"Navigational, Measuring, Electro medical, and Control Instruments Manufacturing",5,Component Systems,Upstream,2028,Forecast,0.0208760538182582,184.6140182880427,8843.338875021449,-0.004,-0.0006677805015462557
moodys_us,Moody's US,3359,Other Electrical Equipment and Component Manufacturing,5,Component Systems,Upstream,2028,Forecast,0.503516468921238,2198.1552646242303,4365.607483174645,-0.027,-0.004551476625899498
moodys_us,Moody's US,5413,"Architectural, Engineering, and Related Services",6,Engineering & Design,OEM,2028,Forecast,0.007242971108885,643.0911491927301,88788.30793675898,0.078,0.012596589090453358
moodys_us,Moody's US,5414,Industrial design,6,Engineering & Design,OEM,2028,Forecast,0.0336712633047057,351.66440290178235,10444.051347863619,-0.002,-0.0003336114510990029
moodys_us,Moody's US,5417,Scientific Research and Development,6,Engineering & Design,OEM,2028,Forecast,0.0026962895876024,73.42957322383837,27233.563324009854,0.1169999999999999,0.018612173578112623
moodys_us,Moody's US,3361,Motor Vehicle Manufacturing,7,Core Automotive,OEM,2028,Forecast,1.0,57808.535701300716,57808.535701300716,0.316,0.046829569527267134
moodys_us,Moody's US,3362,Motor Vehicle Body and Trailer Manufacturing,7,Core Automotive,OEM,2028,Forecast,1.0,8146.471682818145,8146.471682818145,0.043,0.007041538532584823
moodys_us,Moody's US,3363,Motor Vehicle Parts Manufacturing,7,Core Automotive,OEM,2028,Forecast,1.0,112850.77523106449,112850.77523106449,-0.053,-0.009034968120084308
moodys_us,Moody's US,4231,Motor Vehicle and Motor Vehicle Parts and Supplies Merchant Wholesalers,8,"Motor Vehicle Parts, Materials, & Products Sales",Downstream,2028,Forecast,1.0,26904.986990265013,26904.986990265013,0.054,0.008803937035929632
moodys_us,Moody's US,4235,Metal and Mineral (except Petroleum) Merchant Wholesalers,8,"Motor Vehicle Parts, Materials, & Products Sales",Downstream,2028,Forecast,1.0,6623.34943222248,6623.34943222248,0.063,0.010234534790627858
moodys_us,Moody's US,4238,"Machinery, Equipment, and Supplies Merchant Wholesalers",8,"Motor Vehicle Parts, Materials, & Products Sales",Downstream,2028,Forecast,1.0,24828.24229802327,24828.24229802327,0.026,0.004287121315258657
moodys_us,Moody's US,4239,Miscellaneous Durable Goods Merchant Wholesalers,8,"Motor Vehicle Parts, Materials, & Products Sales",Downstream,2028,Forecast,1.0,8997.769222530282,8997.769222530282,0.046,0.007523722976808145
moodys_us,Moody's US,4247,Petroleum and Petroleum Products Merchant Wholesalers,8,"Motor Vehicle Parts, Materials, & Products Sales",Downstream,2028,Forecast,1.0,3716.707209539826,3716.707209539826,-0.05,-0.008512444610847103
moodys_us,Moody's US,4413,"Automotive Parts, Accessories, and Tire Retailers",8,"Motor Vehicle Parts, Materials, & Products Sales",Downstream,2028,Forecast,1.0,18733.746577512058,18733.746577512058,0.045,0.007363123025003082
moodys_us,Moody's US,4571,Gasoline Stations,8,"Motor Vehicle Parts, Materials, & Products Sales",Downstream,2028,Forecast,1.0,28526.534576950275,28526.534576950275,0.038,0.006235323320181063
moodys_us,Moody's US,4411,Automobile Dealers,9,"Dealers, Maintenance, & Repair",Downstream,2028,Forecast,1.0,39124.43028252733,39124.43028252733,0.034,0.005588017731095185
moodys_us,Moody's US,8111,Automotive Repair and Maintenance,9,"Dealers, Maintenance, & Repair",Downstream,2028,Forecast,1.0,32415.179890748692,32415.179890748692,0.052,0.008484644669468189
moodys_us,Moody's US,4841,General Freight Trucking,10,Logistics,Downstream,2028,Forecast,1.0,32271.28099277216,32271.28099277216,-0.124,-0.021823216125122613
moodys_us,Moody's US,4842,Specialized Freight Trucking,10,Logistics,Downstream,2028,Forecast,1.0,10729.557893885238,10729.557893885238,-0.115,-0.02015538139193318
moodys_us,Moody's US,3252,"Resin, Synthetic Rubber, and Artificial and Synthetic Fibers and Filaments Manufacturing",1,Materials & Processing - Non-Metals,Upstream,2029,Forecast,0.0885140651080839,480.3799431387107,5427.159429997053,-0.021,-0.003531023962762392
moodys_us,Moody's US,3255,"Paint, Coating, and Adhesive Manufacturing",1,Materials & Processing - Coatings & Surface Treatments,Upstream,2029,Forecast,0.5150096802925763,2294.5774419317713,4455.406431638769,0.03,0.004938622031196882
moodys_us,Moody's US,3261,Plastics Product Manufacturing,1,Materials & Processing - Non-Metals,Upstream,2029,Forecast,0.2346645503033676,7897.267251774992,33653.4309999769,-0.025,-0.0042107445144894395
moodys_us,Moody's US,3262,Rubber Product Manufacturing,1,Materials & Processing - Non-Metals,Upstream,2029,Forecast,0.5480013167432982,2588.2599061649285,4723.090669830186,-0.098,-0.017043219251406172
moodys_us,Moody's US,3272,Glass and Glass Product Manufacturing,1,Materials & Processing - Non-Metals,Upstream,2029,Forecast,0.5746759592860471,1507.5942409000081,2623.381431812423,-0.076,-0.013087472296661962
moodys_us,Moody's US,3311,Iron and Steel Mills and Ferroalloy Manufacturing,1,Materials & Processing - Metals,Upstream,2029,Forecast,0.4155561904757487,1196.291153424078,2878.771104467259,-0.138,-0.02444623136520041
moodys_us,Moody's US,3312,Steel Product Manufacturing from Purchased Steel,1,Materials & Processing - Metals,Upstream,2029,Forecast,0.4018232314810702,719.7922989358925,1791.3157889921597,-0.11,-0.01923490498096092
moodys_us,Moody's US,3313,Alumina and Aluminum Production and Processing,1,Materials & Processing - Metals,Upstream,2029,Forecast,0.3207778863371143,813.9407557587498,2537.396717251753,-0.071,-0.01219939989726182
moodys_us,Moody's US,3314,Nonferrous Metal (except Aluminum) Production and Processing,1,Materials & Processing - Metals,Upstream,2029,Forecast,0.2932456097149427,330.15758403042196,1125.8739196517233,-0.128,-0.022569063203438655
moodys_us,Moody's US,3328,"Coating, Engraving, Heat Treating, and Allied Activities",1,Materials & Processing - Coatings & Surface Treatments,Upstream,2029,Forecast,0.2353528305668375,2596.805274933491,11033.669187998265,-0.02,-0.003361455501911359
moodys_us,Moody's US,3335,Metalworking Machinery Manufacturing,2,Equipment Manufacturing,Upstream,2029,Forecast,0.0781138186814543,2120.0637680024624,27140.700631318716,-0.099,-0.01722492862911773
moodys_us,Moody's US,3339,Other General Purpose Machinery Manufacturing,2,Equipment Manufacturing,Upstream,2029,Forecast,0.2191076203234622,3945.208009948197,18005.800090950746,0.004,0.0006655582639329971
moodys_us,Moody's US,3315,Foundries,3,Forging & Foundries,Upstream,2029,Forecast,0.6718042155478705,5328.772532761754,7932.03199598268,-0.179,-0.03233761489018061
moodys_us,Moody's US,3321,Forging and Stamping,3,Forging & Foundries,Upstream,2029,Forecast,0.3924501979798644,2687.48240877355,6847.957836707316,-0.024,-0.00404059682712965
moodys_us,Moody's US,3326,Spring and Wire Product Manufacturing,4,Parts & Machining,Upstream,2029,Forecast,0.4020278427245708,1158.2217900349287,2880.949195422831,0.005,0.0008316025082901746
moodys_us,Moody's US,3327,"Machine Shops; Turned Product; and Screw, Nut, and Bolt Manufacturing",4,Parts & Machining,Upstream,2029,Forecast,0.3798883431259702,8811.094477830597,23193.90588646953,-0.065,-0.01113895554005151
moodys_us,Moody's US,3329,Other Fabricated Metal Product Manufacturing,4,Parts & Machining,Upstream,2029,Forecast,0.1601840236697625,1736.0473296082966,10837.830701439705,-0.003,-0.0005006261482738417
moodys_us,Moody's US,3344,Semiconductor and Other Electronic Component Manufacturing,4,Parts & Machining,Upstream,2029,Forecast,0.2236609031791956,2637.4299370483304,11792.091955093463,-0.038,-0.006436004347869617
moodys_us,Moody's US,3336,"Engine, Turbine, and Power Transmission Equipment Manufacturing",5,Component Systems,Upstream,2029,Forecast,0.7169582878623106,3470.9905056259477,4841.27258780296,-0.031,-0.005234695494487962
moodys_us,Moody's US,3345,"Navigational, Measuring, Electro medical, and Control Instruments Manufacturing",5,Component Systems,Upstream,2029,Forecast,0.0208760538182582,184.49073664631786,8837.433465752145,-0.004,-0.0006677805015462557
moodys_us,Moody's US,3359,Other Electrical Equipment and Component Manufacturing,5,Component Systems,Upstream,2029,Forecast,0.503516468921238,2188.150412317195,4345.737522757123,-0.027,-0.004551476625899498
moodys_us,Moody's US,5413,"Architectural, Engineering, and Related Services",6,Engineering & Design,OEM,2029,Forecast,0.007242971108885,651.1919041468183,89906.73776787498,0.078,0.012596589090453358
moodys_us,Moody's US,5414,Industrial design,6,Engineering & Design,OEM,2029,Forecast,0.0336712633047057,351.5470836300304,10440.567092738103,-0.002,-0.0003336114510990029
moodys_us,Moody's US,5417,Scientific Research and Development,6,Engineering & Design,OEM,2029,Forecast,0.0026962895876024,74.79625718644716,27740.439131746843,0.1169999999999999,0.018612173578112623
moodys_us,Moody's US,3361,Motor Vehicle Manufacturing,7,Core Automotive,OEM,2029,Forecast,1.0,60515.684543194286,60515.684543194286,0.316,0.046829569527267134
moodys_us,Moody's US,3362,Motor Vehicle Body and Trailer Manufacturing,7,Core Automotive,OEM,2029,Forecast,1.0,8203.835377077321,8203.835377077321,0.043,0.007041538532584823
moodys_us,Moody's US,3363,Motor Vehicle Parts Manufacturing,7,Core Automotive,OEM,2029,Forecast,1.0,111831.172074525,111831.172074525,-0.053,-0.009034968120084308
moodys_us,Moody's US,4231,Motor Vehicle and Motor Vehicle Parts and Supplies Merchant Wholesalers,8,"Motor Vehicle Parts, Materials, & Products Sales",Downstream,2029,Forecast,1.0,27141.85680167981,27141.85680167981,0.054,0.008803937035929632
moodys_us,Moody's US,4235,Metal and Mineral (except Petroleum) Merchant Wholesalers,8,"Motor Vehicle Parts, Materials, & Products Sales",Downstream,2029,Forecast,1.0,6691.136332417046,6691.136332417046,0.063,0.010234534790627858
moodys_us,Moody's US,4238,"Machinery, Equipment, and Supplies Merchant Wholesalers",8,"Motor Vehicle Parts, Materials, & Products Sales",Downstream,2029,Forecast,1.0,24934.683984799536,24934.683984799536,0.026,0.004287121315258657
moodys_us,Moody's US,4239,Miscellaneous Durable Goods Merchant Wholesalers,8,"Motor Vehicle Parts, Materials, & Products Sales",Downstream,2029,Forecast,1.0,9065.465945569847,9065.465945569847,0.046,0.007523722976808145
moodys_us,Moody's US,4247,Petroleum and Petroleum Products Merchant Wholesalers,8,"Motor Vehicle Parts, Materials, & Products Sales",Downstream,2029,Forecast,1.0,3685.0689452838824,3685.0689452838824,-0.05,-0.008512444610847103
moodys_us,Moody's US,4413,"Automotive Parts, Accessories, and Tire Retailers",8,"Motor Vehicle Parts, Materials, & Products Sales",Downstream,2029,Forecast,1.0,18871.685458281514,18871.685458281514,0.045,0.007363123025003082
moodys_us,Moody's US,4571,Gasoline Stations,8,"Motor Vehicle Parts, Materials, & Products Sales",Downstream,2029,Forecast,1.0,28704.40674324188,28704.40674324188,0.038,0.006235323320181063
moodys_us,Moody's US,4411,Automobile Dealers,9,"Dealers, Maintenance, & Repair",Downstream,2029,Forecast,1.0,39343.0582926651,39343.0582926651,0.034,0.005588017731095185
moodys_us,Moody's US,8111,Automotive Repair and Maintenance,9,"Dealers, Maintenance, & Repair",Downstream,2029,Forecast,1.0,32690.211174018586,32690.211174018586,0.052,0.008484644669468189
moodys_us,Moody's US,4841,General Freight Trucking,10,Logistics,Downstream,2029,Forecast,1.0,31567.017853032336,31567.017853032336,-0.124,-0.021823216125122613
moodys_us,Moody's US,4842,Specialized Freight Trucking,10,Logistics,Downstream,2029,Forecast,1.0,10513.299562367154,10513.299562367154,-0.115,-0.02015538139193318
moodys_us,Moody's US,3252,"Resin, Synthetic Rubber, and Artificial and Synthetic Fibers and Filaments Manufacturing",1,Materials & Processing - Non-Metals,Upstream,2030,Forecast,0.0885140651080839,478.68371004825747,5407.996000000002,-0.021,-0.003531023962762392
moodys_us,Moody's US,3255,"Paint, Coating, and Adhesive Manufacturing",1,Materials & Processing - Coatings & Surface Treatments,Upstream,2030,Forecast,0.5150096802925763,2305.909492638783,4477.409999999997,0.03,0.004938622031196882
moodys_us,Moody's US,3261,Plastics Product Manufacturing,1,Materials & Processing - Non-Metals,Upstream,2030,Forecast,0.2346645503033676,7864.013877015123,33511.725000000006,-0.025,-0.0042107445144894395
moodys_us,Moody's US,3262,Rubber Product Manufacturing,1,Materials & Processing - Non-Metals,Upstream,2030,Forecast,0.5480013167432982,2544.147625104536,4642.593999999999,-0.098,-0.017043219251406172
moodys_us,Moody's US,3272,Glass and Glass Product Manufacturing,1,Materials & Processing - Non-Metals,Upstream,2030,Forecast,0.5746759592860471,1487.863643037622,2589.0480000000007,-0.076,-0.013087472296661962
moodys_us,Moody's US,3311,Iron and Steel Mills and Ferroalloy Manufacturing,1,Materials & Processing - Metals,Upstream,2030,Forecast,0.4155561904757487,1167.0463431073306,2808.3959999999993,-0.138,-0.02444623136520041
moodys_us,Moody's US,3312,Steel Product Manufacturing from Purchased Steel,1,Materials & Processing - Metals,Upstream,2030,Forecast,0.4018232314810702,705.9471624598332,1756.8600000000006,-0.11,-0.01923490498096092
moodys_us,Moody's US,3313,Alumina and Aluminum Production and Processing,1,Materials & Processing - Metals,Upstream,2030,Forecast,0.3207778863371143,804.0111669865694,2506.442,-0.071,-0.01219939989726182
moodys_us,Moody's US,3314,Nonferrous Metal (except Aluminum) Production and Processing,1,Materials & Processing - Metals,Upstream,2030,Forecast,0.2932456097149427,322.7062366493448,1100.4640000000004,-0.128,-0.022569063203438655
moodys_us,Moody's US,3328,"Coating, Engraving, Heat Treating, and Allied Activities",1,Materials & Processing - Coatings & Surface Treatments,Upstream,2030,Forecast,0.2353528305668375,2588.076229554674,10996.579999999998,-0.02,-0.003361455501911359
moodys_us,Moody's US,3335,Metalworking Machinery Manufacturing,2,Equipment Manufacturing,Upstream,2030,Forecast,0.0781138186814543,2083.5458209094418,26673.204,-0.099,-0.01722492862911773
moodys_us,Moody's US,3339,Other General Purpose Machinery Manufacturing,2,Equipment Manufacturing,Upstream,2030,Forecast,0.2191076203234622,3947.8337757421523,18017.784,0.004,0.0006655582639329971
moodys_us,Moody's US,3315,Foundries,3,Forging & Foundries,Upstream,2030,Forecast,0.6718042155478705,5156.452738759932,7675.529000000001,-0.179,-0.03233761489018061
moodys_us,Moody's US,3321,Forging and Stamping,3,Forging & Foundries,Upstream,2030,Forecast,0.3924501979798644,2676.623375879693,6820.287999999999,-0.024,-0.00404059682712965
moodys_us,Moody's US,3326,Spring and Wire Product Manufacturing,4,Parts & Machining,Upstream,2030,Forecast,0.4020278427245708,1159.184970180678,2883.345000000001,0.005,0.0008316025082901746
moodys_us,Moody's US,3327,"Machine Shops; Turned Product; and Screw, Nut, and Bolt Manufacturing",4,Parts & Machining,Upstream,2030,Forecast,0.3798883431259702,8712.94808818285,22935.550000000007,-0.065,-0.01113895554005151
moodys_us,Moody's US,3329,Other Fabricated Metal Product Manufacturing,4,Parts & Machining,Upstream,2030,Forecast,0.1601840236697625,1735.1782189204537,10832.405,-0.003,-0.0005006261482738417
moodys_us,Moody's US,3344,Semiconductor and Other Electronic Component Manufacturing,4,Parts & Machining,Upstream,2030,Forecast,0.2236609031791956,2620.4554265062857,11716.198000000004,-0.038,-0.006436004347869617
moodys_us,Moody's US,3336,"Engine, Turbine, and Power Transmission Equipment Manufacturing",5,Component Systems,Upstream,2030,Forecast,0.7169582878623106,3452.820927264737,4815.9299999999985,-0.031,-0.005234695494487962
moodys_us,Moody's US,3345,"Navigational, Measuring, Electro medical, and Control Instruments Manufacturing",5,Component Systems,Upstream,2030,Forecast,0.0208760538182582,184.36753732966955,8831.532000000003,-0.004,-0.0006677805015462557
moodys_us,Moody's US,3359,Other Electrical Equipment and Component Manufacturing,5,Component Systems,Upstream,2030,Forecast,0.503516468921238,2178.191096861581,4325.958,-0.027,-0.004551476625899498
moodys_us,Moody's US,5413,"Architectural, Engineering, and Related Services",6,Engineering & Design,OEM,2030,Forecast,0.007242971108885,659.3947009823856,91039.25600000002,0.078,0.012596589090453358
moodys_us,Moody's US,5414,Industrial design,6,Engineering & Design,OEM,2030,Forecast,0.0336712633047057,351.42980349733097,10437.083999999999,-0.002,-0.0003336114510990029
moodys_us,Moody's US,5417,Scientific Research and Development,6,Engineering & Design,OEM,2030,Forecast,0.0026962895876024,76.18837810819447,28256.74899999998,0.1169999999999999,0.018612173578112623
moodys_us,Moody's US,3361,Motor Vehicle Manufacturing,7,Core Automotive,OEM,2030,Forecast,1.0,63349.60799999996,63349.60799999996,0.316,0.046829569527267134
moodys_us,Moody's US,3362,Motor Vehicle Body and Trailer Manufacturing,7,Core Automotive,OEM,2030,Forecast,1.0,8261.602999999994,8261.602999999994,0.043,0.007041538532584823
moodys_us,Moody's US,3363,Motor Vehicle Parts Manufacturing,7,Core Automotive,OEM,2030,Forecast,1.0,110820.78100000002,110820.78100000002,-0.053,-0.009034968120084308
moodys_us,Moody's US,4231,Motor Vehicle and Motor Vehicle Parts and Supplies Merchant Wholesalers,8,"Motor Vehicle Parts, Materials, & Products Sales",Downstream,2030,Forecast,1.0,27380.81200000002,27380.81200000002,0.054,0.008803937035929632
moodys_us,Moody's US,4235,Metal and Mineral (except Petroleum) Merchant Wholesalers,8,"Motor Vehicle Parts, Materials, & Products Sales",Downstream,2030,Forecast,1.0,6759.617000000001,6759.617000000001,0.063,0.010234534790627858
moodys_us,Moody's US,4238,"Machinery, Equipment, and Supplies Merchant Wholesalers",8,"Motor Vehicle Parts, Materials, & Products Sales",Downstream,2030,Forecast,1.0,25041.582000000006,25041.582000000006,0.026,0.004287121315258657
moodys_us,Moody's US,4239,Miscellaneous Durable Goods Merchant Wholesalers,8,"Motor Vehicle Parts, Materials, & Products Sales",Downstream,2030,Forecast,1.0,9133.672000000004,9133.672000000004,0.046,0.007523722976808145
moodys_us,Moody's US,4247,Petroleum and Petroleum Products Merchant Wholesalers,8,"Motor Vehicle Parts, Materials, & Products Sales",Downstream,2030,Forecast,1.0,3653.7000000000003,3653.7000000000003,-0.05,-0.008512444610847103
moodys_us,Moody's US,4413,"Automotive Parts, Accessories, and Tire Retailers",8,"Motor Vehicle Parts, Materials, & Products Sales",Downstream,2030,Forecast,1.0,19010.640000000003,19010.640000000003,0.045,0.007363123025003082
moodys_us,Moody's US,4571,Gasoline Stations,8,"Motor Vehicle Parts, Materials, & Products Sales",Downstream,2030,Forecast,1.0,28883.38799999998,28883.38799999998,0.038,0.006235323320181063
moodys_us,Moody's US,4411,Automobile Dealers,9,"Dealers, Maintenance, & Repair",Downstream,2030,Forecast,1.0,39562.90800000002,39562.90800000002,0.034,0.005588017731095185
moodys_us,Moody's US,8111,Automotive Repair and Maintenance,9,"Dealers, Maintenance, & Repair",Downstream,2030,Forecast,1.0,32967.576000000015,32967.576000000015,0.052,0.008484644669468189
moodys_us,Moody's US,4841,General Freight Trucking,10,Logistics,Downstream,2030,Forecast,1.0,30878.124000000007,30878.124000000007,-0.124,-0.021823216125122613
moodys_us,Moody's US,4842,Specialized Freight Trucking,10,Logistics,Downstream,2030,Forecast,1.0,10301.4,10301.4,-0.115,-0.02015538139193318
moodys_us,Moody's US,3252,"Resin, Synthetic Rubber, and Artificial and Synthetic Fibers and Filaments Manufacturing",1,Materials & Processing - Non-Metals,Upstream,2031,Forecast,0.0885140651080839,476.9934663974931,5388.900236533478,-0.021,-0.003531023962762392
moodys_us,Moody's US,3255,"Paint, Coating, and Adhesive Manufacturing",1,Materials & Processing - Coatings & Surface Treatments,Upstream,2031,Forecast,0.5150096802925763,2317.297508061075,4499.522235668699,0.03,0.004938622031196882
moodys_us,Moody's US,3261,Plastics Product Manufacturing,1,Materials & Processing - Non-Metals,Upstream,2031,Forecast,0.2346645503033676,7830.900523720613,33370.615687785175,-0.025,-0.0042107445144894395
moodys_us,Moody's US,3262,Rubber Product Manufacturing,1,Materials & Processing - Non-Metals,Upstream,2031,Forecast,0.5480013167432982,2500.7871593219347,4563.469252562737,-0.098,-0.017043219251406172
moodys_us,Moody's US,3272,Glass and Glass Product Manufacturing,1,Materials & Processing - Non-Metals,Upstream,2031,Forecast,0.5746759592860471,1468.3912688281566,2555.163906025273,-0.076,-0.013087472296661962
moodys_us,Moody's US,3311,Iron and Steel Mills and Ferroalloy Manufacturing,1,Materials & Processing - Metals,Upstream,2031,Forecast,0.4155561904757487,1138.5164581898175,2739.7413016188957,-0.138,-0.02444623136520041
moodys_us,Moody's US,3312,Steel Product Manufacturing from Purchased Steel,1,Materials & Processing - Metals,Upstream,2031,Forecast,0.4018232314810702,692.3683358683393,1723.0669648351495,-0.11,-0.01923490498096092
moodys_us,Moody's US,3313,Alumina and Aluminum Production and Processing,1,Materials & Processing - Metals,Upstream,2031,Forecast,0.3207778863371143,794.202713238636,2475.864911722707,-0.071,-0.01219939989726182
moodys_us,Moody's US,3314,Nonferrous Metal (except Aluminum) Production and Processing,1,Materials & Processing - Metals,Upstream,2031,Forecast,0.2932456097149427,315.42305919826185,1075.6275584308914,-0.128,-0.022569063203438655
moodys_us,Moody's US,3328,"Coating, Engraving, Heat Treating, and Allied Activities",1,Materials & Processing - Coatings & Surface Treatments,Upstream,2031,Forecast,0.2353528305668375,2579.376526473471,10959.61548565679,-0.02,-0.003361455501911359
moodys_us,Moody's US,3335,Metalworking Machinery Manufacturing,2,Equipment Manufacturing,Upstream,2031,Forecast,0.0781138186814543,2047.6568928487798,26213.7599647901,-0.099,-0.01722492862911773
moodys_us,Moody's US,3339,Other General Purpose Machinery Manufacturing,2,Equipment Manufacturing,Upstream,2031,Forecast,0.2191076203234622,3950.4612891362312,18029.775885038962,0.004,0.0006655582639329971
moodys_us,Moody's US,3315,Foundries,3,Forging & Foundries,Upstream,2031,Forecast,0.6718042155478705,4989.705355894495,7427.320699119588,-0.179,-0.03233761489018061
moodys_us,Moody's US,3321,Forging and Stamping,3,Forging & Foundries,Upstream,2031,Forecast,0.3924501979798644,2665.8082199596925,6792.729965947089,-0.024,-0.00404059682712965
moodys_us,Moody's US,3326,Spring and Wire Product Manufacturing,4,Parts & Machining,Upstream,2031,Forecast,0.4020278427245708,1160.1489513094525,2885.7427969342666,0.005,0.0008316025082901746
moodys_us,Moody's US,3327,"Machine Shops; Turned Product; and Screw, Nut, and Bolt Manufacturing",4,Parts & Machining,Upstream,2031,Forecast,0.3798883431259702,8615.894946805804,22680.071928263376,-0.065,-0.01113895554005151
moodys_us,Moody's US,3329,Other Fabricated Metal Product Manufacturing,4,Parts & Machining,Upstream,2031,Forecast,0.1601840236697625,1734.3095433321469,10826.982014808307,-0.003,-0.0005006261482738417
moodys_us,Moody's US,3344,Semiconductor and Other Electronic Component Manufacturing,4,Parts & Machining,Upstream,2031,Forecast,0.2236609031791956,2603.5901639878925,11640.792498731502,-0.038,-0.006436004347869617
moodys_us,Moody's US,3336,"Engine, Turbine, and Power Transmission Equipment Manufacturing",5,Component Systems,Upstream,2031,Forecast,0.7169582878623106,3434.746461113511,4790.72007292723,-0.031,-0.005234695494487962
moodys_us,Moody's US,3345,"Navigational, Measuring, Electro medical, and Control Instruments Manufacturing",5,Component Systems,Upstream,2031,Forecast,0.0208760538182582,184.24442028312268,8825.634475131621,-0.004,-0.0006677805015462557
moodys_us,Moody's US,3359,Other Electrical Equipment and Component Manufacturing,5,Component Systems,Upstream,2031,Forecast,0.503516468921238,2168.2771109974733,4306.2685032783775,-0.027,-0.004551476625899498
moodys_us,Moody's US,5413,"Architectural, Engineering, and Related Services",6,Engineering & Design,OEM,2031,Forecast,0.007242971108885,667.7008250790831,92186.04009893263,0.078,0.012596589090453358
moodys_us,Moody's US,5414,Industrial design,6,Engineering & Design,OEM,2031,Forecast,0.0336712633047057,351.31256249062676,10433.602069261517,-0.002,-0.0003336114510990029
moodys_us,Moody's US,5417,Scientific Research and Development,6,Engineering & Design,OEM,2031,Forecast,0.0026962895876024,77.60640942617907,28782.66851714114,0.1169999999999999,0.018612173578112623
moodys_us,Moody's US,3361,Motor Vehicle Manufacturing,7,Core Automotive,OEM,2031,Forecast,1.0,66316.24287236108,66316.24287236108,0.316,0.046829569527267134
moodys_us,Moody's US,3362,Motor Vehicle Body and Trailer Manufacturing,7,Core Automotive,OEM,2031,Forecast,1.0,8319.777395865412,8319.777395865412,0.043,0.007041538532584823
moodys_us,Moody's US,3363,Motor Vehicle Parts Manufacturing,7,Core Automotive,OEM,2031,Forecast,1.0,109819.51877662218,109819.51877662218,-0.053,-0.009034968120084308
moodys_us,Moody's US,4231,Motor Vehicle and Motor Vehicle Parts and Supplies Merchant Wholesalers,8,"Motor Vehicle Parts, Materials, & Products Sales",Downstream,2031,Forecast,1.0,27621.870944840644,27621.870944840644,0.054,0.008803937035929632
moodys_us,Moody's US,4235,Metal and Mineral (except Petroleum) Merchant Wholesalers,8,"Motor Vehicle Parts, Materials, & Products Sales",Downstream,2031,Forecast,1.0,6828.7985353578215,6828.7985353578215,0.063,0.010234534790627858
moodys_us,Moody's US,4238,"Machinery, Equipment, and Supplies Merchant Wholesalers",8,"Motor Vehicle Parts, Materials, & Products Sales",Downstream,2031,Forecast,1.0,25148.938299960002,25148.938299960002,0.026,0.004287121315258657
moodys_us,Moody's US,4239,Miscellaneous Durable Goods Merchant Wholesalers,8,"Motor Vehicle Parts, Materials, & Products Sales",Downstream,2031,Forecast,1.0,9202.391217889033,9202.391217889033,0.046,0.007523722976808145
moodys_us,Moody's US,4247,Petroleum and Petroleum Products Merchant Wholesalers,8,"Motor Vehicle Parts, Materials, & Products Sales",Downstream,2031,Forecast,1.0,3622.5980811253485,3622.5980811253485,-0.05,-0.008512444610847103
moodys_us,Moody's US,4413,"Automotive Parts, Accessories, and Tire Retailers",8,"Motor Vehicle Parts, Materials, & Products Sales",Downstream,2031,Forecast,1.0,19150.617681104046,19150.617681104046,0.045,0.007363123025003082
moodys_us,Moody's US,4571,Gasoline Stations,8,"Motor Vehicle Parts, Materials, & Products Sales",Downstream,2031,Forecast,1.0,29063.485262762224,29063.485262762224,0.038,0.006235323320181063
moodys_us,Moody's US,4411,Automobile Dealers,9,"Dealers, Maintenance, & Repair",Downstream,2031,Forecast,1.0,39783.98623139771,39783.98623139771,0.034,0.005588017731095185
moodys_us,Moody's US,8111,Automotive Repair and Maintenance,9,"Dealers, Maintenance, & Repair",Downstream,2031,Forecast,1.0,33247.294167973705,33247.294167973705,0.052,0.008484644669468189
moodys_us,Moody's US,4841,General Freight Trucking,10,Logistics,Downstream,2031,Forecast,1.0,30204.26402640967,30204.26402640967,-0.124,-0.021823216125122613
moodys_us,Moody's US,4842,Specialized Freight Trucking,10,Logistics,Downstream,2031,Forecast,1.0,10093.77135412914,10093.77135412914,-0.115,-0.02015538139193318
moodys_us,Moody's US,3252,"Resin, Synthetic Rubber, and Artificial and Synthetic Fibers and Filaments Manufacturing",1,Materials & Processing - Non-Metals,Upstream,2032,Forecast,0.0885140651080839,475.3091910375624,5369.871900665343,-0.021,-0.003531023962762392
moodys_us,Moody's US,3255,"Paint, Coating, and Adhesive Manufacturing",1,Materials & Processing - Coatings & Surface Treatments,Upstream,2032,Forecast,0.5150096802925763,2328.741764587223,4521.743675311632,0.03,0.004938622031196882
moodys_us,Moody's US,3261,Plastics Product Manufacturing,1,Materials & Processing - Non-Metals,Upstream,2032,Forecast,0.2346645503033676,7797.926602296843,33230.1005508327,-0.025,-0.0042107445144894395
moodys_us,Moody's US,3262,Rubber Product Manufacturing,1,Materials & Processing - Non-Metals,Upstream,2032,Forecast,0.5480013167432982,2458.16569546451,4485.693045544259,-0.098,-0.017043219251406172
moodys_us,Moody's US,3272,Glass and Glass Product Manufacturing,1,Materials & Processing - Non-Metals,Upstream,2032,Forecast,0.5746759592860471,1449.1737387767078,2521.723269191736,-0.076,-0.013087472296661962
moodys_us,Moody's US,3311,Iron and Steel Mills and Ferroalloy Manufacturing,1,Materials & Processing - Metals,Upstream,2032,Forecast,0.4155561904757487,1110.6840214398208,2672.7649518787252,-0.138,-0.02444623136520041
moodys_us,Moody's US,3312,Steel Product Manufacturing from Purchased Steel,1,Materials & Processing - Metals,Upstream,2032,Forecast,0.4018232314810702,679.0506967160858,1689.923935490713,-0.11,-0.01923490498096092
moodys_us,Moody's US,3313,Alumina and Aluminum Production and Processing,1,Materials & Processing - Metals,Upstream,2032,Forecast,0.3207778863371143,784.5139167403476,2445.660845573003,-0.071,-0.01219939989726182
moodys_us,Moody's US,3314,Nonferrous Metal (except Aluminum) Production and Processing,1,Materials & Processing - Metals,Upstream,2032,Forecast,0.2932456097149427,308.30425623939436,1051.3516520813043,-0.128,-0.022569063203438655
moodys_us,Moody's US,3328,"Coating, Engraving, Heat Treating, and Allied Activities",1,Materials & Processing - Coatings & Surface Treatments,Upstream,2032,Forecast,0.2353528305668375,2570.706067057056,10922.775225883695,-0.02,-0.003361455501911359
moodys_us,Moody's US,3335,Metalworking Machinery Manufacturing,2,Equipment Manufacturing,Upstream,2032,Forecast,0.0781138186814543,2012.386149012539,25762.22982029577,-0.099,-0.01722492862911773
moodys_us,Moody's US,3339,Other General Purpose Machinery Manufacturing,2,Equipment Manufacturing,Upstream,2032,Forecast,0.2191076203234622,3953.090551293563,18041.775751376106,0.004,0.0006655582639329971
moodys_us,Moody's US,3315,Foundries,3,Forging & Foundries,Upstream,2032,Forecast,0.6718042155478705,4828.350185680108,7187.138862685591,-0.179,-0.03233761489018061
moodys_us,Moody's US,3321,Forging and Stamping,3,Forging & Foundries,Upstream,2032,Forecast,0.3924501979798644,2655.036763724387,6765.283282799134,-0.024,-0.00404059682712965
moodys_us,Moody's US,3326,Spring and Wire Product Manufacturing,4,Parts & Machining,Upstream,2032,Forecast,0.4020278427245708,1161.1137340873518,2888.1425878824775,0.005,0.0008316025082901746
moodys_us,Moody's US,3327,"Machine Shops; Turned Product; and Screw, Nut, and Bolt Manufacturing",4,Parts & Machining,Upstream,2032,Forecast,0.3798883431259702,8519.922876055578,22427.43961540928,-0.065,-0.01113895554005151
moodys_us,Moody's US,3329,Other Fabricated Metal Product Manufacturing,4,Parts & Machining,Upstream,2032,Forecast,0.1601840236697625,1733.441302625554,10821.561744504805,-0.003,-0.0005006261482738417
moodys_us,Moody's US,3344,Semiconductor and Other Electronic Component Manufacturing,4,Parts & Machining,Upstream,2032,Forecast,0.2236609031791956,2586.833446372396,11565.872307597017,-0.038,-0.006436004347869617
moodys_us,Moody's US,3336,"Engine, Turbine, and Power Transmission Equipment Manufacturing",5,Component Systems,Upstream,2032,Forecast,0.7169582878623106,3416.766609288811,4765.642112146124,-0.031,-0.005234695494487962
moodys_us,Moody's US,3345,"Navigational, Measuring, Electro medical, and Control Instruments Manufacturing",5,Component Systems,Upstream,2032,Forecast,0.0208760538182582,184.12138545173892,8819.740888515353,-0.004,-0.0006677805015462557
moodys_us,Moody's US,3359,Other Electrical Equipment and Component Manufacturing,5,Component Systems,Upstream,2032,Forecast,0.503516468921238,2158.408248408295,4286.668622840858,-0.027,-0.004551476625899498
moodys_us,Moody's US,5413,"Architectural, Engineering, and Related Services",6,Engineering & Design,OEM,2032,Forecast,0.007242971108885,676.111578007961,93347.26976593494,0.078,0.012596589090453358
moodys_us,Moody's US,5414,Industrial design,6,Engineering & Design,OEM,2032,Forecast,0.0336712633047057,351.19536059686493,10430.121300135,-0.002,-0.0003336114510990029
moodys_us,Moody's US,5417,Scientific Research and Development,6,Engineering & Design,OEM,2032,Forecast,0.0026962895876024,79.0508333891932,29318.376539623456,0.1169999999999999,0.018612173578112623
moodys_us,Moody's US,3361,Motor Vehicle Manufacturing,7,Core Automotive,OEM,2032,Forecast,1.0,69421.80397873945,69421.80397873945,0.316,0.046829569527267134
moodys_us,Moody's US,3362,Motor Vehicle Body and Trailer Manufacturing,7,Core Automotive,OEM,2032,Forecast,1.0,8378.361428980927,8378.361428980927,0.043,0.007041538532584823
moodys_us,Moody's US,3363,Motor Vehicle Parts Manufacturing,7,Core Automotive,OEM,2032,Forecast,1.0,108827.30292551238,108827.30292551238,-0.053,-0.009034968120084308
moodys_us,Moody's US,4231,Motor Vehicle and Motor Vehicle Parts and Supplies Merchant Wholesalers,8,"Motor Vehicle Parts, Materials, & Products Sales",Downstream,2032,Forecast,1.0,27865.052157453596,27865.052157453596,0.054,0.008803937035929632
moodys_us,Moody's US,4235,Metal and Mineral (except Petroleum) Merchant Wholesalers,8,"Motor Vehicle Parts, Materials, & Products Sales",Downstream,2032,Forecast,1.0,6898.68811154613,6898.68811154613,0.063,0.010234534790627858
moodys_us,Moody's US,4238,"Machinery, Equipment, and Supplies Merchant Wholesalers",8,"Motor Vehicle Parts, Materials, & Products Sales",Downstream,2032,Forecast,1.0,25256.754849401885,25256.754849401885,0.026,0.004287121315258657
moodys_us,Moody's US,4239,Miscellaneous Durable Goods Merchant Wholesalers,8,"Motor Vehicle Parts, Materials, & Products Sales",Downstream,2032,Forecast,1.0,9271.627460136642,9271.627460136642,0.046,0.007523722976808145
moodys_us,Moody's US,4247,Petroleum and Petroleum Products Merchant Wholesalers,8,"Motor Vehicle Parts, Materials, & Products Sales",Downstream,2032,Forecast,1.0,3591.7609156124076,3591.7609156124076,-0.05,-0.008512444610847103
moodys_us,Moody's US,4413,"Automotive Parts, Accessories, and Tire Retailers",8,"Motor Vehicle Parts, Materials, & Products Sales",Downstream,2032,Forecast,1.0,19291.62603509481,19291.62603509481,0.045,0.007363123025003082
moodys_us,Moody's US,4571,Gasoline Stations,8,"Motor Vehicle Parts, Materials, & Products Sales",Downstream,2032,Forecast,1.0,29244.70549018686,29244.70549018686,0.038,0.006235323320181063
moodys_us,Moody's US,4411,Automobile Dealers,9,"Dealers, Maintenance, & Repair",Downstream,2032,Forecast,1.0,40006.2998518724,40006.2998518724,0.034,0.005588017731095185
moodys_us,Moody's US,8111,Automotive Repair and Maintenance,9,"Dealers, Maintenance, & Repair",Downstream,2032,Forecast,1.0,33529.38564521024,33529.38564521024,0.052,0.008484644669468189
moodys_us,Moody's US,4841,General Freight Trucking,10,Logistics,Downstream,2032,Forecast,1.0,29545.109844661067,29545.109844661067,-0.124,-0.021823216125122613
moodys_us,Moody's US,4842,Specialized Freight Trucking,10,Logistics,Downstream,2032,Forecast,1.0,9890.327542803696,9890.327542803696,-0.115,-0.02015538139193318
moodys_us,Moody's US,3252,"Resin, Synthetic Rubber, and Artificial and Synthetic Fibers and Filaments Manufacturing",1,Materials & Processing - Non-Metals,Upstream,2033,Forecast,0.0885140651080839,473.6308628942876,5350.9107543071295,-0.021,-0.003531023962762392
moodys_us,Moody's US,3255,"Paint, Coating, and Adhesive Manufacturing",1,Materials & Processing - Coatings & Surface Treatments,Upstream,2033,Forecast,0.5150096802925763,2340.2425399707818,4544.074858245952,0.03,0.004938622031196882
moodys_us,Moody's US,3261,Plastics Product Manufacturing,1,Materials & Processing - Non-Metals,Upstream,2033,Forecast,0.2346645503033676,7765.091525631831,33090.17708722235,-0.025,-0.0042107445144894395
moodys_us,Moody's US,3262,Rubber Product Manufacturing,1,Materials & Processing - Non-Metals,Upstream,2033,Forecast,0.5480013167432982,2416.270638560423,4409.242395474541,-0.098,-0.017043219251406172
moodys_us,Moody's US,3272,Glass and Glass Product Manufacturing,1,Materials & Processing - Non-Metals,Upstream,2033,Forecast,0.5746759592860471,1430.2077176174178,2488.720285766342,-0.076,-0.013087472296661962
moodys_us,Moody's US,3311,Iron and Steel Mills and Ferroalloy Manufacturing,1,Materials & Processing - Metals,Upstream,2033,Forecast,0.4155561904757487,1083.5319828780716,2607.4259214802987,-0.138,-0.02444623136520041
moodys_us,Moody's US,3312,Steel Product Manufacturing from Purchased Steel,1,Materials & Processing - Metals,Upstream,2033,Forecast,0.4018232314810702,665.9892210874965,1657.4184091664974,-0.11,-0.01923490498096092
moodys_us,Moody's US,3313,Alumina and Aluminum Production and Processing,1,Materials & Processing - Metals,Upstream,2033,Forecast,0.3207778863371143,774.9433177450649,2415.8252509047825,-0.071,-0.01219939989726182
moodys_us,Moody's US,3314,Nonferrous Metal (except Aluminum) Production and Processing,1,Materials & Processing - Metals,Upstream,2033,Forecast,0.2932456097149427,301.3461179944383,1027.6236301964416,-0.128,-0.022569063203438655
moodys_us,Moody's US,3328,"Coating, Engraving, Heat Treating, and Allied Activities",1,Materials & Processing - Coatings & Surface Treatments,Upstream,2033,Forecast,0.2353528305668375,2562.06475300415,10886.058803004507,-0.02,-0.003361455501911359
moodys_us,Moody's US,3335,Metalworking Machinery Manufacturing,2,Equipment Manufacturing,Upstream,2033,Forecast,0.0781138186814543,1977.722941221573,25318.47725031425,-0.099,-0.01722492862911773
moodys_us,Moody's US,3339,Other General Purpose Machinery Manufacturing,2,Equipment Manufacturing,Upstream,2033,Forecast,0.2191076203234622,3955.7215633780525,18053.783604323464,0.004,0.0006655582639329971
moodys_us,Moody's US,3315,Foundries,3,Forging & Foundries,Upstream,2033,Forecast,0.6718042155478705,4672.212856820653,6954.723933981815,-0.179,-0.03233761489018061
moodys_us,Moody's US,3321,Forging and Stamping,3,Forging & Foundries,Upstream,2033,Forecast,0.3924501979798644,2644.30883060097,6737.947500632023,-0.024,-0.00404059682712965
moodys_us,Moody's US,3326,Spring and Wire Product Manufacturing,4,Parts & Machining,Upstream,2033,Forecast,0.4020278427245708,1162.0793191810287,2890.54437450286,0.005,0.0008316025082901746
moodys_us,Moody's US,3327,"Machine Shops; Turned Product; and Screw, Nut, and Bolt Manufacturing",4,Parts & Machining,Upstream,2033,Forecast,0.3798883431259702,8425.019833934528,22177.62136265605,-0.065,-0.01113895554005151
moodys_us,Moody's US,3329,Other Fabricated Metal Product Manufacturing,4,Parts & Machining,Upstream,2033,Forecast,0.1601840236697625,1732.5734965829618,10816.144187730344,-0.003,-0.0005006261482738417
moodys_us,Moody's US,3344,Semiconductor and Other Electronic Component Manufacturing,4,Parts & Machining,Upstream,2033,Forecast,0.2236609031791956,2570.184575064329,11491.434303138418,-0.038,-0.006436004347869617
moodys_us,Moody's US,3336,"Engine, Turbine, and Power Transmission Equipment Manufacturing",5,Component Systems,Upstream,2033,Forecast,0.7169582878623106,3398.8808765134504,4740.695426853331,-0.031,-0.005234695494487962
moodys_us,Moody's US,3345,"Navigational, Measuring, Electro medical, and Control Instruments Manufacturing",5,Component Systems,Upstream,2033,Forecast,0.0208760538182582,183.99843278061655,8813.851237521312,-0.004,-0.0006677805015462557
moodys_us,Moody's US,3359,Other Electrical Equipment and Component Manufacturing,5,Component Systems,Upstream,2033,Forecast,0.503516468921238,2148.5843037165164,4267.157950801021,-0.027,-0.004551476625899498
moodys_us,Moody's US,5413,"Architectural, Engineering, and Related Services",6,Engineering & Design,OEM,2033,Forecast,0.007242971108885,684.6282777354253,94523.12696589212,0.078,0.012596589090453358
moodys_us,Moody's US,5414,Industrial design,6,Engineering & Design,OEM,2033,Forecast,0.0336712633047057,351.078197802997,10426.641692232924,-0.002,-0.0003336114510990029
moodys_us,Moody's US,5417,Scientific Research and Development,6,Engineering & Design,OEM,2033,Forecast,0.0026962895876024,80.52214122172731,29864.05525280739,0.1169999999999999,0.018612173578112623
moodys_us,Moody's US,3361,Motor Vehicle Manufacturing,7,Core Automotive,OEM,2033,Forecast,1.0,72672.79717487014,72672.79717487014,0.316,0.046829569527267134
moodys_us,Moody's US,3362,Motor Vehicle Body and Trailer Manufacturing,7,Core Automotive,OEM,2033,Forecast,1.0,8437.357983823018,8437.357983823018,0.043,0.007041538532584823
moodys_us,Moody's US,3363,Motor Vehicle Parts Manufacturing,7,Core Automotive,OEM,2033,Forecast,1.0,107844.05171298563,107844.05171298563,-0.053,-0.009034968120084308
moodys_us,Moody's US,4231,Motor Vehicle and Motor Vehicle Parts and Supplies Merchant Wholesalers,8,"Motor Vehicle Parts, Materials, & Products Sales",Downstream,2033,Forecast,1.0,28110.374322150714,28110.374322150714,0.054,0.008803937035929632
moodys_us,Moody's US,4235,Metal and Mineral (except Petroleum) Merchant Wholesalers,8,"Motor Vehicle Parts, Materials, & Products Sales",Downstream,2033,Forecast,1.0,6969.292975033439,6969.292975033439,0.063,0.010234534790627858
moodys_us,Moody's US,4238,"Machinery, Equipment, and Supplies Merchant Wholesalers",8,"Motor Vehicle Parts, Materials, & Products Sales",Downstream,2033,Forecast,1.0,25365.033621471015,25365.033621471015,0.026,0.004287121315258657
moodys_us,Moody's US,4239,Miscellaneous Durable Goods Merchant Wholesalers,8,"Motor Vehicle Parts, Materials, & Products Sales",Downstream,2033,Forecast,1.0,9341.384616690877,9341.384616690877,0.046,0.007523722976808145
moodys_us,Moody's US,4247,Petroleum and Petroleum Products Merchant Wholesalers,8,"Motor Vehicle Parts, Materials, & Products Sales",Downstream,2033,Forecast,1.0,3561.1862497628517,3561.1862497628517,-0.05,-0.008512444610847103
moodys_us,Moody's US,4413,"Automotive Parts, Accessories, and Tire Retailers",8,"Motor Vehicle Parts, Materials, & Products Sales",Downstream,2033,Forecast,1.0,19433.67265094357,19433.67265094357,0.045,0.007363123025003082
moodys_us,Moody's US,4571,Gasoline Stations,8,"Motor Vehicle Parts, Materials, & Products Sales",Downstream,2033,Forecast,1.0,29427.05568432165,29427.05568432165,0.038,0.006235323320181063
moodys_us,Moody's US,4411,Automobile Dealers,9,"Dealers, Maintenance, & Repair",Downstream,2033,Forecast,1.0,40229.85576480017,40229.85576480017,0.034,0.005588017731095185
moodys_us,Moody's US,8111,Automotive Repair and Maintenance,9,"Dealers, Maintenance, & Repair",Downstream,2033,Forecast,1.0,33813.87056839542,33813.87056839542,0.052,0.008484644669468189
moodys_us,Moody's US,4841,General Freight Trucking,10,Logistics,Downstream,2033,Forecast,1.0,28900.34052708054,28900.34052708054,-0.124,-0.021823216125122613
moodys_us,Moody's US,4842,Specialized Freight Trucking,10,Logistics,Downstream,2033,Forecast,1.0,9690.984219087346,9690.984219087346,-0.115,-0.02015538139193318
moodys_us,Moody's US,3252,"Resin, Synthetic Rubber, and Artificial and Synthetic Fibers and Filaments Manufacturing",1,Materials & Processing - Non-Metals,Upstream,2034,Forecast,0.0885140651080839,471.958460967904,5332.016560211067,-0.021,-0.003531023962762392
moodys_us,Moody's US,3255,"Paint, Coating, and Adhesive Manufacturing",1,Materials & Processing - Coatings & Surface Treatments,Upstream,2034,Forecast,0.5150096802925763,2351.800113337026,4566.5163264522935,0.03,0.004938622031196882
moodys_us,Moody's US,3261,Plastics Product Manufacturing,1,Materials & Processing - Non-Metals,Upstream,2034,Forecast,0.2346645503033676,7732.394709085769,32950.84280556884,-0.025,-0.0042107445144894395
moodys_us,Moody's US,3262,Rubber Product Manufacturing,1,Materials & Processing - Non-Metals,Upstream,2034,Forecast,0.5480013167432982,2375.0896082967024,4334.094710595872,-0.098,-0.017043219251406172
moodys_us,Moody's US,3272,Glass and Glass Product Manufacturing,1,Materials & Processing - Non-Metals,Upstream,2034,Forecast,0.5746759592860471,1411.4899137346274,2456.149227972234,-0.076,-0.013087472296661962
moodys_us,Moody's US,3311,Iron and Steel Mills and Ferroalloy Manufacturing,1,Materials & Processing - Metals,Upstream,2034,Forecast,0.4155561904757487,1057.0437093330402,2543.6841841361706,-0.138,-0.02444623136520041
moodys_us,Moody's US,3312,Steel Product Manufacturing from Purchased Steel,1,Materials & Processing - Metals,Upstream,2034,Forecast,0.4018232314810702,653.1789817015344,1625.5381235524844,-0.11,-0.01923490498096092
moodys_us,Moody's US,3313,Alumina and Aluminum Production and Processing,1,Materials & Processing - Metals,Upstream,2034,Forecast,0.3207778863371143,765.4894743141821,2386.3536325870923,-0.071,-0.01219939989726182
moodys_us,Moody's US,3314,Nonferrous Metal (except Aluminum) Production and Processing,1,Materials & Processing - Metals,Upstream,2034,Forecast,0.2932456097149427,294.54501841131093,1004.4311275371911,-0.128,-0.022569063203438655
moodys_us,Moody's US,3328,"Coating, Engraving, Heat Treating, and Allied Activities",1,Materials & Processing - Coatings & Surface Treatments,Upstream,2034,Forecast,0.2353528305668375,2553.452486343911,10849.465800747017,-0.02,-0.003361455501911359
moodys_us,Moody's US,3335,Metalworking Machinery Manufacturing,2,Equipment Manufacturing,Upstream,2034,Forecast,0.0781138186814543,1943.6568047108624,24882.36828667964,-0.099,-0.01722492862911773
moodys_us,Moody's US,3339,Other General Purpose Machinery Manufacturing,2,Equipment Manufacturing,Upstream,2034,Forecast,0.2191076203234622,3958.3543265543763,18065.799449196576,0.004,0.0006655582639329971
moodys_us,Moody's US,3315,Foundries,3,Forging & Foundries,Upstream,2034,Forecast,0.6718042155478705,4521.124636771836,6729.8247497371885,-0.179,-0.03233761489018061
moodys_us,Moody's US,3321,Forging and Stamping,3,Forging & Foundries,Upstream,2034,Forecast,0.3924501979798644,2633.624244730093,6710.722171339603,-0.024,-0.00404059682712965
moodys_us,Moody's US,3326,Spring and Wire Product Manufacturing,4,Parts & Machining,Upstream,2034,Forecast,0.4020278427245708,1163.0457072576921,2892.9481584550213,0.005,0.0008316025082901746
moodys_us,Moody's US,3327,"Machine Shops; Turned Product; and Screw, Nut, and Bolt Manufacturing",4,Parts & Machining,Upstream,2034,Forecast,0.3798883431259702,8331.17391258028,21930.585824313326,-0.065,-0.01113895554005151
moodys_us,Moody's US,3329,Other Fabricated Metal Product Manufacturing,4,Parts & Machining,Upstream,2034,Forecast,0.1601840236697625,1731.706124986766,10810.729343126468,-0.003,-0.0005006261482738417
moodys_us,Moody's US,3344,Semiconductor and Other Electronic Component Manufacturing,4,Parts & Machining,Upstream,2034,Forecast,0.2236609031791956,2553.6428559643873,11417.47538200016,-0.038,-0.006436004347869617
moodys_us,Moody's US,3336,"Engine, Turbine, and Power Transmission Equipment Manufacturing",5,Component Systems,Upstream,2034,Forecast,0.7169582878623106,3381.088770102864,4715.879329861642,-0.031,-0.005234695494487962
moodys_us,Moody's US,3345,"Navigational, Measuring, Electro medical, and Control Instruments Manufacturing",5,Component Systems,Upstream,2034,Forecast,0.0208760538182582,183.8755622148906,8807.965519521367,-0.004,-0.0006677805015462557
moodys_us,Moody's US,3359,Other Electrical Equipment and Component Manufacturing,5,Component Systems,Upstream,2034,Forecast,0.503516468921238,2138.805072479376,4247.736081128929,-0.027,-0.004551476625899498
moodys_us,Moody's US,5413,"Architectural, Engineering, and Related Services",6,Engineering & Design,OEM,2034,Forecast,0.007242971108885,693.2522588297632,95713.79595582621,0.078,0.012596589090453358
moodys_us,Moody's US,5414,Industrial design,6,Engineering & Design,OEM,2034,Forecast,0.0336712633047057,350.96107409597874,10423.163245167889,-0.002,-0.0003336114510990029
moodys_us,Moody's US,5417,Scientific Research and Development,6,Engineering & Design,OEM,2034,Forecast,0.0026962895876024,82.0208332910274,30419.890232918984,0.1169999999999999,0.018612173578112623
moodys_us,Moody's US,3361,Motor Vehicle Manufacturing,7,Core Automotive,OEM,2034,Forecast,1.0,76076.0329829117,76076.0329829117,0.316,0.046829569527267134
moodys_us,Moody's US,3362,Motor Vehicle Body and Trailer Manufacturing,7,Core Automotive,OEM,2034,Forecast,1.0,8496.76996517932,8496.76996517932,0.043,0.007041538532584823
moodys_us,Moody's US,3363,Motor Vehicle Parts Manufacturing,7,Core Automotive,OEM,2034,Forecast,1.0,106869.68414381807,106869.68414381807,-0.053,-0.009034968120084308
moodys_us,Moody's US,4231,Motor Vehicle and Motor Vehicle Parts and Supplies Merchant Wholesalers,8,"Motor Vehicle Parts, Materials, & Products Sales",Downstream,2034,Forecast,1.0,28357.85628773934,28357.85628773934,0.054,0.008803937035929632
moodys_us,Moody's US,4235,Metal and Mineral (except Petroleum) Merchant Wholesalers,8,"Motor Vehicle Parts, Materials, & Products Sales",Downstream,2034,Forecast,1.0,7040.620446452497,7040.620446452497,0.063,0.010234534790627858
moodys_us,Moody's US,4238,"Machinery, Equipment, and Supplies Merchant Wholesalers",8,"Motor Vehicle Parts, Materials, & Products Sales",Downstream,2034,Forecast,1.0,25473.77659777188,25473.77659777188,0.026,0.004287121315258657
moodys_us,Moody's US,4239,Miscellaneous Durable Goods Merchant Wholesalers,8,"Motor Vehicle Parts, Materials, & Products Sales",Downstream,2034,Forecast,1.0,9411.666606766677,9411.666606766677,0.046,0.007523722976808145
moodys_us,Moody's US,4247,Petroleum and Petroleum Products Merchant Wholesalers,8,"Motor Vehicle Parts, Materials, & Products Sales",Downstream,2034,Forecast,1.0,3530.8718490628353,3530.8718490628353,-0.05,-0.008512444610847103
moodys_us,Moody's US,4413,"Automotive Parts, Accessories, and Tire Retailers",8,"Motor Vehicle Parts, Materials, & Products Sales",Downstream,2034,Forecast,1.0,19576.765173500105,19576.765173500105,0.045,0.007363123025003082
moodys_us,Moody's US,4571,Gasoline Stations,8,"Motor Vehicle Parts, Materials, & Products Sales",Downstream,2034,Forecast,1.0,29610.542890874363,29610.542890874363,0.038,0.006235323320181063
moodys_us,Moody's US,4411,Automobile Dealers,9,"Dealers, Maintenance, & Repair",Downstream,2034,Forecast,1.0,40454.66091213328,40454.66091213328,0.034,0.005588017731095185
moodys_us,Moody's US,8111,Automotive Repair and Maintenance,9,"Dealers, Maintenance, & Repair",Downstream,2034,Forecast,1.0,34100.76924506764,34100.76924506764,0.052,0.008484644669468189
moodys_us,Moody's US,4841,General Freight Trucking,10,Logistics,Downstream,2034,Forecast,1.0,28269.64214966842,28269.64214966842,-0.124,-0.021823216125122613
moodys_us,Moody's US,4842,Specialized Freight Trucking,10,Logistics,Downstream,2034,Forecast,1.0,9495.658736088437,9495.658736088437,-0.115,-0.02015538139193318
dtmb_mi,DTMB MI,3252,"Resin, Synthetic Rubber, and Artificial and Synthetic Fibers and Filaments Manufacturing",1,Materials & Processing - Non-Metals,Upstream,2024,QCEW,0.0885140651080839,488.9516956570555,5524.0,0.008,0.0013289104949067987
dtmb_mi,DTMB MI,3255,"Paint, Coating, and Adhesive Manufacturing",1,Materials & Processing - Coatings & Surface Treatments,Upstream,2024,QCEW,0.5150096802925763,2238.7470802318294,4347.0,0.008,0.0013289104949067987
dtmb_mi,DTMB MI,3261,Plastics Product Manufacturing,1,Materials & Processing - Non-Metals,Upstream,2024,QCEW,0.2346645503033676,8065.655258477048,34371.0,-0.018,-0.0030227506998137255
dtmb_mi,DTMB MI,3262,Rubber Product Manufacturing,1,Materials & Processing - Non-Metals,Upstream,2024,QCEW,0.5480013167432982,2820.562777277756,5147.0,-0.018,-0.0030227506998137255
dtmb_mi,DTMB MI,3272,Glass and Glass Product Manufacturing,1,Materials & Processing - Non-Metals,Upstream,2024,QCEW,0.5746759592860471,1610.242037919504,2802.0,-0.026,-0.0043810376894245495
dtmb_mi,DTMB MI,3311,Iron and Steel Mills and Ferroalloy Manufacturing,1,Materials & Processing - Metals,Upstream,2024,QCEW,0.4155561904757487,1353.8820685699893,3258.0,-0.049,-0.008338575668399018
dtmb_mi,DTMB MI,3312,Steel Product Manufacturing from Purchased Steel,1,Materials & Processing - Metals,Upstream,2024,QCEW,0.4018232314810702,793.1990589436325,1974.0,-0.049,-0.008338575668399018
dtmb_mi,DTMB MI,3313,Alumina and Aluminum Production and Processing,1,Materials & Processing - Metals,Upstream,2024,QCEW,0.3207778863371143,865.4587373375343,2698.0,-0.049,-0.008338575668399018
dtmb_mi,DTMB MI,3314,Nonferrous Metal (except Aluminum) Production and Processing,1,Materials & Processing - Metals,Upstream,2024,QCEW,0.2932456097149427,370.07595946025765,1262.0,-0.049,-0.008338575668399018
dtmb_mi,DTMB MI,3328,"Coating, Engraving, Heat Treating, and Allied Activities",1,Materials & Processing - Coatings & Surface Treatments,Upstream,2024,QCEW,0.2353528305668375,2640.8941117904837,11221.0,-0.026,-0.0043810376894245495
dtmb_mi,DTMB MI,3335,Metalworking Machinery Manufacturing,2,Equipment Manufacturing,Upstream,2024,QCEW,0.0781138186814543,2312.481488245773,29604.0,-0.018,-0.0030227506998137255
dtmb_mi,DTMB MI,3339,Other General Purpose Machinery Manufacturing,2,Equipment Manufacturing,Upstream,2024,QCEW,0.2191076203234622,3932.1053543248527,17946.0,-0.018,-0.0030227506998137255
dtmb_mi,DTMB MI,3315,Foundries,3,Forging & Foundries,Upstream,2024,QCEW,0.6718042155478705,6280.697611157041,9349.0,-0.049,-0.008338575668399018
dtmb_mi,DTMB MI,3321,Forging and Stamping,3,Forging & Foundries,Upstream,2024,QCEW,0.3924501979798644,2742.4419834832925,6988.0,-0.026,-0.0043810376894245495
dtmb_mi,DTMB MI,3326,Spring and Wire Product Manufacturing,4,Parts & Machining,Upstream,2024,QCEW,0.4020278427245708,1153.4178807767937,2869.0,-0.026,-0.0043810376894245495
dtmb_mi,DTMB MI,3327,"Machine Shops; Turned Product; and Screw, Nut, and Bolt Manufacturing",4,Parts & Machining,Upstream,2024,QCEW,0.3798883431259702,9318.66105688005,24530.0,-0.026,-0.0043810376894245495
dtmb_mi,DTMB MI,3329,Other Fabricated Metal Product Manufacturing,4,Parts & Machining,Upstream,2024,QCEW,0.1601840236697625,1740.3994171719696,10865.0,-0.026,-0.0043810376894245495
dtmb_mi,DTMB MI,3344,Semiconductor and Other Electronic Component Manufacturing,4,Parts & Machining,Upstream,2024,QCEW,0.2236609031791956,2723.966139819423,12179.0,0.016,0.0026490607698665958
dtmb_mi,DTMB MI,3336,"Engine, Turbine, and Power Transmission Equipment Manufacturing",5,Component Systems,Upstream,2024,QCEW,0.7169582878623106,3563.282690675684,4970.0,-0.018,-0.0030227506998137255
dtmb_mi,DTMB MI,3345,"Navigational, Measuring, Electro medical, and Control Instruments Manufacturing",5,Component Systems,Upstream,2024,QCEW,0.0208760538182582,185.10796920649545,8867.0,0.016,0.0026490607698665958
dtmb_mi,DTMB MI,3359,Other Electrical Equipment and Component Manufacturing,5,Component Systems,Upstream,2024,QCEW,0.503516468921238,2238.6342208238243,4446.0,0.063,0.010234534790627858
dtmb_mi,DTMB MI,5413,"Architectural, Engineering, and Related Services",6,Engineering & Design,OEM,2024,QCEW,0.007242971108885,611.683396087556,84452.0,0.019,0.0031418844450255
dtmb_mi,DTMB MI,5414,Industrial design,6,Engineering & Design,OEM,2024,QCEW,0.0336712633047057,352.1340716406122,10458.0,0.106,0.016933422698239164
dtmb_mi,DTMB MI,5417,Scientific Research and Development,6,Engineering & Design,OEM,2024,QCEW,0.0026962895876024,68.20803769757791,25297.0,0.044,0.007202394951955071
dtmb_mi,DTMB MI,3361,Motor Vehicle Manufacturing,7,Core Automotive,OEM,2024,QCEW,1.0,48138.0,48138.0,-0.031,-0.005234695494487962
dtmb_mi,DTMB MI,3362,Motor Vehicle Body and Trailer Manufacturing,7,Core Automotive,OEM,2024,QCEW,1.0,7921.0,7921.0,-0.031,-0.005234695494487962
dtmb_mi,DTMB MI,3363,Motor Vehicle Parts Manufacturing,7,Core Automotive,OEM,2024,QCEW,1.0,117023.0,117023.0,-0.031,-0.005234695494487962
dtmb_mi,DTMB MI,4231,Motor Vehicle and Motor Vehicle Parts and Supplies Merchant Wholesalers,8,"Motor Vehicle Parts, Materials, & Products Sales",Downstream,2024,QCEW,1.0,25978.0,25978.0,-0.01,-0.0016736538523104416
dtmb_mi,DTMB MI,4235,Metal and Mineral (except Petroleum) Merchant Wholesalers,8,"Motor Vehicle Parts, Materials, & Products Sales",Downstream,2024,QCEW,1.0,6359.0,6359.0,-0.01,-0.0016736538523104416
dtmb_mi,DTMB MI,4238,"Machinery, Equipment, and Supplies Merchant Wholesalers",8,"Motor Vehicle Parts, Materials, & Products Sales",Downstream,2024,QCEW,1.0,24407.0,24407.0,-0.01,-0.0016736538523104416
dtmb_mi,DTMB MI,4239,Miscellaneous Durable Goods Merchant Wholesalers,8,"Motor Vehicle Parts, Materials, & Products Sales",Downstream,2024,QCEW,1.0,8732.0,8732.0,-0.01,-0.0016736538523104416
dtmb_mi,DTMB MI,4247,Petroleum and Petroleum Products Merchant Wholesalers,8,"Motor Vehicle Parts, Materials, & Products Sales",Downstream,2024,QCEW,1.0,3846.0,3846.0,-0.009,-0.001505656136097322
dtmb_mi,DTMB MI,4413,"Automotive Parts, Accessories, and Tire Retailers",8,"Motor Vehicle Parts, Materials, & Products Sales",Downstream,2024,QCEW,1.0,18192.0,18192.0,-0.002,-0.0003336114510990029
dtmb_mi,DTMB MI,4571,Gasoline Stations,8,"Motor Vehicle Parts, Materials, & Products Sales",Downstream,2024,QCEW,1.0,27826.0,27826.0,-0.038,-0.006436004347869617
dtmb_mi,DTMB MI,4411,Automobile Dealers,9,"Dealers, Maintenance, & Repair",Downstream,2024,QCEW,1.0,38262.0,38262.0,-0.002,-0.0003336114510990029
dtmb_mi,DTMB MI,8111,Automotive Repair and Maintenance,9,"Dealers, Maintenance, & Repair",Downstream,2024,QCEW,1.0,31338.0,31338.0,-0.008,-0.0013377996300605322
dtmb_mi,DTMB MI,4841,General Freight Trucking,10,Logistics,Downstream,2024,QCEW,1.0,35249.0,35249.0,0.013,0.002155022942350149
dtmb_mi,DTMB MI,4842,Specialized Freight Trucking,10,Logistics,Downstream,2024,QCEW,1.0,11640.0,11640.0,0.013,0.002155022942350149
dtmb_mi,DTMB MI,3252,"Resin, Synthetic Rubber, and Artificial and Synthetic Fibers and Filaments Manufacturing",1,Materials & Processing - Non-Metals,Upstream,2025,Forecast,0.0885140651080839,489.60146869691664,5531.340901573865,0.008,0.0013289104949067987
dtmb_mi,DTMB MI,3255,"Paint, Coating, and Adhesive Manufacturing",1,Materials & Processing - Coatings & Surface Treatments,Upstream,2025,Forecast,0.5150096802925763,2241.7221747221915,4352.77677392136,0.008,0.0013289104949067987
dtmb_mi,DTMB MI,3261,Plastics Product Manufacturing,1,Materials & Processing - Non-Metals,Upstream,2025,Forecast,0.2346645503033676,8041.27479340003,34267.1050356967,-0.018,-0.0030227506998137255
dtmb_mi,DTMB MI,3262,Rubber Product Manufacturing,1,Materials & Processing - Non-Metals,Upstream,2025,Forecast,0.5480013167432982,2812.0369191688715,5131.441902148059,-0.018,-0.0030227506998137255
dtmb_mi,DTMB MI,3272,Glass and Glass Product Manufacturing,1,Materials & Processing - Non-Metals,Upstream,2025,Forecast,0.5746759592860471,1603.1875068622828,2789.7243323942325,-0.026,-0.0043810376894245495
dtmb_mi,DTMB MI,3311,Iron and Steel Mills and Ferroalloy Manufacturing,1,Materials & Processing - Metals,Upstream,2025,Forecast,0.4155561904757487,1342.59262049513,3230.832920472356,-0.049,-0.008338575668399018
dtmb_mi,DTMB MI,3312,Steel Product Manufacturing from Purchased Steel,1,Materials & Processing - Metals,Upstream,2025,Forecast,0.4018232314810702,786.5849085705281,1957.5396516305802,-0.049,-0.008338575668399018
dtmb_mi,DTMB MI,3313,Alumina and Aluminum Production and Processing,1,Materials & Processing - Metals,Upstream,2025,Forecast,0.3207778863371143,858.2420441683682,2675.5025228466593,-0.049,-0.008338575668399018
dtmb_mi,DTMB MI,3314,Nonferrous Metal (except Aluminum) Production and Processing,1,Materials & Processing - Metals,Upstream,2025,Forecast,0.2932456097149427,366.99005306924295,1251.4767175064803,-0.049,-0.008338575668399018
dtmb_mi,DTMB MI,3328,"Coating, Engraving, Heat Treating, and Allied Activities",1,Materials & Processing - Coatings & Surface Treatments,Upstream,2025,Forecast,0.2353528305668375,2629.32425515295,11171.840376086968,-0.026,-0.0043810376894245495
dtmb_mi,DTMB MI,3335,Metalworking Machinery Manufacturing,2,Equipment Manufacturing,Upstream,2025,Forecast,0.0781138186814543,2305.491433208872,29514.514488282715,-0.018,-0.0030227506998137255
dtmb_mi,DTMB MI,3339,Other General Purpose Machinery Manufacturing,2,Equipment Manufacturing,Upstream,2025,Forecast,0.2191076203234622,3920.2195801133257,17891.753715941144,-0.018,-0.0030227506998137255
dtmb_mi,DTMB MI,3315,Foundries,3,Forging & Foundries,Upstream,2025,Forecast,0.6718042155478705,6228.325538876075,9271.042656076137,-0.049,-0.008338575668399018
dtmb_mi,DTMB MI,3321,Forging and Stamping,3,Forging & Foundries,Upstream,2025,Forecast,0.3924501979798644,2730.4272417925918,6957.385308626302,-0.026,-0.0043810376894245495
dtmb_mi,DTMB MI,3326,Spring and Wire Product Manufacturing,4,Parts & Machining,Upstream,2025,Forecast,0.4020278427245708,1148.3647135694544,2856.430802869041,-0.026,-0.0043810376894245495
dtmb_mi,DTMB MI,3327,"Machine Shops; Turned Product; and Screw, Nut, and Bolt Manufacturing",4,Parts & Machining,Upstream,2025,Forecast,0.3798883431259702,9277.835651574886,24422.533145478417,-0.026,-0.0043810376894245495
dtmb_mi,DTMB MI,3329,Other Fabricated Metal Product Manufacturing,4,Parts & Machining,Upstream,2025,Forecast,0.1601840236697625,1732.7746617306866,10817.400025504403,-0.026,-0.0043810376894245495
dtmb_mi,DTMB MI,3344,Semiconductor and Other Electronic Component Manufacturing,4,Parts & Machining,Upstream,2025,Forecast,0.2236609031791956,2731.1820916588636,12211.262911116206,0.016,0.0026490607698665958
dtmb_mi,DTMB MI,3336,"Engine, Turbine, and Power Transmission Equipment Manufacturing",5,Component Systems,Upstream,2025,Forecast,0.7169582878623106,3552.51177542881,4954.976929021926,-0.018,-0.0030227506998137255
dtmb_mi,DTMB MI,3345,"Navigational, Measuring, Electro medical, and Control Instruments Manufacturing",5,Component Systems,Upstream,2025,Forecast,0.0208760538182582,185.59833146591006,8890.489221846407,0.016,0.0026490607698665958
dtmb_mi,DTMB MI,3359,Other Electrical Equipment and Component Manufacturing,5,Component Systems,Upstream,2025,Forecast,0.503516468921238,2261.545600640336,4491.502741679132,0.063,0.010234534790627858
dtmb_mi,DTMB MI,5413,"Architectural, Engineering, and Related Services",6,Engineering & Design,OEM,2025,Forecast,0.007242971108885,613.605234635004,84717.33842515129,0.019,0.0031418844450255
dtmb_mi,DTMB MI,5414,Industrial design,6,Engineering & Design,OEM,2025,Forecast,0.0336712633047057,358.0969067221547,10635.089734578185,0.106,0.016933422698239164
dtmb_mi,DTMB MI,5417,Scientific Research and Development,6,Engineering & Design,OEM,2025,Forecast,0.0026962895876024,68.6992989239737,25479.198985099607,0.044,0.007202394951955071
dtmb_mi,DTMB MI,3361,Motor Vehicle Manufacturing,7,Core Automotive,OEM,2025,Forecast,1.0,47886.01222828634,47886.01222828634,-0.031,-0.005234695494487962
dtmb_mi,DTMB MI,3362,Motor Vehicle Body and Trailer Manufacturing,7,Core Automotive,OEM,2025,Forecast,1.0,7879.535976988161,7879.535976988161,-0.031,-0.005234695494487962
dtmb_mi,DTMB MI,3363,Motor Vehicle Parts Manufacturing,7,Core Automotive,OEM,2025,Forecast,1.0,116410.42022914854,116410.42022914854,-0.031,-0.005234695494487962
dtmb_mi,DTMB MI,4231,Motor Vehicle and Motor Vehicle Parts and Supplies Merchant Wholesalers,8,"Motor Vehicle Parts, Materials, & Products Sales",Downstream,2025,Forecast,1.0,25934.52182022468,25934.52182022468,-0.01,-0.0016736538523104416
dtmb_mi,DTMB MI,4235,Metal and Mineral (except Petroleum) Merchant Wholesalers,8,"Motor Vehicle Parts, Materials, & Products Sales",Downstream,2025,Forecast,1.0,6348.3572351531575,6348.3572351531575,-0.01,-0.0016736538523104416
dtmb_mi,DTMB MI,4238,"Machinery, Equipment, and Supplies Merchant Wholesalers",8,"Motor Vehicle Parts, Materials, & Products Sales",Downstream,2025,Forecast,1.0,24366.15113042666,24366.15113042666,-0.01,-0.0016736538523104416
dtmb_mi,DTMB MI,4239,Miscellaneous Durable Goods Merchant Wholesalers,8,"Motor Vehicle Parts, Materials, & Products Sales",Downstream,2025,Forecast,1.0,8717.385654561625,8717.385654561625,-0.01,-0.0016736538523104416
dtmb_mi,DTMB MI,4247,Petroleum and Petroleum Products Merchant Wholesalers,8,"Motor Vehicle Parts, Materials, & Products Sales",Downstream,2025,Forecast,1.0,3840.20924650057,3840.20924650057,-0.009,-0.001505656136097322
dtmb_mi,DTMB MI,4413,"Automotive Parts, Accessories, and Tire Retailers",8,"Motor Vehicle Parts, Materials, & Products Sales",Downstream,2025,Forecast,1.0,18185.93094048161,18185.93094048161,-0.002,-0.0003336114510990029
dtmb_mi,DTMB MI,4571,Gasoline Stations,8,"Motor Vehicle Parts, Materials, & Products Sales",Downstream,2025,Forecast,1.0,27646.91174301618,27646.91174301618,-0.038,-0.006436004347869617
dtmb_mi,DTMB MI,4411,Automobile Dealers,9,"Dealers, Maintenance, & Repair",Downstream,2025,Forecast,1.0,38249.23535865805,38249.23535865805,-0.002,-0.0003336114510990029
dtmb_mi,DTMB MI,8111,Automotive Repair and Maintenance,9,"Dealers, Maintenance, & Repair",Downstream,2025,Forecast,1.0,31296.076035193164,31296.076035193164,-0.008,-0.0013377996300605322
dtmb_mi,DTMB MI,4841,General Freight Trucking,10,Logistics,Downstream,2025,Forecast,1.0,35324.9624036949,35324.9624036949,0.013,0.002155022942350149
dtmb_mi,DTMB MI,4842,Specialized Freight Trucking,10,Logistics,Downstream,2025,Forecast,1.0,11665.084467048955,11665.084467048955,0.013,0.002155022942350149
dtmb_mi,DTMB MI,3252,"Resin, Synthetic Rubber, and Artificial and Synthetic Fibers and Filaments Manufacturing",1,Materials & Processing - Non-Metals,Upstream,2026,Forecast,0.0885140651080839,490.2521052269898,5538.691558548874,0.008,0.0013289104949067987
dtmb_mi,DTMB MI,3255,"Paint, Coating, and Adhesive Manufacturing",1,Materials & Processing - Coatings & Surface Treatments,Upstream,2026,Forecast,0.5150096802925763,2244.701222846845,4358.56122465821,0.008,0.0013289104949067987
dtmb_mi,DTMB MI,3261,Plastics Product Manufacturing,1,Materials & Processing - Non-Metals,Upstream,2026,Forecast,0.2346645503033676,8016.968024390885,34163.52411996946,-0.018,-0.0030227506998137255
dtmb_mi,DTMB MI,3262,Rubber Product Manufacturing,1,Materials & Processing - Non-Metals,Upstream,2026,Forecast,0.5480013167432982,2803.5368326035514,5115.930832547287,-0.018,-0.0030227506998137255
dtmb_mi,DTMB MI,3272,Glass and Glass Product Manufacturing,1,Materials & Processing - Non-Metals,Upstream,2026,Forecast,0.5746759592860471,1596.1638819715045,2777.5024449509083,-0.026,-0.0043810376894245495
dtmb_mi,DTMB MI,3311,Iron and Steel Mills and Ferroalloy Manufacturing,1,Materials & Processing - Metals,Upstream,2026,Forecast,0.4155561904757487,1331.397310337297,3203.8923756930426,-0.049,-0.008338575668399018
dtmb_mi,DTMB MI,3312,Steel Product Manufacturing from Purchased Steel,1,Materials & Processing - Metals,Upstream,2026,Forecast,0.4018232314810702,780.0259107907921,1941.2165591215671,-0.049,-0.008338575668399018
dtmb_mi,DTMB MI,3313,Alumina and Aluminum Production and Processing,1,Materials & Processing - Metals,Upstream,2026,Forecast,0.3207778863371143,851.0855279412688,2653.19264260891,-0.049,-0.008338575668399018
dtmb_mi,DTMB MI,3314,Nonferrous Metal (except Aluminum) Production and Processing,1,Materials & Processing - Metals,Upstream,2026,Forecast,0.2932456097149427,363.9298787421753,1241.041184200313,-0.049,-0.008338575668399018
dtmb_mi,DTMB MI,3328,"Coating, Engraving, Heat Treating, and Allied Activities",1,Materials & Processing - Coatings & Surface Treatments,Upstream,2026,Forecast,0.2353528305668375,2617.805086493407,11122.896122339094,-0.026,-0.0043810376894245495
dtmb_mi,DTMB MI,3335,Metalworking Machinery Manufacturing,2,Equipment Manufacturing,Upstream,2026,Forecast,0.0781138186814543,2298.5225073657252,29425.299468958594,-0.018,-0.0030227506998137255
dtmb_mi,DTMB MI,3339,Other General Purpose Machinery Manufacturing,2,Equipment Manufacturing,Upstream,2026,Forecast,0.2191076203234622,3908.3697336341147,17837.671404875386,-0.018,-0.0030227506998137255
dtmb_mi,DTMB MI,3315,Foundries,3,Forging & Foundries,Upstream,2026,Forecast,0.6718042155478705,6176.3901750827345,9193.735365363491,-0.049,-0.008338575668399018
dtmb_mi,DTMB MI,3321,Forging and Stamping,3,Forging & Foundries,Upstream,2026,Forecast,0.3924501979798644,2718.465137138067,6926.904741369361,-0.026,-0.0043810376894245495
dtmb_mi,DTMB MI,3326,Spring and Wire Product Manufacturing,4,Parts & Machining,Upstream,2026,Forecast,0.4020278427245708,1143.3336844781013,2843.9166718644383,-0.026,-0.0043810376894245495
dtmb_mi,DTMB MI,3327,"Machine Shops; Turned Product; and Screw, Nut, and Bolt Manufacturing",4,Parts & Machining,Upstream,2026,Forecast,0.3798883431259702,9237.18910390905,24315.537107296856,-0.026,-0.0043810376894245495
dtmb_mi,DTMB MI,3329,Other Fabricated Metal Product Manufacturing,4,Parts & Machining,Upstream,2026,Forecast,0.1601840236697625,1725.1833106303648,10770.008588291084,-0.026,-0.0043810376894245495
dtmb_mi,DTMB MI,3344,Semiconductor and Other Electronic Component Manufacturing,4,Parts & Machining,Upstream,2026,Forecast,0.2236609031791956,2738.4171589932394,12243.611288644572,0.016,0.0026490607698665958
dtmb_mi,DTMB MI,3336,"Engine, Turbine, and Power Transmission Equipment Manufacturing",5,Component Systems,Upstream,2026,Forecast,0.7169582878623106,3541.7734179735357,4939.999269042163,-0.018,-0.0030227506998137255
dtmb_mi,DTMB MI,3345,"Navigational, Measuring, Electro medical, and Control Instruments Manufacturing",5,Component Systems,Upstream,2026,Forecast,0.0208760538182582,186.0899927247491,8914.040668068923,0.016,0.0026490607698665958
dtmb_mi,DTMB MI,3359,Other Electrical Equipment and Component Manufacturing,5,Component Systems,Upstream,2026,Forecast,0.503516468921238,2284.691467770681,4537.471182751047,0.063,0.010234534790627858
dtmb_mi,DTMB MI,5413,"Architectural, Engineering, and Related Services",6,Engineering & Design,OEM,2026,Forecast,0.007242971108885,615.5331113770898,84983.51051297323,0.019,0.0031418844450255
dtmb_mi,DTMB MI,5414,Industrial design,6,Engineering & Design,OEM,2026,Forecast,0.0336712633047057,364.1607130106129,10815.178204487502,0.106,0.016933422698239164
dtmb_mi,DTMB MI,5417,Scientific Research and Development,6,Engineering & Design,OEM,2026,Forecast,0.0026962895876024,69.1940984077466,25662.710239249747,0.044,0.007202394951955071
dtmb_mi,DTMB MI,3361,Motor Vehicle Manufacturing,7,Core Automotive,OEM,2026,Forecast,1.0,47635.34353582593,47635.34353582593,-0.031,-0.005234695494487962
dtmb_mi,DTMB MI,3362,Motor Vehicle Body and Trailer Manufacturing,7,Core Automotive,OEM,2026,Forecast,1.0,7838.289005510765,7838.289005510765,-0.031,-0.005234695494487962
dtmb_mi,DTMB MI,3363,Motor Vehicle Parts Manufacturing,7,Core Automotive,OEM,2026,Forecast,1.0,115801.04712686356,115801.04712686356,-0.031,-0.005234695494487962
dtmb_mi,DTMB MI,4231,Motor Vehicle and Motor Vehicle Parts and Supplies Merchant Wholesalers,8,"Motor Vehicle Parts, Materials, & Products Sales",Downstream,2026,Forecast,1.0,25891.116407872432,25891.116407872432,-0.01,-0.0016736538523104416
dtmb_mi,DTMB MI,4235,Metal and Mineral (except Petroleum) Merchant Wholesalers,8,"Motor Vehicle Parts, Materials, & Products Sales",Downstream,2026,Forecast,1.0,6337.732282610701,6337.732282610701,-0.01,-0.0016736538523104416
dtmb_mi,DTMB MI,4238,"Machinery, Equipment, and Supplies Merchant Wholesalers",8,"Motor Vehicle Parts, Materials, & Products Sales",Downstream,2026,Forecast,1.0,24325.370627721244,24325.370627721244,-0.01,-0.0016736538523104416
dtmb_mi,DTMB MI,4239,Miscellaneous Durable Goods Merchant Wholesalers,8,"Motor Vehicle Parts, Materials, & Products Sales",Downstream,2026,Forecast,1.0,8702.795768478793,8702.795768478793,-0.01,-0.0016736538523104416
dtmb_mi,DTMB MI,4247,Petroleum and Petroleum Products Merchant Wholesalers,8,"Motor Vehicle Parts, Materials, & Products Sales",Downstream,2026,Forecast,1.0,3834.4272118846784,3834.4272118846784,-0.009,-0.001505656136097322
dtmb_mi,DTMB MI,4413,"Automotive Parts, Accessories, and Tire Retailers",8,"Motor Vehicle Parts, Materials, & Products Sales",Downstream,2026,Forecast,1.0,18179.863905670965,18179.863905670965,-0.002,-0.0003336114510990029
dtmb_mi,DTMB MI,4571,Gasoline Stations,8,"Motor Vehicle Parts, Materials, & Products Sales",Downstream,2026,Forecast,1.0,27468.97609883296,27468.97609883296,-0.038,-0.006436004347869617
dtmb_mi,DTMB MI,4411,Automobile Dealers,9,"Dealers, Maintenance, & Repair",Downstream,2026,Forecast,1.0,38236.47497574662,38236.47497574662,-0.002,-0.0003336114510990029
dtmb_mi,DTMB MI,8111,Automotive Repair and Maintenance,9,"Dealers, Maintenance, & Repair",Downstream,2026,Forecast,1.0,31254.208156250934,31254.208156250934,-0.008,-0.0013377996300605322
dtmb_mi,DTMB MI,4841,General Freight Trucking,10,Logistics,Downstream,2026,Forecast,1.0,35401.08850811252,35401.08850811252,0.013,0.002155022942350149
dtmb_mi,DTMB MI,4842,Specialized Freight Trucking,10,Logistics,Downstream,2026,Forecast,1.0,11690.222991699899,11690.222991699899,0.013,0.002155022942350149
dtmb_mi,DTMB MI,3252,"Resin, Synthetic Rubber, and Artificial and Synthetic Fibers and Filaments Manufacturing",1,Materials & Processing - Non-Metals,Upstream,2027,Forecast,0.0885140651080839,490.90360639477603,5546.0519838890805,0.008,0.0013289104949067987
dtmb_mi,DTMB MI,3255,"Paint, Coating, and Adhesive Manufacturing",1,Materials & Processing - Coatings & Surface Treatments,Upstream,2027,Forecast,0.5150096802925763,2247.6842298598162,4364.353362412352,0.008,0.0013289104949067987
dtmb_mi,DTMB MI,3261,Plastics Product Manufacturing,1,Materials & Processing - Non-Metals,Upstream,2027,Forecast,0.2346645503033676,7992.7347286847735,34060.25630352772,-0.018,-0.0030227506998137255
dtmb_mi,DTMB MI,3262,Rubber Product Manufacturing,1,Materials & Processing - Non-Metals,Upstream,2027,Forecast,0.5480013167432982,2795.0624396808453,5100.466649043006,-0.018,-0.0030227506998137255
dtmb_mi,DTMB MI,3272,Glass and Glass Product Manufacturing,1,Materials & Processing - Non-Metals,Upstream,2027,Forecast,0.5746759592860471,1589.1710278460891,2765.3341020571097,-0.026,-0.0043810376894245495
dtmb_mi,DTMB MI,3311,Iron and Steel Mills and Ferroalloy Manufacturing,1,Materials & Processing - Metals,Upstream,2027,Forecast,0.4155561904757487,1320.2953531203466,3177.1764766849196,-0.049,-0.008338575668399018
dtmb_mi,DTMB MI,3312,Steel Product Manufacturing from Purchased Steel,1,Materials & Processing - Metals,Upstream,2027,Forecast,0.4018232314810702,773.5216057103512,1925.029577954583,-0.049,-0.008338575668399018
dtmb_mi,DTMB MI,3313,Alumina and Aluminum Production and Processing,1,Materials & Processing - Metals,Upstream,2027,Forecast,0.3207778863371143,843.9886868662512,2631.0687949956764,-0.049,-0.008338575668399018
dtmb_mi,DTMB MI,3314,Nonferrous Metal (except Aluminum) Production and Processing,1,Materials & Processing - Metals,Upstream,2027,Forecast,0.2932456097149427,360.8952219102924,1230.6926683782592,-0.049,-0.008338575668399018
dtmb_mi,DTMB MI,3328,"Coating, Engraving, Heat Treating, and Allied Activities",1,Materials & Processing - Coatings & Surface Treatments,Upstream,2027,Forecast,0.2353528305668375,2606.336383745912,11074.166295211573,-0.026,-0.0043810376894245495
dtmb_mi,DTMB MI,3335,Metalworking Machinery Manufacturing,2,Equipment Manufacturing,Upstream,2027,Forecast,0.0781138186814543,2291.574646848048,29336.35412439657,-0.018,-0.0030227506998137255
dtmb_mi,DTMB MI,3339,Other General Purpose Machinery Manufacturing,2,Equipment Manufacturing,Upstream,2027,Forecast,0.2191076203234622,3896.5557062866415,17783.75257115325,-0.018,-0.0030227506998137255
dtmb_mi,DTMB MI,3315,Foundries,3,Forging & Foundries,Upstream,2027,Forecast,0.6718042155478705,6124.887878250252,9117.072707344172,-0.049,-0.008338575668399018
dtmb_mi,DTMB MI,3321,Forging and Stamping,3,Forging & Foundries,Upstream,2027,Forecast,0.3924501979798644,2706.5554389148783,6896.557710626367,-0.026,-0.0043810376894245495
dtmb_mi,DTMB MI,3326,Spring and Wire Product Manufacturing,4,Parts & Machining,Upstream,2027,Forecast,0.4020278427245708,1138.3246965148141,2831.4573657394176,-0.026,-0.0043810376894245495
dtmb_mi,DTMB MI,3327,"Machine Shops; Turned Product; and Screw, Nut, and Bolt Manufacturing",4,Parts & Machining,Upstream,2027,Forecast,0.3798883431259702,9196.72063030048,24209.009822791184,-0.026,-0.0043810376894245495
dtmb_mi,DTMB MI,3329,Other Fabricated Metal Product Manufacturing,4,Parts & Machining,Upstream,2027,Forecast,0.1601840236697625,1717.6252175253267,10722.824774750356,-0.026,-0.0043810376894245495
dtmb_mi,DTMB MI,3344,Semiconductor and Other Electronic Component Manufacturing,4,Parts & Machining,Upstream,2027,Forecast,0.2236609031791956,2745.6713924606574,12276.045358990814,0.016,0.0026490607698665958
dtmb_mi,DTMB MI,3336,"Engine, Turbine, and Power Transmission Equipment Manufacturing",5,Component Systems,Upstream,2027,Forecast,0.7169582878623106,3531.0675198957747,4925.066882794587,-0.018,-0.0030227506998137255
dtmb_mi,DTMB MI,3345,"Navigational, Measuring, Electro medical, and Control Instruments Manufacturing",5,Component Systems,Upstream,2027,Forecast,0.0208760538182582,186.58295642414097,8937.654503503698,0.016,0.0026490607698665958
dtmb_mi,DTMB MI,3359,Other Electrical Equipment and Component Manufacturing,5,Component Systems,Upstream,2027,Forecast,0.503516468921238,2308.0742220834304,4583.910089432384,0.063,0.010234534790627858
dtmb_mi,DTMB MI,5413,"Architectural, Engineering, and Related Services",6,Engineering & Design,OEM,2027,Forecast,0.007242971108885,617.4670452851236,85250.5188827376,0.019,0.0031418844450255
dtmb_mi,DTMB MI,5414,Industrial design,6,Engineering & Design,OEM,2027,Forecast,0.0336712633047057,370.3272002941138,10998.316188580873,0.106,0.016933422698239164
dtmb_mi,DTMB MI,5417,Scientific Research and Development,6,Engineering & Design,OEM,2027,Forecast,0.0026962895876024,69.69246163282362,25847.543213930407,0.044,0.007202394951955071
dtmb_mi,DTMB MI,3361,Motor Vehicle Manufacturing,7,Core Automotive,OEM,2027,Forecast,1.0,47385.98701764056,47385.98701764056,-0.031,-0.005234695494487962
dtmb_mi,DTMB MI,3362,Motor Vehicle Body and Trailer Manufacturing,7,Core Automotive,OEM,2027,Forecast,1.0,7797.257949369124,7797.257949369124,-0.031,-0.005234695494487962
dtmb_mi,DTMB MI,3363,Motor Vehicle Parts Manufacturing,7,Core Automotive,OEM,2027,Forecast,1.0,115194.86390721159,115194.86390721159,-0.031,-0.005234695494487962
dtmb_mi,DTMB MI,4231,Motor Vehicle and Motor Vehicle Parts and Supplies Merchant Wholesalers,8,"Motor Vehicle Parts, Materials, & Products Sales",Downstream,2027,Forecast,1.0,25847.783641155776,25847.783641155776,-0.01,-0.0016736538523104416
dtmb_mi,DTMB MI,4235,Metal and Mineral (except Petroleum) Merchant Wholesalers,8,"Motor Vehicle Parts, Materials, & Products Sales",Downstream,2027,Forecast,1.0,6327.125112560997,6327.125112560997,-0.01,-0.0016736538523104416
dtmb_mi,DTMB MI,4238,"Machinery, Equipment, and Supplies Merchant Wholesalers",8,"Motor Vehicle Parts, Materials, & Products Sales",Downstream,2027,Forecast,1.0,24284.658377461277,24284.658377461277,-0.01,-0.0016736538523104416
dtmb_mi,DTMB MI,4239,Miscellaneous Durable Goods Merchant Wholesalers,8,"Motor Vehicle Parts, Materials, & Products Sales",Downstream,2027,Forecast,1.0,8688.230300815007,8688.230300815007,-0.01,-0.0016736538523104416
dtmb_mi,DTMB MI,4247,Petroleum and Petroleum Products Merchant Wholesalers,8,"Motor Vehicle Parts, Materials, & Products Sales",Downstream,2027,Forecast,1.0,3828.653883024686,3828.653883024686,-0.009,-0.001505656136097322
dtmb_mi,DTMB MI,4413,"Automotive Parts, Accessories, and Tire Retailers",8,"Motor Vehicle Parts, Materials, & Products Sales",Downstream,2027,Forecast,1.0,18173.798894892614,18173.798894892614,-0.002,-0.0003336114510990029
dtmb_mi,DTMB MI,4571,Gasoline Stations,8,"Motor Vehicle Parts, Materials, & Products Sales",Downstream,2027,Forecast,1.0,27292.185649229345,27292.185649229345,-0.038,-0.006436004347869617
dtmb_mi,DTMB MI,4411,Automobile Dealers,9,"Dealers, Maintenance, & Repair",Downstream,2027,Forecast,1.0,38223.71884984505,38223.71884984505,-0.002,-0.0003336114510990029
dtmb_mi,DTMB MI,8111,Automotive Repair and Maintenance,9,"Dealers, Maintenance, & Repair",Downstream,2027,Forecast,1.0,31212.39628814167,31212.39628814167,-0.008,-0.0013377996300605322
dtmb_mi,DTMB MI,4841,General Freight Trucking,10,Logistics,Downstream,2027,Forecast,1.0,35477.37866603168,35477.37866603168,0.013,0.002155022942350149
dtmb_mi,DTMB MI,4842,Specialized Freight Trucking,10,Logistics,Downstream,2027,Forecast,1.0,11715.415690448202,11715.415690448202,0.013,0.002155022942350149
dtmb_mi,DTMB MI,3252,"Resin, Synthetic Rubber, and Artificial and Synthetic Fibers and Filaments Manufacturing",1,Materials & Processing - Non-Metals,Upstream,2028,Forecast,0.0885140651080839,491.5559733493016,5553.4221905757695,0.008,0.0013289104949067987
dtmb_mi,DTMB MI,3255,"Paint, Coating, and Adhesive Manufacturing",1,Materials & Processing - Coatings & Surface Treatments,Upstream,2028,Forecast,0.5150096802925763,2250.671201022113,4370.153197399144,0.008,0.0013289104949067987
dtmb_mi,DTMB MI,3261,Plastics Product Manufacturing,1,Materials & Processing - Non-Metals,Upstream,2028,Forecast,0.2346645503033676,7968.574684190217,33957.300639950394,-0.018,-0.0030227506998137255
dtmb_mi,DTMB MI,3262,Rubber Product Manufacturing,1,Materials & Processing - Non-Metals,Upstream,2028,Forecast,0.5480013167432982,2786.6136627352776,5085.049209910235,-0.018,-0.0030227506998137255
dtmb_mi,DTMB MI,3272,Glass and Glass Product Manufacturing,1,Materials & Processing - Non-Metals,Upstream,2028,Forecast,0.5746759592860471,1582.208809678154,2753.2190691321466,-0.026,-0.0043810376894245495
dtmb_mi,DTMB MI,3311,Iron and Steel Mills and Ferroalloy Manufacturing,1,Materials & Processing - Metals,Upstream,2028,Forecast,0.4155561904757487,1309.285970413717,3150.683350222225,-0.049,-0.008338575668399018
dtmb_mi,DTMB MI,3312,Steel Product Manufacturing from Purchased Steel,1,Materials & Processing - Metals,Upstream,2028,Forecast,0.4018232314810702,767.0715372699939,1908.9775731549023,-0.049,-0.008338575668399018
dtmb_mi,DTMB MI,3313,Alumina and Aluminum Production and Processing,1,Materials & Processing - Metals,Upstream,2028,Forecast,0.3207778863371143,836.9510233375443,2609.129428759841,-0.049,-0.008338575668399018
dtmb_mi,DTMB MI,3314,Nonferrous Metal (except Aluminum) Production and Processing,1,Materials & Processing - Metals,Upstream,2028,Forecast,0.2932456097149427,357.8858697940297,1220.4304444384431,-0.049,-0.008338575668399018
dtmb_mi,DTMB MI,3328,"Coating, Engraving, Heat Treating, and Allied Activities",1,Materials & Processing - Coatings & Surface Treatments,Upstream,2028,Forecast,0.2353528305668375,2594.917925817403,11025.649955293296,-0.026,-0.0043810376894245495
dtmb_mi,DTMB MI,3335,Metalworking Machinery Manufacturing,2,Equipment Manufacturing,Upstream,2028,Forecast,0.0781138186814543,2284.6477879806125,29247.67763943707,-0.018,-0.0030227506998137255
dtmb_mi,DTMB MI,3339,Other General Purpose Machinery Manufacturing,2,Equipment Manufacturing,Upstream,2028,Forecast,0.2191076203234622,3884.777389798601,17729.996720623487,-0.018,-0.0030227506998137255
dtmb_mi,DTMB MI,3315,Foundries,3,Forging & Foundries,Upstream,2028,Forecast,0.6718042155478705,6073.815037217001,9041.049306699688,-0.049,-0.008338575668399018
dtmb_mi,DTMB MI,3321,Forging and Stamping,3,Forging & Foundries,Upstream,2028,Forecast,0.3924501979798644,2694.6979175284755,6866.343631368823,-0.026,-0.0043810376894245495
dtmb_mi,DTMB MI,3326,Spring and Wire Product Manufacturing,4,Parts & Machining,Upstream,2028,Forecast,0.4020278427245708,1133.33765311658,2819.0526443041144,-0.026,-0.0043810376894245495
dtmb_mi,DTMB MI,3327,"Machine Shops; Turned Product; and Screw, Nut, and Bolt Manufacturing",4,Parts & Machining,Upstream,2028,Forecast,0.3798883431259702,9156.429450600028,24102.94923833389,-0.026,-0.0043810376894245495
dtmb_mi,DTMB MI,3329,Other Fabricated Metal Product Manufacturing,4,Parts & Machining,Upstream,2028,Forecast,0.1601840236697625,1710.1002367110425,10675.84767527508,-0.026,-0.0043810376894245495
dtmb_mi,DTMB MI,3344,Semiconductor and Other Electronic Component Manufacturing,4,Parts & Machining,Upstream,2028,Forecast,0.2236609031791956,2752.9448428333703,12308.565349160419,0.016,0.0026490607698665958
dtmb_mi,DTMB MI,3336,"Engine, Turbine, and Power Transmission Equipment Manufacturing",5,Component Systems,Upstream,2028,Forecast,0.7169582878623106,3520.3939830789204,4910.179633427991,-0.018,-0.0030227506998137255
dtmb_mi,DTMB MI,3345,"Navigational, Measuring, Electro medical, and Control Instruments Manufacturing",5,Component Systems,Upstream,2028,Forecast,0.0208760538182582,187.0772260143299,8961.330893423552,0.016,0.0026490607698665958
dtmb_mi,DTMB MI,3359,Other Electrical Equipment and Component Manufacturing,5,Component Systems,Upstream,2028,Forecast,0.503516468921238,2331.696288008695,4630.82427671979,0.063,0.010234534790627858
dtmb_mi,DTMB MI,5413,"Architectural, Engineering, and Related Services",6,Engineering & Design,OEM,2028,Forecast,0.007242971108885,619.4070553900208,85518.36616194563,0.019,0.0031418844450255
dtmb_mi,DTMB MI,5414,Industrial design,6,Engineering & Design,OEM,2028,Forecast,0.0336712633047057,376.5981073133495,11184.555325570998,0.106,0.016933422698239164
dtmb_mi,DTMB MI,5417,Scientific Research and Development,6,Engineering & Design,OEM,2028,Forecast,0.0026962895876024,70.19441426667719,26033.70742869486,0.044,0.007202394951955071
dtmb_mi,DTMB MI,3361,Motor Vehicle Manufacturing,7,Core Automotive,OEM,2028,Forecast,1.0,47137.93580489745,47137.93580489745,-0.031,-0.005234695494487962
dtmb_mi,DTMB MI,3362,Motor Vehicle Body and Trailer Manufacturing,7,Core Automotive,OEM,2028,Forecast,1.0,7756.441678312201,7756.441678312201,-0.031,-0.005234695494487962
dtmb_mi,DTMB MI,3363,Motor Vehicle Parts Manufacturing,7,Core Automotive,OEM,2028,Forecast,1.0,114591.85387212835,114591.85387212835,-0.031,-0.005234695494487962
dtmb_mi,DTMB MI,4231,Motor Vehicle and Motor Vehicle Parts and Supplies Merchant Wholesalers,8,"Motor Vehicle Parts, Materials, & Products Sales",Downstream,2028,Forecast,1.0,25804.52339849107,25804.52339849107,-0.01,-0.0016736538523104416
dtmb_mi,DTMB MI,4235,Metal and Mineral (except Petroleum) Merchant Wholesalers,8,"Motor Vehicle Parts, Materials, & Products Sales",Downstream,2028,Forecast,1.0,6316.53569524231,6316.53569524231,-0.01,-0.0016736538523104416
dtmb_mi,DTMB MI,4238,"Machinery, Equipment, and Supplies Merchant Wholesalers",8,"Motor Vehicle Parts, Materials, & Products Sales",Downstream,2028,Forecast,1.0,24244.014265415797,24244.014265415797,-0.01,-0.0016736538523104416
dtmb_mi,DTMB MI,4239,Miscellaneous Durable Goods Merchant Wholesalers,8,"Motor Vehicle Parts, Materials, & Products Sales",Downstream,2028,Forecast,1.0,8673.689210702289,8673.689210702289,-0.01,-0.0016736538523104416
dtmb_mi,DTMB MI,4247,Petroleum and Petroleum Products Merchant Wholesalers,8,"Motor Vehicle Parts, Materials, & Products Sales",Downstream,2028,Forecast,1.0,3822.889246812717,3822.889246812717,-0.009,-0.001505656136097322
dtmb_mi,DTMB MI,4413,"Automotive Parts, Accessories, and Tire Retailers",8,"Motor Vehicle Parts, Materials, & Products Sales",Downstream,2028,Forecast,1.0,18167.735907471306,18167.735907471306,-0.002,-0.0003336114510990029
dtmb_mi,DTMB MI,4571,Gasoline Stations,8,"Motor Vehicle Parts, Materials, & Products Sales",Downstream,2028,Forecast,1.0,27116.53302372804,27116.53302372804,-0.038,-0.006436004347869617
dtmb_mi,DTMB MI,4411,Automobile Dealers,9,"Dealers, Maintenance, & Repair",Downstream,2028,Forecast,1.0,38210.96697953316,38210.96697953316,-0.002,-0.0003336114510990029
dtmb_mi,DTMB MI,8111,Automotive Repair and Maintenance,9,"Dealers, Maintenance, & Repair",Downstream,2028,Forecast,1.0,31170.640355934087,31170.640355934087,-0.008,-0.0013377996300605322
dtmb_mi,DTMB MI,4841,General Freight Trucking,10,Logistics,Downstream,2028,Forecast,1.0,35553.83323099142,35553.83323099142,0.013,0.002155022942350149
dtmb_mi,DTMB MI,4842,Specialized Freight Trucking,10,Logistics,Downstream,2028,Forecast,1.0,11740.662680040286,11740.662680040286,0.013,0.002155022942350149
dtmb_mi,DTMB MI,3252,"Resin, Synthetic Rubber, and Artificial and Synthetic Fibers and Filaments Manufacturing",1,Materials & Processing - Non-Metals,Upstream,2029,Forecast,0.0885140651080839,492.20920724111966,5560.802191607474,0.008,0.0013289104949067987
dtmb_mi,DTMB MI,3255,"Paint, Coating, and Adhesive Manufacturing",1,Materials & Processing - Coatings & Surface Treatments,Upstream,2029,Forecast,0.5150096802925763,2253.662141601736,4375.960739847518,0.008,0.0013289104949067987
dtmb_mi,DTMB MI,3261,Plastics Product Manufacturing,1,Materials & Processing - Non-Metals,Upstream,2029,Forecast,0.2346645503033676,7944.487669487063,33854.6561856772,-0.018,-0.0030227506998137255
dtmb_mi,DTMB MI,3262,Rubber Product Manufacturing,1,Materials & Processing - Non-Metals,Upstream,2029,Forecast,0.5480013167432982,2778.1904243361337,5069.678373852392,-0.018,-0.0030227506998137255
dtmb_mi,DTMB MI,3272,Glass and Glass Product Manufacturing,1,Materials & Processing - Non-Metals,Upstream,2029,Forecast,0.5746759592860471,1575.2770932504143,2741.1571126230365,-0.026,-0.0043810376894245495
dtmb_mi,DTMB MI,3311,Iron and Steel Mills and Ferroalloy Manufacturing,1,Materials & Processing - Metals,Upstream,2029,Forecast,0.4155561904757487,1298.368390277849,3124.4111386992317,-0.049,-0.008338575668399018
dtmb_mi,DTMB MI,3312,Steel Product Manufacturing from Purchased Steel,1,Materials & Processing - Metals,Upstream,2029,Forecast,0.4018232314810702,760.6752532133929,1893.0594192118735,-0.049,-0.008338575668399018
dtmb_mi,DTMB MI,3313,Alumina and Aluminum Production and Processing,1,Materials & Processing - Metals,Upstream,2029,Forecast,0.3207778863371143,829.9720438987001,2587.3730055894807,-0.049,-0.008338575668399018
dtmb_mi,DTMB MI,3314,Nonferrous Metal (except Aluminum) Production and Processing,1,Materials & Processing - Metals,Upstream,2029,Forecast,0.2932456097149427,354.9016113881014,1210.2537928294753,-0.049,-0.008338575668399018
dtmb_mi,DTMB MI,3328,"Coating, Engraving, Heat Treating, and Allied Activities",1,Materials & Processing - Coatings & Surface Treatments,Upstream,2029,Forecast,0.2353528305668375,2583.549492583433,10977.346167288755,-0.026,-0.0043810376894245495
dtmb_mi,DTMB MI,3335,Metalworking Machinery Manufacturing,2,Equipment Manufacturing,Upstream,2029,Forecast,0.0781138186814543,2277.741867280666,29159.269201384534,-0.018,-0.0030227506998137255
dtmb_mi,DTMB MI,3339,Other General Purpose Machinery Manufacturing,2,Equipment Manufacturing,Upstream,2029,Forecast,0.2191076203234622,3873.0346762249665,17676.403360628527,-0.018,-0.0030227506998137255
dtmb_mi,DTMB MI,3315,Foundries,3,Forging & Foundries,Upstream,2029,Forecast,0.6718042155478705,6023.168070933308,8965.659832934045,-0.049,-0.008338575668399018
dtmb_mi,DTMB MI,3321,Forging and Stamping,3,Forging & Foundries,Upstream,2029,Forecast,0.3924501979798644,2682.8923443901695,6836.261921131256,-0.026,-0.0043810376894245495
dtmb_mi,DTMB MI,3326,Spring and Wire Product Manufacturing,4,Parts & Machining,Upstream,2029,Forecast,0.4020278427245708,1128.3724581434324,2806.702268420946,-0.026,-0.0043810376894245495
dtmb_mi,DTMB MI,3327,"Machine Shops; Turned Product; and Screw, Nut, and Bolt Manufacturing",4,Parts & Machining,Upstream,2029,Forecast,0.3798883431259702,9116.314788076392,23997.35330929446,-0.026,-0.0043810376894245495
dtmb_mi,DTMB MI,3329,Other Fabricated Metal Product Manufacturing,4,Parts & Machining,Upstream,2029,Forecast,0.1601840236697625,1702.6082231213175,10629.076384243144,-0.026,-0.0043810376894245495
dtmb_mi,DTMB MI,3344,Semiconductor and Other Electronic Component Manufacturing,4,Parts & Machining,Upstream,2029,Forecast,0.2236609031791956,2760.2375610181266,12341.17148676022,0.016,0.0026490607698665958
dtmb_mi,DTMB MI,3336,"Engine, Turbine, and Power Transmission Equipment Manufacturing",5,Component Systems,Upstream,2029,Forecast,0.7169582878623106,3509.752709702949,4895.337384504835,-0.018,-0.0030227506998137255
dtmb_mi,DTMB MI,3345,"Navigational, Measuring, Electro medical, and Control Instruments Manufacturing",5,Component Systems,Upstream,2029,Forecast,0.0208760538182582,187.57280495469993,8985.070003539115,0.016,0.0026490607698665958
dtmb_mi,DTMB MI,3359,Other Electrical Equipment and Component Manufacturing,5,Component Systems,Upstream,2029,Forecast,0.503516468921238,2355.5601147894977,4678.218608889163,0.063,0.010234534790627858
dtmb_mi,DTMB MI,5413,"Architectural, Engineering, and Related Services",6,Engineering & Design,OEM,2029,Forecast,0.007242971108885,621.3531607824898,85787.05498635385,0.019,0.0031418844450255
dtmb_mi,DTMB MI,5414,Industrial design,6,Engineering & Design,OEM,2029,Forecast,0.0336712633047057,382.97520225184326,11373.948128590735,0.106,0.016933422698239164
dtmb_mi,DTMB MI,5417,Scientific Research and Development,6,Engineering & Design,OEM,2029,Forecast,0.0026962895876024,70.69998216164694,26221.212471659965,0.044,0.007202394951955071
dtmb_mi,DTMB MI,3361,Motor Vehicle Manufacturing,7,Core Automotive,OEM,2029,Forecast,1.0,46891.18306472009,46891.18306472009,-0.031,-0.005234695494487962
dtmb_mi,DTMB MI,3362,Motor Vehicle Body and Trailer Manufacturing,7,Core Automotive,OEM,2029,Forecast,1.0,7715.839068005481,7715.839068005481,-0.031,-0.005234695494487962
dtmb_mi,DTMB MI,3363,Motor Vehicle Parts Manufacturing,7,Core Automotive,OEM,2029,Forecast,1.0,113992.00041095889,113992.00041095889,-0.031,-0.005234695494487962
dtmb_mi,DTMB MI,4231,Motor Vehicle and Motor Vehicle Parts and Supplies Merchant Wholesalers,8,"Motor Vehicle Parts, Materials, & Products Sales",Downstream,2029,Forecast,1.0,25761.33555849815,25761.33555849815,-0.01,-0.0016736538523104416
dtmb_mi,DTMB MI,4235,Metal and Mineral (except Petroleum) Merchant Wholesalers,8,"Motor Vehicle Parts, Materials, & Products Sales",Downstream,2029,Forecast,1.0,6305.96400094271,6305.96400094271,-0.01,-0.0016736538523104416
dtmb_mi,DTMB MI,4238,"Machinery, Equipment, and Supplies Merchant Wholesalers",8,"Motor Vehicle Parts, Materials, & Products Sales",Downstream,2029,Forecast,1.0,24203.438177545013,24203.438177545013,-0.01,-0.0016736538523104416
dtmb_mi,DTMB MI,4239,Miscellaneous Durable Goods Merchant Wholesalers,8,"Motor Vehicle Parts, Materials, & Products Sales",Downstream,2029,Forecast,1.0,8659.172457341052,8659.172457341052,-0.01,-0.0016736538523104416
dtmb_mi,DTMB MI,4247,Petroleum and Petroleum Products Merchant Wholesalers,8,"Motor Vehicle Parts, Materials, & Products Sales",Downstream,2029,Forecast,1.0,3817.133290160633,3817.133290160633,-0.009,-0.001505656136097322
dtmb_mi,DTMB MI,4413,"Automotive Parts, Accessories, and Tire Retailers",8,"Motor Vehicle Parts, Materials, & Products Sales",Downstream,2029,Forecast,1.0,18161.674942732032,18161.674942732032,-0.002,-0.0003336114510990029
dtmb_mi,DTMB MI,4571,Gasoline Stations,8,"Motor Vehicle Parts, Materials, & Products Sales",Downstream,2029,Forecast,1.0,26942.010899288176,26942.010899288176,-0.038,-0.006436004347869617
dtmb_mi,DTMB MI,4411,Automobile Dealers,9,"Dealers, Maintenance, & Repair",Downstream,2029,Forecast,1.0,38198.21936339122,38198.21936339122,-0.002,-0.0003336114510990029
dtmb_mi,DTMB MI,8111,Automotive Repair and Maintenance,9,"Dealers, Maintenance, & Repair",Downstream,2029,Forecast,1.0,31128.940284797172,31128.940284797172,-0.008,-0.0013377996300605322
dtmb_mi,DTMB MI,4841,General Freight Trucking,10,Logistics,Downstream,2029,Forecast,1.0,35630.452557292694,35630.452557292694,0.013,0.002155022942350149
dtmb_mi,DTMB MI,4842,Specialized Freight Trucking,10,Logistics,Downstream,2029,Forecast,1.0,11765.964077474167,11765.964077474167,0.013,0.002155022942350149
dtmb_mi,DTMB MI,3252,"Resin, Synthetic Rubber, and Artificial and Synthetic Fibers and Filaments Manufacturing",1,Materials & Processing - Non-Metals,Upstream,2030,Forecast,0.0885140651080839,492.8633092223122,5568.192000000003,0.008,0.0013289104949067987
dtmb_mi,DTMB MI,3255,"Paint, Coating, and Adhesive Manufacturing",1,Materials & Processing - Coatings & Surface Treatments,Upstream,2030,Forecast,0.5150096802925763,2256.657056873685,4381.776000000002,0.008,0.0013289104949067987
dtmb_mi,DTMB MI,3261,Plastics Product Manufacturing,1,Materials & Processing - Non-Metals,Upstream,2030,Forecast,0.2346645503033676,7920.473463824459,33752.32199999999,-0.018,-0.0030227506998137255
dtmb_mi,DTMB MI,3262,Rubber Product Manufacturing,1,Materials & Processing - Non-Metals,Upstream,2030,Forecast,0.5480013167432982,2769.7926472867557,5054.353999999998,-0.018,-0.0030227506998137255
dtmb_mi,DTMB MI,3272,Glass and Glass Product Manufacturing,1,Materials & Processing - Non-Metals,Upstream,2030,Forecast,0.5746759592860471,1568.3757449335972,2729.1480000000006,-0.026,-0.0043810376894245495
dtmb_mi,DTMB MI,3311,Iron and Steel Mills and Ferroalloy Manufacturing,1,Materials & Processing - Metals,Upstream,2030,Forecast,0.4155561904757487,1287.5418472100598,3098.3579999999997,-0.049,-0.008338575668399018
dtmb_mi,DTMB MI,3312,Steel Product Manufacturing from Purchased Steel,1,Materials & Processing - Metals,Upstream,2030,Forecast,0.4018232314810702,754.3323050553945,1877.274,-0.049,-0.008338575668399018
dtmb_mi,DTMB MI,3313,Alumina and Aluminum Production and Processing,1,Materials & Processing - Metals,Upstream,2030,Forecast,0.3207778863371143,823.0512592079951,2565.798,-0.049,-0.008338575668399018
dtmb_mi,DTMB MI,3314,Nonferrous Metal (except Aluminum) Production and Processing,1,Materials & Processing - Metals,Upstream,2030,Forecast,0.2932456097149427,351.942237446705,1200.162,-0.049,-0.008338575668399018
dtmb_mi,DTMB MI,3328,"Coating, Engraving, Heat Treating, and Allied Activities",1,Materials & Processing - Coatings & Surface Treatments,Upstream,2030,Forecast,0.2353528305668375,2572.2308648839316,10929.254000000003,-0.026,-0.0043810376894245495
dtmb_mi,DTMB MI,3335,Metalworking Machinery Manufacturing,2,Equipment Manufacturing,Upstream,2030,Forecast,0.0781138186814543,2270.856821457349,29071.127999999993,-0.018,-0.0030227506998137255
dtmb_mi,DTMB MI,3339,Other General Purpose Machinery Manufacturing,2,Equipment Manufacturing,Upstream,2030,Forecast,0.2191076203234622,3861.3274579470044,17622.971999999994,-0.018,-0.0030227506998137255
dtmb_mi,DTMB MI,3315,Foundries,3,Forging & Foundries,Upstream,2030,Forecast,0.6718042155478705,5972.943428210346,8890.899,-0.049,-0.008338575668399018
dtmb_mi,DTMB MI,3321,Forging and Stamping,3,Forging & Foundries,Upstream,2030,Forecast,0.3924501979798644,2671.138491912727,6806.312000000002,-0.026,-0.0043810376894245495
dtmb_mi,DTMB MI,3326,Spring and Wire Product Manufacturing,4,Parts & Machining,Upstream,2030,Forecast,0.4020278427245708,1123.4290158765973,2794.4060000000004,-0.026,-0.0043810376894245495
dtmb_mi,DTMB MI,3327,"Machine Shops; Turned Product; and Screw, Nut, and Bolt Manufacturing",4,Parts & Machining,Upstream,2030,Forecast,0.3798883431259702,9076.37586940117,23892.220000000005,-0.026,-0.0043810376894245495
dtmb_mi,DTMB MI,3329,Other Fabricated Metal Product Manufacturing,4,Parts & Machining,Upstream,2030,Forecast,0.1601840236697625,1695.1490323254989,10582.510000000002,-0.026,-0.0043810376894245495
dtmb_mi,DTMB MI,3344,Semiconductor and Other Electronic Component Manufacturing,4,Parts & Machining,Upstream,2030,Forecast,0.2236609031791956,2767.549598056532,12373.863999999992,0.016,0.0026490607698665958
dtmb_mi,DTMB MI,3336,"Engine, Turbine, and Power Transmission Equipment Manufacturing",5,Component Systems,Upstream,2030,Forecast,0.7169582878623106,3499.143602243521,4880.539999999999,-0.018,-0.0030227506998137255
dtmb_mi,DTMB MI,3345,"Navigational, Measuring, Electro medical, and Control Instruments Manufacturing",5,Component Systems,Upstream,2030,Forecast,0.0208760538182582,188.06969671379926,9008.871999999994,0.016,0.0026490607698665958
dtmb_mi,DTMB MI,3359,Other Electrical Equipment and Component Manufacturing,5,Component Systems,Upstream,2030,Forecast,0.503516468921238,2379.6681767357254,4726.098000000001,0.063,0.010234534790627858
dtmb_mi,DTMB MI,5413,"Architectural, Engineering, and Related Services",6,Engineering & Design,OEM,2030,Forecast,0.007242971108885,623.3053806132197,86056.58800000002,0.019,0.0031418844450255
dtmb_mi,DTMB MI,5414,Industrial design,6,Engineering & Design,OEM,2030,Forecast,0.0336712633047057,389.46028323451736,11566.548000000008,0.106,0.016933422698239164
dtmb_mi,DTMB MI,5417,Scientific Research and Development,6,Engineering & Design,OEM,2030,Forecast,0.0026962895876024,71.2091913562713,26410.06799999999,0.044,0.007202394951955071
dtmb_mi,DTMB MI,3361,Motor Vehicle Manufacturing,7,Core Automotive,OEM,2030,Forecast,1.0,46645.72199999999,46645.72199999999,-0.031,-0.005234695494487962
dtmb_mi,DTMB MI,3362,Motor Vehicle Body and Trailer Manufacturing,7,Core Automotive,OEM,2030,Forecast,1.0,7675.448999999998,7675.448999999998,-0.031,-0.005234695494487962
dtmb_mi,DTMB MI,3363,Motor Vehicle Parts Manufacturing,7,Core Automotive,OEM,2030,Forecast,1.0,113395.28699999997,113395.28699999997,-0.031,-0.005234695494487962
dtmb_mi,DTMB MI,4231,Motor Vehicle and Motor Vehicle Parts and Supplies Merchant Wholesalers,8,"Motor Vehicle Parts, Materials, & Products Sales",Downstream,2030,Forecast,1.0,25718.22000000001,25718.22000000001,-0.01,-0.0016736538523104416
dtmb_mi,DTMB MI,4235,Metal and Mineral (except Petroleum) Merchant Wholesalers,8,"Motor Vehicle Parts, Materials, & Products Sales",Downstream,2030,Forecast,1.0,6295.410000000002,6295.410000000002,-0.01,-0.0016736538523104416
dtmb_mi,DTMB MI,4238,"Machinery, Equipment, and Supplies Merchant Wholesalers",8,"Motor Vehicle Parts, Materials, & Products Sales",Downstream,2030,Forecast,1.0,24162.930000000008,24162.930000000008,-0.01,-0.0016736538523104416
dtmb_mi,DTMB MI,4239,Miscellaneous Durable Goods Merchant Wholesalers,8,"Motor Vehicle Parts, Materials, & Products Sales",Downstream,2030,Forecast,1.0,8644.680000000002,8644.680000000002,-0.01,-0.0016736538523104416
dtmb_mi,DTMB MI,4247,Petroleum and Petroleum Products Merchant Wholesalers,8,"Motor Vehicle Parts, Materials, & Products Sales",Downstream,2030,Forecast,1.0,3811.386000000001,3811.386000000001,-0.009,-0.001505656136097322
dtmb_mi,DTMB MI,4413,"Automotive Parts, Accessories, and Tire Retailers",8,"Motor Vehicle Parts, Materials, & Products Sales",Downstream,2030,Forecast,1.0,18155.615999999998,18155.615999999998,-0.002,-0.0003336114510990029
dtmb_mi,DTMB MI,4571,Gasoline Stations,8,"Motor Vehicle Parts, Materials, & Products Sales",Downstream,2030,Forecast,1.0,26768.61200000001,26768.61200000001,-0.038,-0.006436004347869617
dtmb_mi,DTMB MI,4411,Automobile Dealers,9,"Dealers, Maintenance, & Repair",Downstream,2030,Forecast,1.0,38185.475999999995,38185.475999999995,-0.002,-0.0003336114510990029
dtmb_mi,DTMB MI,8111,Automotive Repair and Maintenance,9,"Dealers, Maintenance, & Repair",Downstream,2030,Forecast,1.0,31087.29599999999,31087.29599999999,-0.008,-0.0013377996300605322
dtmb_mi,DTMB MI,4841,General Freight Trucking,10,Logistics,Downstream,2030,Forecast,1.0,35707.23699999997,35707.23699999997,0.013,0.002155022942350149
dtmb_mi,DTMB MI,4842,Specialized Freight Trucking,10,Logistics,Downstream,2030,Forecast,1.0,11791.31999999999,11791.31999999999,0.013,0.002155022942350149
dtmb_mi,DTMB MI,3252,"Resin, Synthetic Rubber, and Artificial and Synthetic Fibers and Filaments Manufacturing",1,Materials & Processing - Non-Metals,Upstream,2031,Forecast,0.0885140651080839,493.51828044649216,5575.591628786458,0.008,0.0013289104949067987
dtmb_mi,DTMB MI,3255,"Paint, Coating, and Adhesive Manufacturing",1,Materials & Processing - Coatings & Surface Treatments,Upstream,2031,Forecast,0.5150096802925763,2259.6559521199697,4387.5989881127325,0.008,0.0013289104949067987
dtmb_mi,DTMB MI,3261,Plastics Product Manufacturing,1,Materials & Processing - Non-Metals,Upstream,2031,Forecast,0.2346645503033676,7896.5318471188275,33650.29714505415,-0.018,-0.0030227506998137255
dtmb_mi,DTMB MI,3262,Rubber Product Manufacturing,1,Materials & Processing - Non-Metals,Upstream,2031,Forecast,0.5480013167432982,2761.4202546238307,5039.075947909392,-0.018,-0.0030227506998137255
dtmb_mi,DTMB MI,3272,Glass and Glass Product Manufacturing,1,Materials & Processing - Non-Metals,Upstream,2031,Forecast,0.5746759592860471,1561.5046316838639,2717.191499751983,-0.026,-0.0043810376894245495
dtmb_mi,DTMB MI,3311,Iron and Steel Mills and Ferroalloy Manufacturing,1,Materials & Processing - Metals,Upstream,2031,Forecast,0.4155561904757487,1276.8055820908685,3072.5221073692105,-0.049,-0.008338575668399018
dtmb_mi,DTMB MI,3312,Steel Product Manufacturing from Purchased Steel,1,Materials & Processing - Metals,Upstream,2031,Forecast,0.4018232314810702,748.0422480505722,1861.6202087006818,-0.049,-0.008338575668399018
dtmb_mi,DTMB MI,3313,Alumina and Aluminum Production and Processing,1,Materials & Processing - Metals,Upstream,2031,Forecast,0.3207778863371143,816.1881840041182,2544.402899227173,-0.049,-0.008338575668399018
dtmb_mi,DTMB MI,3314,Nonferrous Metal (except Aluminum) Production and Processing,1,Materials & Processing - Metals,Upstream,2031,Forecast,0.2932456097149427,349.00754046885,1190.1543583486628,-0.049,-0.008338575668399018
dtmb_mi,DTMB MI,3328,"Coating, Engraving, Heat Treating, and Allied Activities",1,Materials & Processing - Coatings & Surface Treatments,Upstream,2031,Forecast,0.2353528305668375,2560.961824518974,10881.372526308709,-0.026,-0.0043810376894245495
dtmb_mi,DTMB MI,3335,Metalworking Machinery Manufacturing,2,Equipment Manufacturing,Upstream,2031,Forecast,0.0781138186814543,2263.992587411112,28983.253227493617,-0.018,-0.0030227506998137255
dtmb_mi,DTMB MI,3339,Other General Purpose Machinery Manufacturing,2,Equipment Manufacturing,Upstream,2031,Forecast,0.2191076203234622,3849.655627671285,17569.702149054196,-0.018,-0.0030227506998137255
dtmb_mi,DTMB MI,3315,Foundries,3,Forging & Foundries,Upstream,2031,Forecast,0.6718042155478705,5923.1375874711475,8816.761565928406,-0.049,-0.008338575668399018
dtmb_mi,DTMB MI,3321,Forging and Stamping,3,Forging & Foundries,Upstream,2031,Forecast,0.3924501979798644,2659.4361335059853,6776.493290602019,-0.026,-0.0043810376894245495
dtmb_mi,DTMB MI,3326,Spring and Wire Product Manufacturing,4,Parts & Machining,Upstream,2031,Forecast,0.4020278427245708,1118.5072310166488,2782.1636019944467,-0.026,-0.0043810376894245495
dtmb_mi,DTMB MI,3327,"Machine Shops; Turned Product; and Screw, Nut, and Bolt Manufacturing",4,Parts & Machining,Upstream,2031,Forecast,0.3798883431259702,9036.61192463394,23787.54728369598,-0.026,-0.0043810376894245495
dtmb_mi,DTMB MI,3329,Other Fabricated Metal Product Manufacturing,4,Parts & Machining,Upstream,2031,Forecast,0.1601840236697625,1687.7225205256893,10536.147624841291,-0.026,-0.0043810376894245495
dtmb_mi,DTMB MI,3344,Semiconductor and Other Electronic Component Manufacturing,4,Parts & Machining,Upstream,2031,Forecast,0.2236609031791956,2774.8810051254036,12406.643117694057,0.016,0.0026490607698665958
dtmb_mi,DTMB MI,3336,"Engine, Turbine, and Power Transmission Equipment Manufacturing",5,Component Systems,Upstream,2031,Forecast,0.7169582878623106,3488.5665634710904,4865.78734429953,-0.018,-0.0030227506998137255
dtmb_mi,DTMB MI,3345,"Navigational, Measuring, Electro medical, and Control Instruments Manufacturing",5,Component Systems,Upstream,2031,Forecast,0.0208760538182582,188.5679047693645,9032.737049395944,0.016,0.0026490607698665958
dtmb_mi,DTMB MI,3359,Other Electrical Equipment and Component Manufacturing,5,Component Systems,Upstream,2031,Forecast,0.503516468921238,2404.022973480678,4774.467414404919,0.063,0.010234534790627858
dtmb_mi,DTMB MI,5413,"Architectural, Engineering, and Related Services",6,Engineering & Design,OEM,2031,Forecast,0.007242971108885,625.2637340930692,86326.96785522919,0.019,0.0031418844450255
dtmb_mi,DTMB MI,5414,Industrial design,6,Engineering & Design,OEM,2031,Forecast,0.0336712633047057,396.0551788347034,11762.40924644348,0.106,0.016933422698239164
dtmb_mi,DTMB MI,5417,Scientific Research and Development,6,Engineering & Design,OEM,2031,Forecast,0.0026962895876024,71.72206807662852,26600.283740443978,0.044,0.007202394951955071
dtmb_mi,DTMB MI,3361,Motor Vehicle Manufacturing,7,Core Automotive,OEM,2031,Forecast,1.0,46401.545849209455,46401.545849209455,-0.031,-0.005234695494487962
dtmb_mi,DTMB MI,3362,Motor Vehicle Body and Trailer Manufacturing,7,Core Automotive,OEM,2031,Forecast,1.0,7635.270361701527,7635.270361701527,-0.031,-0.005234695494487962
dtmb_mi,DTMB MI,3363,Motor Vehicle Parts Manufacturing,7,Core Automotive,OEM,2031,Forecast,1.0,112801.69720204492,112801.69720204492,-0.031,-0.005234695494487962
dtmb_mi,DTMB MI,4231,Motor Vehicle and Motor Vehicle Parts and Supplies Merchant Wholesalers,8,"Motor Vehicle Parts, Materials, & Products Sales",Downstream,2031,Forecast,1.0,25675.17660202244,25675.17660202244,-0.01,-0.0016736538523104416
dtmb_mi,DTMB MI,4235,Metal and Mineral (except Petroleum) Merchant Wholesalers,8,"Motor Vehicle Parts, Materials, & Products Sales",Downstream,2031,Forecast,1.0,6284.873662801629,6284.873662801629,-0.01,-0.0016736538523104416
dtmb_mi,DTMB MI,4238,"Machinery, Equipment, and Supplies Merchant Wholesalers",8,"Motor Vehicle Parts, Materials, & Products Sales",Downstream,2031,Forecast,1.0,24122.4896191224,24122.4896191224,-0.01,-0.0016736538523104416
dtmb_mi,DTMB MI,4239,Miscellaneous Durable Goods Merchant Wholesalers,8,"Motor Vehicle Parts, Materials, & Products Sales",Downstream,2031,Forecast,1.0,8630.211798016011,8630.211798016011,-0.01,-0.0016736538523104416
dtmb_mi,DTMB MI,4247,Petroleum and Petroleum Products Merchant Wholesalers,8,"Motor Vehicle Parts, Materials, & Products Sales",Downstream,2031,Forecast,1.0,3805.6473632820657,3805.6473632820657,-0.009,-0.001505656136097322
dtmb_mi,DTMB MI,4413,"Automotive Parts, Accessories, and Tire Retailers",8,"Motor Vehicle Parts, Materials, & Products Sales",Downstream,2031,Forecast,1.0,18149.559078600643,18149.559078600643,-0.002,-0.0003336114510990029
dtmb_mi,DTMB MI,4571,Gasoline Stations,8,"Motor Vehicle Parts, Materials, & Products Sales",Downstream,2031,Forecast,1.0,26596.329096781574,26596.329096781574,-0.038,-0.006436004347869617
dtmb_mi,DTMB MI,4411,Automobile Dealers,9,"Dealers, Maintenance, & Repair",Downstream,2031,Forecast,1.0,38172.73688794073,38172.73688794073,-0.002,-0.0003336114510990029
dtmb_mi,DTMB MI,8111,Automotive Repair and Maintenance,9,"Dealers, Maintenance, & Repair",Downstream,2031,Forecast,1.0,31045.70742691161,31045.70742691161,-0.008,-0.0013377996300605322
dtmb_mi,DTMB MI,4841,General Freight Trucking,10,Logistics,Downstream,2031,Forecast,1.0,35784.18691494291,35784.18691494291,0.013,0.002155022942350149
dtmb_mi,DTMB MI,4842,Specialized Freight Trucking,10,Logistics,Downstream,2031,Forecast,1.0,11816.730565120584,11816.730565120584,0.013,0.002155022942350149
dtmb_mi,DTMB MI,3252,"Resin, Synthetic Rubber, and Artificial and Synthetic Fibers and Filaments Manufacturing",1,Materials & Processing - Non-Metals,Upstream,2032,Forecast,0.0885140651080839,494.1741220688059,5583.001091017268,0.008,0.0013289104949067987
dtmb_mi,DTMB MI,3255,"Paint, Coating, and Adhesive Manufacturing",1,Materials & Processing - Coatings & Surface Treatments,Upstream,2032,Forecast,0.5150096802925763,2262.658832629621,4393.4297144554785,0.008,0.0013289104949067987
dtmb_mi,DTMB MI,3261,Plastics Product Manufacturing,1,Materials & Processing - Non-Metals,Upstream,2032,Forecast,0.2346645503033676,7872.662599951847,33548.580685810004,-0.018,-0.0030227506998137255
dtmb_mi,DTMB MI,3262,Rubber Product Manufacturing,1,Materials & Processing - Non-Metals,Upstream,2032,Forecast,0.5480013167432982,2753.0731696166868,5023.8440775614345,-0.018,-0.0030227506998137255
dtmb_mi,DTMB MI,3272,Glass and Glass Product Manufacturing,1,Materials & Processing - Non-Metals,Upstream,2032,Forecast,0.5746759592860471,1554.6636210402457,2705.2873813821857,-0.026,-0.0043810376894245495
dtmb_mi,DTMB MI,3311,Iron and Steel Mills and Ferroalloy Manufacturing,1,Materials & Processing - Metals,Upstream,2032,Forecast,0.4155561904757487,1266.1588421307695,3046.9016492840833,-0.049,-0.008338575668399018
dtmb_mi,DTMB MI,3312,Steel Product Manufacturing from Purchased Steel,1,Materials & Processing - Metals,Upstream,2032,Forecast,0.4018232314810702,741.8046411620433,1846.0969477246103,-0.049,-0.008338575668399018
dtmb_mi,DTMB MI,3313,Alumina and Aluminum Production and Processing,1,Materials & Processing - Metals,Upstream,2032,Forecast,0.3207778863371143,809.3823370721466,2523.1862031210735,-0.049,-0.008338575668399018
dtmb_mi,DTMB MI,3314,Nonferrous Metal (except Aluminum) Production and Processing,1,Materials & Processing - Metals,Upstream,2032,Forecast,0.2932456097149427,346.0973146838087,1180.2301661744975,-0.049,-0.008338575668399018
dtmb_mi,DTMB MI,3328,"Coating, Engraving, Heat Treating, and Allied Activities",1,Materials & Processing - Coatings & Surface Treatments,Upstream,2032,Forecast,0.2353528305668375,2549.742154244579,10833.700823158282,-0.026,-0.0043810376894245495
dtmb_mi,DTMB MI,3335,Metalworking Machinery Manufacturing,2,Equipment Manufacturing,Upstream,2032,Forecast,0.0781138186814543,2257.1491022331415,28895.644078517333,-0.018,-0.0030227506998137255
dtmb_mi,DTMB MI,3339,Other General Purpose Machinery Manufacturing,2,Equipment Manufacturing,Upstream,2032,Forecast,0.2191076203234622,3838.0190784286997,17516.593319587624,-0.018,-0.0030227506998137255
dtmb_mi,DTMB MI,3315,Foundries,3,Forging & Foundries,Upstream,2032,Forecast,0.6718042155478705,5873.747056503681,8743.24233246068,-0.049,-0.008338575668399018
dtmb_mi,DTMB MI,3321,Forging and Stamping,3,Forging & Foundries,Upstream,2032,Forecast,0.3924501979798644,2647.785043572478,6746.805218093759,-0.026,-0.0043810376894245495
dtmb_mi,DTMB MI,3326,Spring and Wire Product Manufacturing,4,Parts & Machining,Upstream,2032,Forecast,0.4020278427245708,1113.607008681671,2769.9748383959636,-0.026,-0.0043810376894245495
dtmb_mi,DTMB MI,3327,"Machine Shops; Turned Product; and Screw, Nut, and Bolt Manufacturing",4,Parts & Machining,Upstream,2032,Forecast,0.3798883431259702,8997.022187207416,23683.33314250714,-0.026,-0.0043810376894245495
dtmb_mi,DTMB MI,3329,Other Fabricated Metal Product Manufacturing,4,Parts & Machining,Upstream,2032,Forecast,0.1601840236697625,1680.3285445539757,10489.988364995519,-0.026,-0.0043810376894245495
dtmb_mi,DTMB MI,3344,Semiconductor and Other Electronic Component Manufacturing,4,Parts & Machining,Upstream,2032,Forecast,0.2236609031791956,2782.231833537129,12439.509069262875,0.016,0.0026490607698665958
dtmb_mi,DTMB MI,3336,"Engine, Turbine, and Power Transmission Equipment Manufacturing",5,Component Systems,Upstream,2032,Forecast,0.7169582878623106,3478.0214964500115,4851.079282199404,-0.018,-0.0030227506998137255
dtmb_mi,DTMB MI,3345,"Navigational, Measuring, Electro medical, and Control Instruments Manufacturing",5,Component Systems,Upstream,2032,Forecast,0.0208760538182582,189.06743260834494,9056.66531875802,0.016,0.0026490607698665958
dtmb_mi,DTMB MI,3359,Other Electrical Equipment and Component Manufacturing,5,Component Systems,Upstream,2032,Forecast,0.503516468921238,2428.6270302402345,4823.3318672643645,0.063,0.010234534790627858
dtmb_mi,DTMB MI,5413,"Architectural, Engineering, and Related Services",6,Engineering & Design,OEM,2032,Forecast,0.007242971108885,627.2282404932548,86598.19721271975,0.019,0.0031418844450255
dtmb_mi,DTMB MI,5414,Industrial design,6,Engineering & Design,OEM,2032,Forecast,0.0336712633047057,402.7617485897381,11961.587094163184,0.106,0.016933422698239164
dtmb_mi,DTMB MI,5417,Scientific Research and Development,6,Engineering & Design,OEM,2032,Forecast,0.0026962895876024,72.23863873768741,26791.869489776727,0.044,0.007202394951955071
dtmb_mi,DTMB MI,3361,Motor Vehicle Manufacturing,7,Core Automotive,OEM,2032,Forecast,1.0,46158.647886215316,46158.647886215316,-0.031,-0.005234695494487962
dtmb_mi,DTMB MI,3362,Motor Vehicle Body and Trailer Manufacturing,7,Core Automotive,OEM,2032,Forecast,1.0,7595.30204633993,7595.30204633993,-0.031,-0.005234695494487962
dtmb_mi,DTMB MI,3363,Motor Vehicle Parts Manufacturing,7,Core Automotive,OEM,2032,Forecast,1.0,112211.21466593076,112211.21466593076,-0.031,-0.005234695494487962
dtmb_mi,DTMB MI,4231,Motor Vehicle and Motor Vehicle Parts and Supplies Merchant Wholesalers,8,"Motor Vehicle Parts, Materials, & Products Sales",Downstream,2032,Forecast,1.0,25632.205243793716,25632.205243793716,-0.01,-0.0016736538523104416
dtmb_mi,DTMB MI,4235,Metal and Mineral (except Petroleum) Merchant Wholesalers,8,"Motor Vehicle Parts, Materials, & Products Sales",Downstream,2032,Forecast,1.0,6274.354959784596,6274.354959784596,-0.01,-0.0016736538523104416
dtmb_mi,DTMB MI,4238,"Machinery, Equipment, and Supplies Merchant Wholesalers",8,"Motor Vehicle Parts, Materials, & Products Sales",Downstream,2032,Forecast,1.0,24082.116921444038,24082.116921444038,-0.01,-0.0016736538523104416
dtmb_mi,DTMB MI,4239,Miscellaneous Durable Goods Merchant Wholesalers,8,"Motor Vehicle Parts, Materials, & Products Sales",Downstream,2032,Forecast,1.0,8615.767810794006,8615.767810794006,-0.01,-0.0016736538523104416
dtmb_mi,DTMB MI,4247,Petroleum and Petroleum Products Merchant Wholesalers,8,"Motor Vehicle Parts, Materials, & Products Sales",Downstream,2032,Forecast,1.0,3799.9173669777174,3799.9173669777174,-0.009,-0.001505656136097322
dtmb_mi,DTMB MI,4413,"Automotive Parts, Accessories, and Tire Retailers",8,"Motor Vehicle Parts, Materials, & Products Sales",Downstream,2032,Forecast,1.0,18143.504177859624,18143.504177859624,-0.002,-0.0003336114510990029
dtmb_mi,DTMB MI,4571,Gasoline Stations,8,"Motor Vehicle Parts, Materials, & Products Sales",Downstream,2032,Forecast,1.0,26425.155007077312,26425.155007077312,-0.038,-0.006436004347869617
dtmb_mi,DTMB MI,4411,Automobile Dealers,9,"Dealers, Maintenance, & Repair",Downstream,2032,Forecast,1.0,38160.002025795126,38160.002025795126,-0.002,-0.0003336114510990029
dtmb_mi,DTMB MI,8111,Automotive Repair and Maintenance,9,"Dealers, Maintenance, & Repair",Downstream,2032,Forecast,1.0,31004.174491000922,31004.174491000922,-0.008,-0.0013377996300605322
dtmb_mi,DTMB MI,4841,General Freight Trucking,10,Logistics,Downstream,2032,Forecast,1.0,35861.302658717956,35861.302658717956,0.013,0.002155022942350149
dtmb_mi,DTMB MI,4842,Specialized Freight Trucking,10,Logistics,Downstream,2032,Forecast,1.0,11842.19589059199,11842.19589059199,0.013,0.002155022942350149
dtmb_mi,DTMB MI,3252,"Resin, Synthetic Rubber, and Artificial and Synthetic Fibers and Filaments Manufacturing",1,Materials & Processing - Non-Metals,Upstream,2033,Forecast,0.0885140651080839,494.83083524593445,5590.420399760196,0.008,0.0013289104949067987
dtmb_mi,DTMB MI,3255,"Paint, Coating, and Adhesive Manufacturing",1,Materials & Processing - Coatings & Surface Treatments,Upstream,2033,Forecast,0.5150096802925763,2265.665703698696,4399.268189311653,0.008,0.0013289104949067987
dtmb_mi,DTMB MI,3261,Plastics Product Manufacturing,1,Materials & Processing - Non-Metals,Upstream,2033,Forecast,0.2346645503033676,7848.865503568446,33447.17169006421,-0.018,-0.0030227506998137255
dtmb_mi,DTMB MI,3262,Rubber Product Manufacturing,1,Materials & Processing - Non-Metals,Upstream,2033,Forecast,0.5480013167432982,2744.75131576659,5008.658249360231,-0.018,-0.0030227506998137255
dtmb_mi,DTMB MI,3272,Glass and Glass Product Manufacturing,1,Materials & Processing - Non-Metals,Upstream,2033,Forecast,0.5746759592860471,1547.8525811220911,2693.4354154036255,-0.026,-0.0043810376894245495
dtmb_mi,DTMB MI,3311,Iron and Steel Mills and Ferroalloy Manufacturing,1,Materials & Processing - Metals,Upstream,2033,Forecast,0.4155561904757487,1255.6008808174495,3021.4948293273583,-0.049,-0.008338575668399018
dtmb_mi,DTMB MI,3312,Steel Product Manufacturing from Purchased Steel,1,Materials & Processing - Metals,Upstream,2033,Forecast,0.4018232314810702,735.6190470305439,1830.7031286348083,-0.049,-0.008338575668399018
dtmb_mi,DTMB MI,3313,Alumina and Aluminum Production and Processing,1,Materials & Processing - Metals,Upstream,2033,Forecast,0.3207778863371143,802.6332412098049,2502.1464240408877,-0.049,-0.008338575668399018
dtmb_mi,DTMB MI,3314,Nonferrous Metal (except Aluminum) Production and Processing,1,Materials & Processing - Metals,Upstream,2033,Forecast,0.2932456097149427,343.211356036688,1170.3887276277244,-0.049,-0.008338575668399018
dtmb_mi,DTMB MI,3328,"Coating, Engraving, Heat Treating, and Allied Activities",1,Materials & Processing - Coatings & Surface Treatments,Upstream,2033,Forecast,0.2353528305668375,2538.571637768519,10786.237971536075,-0.026,-0.0043810376894245495
dtmb_mi,DTMB MI,3335,Metalworking Machinery Manufacturing,2,Equipment Manufacturing,Upstream,2033,Forecast,0.0781138186814543,2250.3263032047826,28808.29975015743,-0.018,-0.0030227506998137255
dtmb_mi,DTMB MI,3339,Other General Purpose Machinery Manufacturing,2,Equipment Manufacturing,Upstream,2033,Forecast,0.2191076203234622,3826.417703573481,17463.64502487249,-0.018,-0.0030227506998137255
dtmb_mi,DTMB MI,3315,Foundries,3,Forging & Foundries,Upstream,2033,Forecast,0.6718042155478705,5824.768372215989,8670.336144684306,-0.049,-0.008338575668399018
dtmb_mi,DTMB MI,3321,Forging and Stamping,3,Forging & Foundries,Upstream,2033,Forecast,0.3924501979798644,2636.1849975030923,6717.247210150084,-0.026,-0.0043810376894245495
dtmb_mi,DTMB MI,3326,Spring and Wire Product Manufacturing,4,Parts & Machining,Upstream,2033,Forecast,0.4020278427245708,1108.7282544054292,2757.8394742301934,-0.026,-0.0043810376894245495
dtmb_mi,DTMB MI,3327,"Machine Shops; Turned Product; and Screw, Nut, and Bolt Manufacturing",4,Parts & Machining,Upstream,2033,Forecast,0.3798883431259702,8957.60589391267,23579.57556739862,-0.026,-0.0043810376894245495
dtmb_mi,DTMB MI,3329,Other Fabricated Metal Product Manufacturing,4,Parts & Machining,Upstream,2033,Forecast,0.1601840236697625,1672.9669618696687,10444.03133060685,-0.026,-0.0043810376894245495
dtmb_mi,DTMB MI,3344,Semiconductor and Other Electronic Component Manufacturing,4,Parts & Machining,Upstream,2033,Forecast,0.2236609031791956,2789.602134740027,12472.46208473466,0.016,0.0026490607698665958
dtmb_mi,DTMB MI,3336,"Engine, Turbine, and Power Transmission Equipment Manufacturing",5,Component Systems,Upstream,2033,Forecast,0.7169582878623106,3467.50830453765,4836.415678904284,-0.018,-0.0030227506998137255
dtmb_mi,DTMB MI,3345,"Navigational, Measuring, Electro medical, and Control Instruments Manufacturing",5,Component Systems,Upstream,2033,Forecast,0.0208760538182582,189.56828372692715,9080.656975559754,0.016,0.0026490607698665958
dtmb_mi,DTMB MI,3359,Other Electrical Equipment and Component Manufacturing,5,Component Systems,Upstream,2033,Forecast,0.503516468921238,2453.482898074687,4872.696425066625,0.063,0.010234534790627858
dtmb_mi,DTMB MI,5413,"Architectural, Engineering, and Related Services",6,Engineering & Design,OEM,2033,Forecast,0.007242971108885,629.1989191455411,86870.27874150964,0.019,0.0031418844450255
dtmb_mi,DTMB MI,5414,Industrial design,6,Engineering & Design,OEM,2033,Forecast,0.0336712633047057,409.5818835252901,12164.137704570452,0.106,0.016933422698239164
dtmb_mi,DTMB MI,5417,Scientific Research and Development,6,Engineering & Design,OEM,2033,Forecast,0.0026962895876024,72.75892994466784,26984.835115343336,0.044,0.007202394951955071
dtmb_mi,DTMB MI,3361,Motor Vehicle Manufacturing,7,Core Automotive,OEM,2033,Forecast,1.0,45917.02142009369,45917.02142009369,-0.031,-0.005234695494487962
dtmb_mi,DTMB MI,3362,Motor Vehicle Body and Trailer Manufacturing,7,Core Automotive,OEM,2033,Forecast,1.0,7555.542952938679,7555.542952938679,-0.031,-0.005234695494487962
dtmb_mi,DTMB MI,3363,Motor Vehicle Parts Manufacturing,7,Core Automotive,OEM,2033,Forecast,1.0,111623.823126088,111623.823126088,-0.031,-0.005234695494487962
dtmb_mi,DTMB MI,4231,Motor Vehicle and Motor Vehicle Parts and Supplies Merchant Wholesalers,8,"Motor Vehicle Parts, Materials, & Products Sales",Downstream,2033,Forecast,1.0,25589.30580474423,25589.30580474423,-0.01,-0.0016736538523104416
dtmb_mi,DTMB MI,4235,Metal and Mineral (except Petroleum) Merchant Wholesalers,8,"Motor Vehicle Parts, Materials, & Products Sales",Downstream,2033,Forecast,1.0,6263.853861435389,6263.853861435389,-0.01,-0.0016736538523104416
dtmb_mi,DTMB MI,4238,"Machinery, Equipment, and Supplies Merchant Wholesalers",8,"Motor Vehicle Parts, Materials, & Products Sales",Downstream,2033,Forecast,1.0,24041.811793686673,24041.811793686673,-0.01,-0.0016736538523104416
dtmb_mi,DTMB MI,4239,Miscellaneous Durable Goods Merchant Wholesalers,8,"Motor Vehicle Parts, Materials, & Products Sales",Downstream,2033,Forecast,1.0,8601.347997806859,8601.347997806859,-0.01,-0.0016736538523104416
dtmb_mi,DTMB MI,4247,Petroleum and Petroleum Products Merchant Wholesalers,8,"Motor Vehicle Parts, Materials, & Products Sales",Downstream,2033,Forecast,1.0,3794.1959980774645,3794.1959980774645,-0.009,-0.001505656136097322
dtmb_mi,DTMB MI,4413,"Automotive Parts, Accessories, and Tire Retailers",8,"Motor Vehicle Parts, Materials, & Products Sales",Downstream,2033,Forecast,1.0,18137.451297102827,18137.451297102827,-0.002,-0.0003336114510990029
dtmb_mi,DTMB MI,4571,Gasoline Stations,8,"Motor Vehicle Parts, Materials, & Products Sales",Downstream,2033,Forecast,1.0,26255.082594558637,26255.082594558637,-0.038,-0.006436004347869617
dtmb_mi,DTMB MI,4411,Automobile Dealers,9,"Dealers, Maintenance, & Repair",Downstream,2033,Forecast,1.0,38147.27141214536,38147.27141214536,-0.002,-0.0003336114510990029
dtmb_mi,DTMB MI,8111,Automotive Repair and Maintenance,9,"Dealers, Maintenance, & Repair",Downstream,2033,Forecast,1.0,30962.697117836527,30962.697117836527,-0.008,-0.0013377996300605322
dtmb_mi,DTMB MI,4841,General Freight Trucking,10,Logistics,Downstream,2033,Forecast,1.0,35938.58458869006,35938.58458869006,0.013,0.002155022942350149
dtmb_mi,DTMB MI,4842,Specialized Freight Trucking,10,Logistics,Downstream,2033,Forecast,1.0,11867.71609442402,11867.71609442402,0.013,0.002155022942350149
dtmb_mi,DTMB MI,3252,"Resin, Synthetic Rubber, and Artificial and Synthetic Fibers and Filaments Manufacturing",1,Materials & Processing - Non-Metals,Upstream,2034,Forecast,0.0885140651080839,495.48842113609624,5597.849568100378,0.008,0.0013289104949067987
dtmb_mi,DTMB MI,3255,"Paint, Coating, and Adhesive Manufacturing",1,Materials & Processing - Coatings & Surface Treatments,Upstream,2034,Forecast,0.5150096802925763,2268.6765706302913,4405.114422978339,0.008,0.0013289104949067987
dtmb_mi,DTMB MI,3261,Plastics Product Manufacturing,1,Materials & Processing - Non-Metals,Upstream,2034,Forecast,0.2346645503033676,7825.140339874792,33346.06922843128,-0.018,-0.0030227506998137255
dtmb_mi,DTMB MI,3262,Rubber Product Manufacturing,1,Materials & Processing - Non-Metals,Upstream,2034,Forecast,0.5480013167432982,2736.454616806042,4993.51832413185,-0.018,-0.0030227506998137255
dtmb_mi,DTMB MI,3272,Glass and Glass Product Manufacturing,1,Materials & Processing - Non-Metals,Upstream,2034,Forecast,0.5746759592860471,1541.0713806265223,2681.6353733347114,-0.026,-0.0043810376894245495
dtmb_mi,DTMB MI,3311,Iron and Steel Mills and Ferroalloy Manufacturing,1,Materials & Processing - Metals,Upstream,2034,Forecast,0.4155561904757487,1245.1309578634448,2996.2998660613357,-0.049,-0.008338575668399018
dtmb_mi,DTMB MI,3312,Steel Product Manufacturing from Purchased Steel,1,Materials & Processing - Metals,Upstream,2034,Forecast,0.4018232314810702,729.4850319437642,1815.4376720703121,-0.049,-0.008338575668399018
dtmb_mi,DTMB MI,3313,Alumina and Aluminum Production and Processing,1,Materials & Processing - Metals,Upstream,2034,Forecast,0.3207778863371143,795.9404231940046,2481.282086750609,-0.049,-0.008338575668399018
dtmb_mi,DTMB MI,3314,Nonferrous Metal (except Aluminum) Production and Processing,1,Materials & Processing - Metals,Upstream,2034,Forecast,0.2932456097149427,340.34946217412227,1160.6293526609595,-0.049,-0.008338575668399018
dtmb_mi,DTMB MI,3328,"Coating, Engraving, Heat Treating, and Allied Activities",1,Materials & Processing - Coatings & Surface Treatments,Upstream,2034,Forecast,0.2353528305668375,2527.450059746151,10738.983056455672,-0.026,-0.0043810376894245495
dtmb_mi,DTMB MI,3335,Metalworking Machinery Manufacturing,2,Equipment Manufacturing,Upstream,2034,Forecast,0.0781138186814543,2243.5241277969612,28721.2194419272,-0.018,-0.0030227506998137255
dtmb_mi,DTMB MI,3339,Other General Purpose Machinery Manufacturing,2,Equipment Manufacturing,Upstream,2034,Forecast,0.2191076203234622,3814.851396782225,17410.85677965226,-0.018,-0.0030227506998137255
dtmb_mi,DTMB MI,3315,Foundries,3,Forging & Foundries,Upstream,2034,Forecast,0.6718042155478705,5776.198100393369,8598.037890671403,-0.049,-0.008338575668399018
dtmb_mi,DTMB MI,3321,Forging and Stamping,3,Forging & Foundries,Upstream,2034,Forecast,0.3924501979798644,2624.6357716727357,6687.818696953234,-0.026,-0.0043810376894245495
dtmb_mi,DTMB MI,3326,Spring and Wire Product Manufacturing,4,Parts & Machining,Upstream,2034,Forecast,0.4020278427245708,1103.8708741355492,2745.757275552208,-0.026,-0.0043810376894245495
dtmb_mi,DTMB MI,3327,"Machine Shops; Turned Product; and Screw, Nut, and Bolt Manufacturing",4,Parts & Machining,Upstream,2034,Forecast,0.3798883431259702,8918.362284884428,23476.272558137214,-0.026,-0.0043810376894245495
dtmb_mi,DTMB MI,3329,Other Fabricated Metal Product Manufacturing,4,Parts & Machining,Upstream,2034,Forecast,0.1601840236697625,1665.6376305565557,10398.27563571793,-0.026,-0.0043810376894245495
dtmb_mi,DTMB MI,3344,Semiconductor and Other Electronic Component Manufacturing,4,Parts & Machining,Upstream,2034,Forecast,0.2236609031791956,2796.9919603187027,12505.50239474698,0.016,0.0026490607698665958
dtmb_mi,DTMB MI,3336,"Engine, Turbine, and Power Transmission Equipment Manufacturing",5,Component Systems,Upstream,2034,Forecast,0.7169582878623106,3457.0268913834993,4821.7964000262855,-0.018,-0.0030227506998137255
dtmb_mi,DTMB MI,3345,"Navigational, Measuring, Electro medical, and Control Instruments Manufacturing",5,Component Systems,Upstream,2034,Forecast,0.0208760538182582,190.07046163055907,9104.712187718324,0.016,0.0026490607698665958
dtmb_mi,DTMB MI,3359,Other Electrical Equipment and Component Manufacturing,5,Component Systems,Upstream,2034,Forecast,0.503516468921238,2478.5931541532427,4922.5662061531375,0.063,0.010234534790627858
dtmb_mi,DTMB MI,5413,"Architectural, Engineering, and Related Services",6,Engineering & Design,OEM,2034,Forecast,0.007242971108885,631.1757894424314,87143.21511902263,0.019,0.0031418844450255
dtmb_mi,DTMB MI,5414,Industrial design,6,Engineering & Design,OEM,2034,Forecast,0.0336712633047057,416.51750668856477,12370.118190081532,0.106,0.016933422698239164
dtmb_mi,DTMB MI,5417,Scientific Research and Development,6,Engineering & Design,OEM,2034,Forecast,0.0026962895876024,73.28296849441097,27179.190555557427,0.044,0.007202394951955071
dtmb_mi,DTMB MI,3361,Motor Vehicle Manufacturing,7,Core Automotive,OEM,2034,Forecast,1.0,45676.65979494562,45676.65979494562,-0.031,-0.005234695494487962
dtmb_mi,DTMB MI,3362,Motor Vehicle Body and Trailer Manufacturing,7,Core Automotive,OEM,2034,Forecast,1.0,7515.991986284521,7515.991986284521,-0.031,-0.005234695494487962
dtmb_mi,DTMB MI,3363,Motor Vehicle Parts Manufacturing,7,Core Automotive,OEM,2034,Forecast,1.0,111039.50640209235,111039.50640209235,-0.031,-0.005234695494487962
dtmb_mi,DTMB MI,4231,Motor Vehicle and Motor Vehicle Parts and Supplies Merchant Wholesalers,8,"Motor Vehicle Parts, Materials, & Products Sales",Downstream,2034,Forecast,1.0,25546.478164506167,25546.478164506167,-0.01,-0.0016736538523104416
dtmb_mi,DTMB MI,4235,Metal and Mineral (except Petroleum) Merchant Wholesalers,8,"Motor Vehicle Parts, Materials, & Products Sales",Downstream,2034,Forecast,1.0,6253.370338289888,6253.370338289888,-0.01,-0.0016736538523104416
dtmb_mi,DTMB MI,4238,"Machinery, Equipment, and Supplies Merchant Wholesalers",8,"Motor Vehicle Parts, Materials, & Products Sales",Downstream,2034,Forecast,1.0,24001.574122761645,24001.574122761645,-0.01,-0.0016736538523104416
dtmb_mi,DTMB MI,4239,Miscellaneous Durable Goods Merchant Wholesalers,8,"Motor Vehicle Parts, Materials, & Products Sales",Downstream,2034,Forecast,1.0,8586.952318595268,8586.952318595268,-0.01,-0.0016736538523104416
dtmb_mi,DTMB MI,4247,Petroleum and Petroleum Products Merchant Wholesalers,8,"Motor Vehicle Parts, Materials, & Products Sales",Downstream,2034,Forecast,1.0,3788.4832435914036,3788.4832435914036,-0.009,-0.001505656136097322
dtmb_mi,DTMB MI,4413,"Automotive Parts, Accessories, and Tire Retailers",8,"Motor Vehicle Parts, Materials, & Products Sales",Downstream,2034,Forecast,1.0,18131.400435656364,18131.400435656364,-0.002,-0.0003336114510990029
dtmb_mi,DTMB MI,4571,Gasoline Stations,8,"Motor Vehicle Parts, Materials, & Products Sales",Downstream,2034,Forecast,1.0,26086.104768826382,26086.104768826382,-0.038,-0.006436004347869617
dtmb_mi,DTMB MI,4411,Automobile Dealers,9,"Dealers, Maintenance, & Repair",Downstream,2034,Forecast,1.0,38134.54504557409,38134.54504557409,-0.002,-0.0003336114510990029
dtmb_mi,DTMB MI,8111,Automotive Repair and Maintenance,9,"Dealers, Maintenance, & Repair",Downstream,2034,Forecast,1.0,30921.27523308661,30921.27523308661,-0.008,-0.0013377996300605322
dtmb_mi,DTMB MI,4841,General Freight Trucking,10,Logistics,Downstream,2034,Forecast,1.0,36016.03306299428,36016.03306299428,0.013,0.002155022942350149
dtmb_mi,DTMB MI,4842,Specialized Freight Trucking,10,Logistics,Downstream,2034,Forecast,1.0,11893.2912948808,11893.2912948808,0.013,0.002155022942350149
bls_us,BLS US,3252,"Resin, Synthetic Rubber, and Artificial and Synthetic Fibers and Filaments Manufacturing",1,Materials & Processing - Non-Metals,Upstream,2024,QCEW,0.0885140651080839,488.9516956570555,5524.0,0.013,0.002155022942350149
bls_us,BLS US,3255,"Paint, Coating, and Adhesive Manufacturing",1,Materials & Processing - Coatings & Surface Treatments,Upstream,2024,QCEW,0.5150096802925763,2238.7470802318294,4347.0,0.013,0.002155022942350149
bls_us,BLS US,3261,Plastics Product Manufacturing,1,Materials & Processing - Non-Metals,Upstream,2024,QCEW,0.2346645503033676,8065.655258477048,34371.0,0.026,0.004287121315258657
bls_us,BLS US,3262,Rubber Product Manufacturing,1,Materials & Processing - Non-Metals,Upstream,2024,QCEW,0.5480013167432982,2820.562777277756,5147.0,0.009,0.001494405741624405
bls_us,BLS US,3272,Glass and Glass Product Manufacturing,1,Materials & Processing - Non-Metals,Upstream,2024,QCEW,0.5746759592860471,1610.242037919504,2802.0,0.009,0.001494405741624405
bls_us,BLS US,3311,Iron and Steel Mills and Ferroalloy Manufacturing,1,Materials & Processing - Metals,Upstream,2024,QCEW,0.4155561904757487,1353.8820685699893,3258.0,0.009,0.001494405741624405
bls_us,BLS US,3312,Steel Product Manufacturing from Purchased Steel,1,Materials & Processing - Metals,Upstream,2024,QCEW,0.4018232314810702,793.1990589436325,1974.0,0.011,0.0018249866044590668
bls_us,BLS US,3313,Alumina and Aluminum Production and Processing,1,Materials & Processing - Metals,Upstream,2024,QCEW,0.3207778863371143,865.4587373375343,2698.0,-0.009,-0.001505656136097322
bls_us,BLS US,3314,Nonferrous Metal (except Aluminum) Production and Processing,1,Materials & Processing - Metals,Upstream,2024,QCEW,0.2932456097149427,370.07595946025765,1262.0,0.011,0.0018249866044590668
bls_us,BLS US,3328,"Coating, Engraving, Heat Treating, and Allied Activities",1,Materials & Processing - Coatings & Surface Treatments,Upstream,2024,QCEW,0.2353528305668375,2640.8941117904837,11221.0,-0.065,-0.01113895554005151
bls_us,BLS US,3335,Metalworking Machinery Manufacturing,2,Equipment Manufacturing,Upstream,2024,QCEW,0.0781138186814543,2312.481488245773,29604.0,-0.038,-0.006436004347869617
bls_us,BLS US,3339,Other General Purpose Machinery Manufacturing,2,Equipment Manufacturing,Upstream,2024,QCEW,0.2191076203234622,3932.1053543248527,17946.0,0.002,0.0003330558945815465
bls_us,BLS US,3315,Foundries,3,Forging & Foundries,Upstream,2024,QCEW,0.6718042155478705,6280.697611157041,9349.0,-0.091,-0.015775932981637153
bls_us,BLS US,3321,Forging and Stamping,3,Forging & Foundries,Upstream,2024,QCEW,0.3924501979798644,2742.4419834832925,6988.0,-0.0579999999999999,-0.009908914042015105
bls_us,BLS US,3326,Spring and Wire Product Manufacturing,4,Parts & Machining,Upstream,2024,QCEW,0.4020278427245708,1153.4178807767937,2869.0,-0.0579999999999999,-0.009908914042015105
bls_us,BLS US,3327,"Machine Shops; Turned Product; and Screw, Nut, and Bolt Manufacturing",4,Parts & Machining,Upstream,2024,QCEW,0.3798883431259702,9318.66105688005,24530.0,-0.024,-0.00404059682712965
bls_us,BLS US,3329,Other Fabricated Metal Product Manufacturing,4,Parts & Machining,Upstream,2024,QCEW,0.1601840236697625,1740.3994171719696,10865.0,-0.0579999999999999,-0.009908914042015105
bls_us,BLS US,3344,Semiconductor and Other Electronic Component Manufacturing,4,Parts & Machining,Upstream,2024,QCEW,0.2236609031791956,2723.966139819423,12179.0,0.067,0.010867118190592162
bls_us,BLS US,3336,"Engine, Turbine, and Power Transmission Equipment Manufacturing",5,Component Systems,Upstream,2024,QCEW,0.7169582878623106,3563.282690675684,4970.0,-0.0289999999999999,-0.0048927928833205625
bls_us,BLS US,3345,"Navigational, Measuring, Electro medical, and Control Instruments Manufacturing",5,Component Systems,Upstream,2024,QCEW,0.0208760538182582,185.10796920649545,8867.0,0.02,0.0033058903246372395
bls_us,BLS US,3359,Other Electrical Equipment and Component Manufacturing,5,Component Systems,Upstream,2024,QCEW,0.503516468921238,2238.6342208238243,4446.0,0.166,0.025926918474604488
bls_us,BLS US,5413,"Architectural, Engineering, and Related Services",6,Engineering & Design,OEM,2024,QCEW,0.007242971108885,611.683396087556,84452.0,0.023,0.0037971053021661483
bls_us,BLS US,5414,Industrial design,6,Engineering & Design,OEM,2024,QCEW,0.0336712633047057,352.1340716406122,10458.0,0.023,0.0037971053021661483
bls_us,BLS US,5417,Scientific Research and Development,6,Engineering & Design,OEM,2024,QCEW,0.0026962895876024,68.20803769757791,25297.0,0.049,0.008004756346430275
bls_us,BLS US,3361,Motor Vehicle Manufacturing,7,Core Automotive,OEM,2024,QCEW,1.0,48138.0,48138.0,0.032,0.005263582072737805
bls_us,BLS US,3362,Motor Vehicle Body and Trailer Manufacturing,7,Core Automotive,OEM,2024,QCEW,1.0,7921.0,7921.0,0.02,0.0033058903246372395
bls_us,BLS US,3363,Motor Vehicle Parts Manufacturing,7,Core Automotive,OEM,2024,QCEW,1.0,117023.0,117023.0,-0.141,-0.02501292014186718
bls_us,BLS US,4231,Motor Vehicle and Motor Vehicle Parts and Supplies Merchant Wholesalers,8,"Motor Vehicle Parts, Materials, & Products Sales",Downstream,2024,QCEW,1.0,25978.0,25978.0,0.027,0.0044501946608039855
bls_us,BLS US,4235,Metal and Mineral (except Petroleum) Merchant Wholesalers,8,"Motor Vehicle Parts, Materials, & Products Sales",Downstream,2024,QCEW,1.0,6359.0,6359.0,0.02,0.0033058903246372395
bls_us,BLS US,4238,"Machinery, Equipment, and Supplies Merchant Wholesalers",8,"Motor Vehicle Parts, Materials, & Products Sales",Downstream,2024,QCEW,1.0,24407.0,24407.0,0.024,0.003960576873364374
bls_us,BLS US,4239,Miscellaneous Durable Goods Merchant Wholesalers,8,"Motor Vehicle Parts, Materials, & Products Sales",Downstream,2024,QCEW,1.0,8732.0,8732.0,0.02,0.0033058903246372395
bls_us,BLS US,4247,Petroleum and Petroleum Products Merchant Wholesalers,8,"Motor Vehicle Parts, Materials, & Products Sales",Downstream,2024,QCEW,1.0,3846.0,3846.0,0.0069999999999999,0.0011632783734261132
bls_us,BLS US,4413,"Automotive Parts, Accessories, and Tire Retailers",8,"Motor Vehicle Parts, Materials, & Products Sales",Downstream,2024,QCEW,1.0,18192.0,18192.0,0.018,0.002977744387300474
bls_us,BLS US,4571,Gasoline Stations,8,"Motor Vehicle Parts, Materials, & Products Sales",Downstream,2024,QCEW,1.0,27826.0,27826.0,-0.087,-0.01505541643339725
bls_us,BLS US,4411,Automobile Dealers,9,"Dealers, Maintenance, & Repair",Downstream,2024,QCEW,1.0,38262.0,38262.0,0.016,0.0026490607698665958
bls_us,BLS US,8111,Automotive Repair and Maintenance,9,"Dealers, Maintenance, & Repair",Downstream,2024,QCEW,1.0,31338.0,31338.0,0.009,0.001494405741624405
bls_us,BLS US,4841,General Freight Trucking,10,Logistics,Downstream,2024,QCEW,1.0,35249.0,35249.0,0.008,0.0013289104949067987
bls_us,BLS US,4842,Specialized Freight Trucking,10,Logistics,Downstream,2024,QCEW,1.0,11640.0,11640.0,0.008,0.0013289104949067987
bls_us,BLS US,3252,"Resin, Synthetic Rubber, and Artificial and Synthetic Fibers and Filaments Manufacturing",1,Materials & Processing - Non-Metals,Upstream,2025,Forecast,0.0885140651080839,490.0053977788975,5535.904346733542,0.013,0.002155022942350149
bls_us,BLS US,3255,"Paint, Coating, and Adhesive Manufacturing",1,Materials & Processing - Coatings & Surface Treatments,Upstream,2025,Forecast,0.5150096802925763,2243.5716315518484,4356.367884730396,0.013,0.002155022942350149
bls_us,BLS US,3261,Plastics Product Manufacturing,1,Materials & Processing - Non-Metals,Upstream,2025,Forecast,0.2346645503033676,8100.233701057193,34518.35264672676,0.026,0.004287121315258657
bls_us,BLS US,3262,Rubber Product Manufacturing,1,Materials & Processing - Non-Metals,Upstream,2025,Forecast,0.5480013167432982,2824.777842486732,5154.6917063521405,0.009,0.001494405741624405
bls_us,BLS US,3272,Glass and Glass Product Manufacturing,1,Materials & Processing - Non-Metals,Upstream,2025,Forecast,0.5746759592860471,1612.6483928663758,2806.1873248880315,0.009,0.001494405741624405
bls_us,BLS US,3311,Iron and Steel Mills and Ferroalloy Manufacturing,1,Materials & Processing - Metals,Upstream,2025,Forecast,0.4155561904757487,1355.9053177067426,3262.8687739062125,0.009,0.001494405741624405
bls_us,BLS US,3312,Steel Product Manufacturing from Purchased Steel,1,Materials & Processing - Metals,Upstream,2025,Forecast,0.4018232314810702,794.6466366008742,1977.6025235572022,0.011,0.0018249866044590668
bls_us,BLS US,3313,Alumina and Aluminum Production and Processing,1,Materials & Processing - Metals,Upstream,2025,Forecast,0.3207778863371143,864.155654079123,2693.9377397448093,-0.009,-0.001505656136097322
bls_us,BLS US,3314,Nonferrous Metal (except Aluminum) Production and Processing,1,Materials & Processing - Metals,Upstream,2025,Forecast,0.2932456097149427,370.751343128905,1264.3031330948274,0.011,0.0018249866044590668
bls_us,BLS US,3328,"Coating, Engraving, Heat Treating, and Allied Activities",1,Materials & Processing - Coatings & Surface Treatments,Upstream,2025,Forecast,0.2353528305668375,2611.477309693266,11096.009779885082,-0.065,-0.01113895554005151
bls_us,BLS US,3335,Metalworking Machinery Manufacturing,2,Equipment Manufacturing,Upstream,2025,Forecast,0.0781138186814543,2297.5983473330552,29413.46852728567,-0.038,-0.006436004347869617
bls_us,BLS US,3339,Other General Purpose Machinery Manufacturing,2,Equipment Manufacturing,Upstream,2025,Forecast,0.2191076203234622,3933.414965191226,17951.97702108416,0.002,0.0003330558945815465
bls_us,BLS US,3315,Foundries,3,Forging & Foundries,Upstream,2025,Forecast,0.6718042155478705,6181.613746565499,9201.510802554674,-0.091,-0.015775932981637153
bls_us,BLS US,3321,Forging and Stamping,3,Forging & Foundries,Upstream,2025,Forecast,0.3924501979798644,2715.267361603743,6918.756508674399,-0.0579999999999999,-0.009908914042015105
bls_us,BLS US,3326,Spring and Wire Product Manufacturing,4,Parts & Machining,Upstream,2025,Forecast,0.4020278427245708,1141.9887621416533,2840.5713256134586,-0.0579999999999999,-0.009908914042015105
bls_us,BLS US,3327,"Machine Shops; Turned Product; and Screw, Nut, and Bolt Manufacturing",4,Parts & Machining,Upstream,2025,Forecast,0.3798883431259702,9281.008104580524,24430.884159830508,-0.024,-0.00404059682712965
bls_us,BLS US,3329,Other Fabricated Metal Product Manufacturing,4,Parts & Machining,Upstream,2025,Forecast,0.1601840236697625,1723.1539489484394,10757.339648933506,-0.0579999999999999,-0.009908914042015105
bls_us,BLS US,3344,Semiconductor and Other Electronic Component Manufacturing,4,Parts & Machining,Upstream,2025,Forecast,0.2236609031791956,2753.5678018080116,12311.350632443222,0.067,0.010867118190592162
bls_us,BLS US,3336,"Engine, Turbine, and Power Transmission Equipment Manufacturing",5,Component Systems,Upstream,2025,Forecast,0.7169582878623106,3545.848286485487,4945.682819369897,-0.0289999999999999,-0.0048927928833205625
bls_us,BLS US,3345,"Navigational, Measuring, Electro medical, and Control Instruments Manufacturing",5,Component Systems,Upstream,2025,Forecast,0.0208760538182582,185.71991585090845,8896.313329508559,0.02,0.0033058903246372395
bls_us,BLS US,3359,Other Electrical Equipment and Component Manufacturing,5,Component Systems,Upstream,2025,Forecast,0.503516468921238,2296.675107761583,4561.271079538092,0.166,0.025926918474604488
bls_us,BLS US,5413,"Architectural, Engineering, and Related Services",6,Engineering & Design,OEM,2025,Forecast,0.007242971108885,614.0060223540871,84772.67313697854,0.023,0.0037971053021661483
bls_us,BLS US,5414,Industrial design,6,Engineering & Design,OEM,2025,Forecast,0.0336712633047057,353.47116179111214,10497.710127250053,0.023,0.0037971053021661483
bls_us,BLS US,5417,Scientific Research and Development,6,Engineering & Design,OEM,2025,Forecast,0.0026962895876024,68.75402642021515,25499.496321295646,0.049,0.008004756346430275
bls_us,BLS US,3361,Motor Vehicle Manufacturing,7,Core Automotive,OEM,2025,Forecast,1.0,48391.378313817455,48391.378313817455,0.032,0.005263582072737805
bls_us,BLS US,3362,Motor Vehicle Body and Trailer Manufacturing,7,Core Automotive,OEM,2025,Forecast,1.0,7947.185957261451,7947.185957261451,0.02,0.0033058903246372395
bls_us,BLS US,3363,Motor Vehicle Parts Manufacturing,7,Core Automotive,OEM,2025,Forecast,1.0,114095.91304623827,114095.91304623827,-0.141,-0.02501292014186718
bls_us,BLS US,4231,Motor Vehicle and Motor Vehicle Parts and Supplies Merchant Wholesalers,8,"Motor Vehicle Parts, Materials, & Products Sales",Downstream,2025,Forecast,1.0,26093.607156898364,26093.607156898364,0.027,0.0044501946608039855
bls_us,BLS US,4235,Metal and Mineral (except Petroleum) Merchant Wholesalers,8,"Motor Vehicle Parts, Materials, & Products Sales",Downstream,2025,Forecast,1.0,6380.022156574369,6380.022156574369,0.02,0.0033058903246372395
bls_us,BLS US,4238,"Machinery, Equipment, and Supplies Merchant Wholesalers",8,"Motor Vehicle Parts, Materials, & Products Sales",Downstream,2025,Forecast,1.0,24503.665799748203,24503.665799748203,0.024,0.003960576873364374
bls_us,BLS US,4239,Miscellaneous Durable Goods Merchant Wholesalers,8,"Motor Vehicle Parts, Materials, & Products Sales",Downstream,2025,Forecast,1.0,8760.867034314733,8760.867034314733,0.02,0.0033058903246372395
bls_us,BLS US,4247,Petroleum and Petroleum Products Merchant Wholesalers,8,"Motor Vehicle Parts, Materials, & Products Sales",Downstream,2025,Forecast,1.0,3850.473968624197,3850.473968624197,0.0069999999999999,0.0011632783734261132
bls_us,BLS US,4413,"Automotive Parts, Accessories, and Tire Retailers",8,"Motor Vehicle Parts, Materials, & Products Sales",Downstream,2025,Forecast,1.0,18246.17112589377,18246.17112589377,0.018,0.002977744387300474
bls_us,BLS US,4571,Gasoline Stations,8,"Motor Vehicle Parts, Materials, & Products Sales",Downstream,2025,Forecast,1.0,27407.06798232429,27407.06798232429,-0.087,-0.01505541643339725
bls_us,BLS US,4411,Automobile Dealers,9,"Dealers, Maintenance, & Repair",Downstream,2025,Forecast,1.0,38363.35836317664,38363.35836317664,0.016,0.0026490607698665958
bls_us,BLS US,8111,Automotive Repair and Maintenance,9,"Dealers, Maintenance, & Repair",Downstream,2025,Forecast,1.0,31384.831687131027,31384.831687131027,0.009,0.001494405741624405
bls_us,BLS US,4841,General Freight Trucking,10,Logistics,Downstream,2025,Forecast,1.0,35295.84276603497,35295.84276603497,0.008,0.0013289104949067987
bls_us,BLS US,4842,Specialized Freight Trucking,10,Logistics,Downstream,2025,Forecast,1.0,11655.468518160715,11655.468518160715,0.008,0.0013289104949067987
bls_us,BLS US,3252,"Resin, Synthetic Rubber, and Artificial and Synthetic Fibers and Filaments Manufacturing",1,Materials & Processing - Non-Metals,Upstream,2026,Forecast,0.0885140651080839,491.06137065298645,5547.83434760741,0.013,0.002155022942350149
bls_us,BLS US,3255,"Paint, Coating, and Adhesive Manufacturing",1,Materials & Processing - Coatings & Surface Treatments,Upstream,2026,Forecast,0.5150096802925763,2248.4065798906486,4365.755957467308,0.013,0.002155022942350149
bls_us,BLS US,3261,Plastics Product Manufacturing,1,Materials & Processing - Non-Metals,Upstream,2026,Forecast,0.2346645503033676,8134.960385615572,34666.337012126154,0.026,0.004287121315258657
bls_us,BLS US,3262,Rubber Product Manufacturing,1,Materials & Processing - Non-Metals,Upstream,2026,Forecast,0.5480013167432982,2828.9992067133576,5162.394907234417,0.009,0.001494405741624405
bls_us,BLS US,3272,Glass and Glass Product Manufacturing,1,Materials & Processing - Non-Metals,Upstream,2026,Forecast,0.5746759592860471,1615.0583438838967,2810.3809073384177,0.009,0.001494405741624405
bls_us,BLS US,3311,Iron and Steel Mills and Ferroalloy Manufacturing,1,Materials & Processing - Metals,Upstream,2026,Forecast,0.4155561904757487,1357.9315903986226,3267.7448237361045,0.009,0.001494405741624405
bls_us,BLS US,3312,Steel Product Manufacturing from Purchased Steel,1,Materials & Processing - Metals,Upstream,2026,Forecast,0.4018232314810702,796.0968560679493,1981.2116216716386,0.011,0.0018249866044590668
bls_us,BLS US,3313,Alumina and Aluminum Production and Processing,1,Materials & Processing - Metals,Upstream,2026,Forecast,0.3207778863371143,862.8545328160156,2689.8815958566984,-0.009,-0.001505656136097322
bls_us,BLS US,3314,Nonferrous Metal (except Aluminum) Production and Processing,1,Materials & Processing - Metals,Upstream,2026,Forecast,0.2932456097149427,371.42795936370044,1266.610469376701,0.011,0.0018249866044590668
bls_us,BLS US,3328,"Coating, Engraving, Heat Treating, and Allied Activities",1,Materials & Processing - Coatings & Surface Treatments,Upstream,2026,Forecast,0.2353528305668375,2582.3881800467393,10972.411820274965,-0.065,-0.01113895554005151
bls_us,BLS US,3335,Metalworking Machinery Manufacturing,2,Equipment Manufacturing,Upstream,2026,Forecast,0.0781138186814543,2282.810994379962,29224.163315958132,-0.038,-0.006436004347869617
bls_us,BLS US,3339,Other General Purpose Machinery Manufacturing,2,Equipment Manufacturing,Upstream,2026,Forecast,0.2191076203234622,3934.7250122312184,17957.956032850423,0.002,0.0003330558945815465
bls_us,BLS US,3315,Foundries,3,Forging & Foundries,Upstream,2026,Forecast,0.6718042155478705,6084.093022381315,9056.348384803761,-0.091,-0.015775932981637153
bls_us,BLS US,3321,Forging and Stamping,3,Forging & Foundries,Upstream,2026,Forecast,0.3924501979798644,2688.3620107165225,6850.199145152312,-0.0579999999999999,-0.009908914042015105
bls_us,BLS US,3326,Spring and Wire Product Manufacturing,4,Parts & Machining,Upstream,2026,Forecast,0.4020278427245708,1130.6728936606444,2812.424348517742,-0.0579999999999999,-0.009908914042015105
bls_us,BLS US,3327,"Machine Shops; Turned Product; and Screw, Nut, and Bolt Manufacturing",4,Parts & Machining,Upstream,2026,Forecast,0.3798883431259702,9243.507292680591,24332.16880681033,-0.024,-0.00404059682712965
bls_us,BLS US,3329,Other Fabricated Metal Product Manufacturing,4,Parts & Machining,Upstream,2026,Forecast,0.1601840236697625,1706.0793645871504,10650.746095031463,-0.0579999999999999,-0.009908914042015105
bls_us,BLS US,3344,Semiconductor and Other Electronic Component Manufacturing,4,Parts & Machining,Upstream,2026,Forecast,0.2236609031791956,2783.4911485560688,12445.139534851804,0.067,0.010867118190592162
bls_us,BLS US,3336,"Engine, Turbine, and Power Transmission Equipment Manufacturing",5,Component Systems,Upstream,2026,Forecast,0.7169582878623106,3528.499185224036,4921.484617668123,-0.0289999999999999,-0.0048927928833205625
bls_us,BLS US,3345,"Navigational, Measuring, Electro medical, and Control Instruments Manufacturing",5,Component Systems,Upstream,2026,Forecast,0.0208760538182582,186.33388552381243,8925.723565669523,0.02,0.0033058903246372395
bls_us,BLS US,3359,Other Electrical Equipment and Component Manufacturing,5,Component Systems,Upstream,2026,Forecast,0.503516468921238,2356.2208160431715,4679.530782957847,0.166,0.025926918474604488
bls_us,BLS US,5413,"Architectural, Engineering, and Related Services",6,Engineering & Design,OEM,2026,Forecast,0.007242971108885,616.3374678771297,85094.56390362575,0.023,0.0037971053021661483
bls_us,BLS US,5414,Industrial design,6,Engineering & Design,OEM,2026,Forecast,0.0336712633047057,354.81332901371195,10537.571038034837,0.023,0.0037971053021661483
bls_us,BLS US,5417,Scientific Research and Development,6,Engineering & Design,OEM,2026,Forecast,0.0026962895876024,69.304385649545,25703.613576304313,0.049,0.008004756346430275
bls_us,BLS US,3361,Motor Vehicle Manufacturing,7,Core Automotive,OEM,2026,Forecast,1.0,48646.09030518514,48646.09030518514,0.032,0.005263582072737805
bls_us,BLS US,3362,Motor Vehicle Body and Trailer Manufacturing,7,Core Automotive,OEM,2026,Forecast,1.0,7973.458482425655,7973.458482425655,0.02,0.0033058903246372395
bls_us,BLS US,3363,Motor Vehicle Parts Manufacturing,7,Core Automotive,OEM,2026,Forecast,1.0,111242.04108469929,111242.04108469929,-0.141,-0.02501292014186718
bls_us,BLS US,4231,Motor Vehicle and Motor Vehicle Parts and Supplies Merchant Wholesalers,8,"Motor Vehicle Parts, Materials, & Products Sales",Downstream,2026,Forecast,1.0,26209.72878814911,26209.72878814911,0.027,0.0044501946608039855
bls_us,BLS US,4235,Metal and Mineral (except Petroleum) Merchant Wholesalers,8,"Motor Vehicle Parts, Materials, & Products Sales",Downstream,2026,Forecast,1.0,6401.113810092758,6401.113810092758,0.02,0.0033058903246372395
bls_us,BLS US,4238,"Machinery, Equipment, and Supplies Merchant Wholesalers",8,"Motor Vehicle Parts, Materials, & Products Sales",Downstream,2026,Forecast,1.0,24600.714451827334,24600.714451827334,0.024,0.003960576873364374
bls_us,BLS US,4239,Miscellaneous Durable Goods Merchant Wholesalers,8,"Motor Vehicle Parts, Materials, & Products Sales",Downstream,2026,Forecast,1.0,8789.829499878906,8789.829499878906,0.02,0.0033058903246372395
bls_us,BLS US,4247,Petroleum and Petroleum Products Merchant Wholesalers,8,"Motor Vehicle Parts, Materials, & Products Sales",Downstream,2026,Forecast,1.0,3854.953141719338,3854.953141719338,0.0069999999999999,0.0011632783734261132
bls_us,BLS US,4413,"Automotive Parts, Accessories, and Tire Retailers",8,"Motor Vehicle Parts, Materials, & Products Sales",Downstream,2026,Forecast,1.0,18300.503559553625,18300.503559553625,0.018,0.002977744387300474
bls_us,BLS US,4571,Gasoline Stations,8,"Motor Vehicle Parts, Materials, & Products Sales",Downstream,2026,Forecast,1.0,26994.443160631967,26994.443160631967,-0.087,-0.01505541643339725
bls_us,BLS US,4411,Automobile Dealers,9,"Dealers, Maintenance, & Repair",Downstream,2026,Forecast,1.0,38464.98523081686,38464.98523081686,0.016,0.0026490607698665958
bls_us,BLS US,8111,Automotive Repair and Maintenance,9,"Dealers, Maintenance, & Repair",Downstream,2026,Forecast,1.0,31431.733359804188,31431.733359804188,0.009,0.001494405741624405
bls_us,BLS US,4841,General Freight Trucking,10,Logistics,Downstream,2026,Forecast,1.0,35342.747781913335,35342.747781913335,0.008,0.0013289104949067987
bls_us,BLS US,4842,Specialized Freight Trucking,10,Logistics,Downstream,2026,Forecast,1.0,11670.957592597555,11670.957592597555,0.008,0.0013289104949067987
bls_us,BLS US,3252,"Resin, Synthetic Rubber, and Artificial and Synthetic Fibers and Filaments Manufacturing",1,Materials & Processing - Non-Metals,Upstream,2027,Forecast,0.0885140651080839,492.11961917284555,5559.790057906862,0.013,0.002155022942350149
bls_us,BLS US,3255,"Paint, Coating, and Adhesive Manufacturing",1,Materials & Processing - Coatings & Surface Treatments,Upstream,2027,Forecast,0.5150096802925763,2253.251947654044,4375.164261716352,0.013,0.002155022942350149
bls_us,BLS US,3261,Plastics Product Manufacturing,1,Materials & Processing - Non-Metals,Upstream,2027,Forecast,0.2346645503033676,8169.835947683529,34814.95580445278,0.026,0.004287121315258657
bls_us,BLS US,3262,Rubber Product Manufacturing,1,Materials & Processing - Non-Metals,Upstream,2027,Forecast,0.5480013167432982,2833.226879370921,5170.10961982432,0.009,0.001494405741624405
bls_us,BLS US,3272,Glass and Glass Product Manufacturing,1,Materials & Processing - Non-Metals,Upstream,2027,Forecast,0.5746759592860471,1617.471896346055,2814.580756702496,0.009,0.001494405741624405
bls_us,BLS US,3311,Iron and Steel Mills and Ferroalloy Manufacturing,1,Materials & Processing - Metals,Upstream,2027,Forecast,0.4155561904757487,1359.9608911640473,3272.628160362859,0.009,0.001494405741624405
bls_us,BLS US,3312,Steel Product Manufacturing from Purchased Steel,1,Materials & Processing - Metals,Upstream,2027,Forecast,0.4018232314810702,797.5497221661252,1984.827306341788,0.011,0.0018249866044590668
bls_us,BLS US,3313,Alumina and Aluminum Production and Processing,1,Materials & Processing - Metals,Upstream,2027,Forecast,0.3207778863371143,861.5553705941218,2685.831559126522,-0.009,-0.001505656136097322
bls_us,BLS US,3314,Nonferrous Metal (except Aluminum) Production and Processing,1,Materials & Processing - Metals,Upstream,2027,Forecast,0.2932456097149427,372.1058104140607,1268.922016516381,0.011,0.0018249866044590668
bls_us,BLS US,3328,"Coating, Engraving, Heat Treating, and Allied Activities",1,Materials & Processing - Coatings & Surface Treatments,Upstream,2027,Forecast,0.2353528305668375,2553.623072922044,10850.190612841787,-0.065,-0.01113895554005151
bls_us,BLS US,3335,Metalworking Machinery Manufacturing,2,Equipment Manufacturing,Upstream,2027,Forecast,0.0781138186814543,2268.118812894768,29036.07647379377,-0.038,-0.006436004347869617
bls_us,BLS US,3339,Other General Purpose Machinery Manufacturing,2,Equipment Manufacturing,Upstream,2027,Forecast,0.2191076203234622,3936.035495590099,17963.9370359618,0.002,0.0003330558945815465
bls_us,BLS US,3315,Foundries,3,Forging & Foundries,Upstream,2027,Forecast,0.6718042155478705,5988.110778606181,8913.47603962674,-0.091,-0.015775932981637153
bls_us,BLS US,3321,Forging and Stamping,3,Forging & Foundries,Upstream,2027,Forecast,0.3924501979798644,2661.7232626385135,6782.321110652312,-0.0579999999999999,-0.009908914042015105
bls_us,BLS US,3326,Spring and Wire Product Manufacturing,4,Parts & Machining,Upstream,2027,Forecast,0.4020278427245708,1119.4691531477247,2784.5562773986094,-0.0579999999999999,-0.009908914042015105
bls_us,BLS US,3327,"Machine Shops; Turned Product; and Screw, Nut, and Bolt Manufacturing",4,Parts & Machining,Upstream,2027,Forecast,0.3798883431259702,9206.158006442236,24233.852322732346,-0.024,-0.00404059682712965
bls_us,BLS US,3329,Other Fabricated Metal Product Manufacturing,4,Parts & Machining,Upstream,2027,Forecast,0.1601840236697625,1689.1739708146006,10545.208767492468,-0.0579999999999999,-0.009908914042015105
bls_us,BLS US,3344,Semiconductor and Other Electronic Component Manufacturing,4,Parts & Machining,Upstream,2027,Forecast,0.2236609031791956,2813.739675849894,12580.382337075449,0.067,0.010867118190592162
bls_us,BLS US,3336,"Engine, Turbine, and Power Transmission Equipment Manufacturing",5,Component Systems,Upstream,2027,Forecast,0.7169582878623106,3511.2349695217695,4897.404812755425,-0.0289999999999999,-0.0048927928833205625
bls_us,BLS US,3345,"Navigational, Measuring, Electro medical, and Control Instruments Manufacturing",5,Component Systems,Upstream,2027,Forecast,0.0208760538182582,186.94988491311764,8955.231028845656,0.02,0.0033058903246372395
bls_us,BLS US,3359,Other Electrical Equipment and Component Manufacturing,5,Component Systems,Upstream,2027,Forecast,0.503516468921238,2417.310361048889,4800.856596066998,0.166,0.025926918474604488
bls_us,BLS US,5413,"Architectural, Engineering, and Related Services",6,Engineering & Design,OEM,2027,Forecast,0.007242971108885,618.6777661443298,85417.67692340974,0.023,0.0037971053021661483
bls_us,BLS US,5414,Industrial design,6,Engineering & Design,OEM,2027,Forecast,0.0336712633047057,356.1605925865892,10577.583304895314,0.023,0.0037971053021661483
bls_us,BLS US,5417,Scientific Research and Development,6,Engineering & Design,OEM,2027,Forecast,0.0026962895876024,69.85915037040866,25909.36474020543,0.049,0.008004756346430275
bls_us,BLS US,3361,Motor Vehicle Manufacturing,7,Core Automotive,OEM,2027,Forecast,1.0,48902.14299402429,48902.14299402429,0.032,0.005263582072737805
bls_us,BLS US,3362,Motor Vehicle Body and Trailer Manufacturing,7,Core Automotive,OEM,2027,Forecast,1.0,7999.817861676603,7999.817861676603,0.02,0.0033058903246372395
bls_us,BLS US,3363,Motor Vehicle Parts Manufacturing,7,Core Automotive,OEM,2027,Forecast,1.0,108459.5527946294,108459.5527946294,-0.141,-0.02501292014186718
bls_us,BLS US,4231,Motor Vehicle and Motor Vehicle Parts and Supplies Merchant Wholesalers,8,"Motor Vehicle Parts, Materials, & Products Sales",Downstream,2027,Forecast,1.0,26326.36718326325,26326.36718326325,0.027,0.0044501946608039855
bls_us,BLS US,4235,Metal and Mineral (except Petroleum) Merchant Wholesalers,8,"Motor Vehicle Parts, Materials, & Products Sales",Downstream,2027,Forecast,1.0,6422.2751903044455,6422.2751903044455,0.02,0.0033058903246372395
bls_us,BLS US,4238,"Machinery, Equipment, and Supplies Merchant Wholesalers",8,"Motor Vehicle Parts, Materials, & Products Sales",Downstream,2027,Forecast,1.0,24698.147472553486,24698.147472553486,0.024,0.003960576873364374
bls_us,BLS US,4239,Miscellaneous Durable Goods Merchant Wholesalers,8,"Motor Vehicle Parts, Materials, & Products Sales",Downstream,2027,Forecast,1.0,8818.887712177766,8818.887712177766,0.02,0.0033058903246372395
bls_us,BLS US,4247,Petroleum and Petroleum Products Merchant Wholesalers,8,"Motor Vehicle Parts, Materials, & Products Sales",Downstream,2027,Forecast,1.0,3859.437525339671,3859.437525339671,0.0069999999999999,0.0011632783734261132
bls_us,BLS US,4413,"Automotive Parts, Accessories, and Tire Retailers",8,"Motor Vehicle Parts, Materials, & Products Sales",Downstream,2027,Forecast,1.0,18354.997781312857,18354.997781312857,0.018,0.002977744387300474
bls_us,BLS US,4571,Gasoline Stations,8,"Motor Vehicle Parts, Materials, & Products Sales",Downstream,2027,Forecast,1.0,26588.03057746098,26588.03057746098,-0.087,-0.01505541643339725
bls_us,BLS US,4411,Automobile Dealers,9,"Dealers, Maintenance, & Repair",Downstream,2027,Forecast,1.0,38566.88131420531,38566.88131420531,0.016,0.0026490607698665958
bls_us,BLS US,8111,Automotive Repair and Maintenance,9,"Dealers, Maintenance, & Repair",Downstream,2027,Forecast,1.0,31478.705122606287,31478.705122606287,0.009,0.001494405741624405
bls_us,BLS US,4841,General Freight Trucking,10,Logistics,Downstream,2027,Forecast,1.0,35389.71513035956,35389.71513035956,0.008,0.0013289104949067987
bls_us,BLS US,4842,Specialized Freight Trucking,10,Logistics,Downstream,2027,Forecast,1.0,11686.46725062797,11686.46725062797,0.008,0.0013289104949067987
bls_us,BLS US,3252,"Resin, Synthetic Rubber, and Artificial and Synthetic Fibers and Filaments Manufacturing",1,Materials & Processing - Non-Metals,Upstream,2028,Forecast,0.0885140651080839,493.1801482425436,5571.771533036301,0.013,0.002155022942350149
bls_us,BLS US,3255,"Paint, Coating, and Adhesive Manufacturing",1,Materials & Processing - Coatings & Surface Treatments,Upstream,2028,Forecast,0.5150096802925763,2258.107757296134,4384.592841076901,0.013,0.002155022942350149
bls_us,BLS US,3261,Plastics Product Manufacturing,1,Materials & Processing - Non-Metals,Upstream,2028,Forecast,0.2346645503033676,8204.86102551701,34964.21174357184,0.026,0.004287121315258657
bls_us,BLS US,3262,Rubber Product Manufacturing,1,Materials & Processing - Non-Metals,Upstream,2028,Forecast,0.5480013167432982,2837.4608698867773,5177.835861325014,0.009,0.001494405741624405
bls_us,BLS US,3272,Glass and Glass Product Manufacturing,1,Materials & Processing - Non-Metals,Upstream,2028,Forecast,0.5746759592860471,1619.8890556348708,2818.786882345578,0.009,0.001494405741624405
bls_us,BLS US,3311,Iron and Steel Mills and Ferroalloy Manufacturing,1,Materials & Processing - Metals,Upstream,2028,Forecast,0.4155561904757487,1361.9932245281877,3277.5187946759074,0.009,0.001494405741624405
bls_us,BLS US,3312,Steel Product Manufacturing from Purchased Steel,1,Materials & Processing - Metals,Upstream,2028,Forecast,0.4018232314810702,799.0052397254684,1988.4495895880264,0.011,0.0018249866044590668
bls_us,BLS US,3313,Alumina and Aluminum Production and Processing,1,Materials & Processing - Metals,Upstream,2028,Forecast,0.3207778863371143,860.2581644637992,2681.787620358999,-0.009,-0.001505656136097322
bls_us,BLS US,3314,Nonferrous Metal (except Aluminum) Production and Processing,1,Materials & Processing - Metals,Upstream,2028,Forecast,0.2932456097149427,372.78489853350777,1271.2377821986267,0.011,0.0018249866044590668
bls_us,BLS US,3328,"Coating, Engraving, Heat Treating, and Allied Activities",1,Materials & Processing - Coatings & Surface Treatments,Upstream,2028,Forecast,0.2353528305668375,2525.1783790467157,10729.330822004258,-0.065,-0.01113895554005151
bls_us,BLS US,3335,Metalworking Machinery Manufacturing,2,Equipment Manufacturing,Upstream,2028,Forecast,0.0781138186814543,2253.5211903534923,28849.20015936336,-0.038,-0.006436004347869617
bls_us,BLS US,3339,Other General Purpose Machinery Manufacturing,2,Equipment Manufacturing,Upstream,2028,Forecast,0.2191076203234622,3937.346415413188,17969.92003108152,0.002,0.0003330558945815465
bls_us,BLS US,3315,Foundries,3,Forging & Foundries,Upstream,2028,Forecast,0.6718042155478705,5893.6427442762715,8772.85763899216,-0.091,-0.015775932981637153
bls_us,BLS US,3321,Forging and Stamping,3,Forging & Foundries,Upstream,2028,Forecast,0.3924501979798644,2635.3484756253965,6715.115673761514,-0.0579999999999999,-0.009908914042015105
bls_us,BLS US,3326,Spring and Wire Product Manufacturing,4,Parts & Machining,Upstream,2028,Forecast,0.4020278427245708,1108.3764295364963,2756.964348600713,-0.0579999999999999,-0.009908914042015105
bls_us,BLS US,3327,"Machine Shops; Turned Product; and Screw, Nut, and Bolt Manufacturing",4,Parts & Machining,Upstream,2028,Forecast,0.3798883431259702,9168.959633611352,24135.933095927987,-0.024,-0.00404059682712965
bls_us,BLS US,3329,Other Fabricated Metal Product Manufacturing,4,Parts & Machining,Upstream,2028,Forecast,0.1601840236697625,1672.4360911357894,10440.717200260282,-0.0579999999999999,-0.009908914042015105
bls_us,BLS US,3344,Semiconductor and Other Electronic Component Manufacturing,4,Parts & Machining,Upstream,2028,Forecast,0.2236609031791956,2844.3169174649133,12717.094838815286,0.067,0.010867118190592162
bls_us,BLS US,3336,"Engine, Turbine, and Power Transmission Equipment Manufacturing",5,Component Systems,Upstream,2028,Forecast,0.7169582878623106,3494.055224051227,4873.442825340835,-0.0289999999999999,-0.0048927928833205625
bls_us,BLS US,3345,"Navigational, Measuring, Electro medical, and Control Instruments Manufacturing",5,Component Systems,Upstream,2028,Forecast,0.0208760538182582,187.56792072884394,8984.836040458807,0.02,0.0033058903246372395
bls_us,BLS US,3359,Other Electrical Equipment and Component Manufacturing,5,Component Systems,Upstream,2028,Forecast,0.503516468921238,2479.98376970762,4925.328013641493,0.166,0.025926918474604488
bls_us,BLS US,5413,"Architectural, Engineering, and Related Services",6,Engineering & Design,OEM,2028,Forecast,0.007242971108885,621.0269507704886,85742.01683735433,0.023,0.0037971053021661483
bls_us,BLS US,5414,Industrial design,6,Engineering & Design,OEM,2028,Forecast,0.0336712633047057,357.51297186112237,10617.747502546435,0.023,0.0037971053021661483
bls_us,BLS US,5417,Scientific Research and Development,6,Engineering & Design,OEM,2028,Forecast,0.0026962895876024,70.4183558476924,26116.762892041563,0.049,0.008004756346430275
bls_us,BLS US,3361,Motor Vehicle Manufacturing,7,Core Automotive,OEM,2028,Forecast,1.0,49159.5434372061,49159.5434372061,0.032,0.005263582072737805
bls_us,BLS US,3362,Motor Vehicle Body and Trailer Manufacturing,7,Core Automotive,OEM,2028,Forecast,1.0,8026.264382144379,8026.264382144379,0.02,0.0033058903246372395
bls_us,BLS US,3363,Motor Vehicle Parts Manufacturing,7,Core Automotive,OEM,2028,Forecast,1.0,105746.6626619547,105746.6626619547,-0.141,-0.02501292014186718
bls_us,BLS US,4231,Motor Vehicle and Motor Vehicle Parts and Supplies Merchant Wholesalers,8,"Motor Vehicle Parts, Materials, & Products Sales",Downstream,2028,Forecast,1.0,26443.524641940578,26443.524641940578,0.027,0.0044501946608039855
bls_us,BLS US,4235,Metal and Mineral (except Petroleum) Merchant Wholesalers,8,"Motor Vehicle Parts, Materials, & Products Sales",Downstream,2028,Forecast,1.0,6443.50652771823,6443.50652771823,0.02,0.0033058903246372395
bls_us,BLS US,4238,"Machinery, Equipment, and Supplies Merchant Wholesalers",8,"Motor Vehicle Parts, Materials, & Products Sales",Downstream,2028,Forecast,1.0,24795.966384248222,24795.966384248222,0.024,0.003960576873364374
bls_us,BLS US,4239,Miscellaneous Durable Goods Merchant Wholesalers,8,"Motor Vehicle Parts, Materials, & Products Sales",Downstream,2028,Forecast,1.0,8848.041987739518,8848.041987739518,0.02,0.0033058903246372395
bls_us,BLS US,4247,Petroleum and Petroleum Products Merchant Wholesalers,8,"Motor Vehicle Parts, Materials, & Products Sales",Downstream,2028,Forecast,1.0,3863.927125546488,3863.927125546488,0.0069999999999999,0.0011632783734261132
bls_us,BLS US,4413,"Automotive Parts, Accessories, and Tire Retailers",8,"Motor Vehicle Parts, Materials, & Products Sales",Downstream,2028,Forecast,1.0,18409.654272935073,18409.654272935073,0.018,0.002977744387300474
bls_us,BLS US,4571,Gasoline Stations,8,"Motor Vehicle Parts, Materials, & Products Sales",Downstream,2028,Forecast,1.0,26187.736704973406,26187.736704973406,-0.087,-0.01505541643339725
bls_us,BLS US,4411,Automobile Dealers,9,"Dealers, Maintenance, & Repair",Downstream,2028,Forecast,1.0,38669.047326510874,38669.047326510874,0.016,0.0026490607698665958
bls_us,BLS US,8111,Automotive Repair and Maintenance,9,"Dealers, Maintenance, & Repair",Downstream,2028,Forecast,1.0,31525.747080280413,31525.747080280413,0.009,0.001494405741624405
bls_us,BLS US,4841,General Freight Trucking,10,Logistics,Downstream,2028,Forecast,1.0,35436.74489420806,35436.74489420806,0.008,0.0013289104949067987
bls_us,BLS US,4842,Specialized Freight Trucking,10,Logistics,Downstream,2028,Forecast,1.0,11701.997519605713,11701.997519605713,0.008,0.0013289104949067987
bls_us,BLS US,3252,"Resin, Synthetic Rubber, and Artificial and Synthetic Fibers and Filaments Manufacturing",1,Materials & Processing - Non-Metals,Upstream,2029,Forecast,0.0885140651080839,494.24296277671795,5583.778828519527,0.013,0.002155022942350149
bls_us,BLS US,3255,"Paint, Coating, and Adhesive Manufacturing",1,Materials & Processing - Coatings & Surface Treatments,Upstream,2029,Forecast,0.5150096802925763,2262.9740313194056,4394.041739242286,0.013,0.002155022942350149
bls_us,BLS US,3261,Plastics Product Manufacturing,1,Materials & Processing - Non-Metals,Upstream,2029,Forecast,0.2346645503033676,8240.03626010824,35114.107561008925,0.026,0.004287121315258657
bls_us,BLS US,3262,Rubber Product Manufacturing,1,Materials & Processing - Non-Metals,Upstream,2029,Forecast,0.5480013167432982,2841.701187702371,5185.573648965367,0.009,0.001494405741624405
bls_us,BLS US,3272,Glass and Glass Product Manufacturing,1,Materials & Processing - Non-Metals,Upstream,2029,Forecast,0.5746759592860471,1622.3098271404062,2822.9992936469707,0.009,0.001494405741624405
bls_us,BLS US,3311,Iron and Steel Mills and Ferroalloy Manufacturing,1,Materials & Processing - Metals,Upstream,2029,Forecast,0.4155561904757487,1364.0285950229763,3282.4167375809534,0.009,0.001494405741624405
bls_us,BLS US,3312,Steel Product Manufacturing from Purchased Steel,1,Materials & Processing - Metals,Upstream,2029,Forecast,0.4018232314810702,800.4634135848601,1992.0784834526667,0.011,0.0018249866044590668
bls_us,BLS US,3313,Alumina and Aluminum Production and Processing,1,Materials & Processing - Metals,Upstream,2029,Forecast,0.3207778863371143,858.9629114798464,2677.749770372696,-0.009,-0.001505656136097322
bls_us,BLS US,3314,Nonferrous Metal (except Aluminum) Production and Processing,1,Materials & Processing - Metals,Upstream,2029,Forecast,0.2932456097149427,373.4652259796761,1273.5577741222216,0.011,0.0018249866044590668
bls_us,BLS US,3328,"Coating, Engraving, Heat Treating, and Allied Activities",1,Materials & Processing - Coatings & Surface Treatments,Upstream,2029,Forecast,0.2353528305668375,2497.050529351815,10609.81728300345,-0.065,-0.01113895554005151
bls_us,BLS US,3335,Metalworking Machinery Manufacturing,2,Equipment Manufacturing,Upstream,2029,Forecast,0.0781138186814543,2239.0175181743607,28663.52658170514,-0.038,-0.006436004347869617
bls_us,BLS US,3339,Other General Purpose Machinery Manufacturing,2,Equipment Manufacturing,Upstream,2029,Forecast,0.2191076203234622,3938.657771845851,17975.905018873033,0.002,0.0003330558945815465
bls_us,BLS US,3315,Foundries,3,Forging & Foundries,Upstream,2029,Forecast,0.6718042155478705,5800.665031324856,8634.457624821975,-0.091,-0.015775932981637153
bls_us,BLS US,3321,Forging and Stamping,3,Forging & Foundries,Upstream,2029,Forecast,0.3924501979798644,2609.235034109669,6648.576169768023,-0.0579999999999999,-0.009908914042015105
bls_us,BLS US,3326,Spring and Wire Product Manufacturing,4,Parts & Machining,Upstream,2029,Forecast,0.4020278427245708,1097.3936227700235,2729.6458258535285,-0.0579999999999999,-0.009908914042015105
bls_us,BLS US,3327,"Machine Shops; Turned Product; and Screw, Nut, and Bolt Manufacturing",4,Parts & Machining,Upstream,2029,Forecast,0.3798883431259702,9131.911564407701,24038.409521240766,-0.024,-0.00404059682712965
bls_us,BLS US,3329,Other Fabricated Metal Product Manufacturing,4,Parts & Machining,Upstream,2029,Forecast,0.1601840236697625,1655.864065667961,10337.261030985914,-0.0579999999999999,-0.009908914042015105
bls_us,BLS US,3344,Semiconductor and Other Electronic Component Manufacturing,4,Parts & Machining,Upstream,2029,Forecast,0.2236609031791956,2875.2264455785057,12855.293011469661,0.067,0.010867118190592162
bls_us,BLS US,3336,"Engine, Turbine, and Power Transmission Equipment Manufacturing",5,Component Systems,Upstream,2029,Forecast,0.7169582878623106,3476.95953551706,4849.598078967738,-0.0289999999999999,-0.0048927928833205625
bls_us,BLS US,3345,"Navigational, Measuring, Electro medical, and Control Instruments Manufacturing",5,Component Systems,Upstream,2029,Forecast,0.0208760538182582,188.18799970319378,9014.538922993414,0.02,0.0033058903246372395
bls_us,BLS US,3359,Other Electrical Equipment and Component Manufacturing,5,Component Systems,Upstream,2029,Forecast,0.503516468921238,2544.282106723172,5053.0265915118625,0.166,0.025926918474604488
bls_us,BLS US,5413,"Architectural, Engineering, and Related Services",6,Engineering & Design,OEM,2029,Forecast,0.007242971108885,623.3850554980473,86067.58830410587,0.023,0.0037971053021661483
bls_us,BLS US,5414,Industrial design,6,Engineering & Design,OEM,2029,Forecast,0.0336712633047057,358.87048626216944,10658.064207885416,0.023,0.0037971053021661483
bls_us,BLS US,5417,Scientific Research and Development,6,Engineering & Design,OEM,2029,Forecast,0.0026962895876024,70.9820376285694,26325.821215549844,0.049,0.008004756346430275
bls_us,BLS US,3361,Motor Vehicle Manufacturing,7,Core Automotive,OEM,2029,Forecast,1.0,49418.29872874615,49418.29872874615,0.032,0.005263582072737805
bls_us,BLS US,3362,Motor Vehicle Body and Trailer Manufacturing,7,Core Automotive,OEM,2029,Forecast,1.0,8052.798331908291,8052.798331908291,0.02,0.0033058903246372395
bls_us,BLS US,3363,Motor Vehicle Parts Manufacturing,7,Core Automotive,OEM,2029,Forecast,1.0,103101.62983352228,103101.62983352228,-0.141,-0.02501292014186718
bls_us,BLS US,4231,Motor Vehicle and Motor Vehicle Parts and Supplies Merchant Wholesalers,8,"Motor Vehicle Parts, Materials, & Products Sales",Downstream,2029,Forecast,1.0,26561.20347411498,26561.20347411498,0.027,0.0044501946608039855
bls_us,BLS US,4235,Metal and Mineral (except Petroleum) Merchant Wholesalers,8,"Motor Vehicle Parts, Materials, & Products Sales",Downstream,2029,Forecast,1.0,6464.808053604952,6464.808053604952,0.02,0.0033058903246372395
bls_us,BLS US,4238,"Machinery, Equipment, and Supplies Merchant Wholesalers",8,"Motor Vehicle Parts, Materials, & Products Sales",Downstream,2029,Forecast,1.0,24894.172715262397,24894.172715262397,0.024,0.003960576873364374
bls_us,BLS US,4239,Miscellaneous Durable Goods Merchant Wholesalers,8,"Motor Vehicle Parts, Materials, & Products Sales",Downstream,2029,Forecast,1.0,8877.29264413877,8877.29264413877,0.02,0.0033058903246372395
bls_us,BLS US,4247,Petroleum and Petroleum Products Merchant Wholesalers,8,"Motor Vehicle Parts, Materials, & Products Sales",Downstream,2029,Forecast,1.0,3868.42194840813,3868.42194840813,0.0069999999999999,0.0011632783734261132
bls_us,BLS US,4413,"Automotive Parts, Accessories, and Tire Retailers",8,"Motor Vehicle Parts, Materials, & Products Sales",Downstream,2029,Forecast,1.0,18464.47351761845,18464.47351761845,0.018,0.002977744387300474
bls_us,BLS US,4571,Gasoline Stations,8,"Motor Vehicle Parts, Materials, & Products Sales",Downstream,2029,Forecast,1.0,25793.46942343187,25793.46942343187,-0.087,-0.01505541643339725
bls_us,BLS US,4411,Automobile Dealers,9,"Dealers, Maintenance, & Repair",Downstream,2029,Forecast,1.0,38771.48398279165,38771.48398279165,0.016,0.0026490607698665958
bls_us,BLS US,8111,Automotive Repair and Maintenance,9,"Dealers, Maintenance, & Repair",Downstream,2029,Forecast,1.0,31572.859337726186,31572.859337726186,0.009,0.001494405741624405
bls_us,BLS US,4841,General Freight Trucking,10,Logistics,Downstream,2029,Forecast,1.0,35483.83715640331,35483.83715640331,0.008,0.0013289104949067987
bls_us,BLS US,4842,Specialized Freight Trucking,10,Logistics,Downstream,2029,Forecast,1.0,11717.54842692089,11717.54842692089,0.008,0.0013289104949067987
bls_us,BLS US,3252,"Resin, Synthetic Rubber, and Artificial and Synthetic Fibers and Filaments Manufacturing",1,Materials & Processing - Non-Metals,Upstream,2030,Forecast,0.0885140651080839,495.30806770059684,5595.811999999995,0.013,0.002155022942350149
bls_us,BLS US,3255,"Paint, Coating, and Adhesive Manufacturing",1,Materials & Processing - Coatings & Surface Treatments,Upstream,2030,Forecast,0.5150096802925763,2267.8507922748413,4403.510999999997,0.013,0.002155022942350149
bls_us,BLS US,3261,Plastics Product Manufacturing,1,Materials & Processing - Non-Metals,Upstream,2030,Forecast,0.2346645503033676,8275.362295197454,35264.64600000001,0.026,0.004287121315258657
bls_us,BLS US,3262,Rubber Product Manufacturing,1,Materials & Processing - Non-Metals,Upstream,2030,Forecast,0.5480013167432982,2845.9478422732545,5193.322999999998,0.009,0.001494405741624405
bls_us,BLS US,3272,Glass and Glass Product Manufacturing,1,Materials & Processing - Non-Metals,Upstream,2030,Forecast,0.5746759592860471,1624.7342162607786,2827.2179999999985,0.009,0.001494405741624405
bls_us,BLS US,3311,Iron and Steel Mills and Ferroalloy Manufacturing,1,Materials & Processing - Metals,Upstream,2030,Forecast,0.4155561904757487,1366.0670071871184,3287.3219999999983,0.009,0.001494405741624405
bls_us,BLS US,3312,Steel Product Manufacturing from Purchased Steel,1,Materials & Processing - Metals,Upstream,2030,Forecast,0.4018232314810702,801.9242485920121,1995.713999999999,0.011,0.0018249866044590668
bls_us,BLS US,3313,Alumina and Aluminum Production and Processing,1,Materials & Processing - Metals,Upstream,2030,Forecast,0.3207778863371143,857.6696087014967,2673.7180000000008,-0.009,-0.001505656136097322
bls_us,BLS US,3314,Nonferrous Metal (except Aluminum) Production and Processing,1,Materials & Processing - Metals,Upstream,2030,Forecast,0.2932456097149427,374.1467950143203,1275.8819999999994,0.011,0.0018249866044590668
bls_us,BLS US,3328,"Coating, Engraving, Heat Treating, and Allied Activities",1,Materials & Processing - Coatings & Surface Treatments,Upstream,2030,Forecast,0.2353528305668375,2469.235994524103,10491.635000000004,-0.065,-0.01113895554005151
bls_us,BLS US,3335,Metalworking Machinery Manufacturing,2,Equipment Manufacturing,Upstream,2030,Forecast,0.0781138186814543,2224.6071916924343,28479.04800000001,-0.038,-0.006436004347869617
bls_us,BLS US,3339,Other General Purpose Machinery Manufacturing,2,Equipment Manufacturing,Upstream,2030,Forecast,0.2191076203234622,3939.9695650335034,17981.892000000003,0.002,0.0003330558945815465
bls_us,BLS US,3315,Foundries,3,Forging & Foundries,Upstream,2030,Forecast,0.6718042155478705,5709.154128541749,8498.240999999998,-0.091,-0.015775932981637153
bls_us,BLS US,3321,Forging and Stamping,3,Forging & Foundries,Upstream,2030,Forecast,0.3924501979798644,2583.380348441262,6582.696000000001,-0.0579999999999999,-0.009908914042015105
bls_us,BLS US,3326,Spring and Wire Product Manufacturing,4,Parts & Machining,Upstream,2030,Forecast,0.4020278427245708,1086.51964369174,2702.5980000000004,-0.0579999999999999,-0.009908914042015105
bls_us,BLS US,3327,"Machine Shops; Turned Product; and Screw, Nut, and Bolt Manufacturing",4,Parts & Machining,Upstream,2030,Forecast,0.3798883431259702,9095.013191514927,23941.279999999995,-0.024,-0.00404059682712965
bls_us,BLS US,3329,Other Fabricated Metal Product Manufacturing,4,Parts & Machining,Upstream,2030,Forecast,0.1601840236697625,1639.4562509759958,10234.830000000002,-0.0579999999999999,-0.009908914042015105
bls_us,BLS US,3344,Semiconductor and Other Electronic Component Manufacturing,4,Parts & Machining,Upstream,2030,Forecast,0.2236609031791956,2906.471871187324,12994.992999999997,0.067,0.010867118190592162
bls_us,BLS US,3336,"Engine, Turbine, and Power Transmission Equipment Manufacturing",5,Component Systems,Upstream,2030,Forecast,0.7169582878623106,3459.947492646089,4825.869999999999,-0.0289999999999999,-0.0048927928833205625
bls_us,BLS US,3345,"Navigational, Measuring, Electro medical, and Control Instruments Manufacturing",5,Component Systems,Upstream,2030,Forecast,0.0208760538182582,188.8101285906254,9044.340000000002,0.02,0.0033058903246372395
bls_us,BLS US,3359,Other Electrical Equipment and Component Manufacturing,5,Component Systems,Upstream,2030,Forecast,0.503516468921238,2610.2475014805786,5184.035999999998,0.166,0.025926918474604488
bls_us,BLS US,5413,"Architectural, Engineering, and Related Services",6,Engineering & Design,OEM,2030,Forecast,0.007242971108885,625.7521141975701,86394.39600000004,0.023,0.0037971053021661483
bls_us,BLS US,5414,Industrial design,6,Engineering & Design,OEM,2030,Forecast,0.0336712633047057,360.23315528834644,10698.534000000003,0.023,0.0037971053021661483
bls_us,BLS US,5417,Scientific Research and Development,6,Engineering & Design,OEM,2030,Forecast,0.0026962895876024,71.55023154475926,26536.55300000001,0.049,0.008004756346430275
bls_us,BLS US,3361,Motor Vehicle Manufacturing,7,Core Automotive,OEM,2030,Forecast,1.0,49678.41599999998,49678.41599999998,0.032,0.005263582072737805
bls_us,BLS US,3362,Motor Vehicle Body and Trailer Manufacturing,7,Core Automotive,OEM,2030,Forecast,1.0,8079.420000000002,8079.420000000002,0.02,0.0033058903246372395
bls_us,BLS US,3363,Motor Vehicle Parts Manufacturing,7,Core Automotive,OEM,2030,Forecast,1.0,100522.75700000003,100522.75700000003,-0.141,-0.02501292014186718
bls_us,BLS US,4231,Motor Vehicle and Motor Vehicle Parts and Supplies Merchant Wholesalers,8,"Motor Vehicle Parts, Materials, & Products Sales",Downstream,2030,Forecast,1.0,26679.406000000014,26679.406000000014,0.027,0.0044501946608039855
bls_us,BLS US,4235,Metal and Mineral (except Petroleum) Merchant Wholesalers,8,"Motor Vehicle Parts, Materials, & Products Sales",Downstream,2030,Forecast,1.0,6486.180000000001,6486.180000000001,0.02,0.0033058903246372395
bls_us,BLS US,4238,"Machinery, Equipment, and Supplies Merchant Wholesalers",8,"Motor Vehicle Parts, Materials, & Products Sales",Downstream,2030,Forecast,1.0,24992.768000000007,24992.768000000007,0.024,0.003960576873364374
bls_us,BLS US,4239,Miscellaneous Durable Goods Merchant Wholesalers,8,"Motor Vehicle Parts, Materials, & Products Sales",Downstream,2030,Forecast,1.0,8906.640000000001,8906.640000000001,0.02,0.0033058903246372395
bls_us,BLS US,4247,Petroleum and Petroleum Products Merchant Wholesalers,8,"Motor Vehicle Parts, Materials, & Products Sales",Downstream,2030,Forecast,1.0,3872.9220000000005,3872.9220000000005,0.0069999999999999,0.0011632783734261132
bls_us,BLS US,4413,"Automotive Parts, Accessories, and Tire Retailers",8,"Motor Vehicle Parts, Materials, & Products Sales",Downstream,2030,Forecast,1.0,18519.455999999995,18519.455999999995,0.018,0.002977744387300474
bls_us,BLS US,4571,Gasoline Stations,8,"Motor Vehicle Parts, Materials, & Products Sales",Downstream,2030,Forecast,1.0,25405.138000000003,25405.138000000003,-0.087,-0.01505541643339725
bls_us,BLS US,4411,Automobile Dealers,9,"Dealers, Maintenance, & Repair",Downstream,2030,Forecast,1.0,38874.19199999997,38874.19199999997,0.016,0.0026490607698665958
bls_us,BLS US,8111,Automotive Repair and Maintenance,9,"Dealers, Maintenance, & Repair",Downstream,2030,Forecast,1.0,31620.041999999983,31620.041999999983,0.009,0.001494405741624405
bls_us,BLS US,4841,General Freight Trucking,10,Logistics,Downstream,2030,Forecast,1.0,35530.99200000001,35530.99200000001,0.008,0.0013289104949067987
bls_us,BLS US,4842,Specialized Freight Trucking,10,Logistics,Downstream,2030,Forecast,1.0,11733.120000000004,11733.120000000004,0.008,0.0013289104949067987
bls_us,BLS US,3252,"Resin, Synthetic Rubber, and Artificial and Synthetic Fibers and Filaments Manufacturing",1,Materials & Processing - Non-Metals,Upstream,2031,Forecast,0.0885140651080839,496.37546795002277,5607.871103241074,0.013,0.002155022942350149
bls_us,BLS US,3255,"Paint, Coating, and Adhesive Manufacturing",1,Materials & Processing - Coatings & Surface Treatments,Upstream,2031,Forecast,0.5150096802925763,2272.738062762021,4413.000667231888,0.013,0.002155022942350149
bls_us,BLS US,3261,Plastics Product Manufacturing,1,Materials & Processing - Non-Metals,Upstream,2031,Forecast,0.2346645503033676,8310.839777284682,35415.829815541656,0.026,0.004287121315258657
bls_us,BLS US,3262,Rubber Product Manufacturing,1,Materials & Processing - Non-Metals,Upstream,2031,Forecast,0.5480013167432982,2850.200843069111,5201.083931709307,0.009,0.001494405741624405
bls_us,BLS US,3272,Glass and Glass Product Manufacturing,1,Materials & Processing - Non-Metals,Upstream,2031,Forecast,0.5746759592860471,1627.1622284021723,2831.4430108120223,0.009,0.001494405741624405
bls_us,BLS US,3311,Iron and Steel Mills and Ferroalloy Manufacturing,1,Materials & Processing - Metals,Upstream,2031,Forecast,0.4155561904757487,1368.1084655661025,3292.234592871366,0.009,0.001494405741624405
bls_us,BLS US,3312,Steel Product Manufacturing from Purchased Steel,1,Materials & Processing - Metals,Upstream,2031,Forecast,0.4018232314810702,803.3877496034833,1999.35615131633,0.011,0.0018249866044590668
bls_us,BLS US,3313,Alumina and Aluminum Production and Processing,1,Materials & Processing - Metals,Upstream,2031,Forecast,0.3207778863371143,856.3782531924112,2669.692300087107,-0.009,-0.001505656136097322
bls_us,BLS US,3314,Nonferrous Metal (except Aluminum) Production and Processing,1,Materials & Processing - Metals,Upstream,2031,Forecast,0.2932456097149427,374.82960790332265,1278.2104675588696,0.011,0.0018249866044590668
bls_us,BLS US,3328,"Coating, Engraving, Heat Treating, and Allied Activities",1,Materials & Processing - Coatings & Surface Treatments,Upstream,2031,Forecast,0.2353528305668375,2441.731284563204,10374.769144192554,-0.065,-0.01113895554005151
bls_us,BLS US,3335,Metalworking Machinery Manufacturing,2,Equipment Manufacturing,Upstream,2031,Forecast,0.0781138186814543,2210.2896101344,28295.75672324882,-0.038,-0.006436004347869617
bls_us,BLS US,3339,Other General Purpose Machinery Manufacturing,2,Equipment Manufacturing,Upstream,2031,Forecast,0.2191076203234622,3941.2817951216102,17987.880975126336,0.002,0.0003330558945815465
bls_us,BLS US,3315,Foundries,3,Forging & Foundries,Upstream,2031,Forecast,0.6718042155478705,5619.086895628037,8364.173319522197,-0.091,-0.015775932981637153
bls_us,BLS US,3321,Forging and Stamping,3,Forging & Foundries,Upstream,2031,Forecast,0.3924501979798644,2557.7818546307267,6517.468631171285,-0.0579999999999999,-0.009908914042015105
bls_us,BLS US,3326,Spring and Wire Product Manufacturing,4,Parts & Machining,Upstream,2031,Forecast,0.4020278427245708,1075.7534139374375,2675.818188727879,-0.0579999999999999,-0.009908914042015105
bls_us,BLS US,3327,"Machine Shops; Turned Product; and Screw, Nut, and Bolt Manufacturing",4,Parts & Machining,Upstream,2031,Forecast,0.3798883431259702,9058.26391007059,23844.542939994575,-0.024,-0.00404059682712965
bls_us,BLS US,3329,Other Fabricated Metal Product Manufacturing,4,Parts & Machining,Upstream,2031,Forecast,0.1601840236697625,1623.2110199094302,10133.413949295365,-0.0579999999999999,-0.009908914042015105
bls_us,BLS US,3344,Semiconductor and Other Electronic Component Manufacturing,4,Parts & Machining,Upstream,2031,Forecast,0.2236609031791956,2938.056844529148,13136.211124816915,0.067,0.010867118190592162
bls_us,BLS US,3336,"Engine, Turbine, and Power Transmission Equipment Manufacturing",5,Component Systems,Upstream,2031,Forecast,0.7169582878623106,3443.0186861774073,4802.258017608169,-0.0289999999999999,-0.0048927928833205625
bls_us,BLS US,3345,"Navigational, Measuring, Electro medical, and Control Instruments Manufacturing",5,Component Systems,Upstream,2031,Forecast,0.0208760538182582,189.43431416792666,9074.23959609873,0.02,0.0033058903246372395
bls_us,BLS US,3359,Other Electrical Equipment and Component Manufacturing,5,Component Systems,Upstream,2031,Forecast,0.503516468921238,2677.9231756500053,5318.442078741413,0.166,0.025926918474604488
bls_us,BLS US,5413,"Architectural, Engineering, and Related Services",6,Engineering & Design,OEM,2031,Forecast,0.007242971108885,628.1281608682312,86722.44461912906,0.023,0.0037971053021661483
bls_us,BLS US,5414,Industrial design,6,Engineering & Design,OEM,2031,Forecast,0.0336712633047057,361.6009985123078,10739.157460176808,0.023,0.0037971053021661483
bls_us,BLS US,5417,Scientific Research and Development,6,Engineering & Design,OEM,2031,Forecast,0.0026962895876024,72.12297371480572,26748.971641039145,0.049,0.008004756346430275
bls_us,BLS US,3361,Motor Vehicle Manufacturing,7,Core Automotive,OEM,2031,Forecast,1.0,49939.90241985959,49939.90241985959,0.032,0.005263582072737805
bls_us,BLS US,3362,Motor Vehicle Body and Trailer Manufacturing,7,Core Automotive,OEM,2031,Forecast,1.0,8106.129676406682,8106.129676406682,0.02,0.0033058903246372395
bls_us,BLS US,3363,Motor Vehicle Parts Manufacturing,7,Core Automotive,OEM,2031,Forecast,1.0,98008.3893067187,98008.3893067187,-0.141,-0.02501292014186718
bls_us,BLS US,4231,Motor Vehicle and Motor Vehicle Parts and Supplies Merchant Wholesalers,8,"Motor Vehicle Parts, Materials, & Products Sales",Downstream,2031,Forecast,1.0,26798.134550134637,26798.134550134637,0.027,0.0044501946608039855
bls_us,BLS US,4235,Metal and Mineral (except Petroleum) Merchant Wholesalers,8,"Motor Vehicle Parts, Materials, & Products Sales",Downstream,2031,Forecast,1.0,6507.622599705856,6507.622599705856,0.02,0.0033058903246372395
bls_us,BLS US,4238,"Machinery, Equipment, and Supplies Merchant Wholesalers",8,"Motor Vehicle Parts, Materials, & Products Sales",Downstream,2031,Forecast,1.0,25091.753778942166,25091.753778942166,0.024,0.003960576873364374
bls_us,BLS US,4239,Miscellaneous Durable Goods Merchant Wholesalers,8,"Motor Vehicle Parts, Materials, & Products Sales",Downstream,2031,Forecast,1.0,8936.084375001028,8936.084375001028,0.02,0.0033058903246372395
bls_us,BLS US,4247,Petroleum and Petroleum Products Merchant Wholesalers,8,"Motor Vehicle Parts, Materials, & Products Sales",Downstream,2031,Forecast,1.0,3877.427286404567,3877.427286404567,0.0069999999999999,0.0011632783734261132
bls_us,BLS US,4413,"Automotive Parts, Accessories, and Tire Retailers",8,"Motor Vehicle Parts, Materials, & Products Sales",Downstream,2031,Forecast,1.0,18574.602206159856,18574.602206159856,0.018,0.002977744387300474
bls_us,BLS US,4571,Gasoline Stations,8,"Motor Vehicle Parts, Materials, & Products Sales",Downstream,2031,Forecast,1.0,25022.65306786208,25022.65306786208,-0.087,-0.01505541643339725
bls_us,BLS US,4411,Automobile Dealers,9,"Dealers, Maintenance, & Repair",Downstream,2031,Forecast,1.0,38977.17209698744,38977.17209698744,0.016,0.0026490607698665958
bls_us,BLS US,8111,Automotive Repair and Maintenance,9,"Dealers, Maintenance, & Repair",Downstream,2031,Forecast,1.0,31667.295172315185,31667.295172315185,0.009,0.001494405741624405
bls_us,BLS US,4841,General Freight Trucking,10,Logistics,Downstream,2031,Forecast,1.0,35578.209508163265,35578.209508163265,0.008,0.0013289104949067987
bls_us,BLS US,4842,Specialized Freight Trucking,10,Logistics,Downstream,2031,Forecast,1.0,11748.712266306005,11748.712266306005,0.008,0.0013289104949067987
bls_us,BLS US,3252,"Resin, Synthetic Rubber, and Artificial and Synthetic Fibers and Filaments Manufacturing",1,Materials & Processing - Non-Metals,Upstream,2032,Forecast,0.0885140651080839,497.44516847147486,5619.956194126301,0.013,0.002155022942350149
bls_us,BLS US,3255,"Paint, Coating, and Adhesive Manufacturing",1,Materials & Processing - Coatings & Surface Treatments,Upstream,2032,Forecast,0.5150096802925763,2277.6358654292253,4422.510784914379,0.013,0.002155022942350149
bls_us,BLS US,3261,Plastics Product Manufacturing,1,Materials & Processing - Non-Metals,Upstream,2032,Forecast,0.2346645503033676,8346.469355641579,35567.66177444144,0.026,0.004287121315258657
bls_us,BLS US,3262,Rubber Product Manufacturing,1,Materials & Processing - Non-Metals,Upstream,2032,Forecast,0.5480013167432982,2854.460199573776,5208.856461399524,0.009,0.001494405741624405
bls_us,BLS US,3272,Glass and Glass Product Manufacturing,1,Materials & Processing - Non-Metals,Upstream,2032,Forecast,0.5746759592860471,1629.5938689788509,2835.674335504462,0.009,0.001494405741624405
bls_us,BLS US,3311,Iron and Steel Mills and Ferroalloy Manufacturing,1,Materials & Processing - Metals,Upstream,2032,Forecast,0.4155561904757487,1370.1529747122095,3297.1545271497275,0.009,0.001494405741624405
bls_us,BLS US,3312,Steel Product Manufacturing from Purchased Steel,1,Materials & Processing - Metals,Upstream,2032,Forecast,0.4018232314810702,804.8539214846962,2003.0049495100254,0.011,0.0018249866044590668
bls_us,BLS US,3313,Alumina and Aluminum Production and Processing,1,Materials & Processing - Metals,Upstream,2032,Forecast,0.3207778863371143,855.0888420206717,2665.672661493989,-0.009,-0.001505656136097322
bls_us,BLS US,3314,Nonferrous Metal (except Aluminum) Production and Processing,1,Materials & Processing - Metals,Upstream,2032,Forecast,0.2932456097149427,375.5136669167009,1280.543184539844,0.011,0.0018249866044590668
bls_us,BLS US,3328,"Coating, Engraving, Heat Treating, and Allied Activities",1,Materials & Processing - Coatings & Surface Treatments,Upstream,2032,Forecast,0.2353528305668375,2414.5329483437017,10259.205051957095,-0.065,-0.01113895554005151
bls_us,BLS US,3335,Metalworking Machinery Manufacturing,2,Equipment Manufacturing,Upstream,2032,Forecast,0.0781138186814543,2196.064176593524,28113.64510995173,-0.038,-0.006436004347869617
bls_us,BLS US,3339,Other General Purpose Machinery Manufacturing,2,Equipment Manufacturing,Upstream,2032,Forecast,0.2191076203234622,3942.5944622556817,17993.87194491613,0.002,0.0003330558945815465
bls_us,BLS US,3315,Foundries,3,Forging & Foundries,Upstream,2032,Forecast,0.6718042155478705,5530.440557344614,8232.220681786617,-0.091,-0.015775932981637153
bls_us,BLS US,3321,Forging and Stamping,3,Forging & Foundries,Upstream,2032,Forecast,0.3924501979798644,2532.4370140949645,6452.887594733478,-0.0579999999999999,-0.009908914042015105
bls_us,BLS US,3326,Spring and Wire Product Manufacturing,4,Parts & Machining,Upstream,2032,Forecast,0.4020278427245708,1065.0938658283271,2649.3037363037133,-0.0579999999999999,-0.009908914042015105
bls_us,BLS US,3327,"Machine Shops; Turned Product; and Screw, Nut, and Bolt Manufacturing",4,Parts & Machining,Upstream,2032,Forecast,0.3798883431259702,9021.663117656255,23748.196755446876,-0.024,-0.00404059682712965
bls_us,BLS US,3329,Other Fabricated Metal Product Manufacturing,4,Parts & Machining,Upstream,2032,Forecast,0.1601840236697625,1607.126761441096,10033.00282151964,-0.0579999999999999,-0.009908914042015105
bls_us,BLS US,3344,Semiconductor and Other Electronic Component Manufacturing,4,Parts & Machining,Upstream,2032,Forecast,0.2236609031791956,2969.9850555093244,13278.96388368687,0.067,0.010867118190592162
bls_us,BLS US,3336,"Engine, Turbine, and Power Transmission Equipment Manufacturing",5,Component Systems,Upstream,2032,Forecast,0.7169582878623106,3426.1727088525386,4778.7615637557465,-0.0289999999999999,-0.0048927928833205625
bls_us,BLS US,3345,"Navigational, Measuring, Electro medical, and Control Instruments Manufacturing",5,Component Systems,Upstream,2032,Forecast,0.0208760538182582,190.0605632342887,9104.238036982915,0.02,0.0033058903246372395
bls_us,BLS US,3359,Other Electrical Equipment and Component Manufacturing,5,Component Systems,Upstream,2032,Forecast,0.503516468921238,2747.353471506337,5456.332892928848,0.166,0.025926918474604488
bls_us,BLS US,5413,"Architectural, Engineering, and Related Services",6,Engineering & Design,OEM,2032,Forecast,0.007242971108885,630.513229638304,87051.7388734092,0.023,0.0037971053021661483
bls_us,BLS US,5414,Industrial design,6,Engineering & Design,OEM,2032,Forecast,0.0336712633047057,362.9740355810275,10779.935171909645,0.023,0.0037971053021661483
bls_us,BLS US,5417,Scientific Research and Development,6,Engineering & Design,OEM,2032,Forecast,0.0026962895876024,72.70030054637273,26963.090641543233,0.049,0.008004756346430275
bls_us,BLS US,3361,Motor Vehicle Manufacturing,7,Core Automotive,OEM,2032,Forecast,1.0,50202.76519495104,50202.76519495104,0.032,0.005263582072737805
bls_us,BLS US,3362,Motor Vehicle Body and Trailer Manufacturing,7,Core Automotive,OEM,2032,Forecast,1.0,8132.92765207417,8132.92765207417,0.02,0.0033058903246372395
bls_us,BLS US,3363,Motor Vehicle Parts Manufacturing,7,Core Automotive,OEM,2032,Forecast,1.0,95556.91329175672,95556.91329175672,-0.141,-0.02501292014186718
bls_us,BLS US,4231,Motor Vehicle and Motor Vehicle Parts and Supplies Merchant Wholesalers,8,"Motor Vehicle Parts, Materials, & Products Sales",Downstream,2032,Forecast,1.0,26917.39146542915,26917.39146542915,0.027,0.0044501946608039855
bls_us,BLS US,4235,Metal and Mineral (except Petroleum) Merchant Wholesalers,8,"Motor Vehicle Parts, Materials, & Products Sales",Downstream,2032,Forecast,1.0,6529.136086294615,6529.136086294615,0.02,0.0033058903246372395
bls_us,BLS US,4238,"Machinery, Equipment, and Supplies Merchant Wholesalers",8,"Motor Vehicle Parts, Materials, & Products Sales",Downstream,2032,Forecast,1.0,25191.131598671192,25191.131598671192,0.024,0.003960576873364374
bls_us,BLS US,4239,Miscellaneous Durable Goods Merchant Wholesalers,8,"Motor Vehicle Parts, Materials, & Products Sales",Downstream,2032,Forecast,1.0,8965.626089876487,8965.626089876487,0.02,0.0033058903246372395
bls_us,BLS US,4247,Petroleum and Petroleum Products Merchant Wholesalers,8,"Motor Vehicle Parts, Materials, & Products Sales",Downstream,2032,Forecast,1.0,3881.9378137113736,3881.9378137113736,0.0069999999999999,0.0011632783734261132
bls_us,BLS US,4413,"Automotive Parts, Accessories, and Tire Retailers",8,"Motor Vehicle Parts, Materials, & Products Sales",Downstream,2032,Forecast,1.0,18629.912623625583,18629.912623625583,0.018,0.002977744387300474
bls_us,BLS US,4571,Gasoline Stations,8,"Motor Vehicle Parts, Materials, & Products Sales",Downstream,2032,Forecast,1.0,24645.92660565699,24645.92660565699,-0.087,-0.01505541643339725
bls_us,BLS US,4411,Automobile Dealers,9,"Dealers, Maintenance, & Repair",Downstream,2032,Forecast,1.0,39080.4249945099,39080.4249945099,0.016,0.0026490607698665958
bls_us,BLS US,8111,Automotive Repair and Maintenance,9,"Dealers, Maintenance, & Repair",Downstream,2032,Forecast,1.0,31714.618960042408,31714.618960042408,0.009,0.001494405741624405
bls_us,BLS US,4841,General Freight Trucking,10,Logistics,Downstream,2032,Forecast,1.0,35625.489764168655,35625.489764168655,0.008,0.0013289104949067987
bls_us,BLS US,4842,Specialized Freight Trucking,10,Logistics,Downstream,2032,Forecast,1.0,11764.32525333834,11764.32525333834,0.008,0.0013289104949067987
bls_us,BLS US,3252,"Resin, Synthetic Rubber, and Artificial and Synthetic Fibers and Filaments Manufacturing",1,Materials & Processing - Non-Metals,Upstream,2033,Forecast,0.0885140651080839,498.51717422209214,5632.067328659647,0.013,0.002155022942350149
bls_us,BLS US,3255,"Paint, Coating, and Adhesive Manufacturing",1,Materials & Processing - Coatings & Surface Treatments,Upstream,2033,Forecast,0.5150096802925763,2282.544222973545,4432.041397118661,0.013,0.002155022942350149
bls_us,BLS US,3261,Plastics Product Manufacturing,1,Materials & Processing - Non-Metals,Upstream,2033,Forecast,0.2346645503033676,8382.251682323302,35720.14465536855,0.026,0.004287121315258657
bls_us,BLS US,3262,Rubber Product Manufacturing,1,Materials & Processing - Non-Metals,Upstream,2033,Forecast,0.5480013167432982,2858.7259212852578,5216.640606402737,0.009,0.001494405741624405
bls_us,BLS US,3272,Glass and Glass Product Manufacturing,1,Materials & Processing - Non-Metals,Upstream,2033,Forecast,0.5746759592860471,1632.0291434131689,2839.9119835128167,0.009,0.001494405741624405
bls_us,BLS US,3311,Iron and Steel Mills and Ferroalloy Manufacturing,1,Materials & Processing - Metals,Upstream,2033,Forecast,0.4155561904757487,1372.2005391845232,3302.081813806123,0.009,0.001494405741624405
bls_us,BLS US,3312,Steel Product Manufacturing from Purchased Steel,1,Materials & Processing - Metals,Upstream,2033,Forecast,0.4018232314810702,806.322769109952,2006.660406711546,0.011,0.0018249866044590668
bls_us,BLS US,3313,Alumina and Aluminum Production and Processing,1,Materials & Processing - Metals,Upstream,2033,Forecast,0.3207778863371143,853.8013722587749,2661.6590750943838,-0.009,-0.001505656136097322
bls_us,BLS US,3314,Nonferrous Metal (except Aluminum) Production and Processing,1,Materials & Processing - Metals,Upstream,2033,Forecast,0.2932456097149427,376.1989743286151,1282.8801586980603,0.011,0.0018249866044590668
bls_us,BLS US,3328,"Coating, Engraving, Heat Treating, and Allied Activities",1,Materials & Processing - Coatings & Surface Treatments,Upstream,2033,Forecast,0.2353528305668375,2387.6375731821117,10144.928223007073,-0.065,-0.01113895554005151
bls_us,BLS US,3335,Metalworking Machinery Manufacturing,2,Equipment Manufacturing,Upstream,2033,Forecast,0.0781138186814543,2181.930298004767,27932.705567789617,-0.038,-0.006436004347869617
bls_us,BLS US,3339,Other General Purpose Machinery Manufacturing,2,Equipment Manufacturing,Upstream,2033,Forecast,0.2191076203234622,3943.907566581281,17999.86491003373,0.002,0.0003330558945815465
bls_us,BLS US,3315,Foundries,3,Forging & Foundries,Upstream,2033,Forecast,0.6718042155478705,5443.1926977530175,8102.349720020704,-0.091,-0.015775932981637153
bls_us,BLS US,3321,Forging and Stamping,3,Forging & Foundries,Upstream,2033,Forecast,0.3924501979798644,2507.3433134054803,6388.9464862344785,-0.0579999999999999,-0.009908914042015105
bls_us,BLS US,3326,Spring and Wire Product Manufacturing,4,Parts & Machining,Upstream,2033,Forecast,0.4020278427245708,1054.5399422651567,2623.0520133094906,-0.0579999999999999,-0.009908914042015105
bls_us,BLS US,3327,"Machine Shops; Turned Product; and Screw, Nut, and Bolt Manufacturing",4,Parts & Machining,Upstream,2033,Forecast,0.3798883431259702,8985.210214287621,23652.239866986765,-0.024,-0.00404059682712965
bls_us,BLS US,3329,Other Fabricated Metal Product Manufacturing,4,Parts & Machining,Upstream,2033,Forecast,0.1601840236697625,1591.201880507354,9933.586658977907,-0.0579999999999999,-0.009908914042015105
bls_us,BLS US,3344,Semiconductor and Other Electronic Component Manufacturing,4,Parts & Machining,Upstream,2033,Forecast,0.2236609031791956,3002.2602341318366,13423.267953659502,0.067,0.010867118190592162
bls_us,BLS US,3336,"Engine, Turbine, and Power Transmission Equipment Manufacturing",5,Component Systems,Upstream,2033,Forecast,0.7169582878623106,3409.409155405638,4755.380073185517,-0.0289999999999999,-0.0048927928833205625
bls_us,BLS US,3345,"Navigational, Measuring, Electro medical, and Control Instruments Manufacturing",5,Component Systems,Upstream,2033,Forecast,0.0208760538182582,190.68888261138002,9134.33564942257,0.02,0.0033058903246372395
bls_us,BLS US,3359,Other Electrical Equipment and Component Manufacturing,5,Component Systems,Upstream,2033,Forecast,0.503516468921238,2818.5838809830034,5597.798791014116,0.166,0.025926918474604488
bls_us,BLS US,5413,"Architectural, Engineering, and Related Services",6,Engineering & Design,OEM,2033,Forecast,0.007242971108885,632.9073547656494,87382.28349264817,0.023,0.0037971053021661483
bls_us,BLS US,5414,Industrial design,6,Engineering & Design,OEM,2033,Forecast,0.0336712633047057,364.3522862160808,10820.867720907907,0.023,0.0037971053021661483
bls_us,BLS US,5417,Scientific Research and Development,6,Engineering & Design,OEM,2033,Forecast,0.0026962895876024,73.2822487385587,27178.923612475504,0.049,0.008004756346430275
bls_us,BLS US,3361,Motor Vehicle Manufacturing,7,Core Automotive,OEM,2033,Forecast,1.0,50467.011569833056,50467.011569833056,0.032,0.005263582072737805
bls_us,BLS US,3362,Motor Vehicle Body and Trailer Manufacturing,7,Core Automotive,OEM,2033,Forecast,1.0,8159.814218910136,8159.814218910136,0.02,0.0033058903246372395
bls_us,BLS US,3363,Motor Vehicle Parts Manufacturing,7,Core Automotive,OEM,2033,Forecast,1.0,93166.75585058669,93166.75585058669,-0.141,-0.02501292014186718
bls_us,BLS US,4231,Motor Vehicle and Motor Vehicle Parts and Supplies Merchant Wholesalers,8,"Motor Vehicle Parts, Materials, & Products Sales",Downstream,2033,Forecast,1.0,27037.179097211374,27037.179097211374,0.027,0.0044501946608039855
bls_us,BLS US,4235,Metal and Mineral (except Petroleum) Merchant Wholesalers,8,"Motor Vehicle Parts, Materials, & Products Sales",Downstream,2033,Forecast,1.0,6550.720694110536,6550.720694110536,0.02,0.0033058903246372395
bls_us,BLS US,4238,"Machinery, Equipment, and Supplies Merchant Wholesalers",8,"Motor Vehicle Parts, Materials, & Products Sales",Downstream,2033,Forecast,1.0,25290.903011894774,25290.903011894774,0.024,0.003960576873364374
bls_us,BLS US,4239,Miscellaneous Durable Goods Merchant Wholesalers,8,"Motor Vehicle Parts, Materials, & Products Sales",Downstream,2033,Forecast,1.0,8995.265466421324,8995.265466421324,0.02,0.0033058903246372395
bls_us,BLS US,4247,Petroleum and Petroleum Products Merchant Wholesalers,8,"Motor Vehicle Parts, Materials, & Products Sales",Downstream,2033,Forecast,1.0,3886.4535880170483,3886.4535880170483,0.0069999999999999,0.0011632783734261132
bls_us,BLS US,4413,"Automotive Parts, Accessories, and Tire Retailers",8,"Motor Vehicle Parts, Materials, & Products Sales",Downstream,2033,Forecast,1.0,18685.387741376482,18685.387741376482,0.018,0.002977744387300474
bls_us,BLS US,4571,Gasoline Stations,8,"Motor Vehicle Parts, Materials, & Products Sales",Downstream,2033,Forecast,1.0,24274.87191722188,24274.87191722188,-0.087,-0.01505541643339725
bls_us,BLS US,4411,Automobile Dealers,9,"Dealers, Maintenance, & Repair",Downstream,2033,Forecast,1.0,39183.95141523258,39183.95141523258,0.016,0.0026490607698665958
bls_us,BLS US,8111,Automotive Repair and Maintenance,9,"Dealers, Maintenance, & Repair",Downstream,2033,Forecast,1.0,31762.013468709727,31762.013468709727,0.009,0.001494405741624405
bls_us,BLS US,4841,General Freight Trucking,10,Logistics,Downstream,2033,Forecast,1.0,35672.832851402454,35672.832851402454,0.008,0.0013289104949067987
bls_us,BLS US,4842,Specialized Freight Trucking,10,Logistics,Downstream,2033,Forecast,1.0,11779.958988633,11779.958988633,0.008,0.0013289104949067987
bls_us,BLS US,3252,"Resin, Synthetic Rubber, and Artificial and Synthetic Fibers and Filaments Manufacturing",1,Materials & Processing - Non-Metals,Upstream,2034,Forecast,0.0885140651080839,499.59149016969627,5644.204562965769,0.013,0.002155022942350149
bls_us,BLS US,3255,"Paint, Coating, and Adhesive Manufacturing",1,Materials & Processing - Coatings & Surface Treatments,Upstream,2034,Forecast,0.5150096802925763,2287.4631581409817,4441.592548010897,0.013,0.002155022942350149
bls_us,BLS US,3261,Plastics Product Manufacturing,1,Materials & Processing - Non-Metals,Upstream,2034,Forecast,0.2346645503033676,8418.187412180454,35873.281248904714,0.026,0.004287121315258657
bls_us,BLS US,3262,Rubber Product Manufacturing,1,Materials & Processing - Non-Metals,Upstream,2034,Forecast,0.5480013167432982,2862.9980177157568,5224.436384076936,0.009,0.001494405741624405
bls_us,BLS US,3272,Glass and Glass Product Manufacturing,1,Materials & Processing - Non-Metals,Upstream,2034,Forecast,0.5746759592860471,1634.4680571355836,2844.155964286686,0.009,0.001494405741624405
bls_us,BLS US,3311,Iron and Steel Mills and Ferroalloy Manufacturing,1,Materials & Processing - Metals,Upstream,2034,Forecast,0.4155561904757487,1374.2511635489404,3307.0164638279884,0.009,0.001494405741624405
bls_us,BLS US,3312,Steel Product Manufacturing from Purchased Steel,1,Materials & Processing - Metals,Upstream,2034,Forecast,0.4018232314810702,807.794297362448,2010.322535073493,0.011,0.0018249866044590668
bls_us,BLS US,3313,Alumina and Aluminum Production and Processing,1,Materials & Processing - Metals,Upstream,2034,Forecast,0.3207778863371143,852.5158409836253,2657.651531775769,-0.009,-0.001505656136097322
bls_us,BLS US,3314,Nonferrous Metal (except Aluminum) Production and Processing,1,Materials & Processing - Metals,Upstream,2034,Forecast,0.2932456097149427,376.8855324173761,1285.2213978028108,0.011,0.0018249866044590668
bls_us,BLS US,3328,"Coating, Engraving, Heat Treating, and Allied Activities",1,Materials & Processing - Coatings & Surface Treatments,Upstream,2034,Forecast,0.2353528305668375,2361.0417844086796,10031.924318573983,-0.065,-0.01113895554005151
bls_us,BLS US,3335,Metalworking Machinery Manufacturing,2,Equipment Manufacturing,Upstream,2034,Forecast,0.0781138186814543,2167.88738512006,27752.93055330756,-0.038,-0.006436004347869617
bls_us,BLS US,3339,Other General Purpose Machinery Manufacturing,2,Equipment Manufacturing,Upstream,2034,Forecast,0.2191076203234622,3945.2211082440153,18005.85987114369,0.002,0.0003330558945815465
bls_us,BLS US,3315,Foundries,3,Forging & Foundries,Upstream,2034,Forecast,0.6718042155478705,5357.321254547129,7974.527593843871,-0.091,-0.015775932981637153
bls_us,BLS US,3321,Forging and Stamping,3,Forging & Foundries,Upstream,2034,Forecast,0.3924501979798644,2482.498264039124,6325.638964683347,-0.0579999999999999,-0.009908914042015105
bls_us,BLS US,3326,Spring and Wire Product Manufacturing,4,Parts & Machining,Upstream,2034,Forecast,0.4020278427245708,1044.0905966233797,2597.060416381872,-0.0579999999999999,-0.009908914042015105
bls_us,BLS US,3327,"Machine Shops; Turned Product; and Screw, Nut, and Bolt Manufacturing",4,Parts & Machining,Upstream,2034,Forecast,0.3798883431259702,8948.904602404678,23556.67070162571,-0.024,-0.00404059682712965
bls_us,BLS US,3329,Other Fabricated Metal Product Manufacturing,4,Parts & Machining,Upstream,2034,Forecast,0.1601840236697625,1575.4347978499138,9835.155602645187,-0.0579999999999999,-0.009908914042015105
bls_us,BLS US,3344,Semiconductor and Other Electronic Component Manufacturing,4,Parts & Machining,Upstream,2034,Forecast,0.2236609031791956,3034.8861509350622,13569.140193015908,0.067,0.010867118190592162
bls_us,BLS US,3336,"Engine, Turbine, and Power Transmission Equipment Manufacturing",5,Component Systems,Upstream,2034,Forecast,0.7169582878623106,3392.727622553741,4732.11298340595,-0.0289999999999999,-0.0048927928833205625
bls_us,BLS US,3345,"Navigational, Measuring, Electro medical, and Control Instruments Manufacturing",5,Component Systems,Upstream,2034,Forecast,0.0208760538182582,191.3192791434209,9164.532761267987,0.02,0.0033058903246372395
bls_us,BLS US,3359,Other Electrical Equipment and Component Manufacturing,5,Component Systems,Upstream,2034,Forecast,0.503516468921238,2891.661075479084,5742.93246390598,0.166,0.025926918474604488
bls_us,BLS US,5413,"Architectural, Engineering, and Related Services",6,Engineering & Design,OEM,2034,Forecast,0.007242971108885,635.31057063821,87714.0832246135,0.023,0.0037971053021661483
bls_us,BLS US,5414,Industrial design,6,Engineering & Design,OEM,2034,Forecast,0.0336712633047057,365.7357702139283,10861.955695105005,0.023,0.0037971053021661483
bls_us,BLS US,5417,Scientific Research and Development,6,Engineering & Design,OEM,2034,Forecast,0.0026962895876024,73.86885528422937,27396.484273751612,0.049,0.008004756346430275
bls_us,BLS US,3361,Motor Vehicle Manufacturing,7,Core Automotive,OEM,2034,Forecast,1.0,50732.648827196674,50732.648827196674,0.032,0.005263582072737805
bls_us,BLS US,3362,Motor Vehicle Body and Trailer Manufacturing,7,Core Automotive,OEM,2034,Forecast,1.0,8186.789669787269,8186.789669787269,0.02,0.0033058903246372395
bls_us,BLS US,3363,Motor Vehicle Parts Manufacturing,7,Core Automotive,OEM,2034,Forecast,1.0,90836.38322661913,90836.38322661913,-0.141,-0.02501292014186718
bls_us,BLS US,4231,Motor Vehicle and Motor Vehicle Parts and Supplies Merchant Wholesalers,8,"Motor Vehicle Parts, Materials, & Products Sales",Downstream,2034,Forecast,1.0,27157.49980727299,27157.49980727299,0.027,0.0044501946608039855
bls_us,BLS US,4235,Metal and Mineral (except Petroleum) Merchant Wholesalers,8,"Motor Vehicle Parts, Materials, & Products Sales",Downstream,2034,Forecast,1.0,6572.3766582725975,6572.3766582725975,0.02,0.0033058903246372395
bls_us,BLS US,4238,"Machinery, Equipment, and Supplies Merchant Wholesalers",8,"Motor Vehicle Parts, Materials, & Products Sales",Downstream,2034,Forecast,1.0,25391.069577470185,25391.069577470185,0.024,0.003960576873364374
bls_us,BLS US,4239,Miscellaneous Durable Goods Merchant Wholesalers,8,"Motor Vehicle Parts, Materials, & Products Sales",Downstream,2034,Forecast,1.0,9025.00282749431,9025.00282749431,0.02,0.0033058903246372395
bls_us,BLS US,4247,Petroleum and Petroleum Products Merchant Wholesalers,8,"Motor Vehicle Parts, Materials, & Products Sales",Downstream,2034,Forecast,1.0,3890.974615425313,3890.974615425313,0.0069999999999999,0.0011632783734261132
bls_us,BLS US,4413,"Automotive Parts, Accessories, and Tire Retailers",8,"Motor Vehicle Parts, Materials, & Products Sales",Downstream,2034,Forecast,1.0,18741.0280498479,18741.0280498479,0.018,0.002977744387300474
bls_us,BLS US,4571,Gasoline Stations,8,"Motor Vehicle Parts, Materials, & Products Sales",Downstream,2034,Forecast,1.0,23909.403611640726,23909.403611640726,-0.087,-0.01505541643339725
bls_us,BLS US,4411,Automobile Dealers,9,"Dealers, Maintenance, & Repair",Downstream,2034,Forecast,1.0,39287.75208373503,39287.75208373503,0.016,0.0026490607698665958
bls_us,BLS US,8111,Automotive Repair and Maintenance,9,"Dealers, Maintenance, & Repair",Downstream,2034,Forecast,1.0,31809.478804002916,31809.478804002916,0.009,0.001494405741624405
bls_us,BLS US,4841,General Freight Trucking,10,Logistics,Downstream,2034,Forecast,1.0,35720.238853361734,35720.238853361734,0.008,0.0013289104949067987
bls_us,BLS US,4842,Specialized Freight Trucking,10,Logistics,Downstream,2034,Forecast,1.0,11795.613499762563,11795.613499762563,0.008,0.0013289104949067987
