stage_clean,methodology,projection_method,projection_label,occcd,soctitle,ep_entry_education,ep_work_experience,ep_on_the_job_training,ep_edu_grouped,ep_avg_annual_salary,employment,employment_auto,employment_raw,employment_auto_2024,employment_raw_2024,employment_auto_change,employment_raw_change,openings,ep_openings_annual_avg,empl_2021,employment_auto_pct_change,employment_raw_pct_change,year
Core/OEM,sam_mi_bls_us,bls_us,BLS US,00-0000,All Occupations,High school diploma or equivalent,Unreported,Moderate-term on-the-job training,HS or less,58507.37859075352,159338.12850103065,159338.12850103065,281910.07600000006,174114.02550542576,293289.0,-14775.897004395112,-11378.92399999994,14965.923521607692,15511.2,283880.0,-0.08486333574508427,-0.03879765009938982,2030
Core/OEM,sam_mi_bls_us,bls_us,BLS US,11-0000,Management Occupations,Bachelor's degree,5 years or more,Unreported,BA+,133672.70603487777,8321.56935367619,8321.56935367619,23046.66747904648,9055.324256413247,23335.02266254626,-733.7549027370569,-288.35518349978156,1616.918316279815,1641.2,22000.0,-0.08103021846151894,-0.012357184634862357,2030
Core/OEM,sam_mi_bls_us,bls_us,BLS US,13-0000,Business and Financial Operations Occupations,Bachelor's degree,Unreported,Unreported,BA+,82774.91787023382,5712.814725598424,5712.814725598424,17844.575218827522,6069.6061736323945,17841.886351163066,-356.7914480339705,2.6888676644557563,1537.5445153943535,1571.1000000000001,17290.0,-0.05878329463679954,0.00015070534648263108,2030
Core/OEM,sam_mi_bls_us,bls_us,BLS US,15-0000,Computer and Mathematical Occupations,Bachelor's degree,Unreported,Unreported,BA+,118178.44152575402,2420.978403904293,2420.978403904293,14546.397859898198,2535.8625406135507,13765.998236284237,-114.88413670925775,780.399623613961,645.7710325376316,641.6,9290.0,-0.04530377134774095,0.056690376550898716,2030
Core/OEM,sam_mi_bls_us,bls_us,BLS US,17-0000,Architecture and Engineering Occupations,Bachelor's degree,Unreported,Unreported,BA+,96345.54141114293,12954.843704772777,12954.843704772777,62036.03770909433,13765.867565597895,61455.21966635144,-811.0238608251184,580.8180427428888,271.88815944069995,275.6,63380.0,-0.05891556467185097,0.009451077482046719,2030
Core/OEM,sam_mi_bls_us,bls_us,BLS US,19-0000,"Life, Physical, and Social Science Occupations",Bachelor's degree,Unreported,Unreported,BA+,81169.695793621,336.49271116153903,336.49271116153903,6043.143626345543,364.75308156659696,5853.965960398652,-28.260370405057927,189.17766594689147,120.17072762499507,120.79999999999998,5450.0,-0.07747808540418903,0.03231615407856054,2030
Core/OEM,sam_mi_bls_us,bls_us,BLS US,23-0000,Legal Occupations,Doctoral or professional degree,Unreported,Unreported,BA+,150064.95174245312,41.020336406061,41.020336406061,299.0043646056024,41.83197885494993,293.54191686134544,-0.8116424488889322,5.462447744256963,102.20320059288733,102.3,240.0,-0.01940243973882415,0.018608748633460584,2030
Core/OEM,sam_mi_bls_us,bls_us,BLS US,27-0000,"Arts, Design, Entertainment, Sports, and Media Occupations",Bachelor's degree,Unreported,Unreported,BA+,76770.70122431648,202.2049665049302,202.2049665049302,3404.591933100782,205.51419356525582,3332.5261157218047,-3.309227060325611,72.0658173789775,120.49590656170925,119.6,3990.0,-0.016102182544753776,0.021624982033597202,2030
Core/OEM,sam_mi_bls_us,bls_us,BLS US,29-0000,Healthcare Practitioners and Technical Occupations,Bachelor's degree,Unreported,Unreported,BA+,91327.11914402216,94.98239145322437,94.98239145322437,986.8365003532739,96.67896119015307,958.301441289023,-1.6965697369287085,28.535059064250845,417.1944990730899,415.0,430.0,-0.017548489516677878,0.029776704734856694,2030
Core/OEM,sam_mi_bls_us,bls_us,BLS US,33-0000,Protective Service Occupations,High school diploma or equivalent,Unreported,Short-term on-the-job training,HS or less,38370.0,106.5826887916641,106.5826887916641,163.24442860451393,129.37277756815809,187.45968633886199,-22.790088776493988,-24.215257734348057,289.01726466873953,322.0,110.0,-0.1761583016526593,-0.1291758148500008,2030
Core/OEM,sam_mi_bls_us,bls_us,BLS US,37-0000,Building and Grounds Cleaning and Maintenance Occupations,No formal educational credential,Unreported,Short-term on-the-job training,HS or less,35935.314222959125,411.41424685438216,411.41424685438216,741.0852949505713,458.76728693420813,778.2452851731153,-47.35304007982597,-37.159990222544025,839.5153880856915,860.8,510.0,-0.10321799620079904,-0.047748429615321136,2030
Core/OEM,sam_mi_bls_us,bls_us,BLS US,41-0000,Sales and Related Occupations,High school diploma or equivalent,Unreported,Moderate-term on-the-job training,HS or less,76784.35005699347,1031.738379639403,1031.738379639403,4574.842636772854,1150.6081975134264,4664.866178141382,-118.86981787402328,-90.02354136852773,1140.2770509261406,1147.5,4280.0,-0.10331042150656693,-0.01929820447805337,2030
Core/OEM,sam_mi_bls_us,bls_us,BLS US,43-0000,Office and Administrative Support Occupations,High school diploma or equivalent,Unreported,Short-term on-the-job training,HS or less,49439.75354207621,4903.4642244430015,4903.4642244430015,11516.914302511597,5699.718705767527,12534.61163778777,-796.2544813245258,-1017.6973352761725,2590.4326111697123,2809.3999999999996,11660.0,-0.1397006628623266,-0.08119097461369658,2030
Core/OEM,sam_mi_bls_us,bls_us,BLS US,47-0000,Construction and Extraction Occupations,High school diploma or equivalent,Unreported,Apprenticeship,HS or less,62422.80416742627,4241.746781504174,4241.746781504174,5660.016820069397,4423.5511041015225,5836.999217522127,-181.8043225973488,-176.98239745272986,551.156188878572,555.0,5700.0,-0.0410991798939046,-0.030320784851477316,2030
Core/OEM,sam_mi_bls_us,bls_us,BLS US,49-0000,"Installation, Maintenance, and Repair Occupations",High school diploma or equivalent,Unreported,Long-term on-the-job training,HS or less,62603.92174293922,8295.386152003317,8295.386152003317,9928.872093025406,8568.71857769945,10156.427417432156,-273.3324256961332,-227.55532440675051,858.9028921298973,878.5,11230.0,-0.03189886833341633,-0.022405055936911642,2030
Core/OEM,sam_mi_bls_us,bls_us,BLS US,51-0000,Production Occupations,High school diploma or equivalent,Unreported,Moderate-term on-the-job training,HS or less,45770.326990818,102670.39851837978,102670.39851837978,112367.928356359,113012.81101055664,122626.19441210921,-10342.412492176867,-10258.26605575021,1146.4072240018866,1211.6999999999998,119140.0,-0.09151539900384188,-0.08365476972460964,2030
Core/OEM,sam_mi_bls_us,bls_us,BLS US,53-0000,Transportation and Material Moving Occupations,No formal educational credential,Unreported,Short-term on-the-job training,HS or less,42332.85272307948,7592.490915937498,7592.490915937498,8749.917376434978,8535.039093850773,9667.733814879597,-942.5481779132751,-917.816438444619,2718.02854424187,2839.1,9180.0,-0.11043278976804587,-0.09493604768389557,2030
Core/OEM,sam_mi_dtmb_mi,dtmb_mi,DTMB MI,00-0000,All Occupations,High school diploma or equivalent,Unreported,Moderate-term on-the-job training,HS or less,58499.55252456039,168800.43285520395,168800.43285520395,291749.662,174114.02550542576,293289.0,-5313.592650221806,-1539.3379999999888,15558.81375088268,15511.2,283880.0,-0.03051788984142592,-0.005248536426528062,2030
Core/OEM,sam_mi_dtmb_mi,dtmb_mi,DTMB MI,11-0000,Management Occupations,Bachelor's degree,5 years or more,Unreported,BA+,133666.9670059993,8813.260433423411,8813.260433423411,23583.683034491907,9055.324256413247,23335.02266254626,-242.0638229898359,248.66037194564706,1681.7024681256162,1641.2,22000.0,-0.026731657104205758,0.010656101583511976,2030
Core/OEM,sam_mi_dtmb_mi,dtmb_mi,DTMB MI,13-0000,Business and Financial Operations Occupations,Bachelor's degree,Unreported,Unreported,BA+,82772.43678315052,6049.759920074448,6049.759920074448,18218.862485931528,6069.6061736323945,17841.886351163066,-19.84625355794651,376.97613476846163,1601.2877105324496,1571.1000000000001,17290.0,-0.0032697761584866377,0.021128715167714737,2030
Core/OEM,sam_mi_dtmb_mi,dtmb_mi,DTMB MI,15-0000,Computer and Mathematical Occupations,Bachelor's degree,Unreported,Unreported,BA+,118174.97989924507,2561.683346769816,2561.683346769816,14724.425357410524,2535.8625406135507,13765.998236284237,25.820806156265462,958.4271211262876,671.9703093458972,641.6,9290.0,0.010182257808823553,0.06962278395475005,2030
Core/OEM,sam_mi_dtmb_mi,dtmb_mi,DTMB MI,17-0000,Architecture and Engineering Occupations,Bachelor's degree,Unreported,Unreported,BA+,96343.75773095428,13712.486231631867,13712.486231631867,62944.75422988863,13765.867565597895,61455.21966635144,-53.38133396602825,1489.5345635371923,281.83837300723945,275.6,63380.0,-0.0038778038297733494,0.02423772255024184,2030
Core/OEM,sam_mi_dtmb_mi,dtmb_mi,DTMB MI,19-0000,"Life, Physical, and Social Science Occupations",Bachelor's degree,Unreported,Unreported,BA+,81142.58221672536,354.84839645713805,354.84839645713805,6079.064624858153,364.75308156659696,5853.965960398652,-9.90468510945891,225.09866445950138,123.916527956644,120.79999999999998,5450.0,-0.027154493299737903,0.03845233572970286,2030
Core/OEM,sam_mi_dtmb_mi,dtmb_mi,DTMB MI,23-0000,Legal Occupations,Doctoral or professional degree,Unreported,Unreported,BA+,150098.84214831638,43.38870987834272,43.38870987834272,302.1668238433642,41.83197885494993,293.54191686134544,1.5567310233927927,8.624906982018786,105.82512524009564,102.3,240.0,0.03721389869675234,0.02938219888402773,2030
Core/OEM,sam_mi_dtmb_mi,dtmb_mi,DTMB MI,27-0000,"Arts, Design, Entertainment, Sports, and Media Occupations",Bachelor's degree,Unreported,Unreported,BA+,76785.72736359913,213.30299954683858,213.30299954683858,3425.5470488600977,205.51419356525582,3332.5261157218047,7.788805981582755,93.020933138293,124.52775441369565,119.6,3990.0,0.03789911463759615,0.02791303951061318,2030
Core/OEM,sam_mi_dtmb_mi,dtmb_mi,DTMB MI,29-0000,Healthcare Practitioners and Technical Occupations,Bachelor's degree,Unreported,Unreported,BA+,91395.53222793827,100.3784000850855,100.3784000850855,994.9776737060095,96.67896119015307,958.301441289023,3.6994388949324275,36.67623241698641,434.0286366782975,415.0,430.0,0.03826519078598894,0.038272124862561784,2030
Core/OEM,sam_mi_dtmb_mi,dtmb_mi,DTMB MI,33-0000,Protective Service Occupations,High school diploma or equivalent,Unreported,Short-term on-the-job training,HS or less,38370.0,112.91967216163688,112.91967216163688,169.7558192094878,129.37277756815809,187.45968633886199,-16.453105406521203,-17.703867129374174,300.830874010316,322.0,110.0,-0.1271759462523183,-0.09444093007480943,2030
Core/OEM,sam_mi_dtmb_mi,dtmb_mi,DTMB MI,37-0000,Building and Grounds Cleaning and Maintenance Occupations,No formal educational credential,Unreported,Short-term on-the-job training,HS or less,35935.14178726652,435.8421682072795,435.8421682072795,766.5279577524299,458.76728693420813,778.2452851731153,-22.925118726928645,-11.717327420685479,871.3990918012851,860.8,510.0,-0.049971127802354263,-0.01505608532929183,2030
Core/OEM,sam_mi_dtmb_mi,dtmb_mi,DTMB MI,41-0000,Sales and Related Occupations,High school diploma or equivalent,Unreported,Moderate-term on-the-job training,HS or less,76786.0651097501,1092.1871232455992,1092.1871232455992,4646.197205347508,1150.6081975134264,4664.866178141382,-58.42107426782718,-18.668972793873763,1174.1405938510081,1147.5,4280.0,-0.050774081389373615,-0.00400203823238334,2030
Core/OEM,sam_mi_dtmb_mi,dtmb_mi,DTMB MI,43-0000,Office and Administrative Support Occupations,High school diploma or equivalent,Unreported,Short-term on-the-job training,HS or less,49440.61013395704,5193.808166912787,5193.808166912787,11827.614724428417,5699.718705767527,12534.61163778777,-505.9105388547405,-706.9969133593531,2694.9229863581713,2809.3999999999996,11660.0,-0.08876061521120529,-0.0564035754588509,2030
Core/OEM,sam_mi_dtmb_mi,dtmb_mi,DTMB MI,47-0000,Construction and Extraction Occupations,High school diploma or equivalent,Unreported,Apprenticeship,HS or less,62422.19247825679,4494.194085342936,4494.194085342936,5916.829619156417,4423.5511041015225,5836.999217522127,70.64298124141351,79.83040163428996,571.8298150856585,555.0,5700.0,0.01596974457374602,0.013676616812735992,2030
Core/OEM,sam_mi_dtmb_mi,dtmb_mi,DTMB MI,49-0000,"Installation, Maintenance, and Repair Occupations",High school diploma or equivalent,Unreported,Long-term on-the-job training,HS or less,62604.21230644908,8789.426060258786,8789.426060258786,10427.939940192171,8568.71857769945,10156.427417432156,220.7074825593354,271.5125227600147,894.8814309599945,878.5,11230.0,0.02575734989520352,0.02673307370798511,2030
Core/OEM,sam_mi_dtmb_mi,dtmb_mi,DTMB MI,51-0000,Production Occupations,High school diploma or equivalent,Unreported,Moderate-term on-the-job training,HS or less,45770.24432883259,108788.17709953085,108788.17709953085,118515.55634508148,113012.81101055664,122626.19441210921,-4224.633911025798,-4110.6380670277285,1194.9585025035428,1211.6999999999998,119140.0,-0.03738190275287613,-0.033521696459184964,2030
Core/OEM,sam_mi_dtmb_mi,dtmb_mi,DTMB MI,53-0000,Transportation and Material Moving Occupations,No formal educational credential,Unreported,Short-term on-the-job training,HS or less,42332.851985451416,8044.770041677161,8044.770041677161,9205.759109841812,8535.039093850773,9667.733814879597,-490.2690521736122,-461.9747050377846,2830.7535510127705,2839.1,9180.0,-0.05744192226686291,-0.04778521149669635,2030
Core/OEM,sam_mi_moodys_mi,moodys_mi,Moody's MI,00-0000,All Occupations,High school diploma or equivalent,Unreported,Moderate-term on-the-job training,HS or less,58482.52488497679,176020.85362319316,176020.85362319316,299603.6770000001,174114.02550542576,293289.0,1906.828117767407,6314.677000000083,15553.080407180005,15511.2,283880.0,0.010951605490897035,0.021530562005394282,2030
Core/OEM,sam_mi_moodys_mi,moodys_mi,Moody's MI,11-0000,Management Occupations,Bachelor's degree,5 years or more,Unreported,BA+,133654.4690664342,9184.606830852177,9184.606830852177,24031.14584704173,9055.324256413247,23335.02266254626,129.28257443893017,696.1231844954709,1682.7665636805814,1641.2,22000.0,0.014276967977968149,0.029831690954934417,2030
Core/OEM,sam_mi_moodys_mi,moodys_mi,Moody's MI,13-0000,Business and Financial Operations Occupations,Bachelor's degree,Unreported,Unreported,BA+,82767.03198054516,6303.295293646161,6303.295293646161,18535.108892733024,6069.6061736323945,17841.886351163066,233.68912001376611,693.2225415699577,1607.2447085112478,1571.1000000000001,17290.0,0.03850152931321298,0.038853657507170944,2030
Core/OEM,sam_mi_moodys_mi,moodys_mi,Moody's MI,15-0000,Computer and Mathematical Occupations,Bachelor's degree,Unreported,Unreported,BA+,118167.41953867929,2664.305113694206,2664.305113694206,14889.725379717082,2535.8625406135507,13765.998236284237,128.44257308065517,1123.727143432845,673.1477971562967,641.6,9290.0,0.050650447736642124,0.08163063252986186,2030
Core/OEM,sam_mi_moodys_mi,moodys_mi,Moody's MI,17-0000,Architecture and Engineering Occupations,Bachelor's degree,Unreported,Unreported,BA+,96339.86635257656,14272.532746319628,14272.532746319628,63758.50937902235,13765.867565597895,61455.21966635144,506.6651807217331,2303.2897126709067,279.8365935408665,275.6,63380.0,0.03680590259257859,0.03747915515029924,2030
Core/OEM,sam_mi_moodys_mi,moodys_mi,Moody's MI,19-0000,"Life, Physical, and Social Science Occupations",Bachelor's degree,Unreported,Unreported,BA+,81082.7219631428,366.33571975107816,366.33571975107816,6120.0505502199985,364.75308156659696,5853.965960398652,1.5826381844811976,266.0845898213465,121.5244810158925,120.79999999999998,5450.0,0.00433893026395786,0.04545373027813546,2030
Core/OEM,sam_mi_moodys_mi,moodys_mi,Moody's MI,23-0000,Legal Occupations,Doctoral or professional degree,Unreported,Unreported,BA+,150172.94572940518,45.091235458423355,45.091235458423355,305.20291061385944,41.83197885494993,293.54191686134544,3.2592566034734247,11.660993752514003,104.79901300753842,102.3,240.0,0.07791303908368084,0.03972514003177977,2030
Core/OEM,sam_mi_moodys_mi,moodys_mi,Moody's MI,27-0000,"Arts, Design, Entertainment, Sports, and Media Occupations",Bachelor's degree,Unreported,Unreported,BA+,76818.86768873327,220.36255888189837,220.36255888189837,3449.1602646565507,205.51419356525582,3332.5261157218047,14.848365316642543,116.63414893474601,122.7670323231554,119.6,3990.0,0.07224982887582322,0.034998720155410924,2030
Core/OEM,sam_mi_moodys_mi,moodys_mi,Moody's MI,29-0000,Healthcare Practitioners and Technical Occupations,Bachelor's degree,Unreported,Unreported,BA+,91545.54034735908,104.11728733973047,104.11728733973047,1003.3266991751835,96.67896119015307,958.301441289023,7.438326149577392,45.02525788616049,434.57744484134895,415.0,430.0,0.07693841615599609,0.04698444137326608,2030
Core/OEM,sam_mi_moodys_mi,moodys_mi,Moody's MI,33-0000,Protective Service Occupations,High school diploma or equivalent,Unreported,Short-term on-the-job training,HS or less,38370.0,117.76696063090897,117.76696063090897,174.8960013812233,129.37277756815809,187.45968633886199,-11.605816937249116,-12.563684957638685,301.56133974698616,322.0,110.0,-0.08970833861192141,-0.06702072964598857,2030
Core/OEM,sam_mi_moodys_mi,moodys_mi,Moody's MI,37-0000,Building and Grounds Cleaning and Maintenance Occupations,No formal educational credential,Unreported,Short-term on-the-job training,HS or less,35934.76659786543,454.4763354277054,454.4763354277054,786.8662479699753,458.76728693420813,778.2452851731153,-4.290951506502722,8.620962796859999,867.9000675733935,860.8,510.0,-0.00935322031171348,0.01107743658857159,2030
Core/OEM,sam_mi_moodys_mi,moodys_mi,Moody's MI,41-0000,Sales and Related Occupations,High school diploma or equivalent,Unreported,Moderate-term on-the-job training,HS or less,76789.80557619994,1137.042373300071,1137.042373300071,4709.367334675247,1150.6081975134264,4664.866178141382,-13.565824213355427,44.50115653386456,1147.5602578649234,1147.5,4280.0,-0.011790133463912791,0.009539642689513359,2030
Core/OEM,sam_mi_moodys_mi,moodys_mi,Moody's MI,43-0000,Office and Administrative Support Occupations,High school diploma or equivalent,Unreported,Short-term on-the-job training,HS or less,49442.47483943503,5414.047493164864,5414.047493164864,12082.040044365478,5699.718705767527,12534.61163778777,-285.6712126026632,-452.5715934222917,2698.2481318853197,2809.3999999999996,11660.0,-0.05012023002356124,-0.03610575313382154,2030
Core/OEM,sam_mi_moodys_mi,moodys_mi,Moody's MI,47-0000,Construction and Extraction Occupations,High school diploma or equivalent,Unreported,Apprenticeship,HS or less,62420.86210757396,4687.682697900978,4687.682697900978,6117.649499057473,4423.5511041015225,5836.999217522127,264.1315937994559,280.65028153534604,568.9349354031506,555.0,5700.0,0.059710306851559314,0.04808126077743168,2030
Core/OEM,sam_mi_moodys_mi,moodys_mi,Moody's MI,49-0000,"Installation, Maintenance, and Repair Occupations",High school diploma or equivalent,Unreported,Long-term on-the-job training,HS or less,62604.844179062464,9168.60981151074,9168.60981151074,10815.567444614575,8568.71857769945,10156.427417432156,599.8912338112896,659.1400271824186,899.0651713244303,878.5,11230.0,0.07000944521302621,0.06489880743410743,2030
Core/OEM,sam_mi_moodys_mi,moodys_mi,Moody's MI,51-0000,Production Occupations,High school diploma or equivalent,Unreported,Moderate-term on-the-job training,HS or less,45770.06458480196,113488.52375864334,113488.52375864334,123266.03110524382,113012.81101055664,122626.19441210921,475.71274808669114,639.83669313461,1201.7666448275497,1211.6999999999998,119140.0,0.004209370104441118,0.005217781536824948,2030
Core/OEM,sam_mi_moodys_mi,moodys_mi,Moody's MI,53-0000,Transportation and Material Moving Occupations,No formal educational credential,Unreported,Short-term on-the-job training,HS or less,42332.85038143571,8392.057406671265,8392.057406671265,9559.029399512496,8535.039093850773,9667.733814879597,-142.9816871795083,-108.70441536710132,2841.3802244773237,2839.1,9180.0,-0.01675231778171023,-0.011244043066203838,2030
Core/OEM,sam_mi_moodys_mi_detail,moodys_mi_detail,Moody's MI (detail),00-0000,All Occupations,High school diploma or equivalent,Unreported,Moderate-term on-the-job training,HS or less,58482.51664242762,176052.8766032685,176052.8766032685,299663.7713080989,174114.02550542576,293289.0,1938.8510978427366,6374.77130809892,15555.584940338778,15511.2,283880.0,0.01113552508027171,0.02173545993234973,2030
Core/OEM,sam_mi_moodys_mi_detail,moodys_mi_detail,Moody's MI (detail),11-0000,Management Occupations,Bachelor's degree,5 years or more,Unreported,BA+,133654.46301285474,9186.275030013629,9186.275030013629,24036.186376235382,9055.324256413247,23335.02266254626,130.95077360038158,701.1637136891222,1683.0383922163564,1641.2,22000.0,0.01446119099574357,0.03004769799579072,2030
Core/OEM,sam_mi_moodys_mi_detail,moodys_mi_detail,Moody's MI (detail),13-0000,Business and Financial Operations Occupations,Bachelor's degree,Unreported,Unreported,BA+,82767.02936207177,6304.43949629678,6304.43949629678,18539.03150133425,6069.6061736323945,17841.886351163066,234.83332266438538,697.1451501711854,1607.5068318703968,1571.1000000000001,17290.0,0.03869004280451492,0.039073511424185275,2030
Core/OEM,sam_mi_moodys_mi_detail,moodys_mi_detail,Moody's MI (detail),15-0000,Computer and Mathematical Occupations,Bachelor's degree,Unreported,Unreported,BA+,118167.41586938784,2664.78645643703,2664.78645643703,14892.983676191307,2535.8625406135507,13765.998236284237,128.92391582347955,1126.98543990707,673.256914791969,641.6,9290.0,0.05084026194585708,0.08186732415354933,2030
Core/OEM,sam_mi_moodys_mi_detail,moodys_mi_detail,Moody's MI (detail),17-0000,Architecture and Engineering Occupations,Bachelor's degree,Unreported,Unreported,BA+,96339.86446538201,14275.116476240257,14275.116476240257,63772.33364419428,13765.867565597895,61455.21966635144,509.2489106423618,2317.1139778428405,279.88069744709554,275.6,63380.0,0.03699359362682082,0.037704103742900286,2030
Core/OEM,sam_mi_moodys_mi_detail,moodys_mi_detail,Moody's MI (detail),19-0000,"Life, Physical, and Social Science Occupations",Bachelor's degree,Unreported,Unreported,BA+,81082.69269454505,366.4005790224571,366.4005790224571,6121.422342056492,364.75308156659696,5853.965960398652,1.6474974558601616,267.4563816578402,121.54286521635402,120.79999999999998,5450.0,0.004516747189041527,0.04568806574331816,2030
Core/OEM,sam_mi_moodys_mi_detail,moodys_mi_detail,Moody's MI (detail),23-0000,Legal Occupations,Doctoral or professional degree,Unreported,Unreported,BA+,150172.98172274765,45.09936450010895,45.09936450010895,305.27012294848595,41.83197885494993,293.54191686134544,3.267385645159017,11.728206087140506,104.81539038580036,102.3,240.0,0.07810736509713048,0.03995411017459672,2030
Core/OEM,sam_mi_moodys_mi_detail,moodys_mi_detail,Moody's MI (detail),27-0000,"Arts, Design, Entertainment, Sports, and Media Occupations",Bachelor's degree,Unreported,Unreported,BA+,76818.88388129478,220.40164930439818,220.40164930439818,3449.932763145349,205.51419356525582,3332.5261157218047,14.887455739142354,117.4066474235442,122.78593557940242,119.6,3990.0,0.07244003677252209,0.03523052583733906,2030
Core/OEM,sam_mi_moodys_mi_detail,moodys_mi_detail,Moody's MI (detail),29-0000,Healthcare Practitioners and Technical Occupations,Bachelor's degree,Unreported,Unreported,BA+,91545.61334872335,104.13596050116989,104.13596050116989,1003.5496240414454,96.67896119015307,958.301441289023,7.456999311016816,45.248182752422395,434.64778337733065,415.0,430.0,0.07713156222634635,0.047217066366464513,2030
Core/OEM,sam_mi_moodys_mi_detail,moodys_mi_detail,Moody's MI (detail),33-0000,Protective Service Occupations,High school diploma or equivalent,Unreported,Short-term on-the-job training,HS or less,38370.0,117.78839395245551,117.78839395245551,174.93041132847517,129.37277756815809,187.45968633886199,-11.584383615702578,-12.529275010386812,301.61032548051156,322.0,110.0,-0.08954266758012148,-0.06683717046095039,2030
Core/OEM,sam_mi_moodys_mi_detail,moodys_mi_detail,Moody's MI (detail),37-0000,Building and Grounds Cleaning and Maintenance Occupations,No formal educational credential,Unreported,Short-term on-the-job training,HS or less,35934.766416244376,454.55901270610104,454.55901270610104,787.0244262444783,458.76728693420813,778.2452851731153,-4.208274228107086,8.779141071362915,868.0382216557209,860.8,510.0,-0.009173004152561984,0.01128068648615077,2030
Core/OEM,sam_mi_moodys_mi_detail,moodys_mi_detail,Moody's MI (detail),41-0000,Sales and Related Occupations,High school diploma or equivalent,Unreported,Moderate-term on-the-job training,HS or less,76789.80738981109,1137.2483302742169,1137.2483302742169,4710.384730513285,1150.6081975134264,4664.866178141382,-13.359867239209507,45.51855237190284,1147.7318450617347,1147.5,4280.0,-0.011611135109311275,0.009757740229546896,2030
Core/OEM,sam_mi_moodys_mi_detail,moodys_mi_detail,Moody's MI (detail),43-0000,Office and Administrative Support Occupations,High school diploma or equivalent,Unreported,Short-term on-the-job training,HS or less,49442.47574240194,5415.031523502573,5415.031523502573,12084.53868167727,5699.718705767527,12534.61163778777,-284.6871822649546,-450.07295611049994,2698.6848152836974,2809.3999999999996,11660.0,-0.049947584602180545,-0.03590641410489948,2030
Core/OEM,sam_mi_moodys_mi_detail,moodys_mi_detail,Moody's MI (detail),47-0000,Construction and Extraction Occupations,High school diploma or equivalent,Unreported,Apprenticeship,HS or less,62420.861463754794,4688.536120026658,4688.536120026658,6118.827732237321,4423.5511041015225,5836.999217522127,264.9850159251355,281.8285147151937,569.0251961060773,555.0,5700.0,0.05990323377963036,0.048283116754439644,2030
Core/OEM,sam_mi_moodys_mi_detail,moodys_mi_detail,Moody's MI (detail),49-0000,"Installation, Maintenance, and Repair Occupations",High school diploma or equivalent,Unreported,Long-term on-the-job training,HS or less,62604.84448482492,9170.279388492187,9170.279388492187,10817.611121221657,8568.71857769945,10156.427417432156,601.5608107927364,661.1837037895002,899.2122285363341,878.5,11230.0,0.0702042907977315,0.06510002746188746,2030
Core/OEM,sam_mi_moodys_mi_detail,moodys_mi_detail,Moody's MI (detail),51-0000,Production Occupations,High school diploma or equivalent,Unreported,Moderate-term on-the-job training,HS or less,45770.06449782948,113509.19313555388,113509.19313555388,123288.92140257418,113012.81101055664,122626.19441210921,496.38212499723886,662.7269904649729,1201.9638277676202,1211.6999999999998,119140.0,0.004392264209328191,0.005404448809996906,2030
Core/OEM,sam_mi_moodys_mi_detail,moodys_mi_detail,Moody's MI (detail),53-0000,Transportation and Material Moving Occupations,No formal educational credential,Unreported,Short-term on-the-job training,HS or less,42332.850380659555,8393.585686444612,8393.585686444612,9560.822752155276,8535.039093850773,9667.733814879597,-141.4534074061612,-106.9110627243208,2841.8436695623795,2839.1,9180.0,-0.016573258288655517,-0.011058544305364936,2030
Core/OEM,sam_mi_moodys_us,moodys_us,Moody's US,00-0000,All Occupations,High school diploma or equivalent,Unreported,Moderate-term on-the-job training,HS or less,58481.443062336955,183519.00488258788,183519.00488258788,312165.08099999995,174114.02550542576,293289.0,9404.979377162119,18876.080999999947,16171.147768676694,15511.2,283880.0,0.05401620776879368,0.06436000327322179,2030
Core/OEM,sam_mi_moodys_us,moodys_us,Moody's US,11-0000,Management Occupations,Bachelor's degree,5 years or more,Unreported,BA+,133653.6745121362,9575.479907173858,9575.479907173858,25030.289371539082,9055.324256413247,23335.02266254626,520.155650760611,1695.2667089928218,1749.7547505625962,1641.2,22000.0,0.057441968507336606,0.07264902775148359,2030
Core/OEM,sam_mi_moodys_us,moodys_us,Moody's US,13-0000,Business and Financial Operations Occupations,Bachelor's degree,Unreported,Unreported,BA+,82766.68829168391,6571.45634160007,6571.45634160007,19304.413724554975,6069.6061736323945,17841.886351163066,501.8501679676756,1462.5273733919094,1671.5677604879818,1571.1000000000001,17290.0,0.08268249267107558,0.08197156649283169,2030
Core/OEM,sam_mi_moodys_us,moodys_us,Moody's US,15-0000,Computer and Mathematical Occupations,Bachelor's degree,Unreported,Unreported,BA+,118166.93787022807,2777.338780006796,2777.338780006796,15503.640891707008,2535.8625406135507,13765.998236284237,241.47623939324512,1737.642655422771,699.9966416890607,641.6,9290.0,0.0952244987754029,0.12622714499866167,2030
Core/OEM,sam_mi_moodys_us,moodys_us,Moody's US,17-0000,Architecture and Engineering Occupations,Bachelor's degree,Unreported,Unreported,BA+,96339.61863202271,14878.759713339316,14878.759713339316,66392.20262299458,13765.867565597895,61455.21966635144,1112.8921477414206,4936.982956643136,290.825939059623,275.6,63380.0,0.08084431601845678,0.0803346401403603,2030
Core/OEM,sam_mi_moodys_us,moodys_us,Moody's US,19-0000,"Life, Physical, and Social Science Occupations",Bachelor's degree,Unreported,Unreported,BA+,81078.87806005268,381.69641047415774,381.69641047415774,6371.143938967034,364.75308156659696,5853.965960398652,16.943328907560783,517.1779785683821,126.19163786447864,120.79999999999998,5450.0,0.04645150312312647,0.08834659819804666,2030
Core/OEM,sam_mi_moodys_us,moodys_us,Moody's US,23-0000,Legal Occupations,Doctoral or professional degree,Unreported,Unreported,BA+,150177.6708171067,47.00187310638691,47.00187310638691,317.770459279939,41.83197885494993,293.54191686134544,5.169894251436979,24.228542418593577,108.89543622733333,102.3,240.0,0.12358713101675875,0.08253861212617866,2030
Core/OEM,sam_mi_moodys_us,moodys_us,Moody's US,27-0000,"Arts, Design, Entertainment, Sports, and Media Occupations",Bachelor's degree,Unreported,Unreported,BA+,76820.99419504999,229.6128329905335,229.6128329905335,3590.6960650698993,205.51419356525582,3332.5261157218047,24.098639425277668,258.16994934809463,127.52720641659918,119.6,3990.0,0.11726021939027659,0.07746974528725534,2030
Core/OEM,sam_mi_moodys_us,moodys_us,Moody's US,29-0000,Healthcare Practitioners and Technical Occupations,Bachelor's degree,Unreported,Unreported,BA+,91555.124890677,108.5157353579314,108.5157353579314,1044.5662258679824,96.67896119015307,958.301441289023,11.83677416777833,86.2647845789594,451.89618900854487,415.0,430.0,0.12243381623119805,0.09001842307877944,2030
Core/OEM,sam_mi_moodys_us,moodys_us,Moody's US,33-0000,Protective Service Occupations,High school diploma or equivalent,Unreported,Short-term on-the-job training,HS or less,38370.0,122.7847443774479,122.7847443774479,182.25439172861013,129.37277756815809,187.45968633886199,-6.588033190710192,-5.205294610251855,313.60328772401806,322.0,110.0,-0.05092287044111259,-0.027767541448044945,2030
Core/OEM,sam_mi_moodys_us,moodys_us,Moody's US,37-0000,Building and Grounds Cleaning and Maintenance Occupations,No formal educational credential,Unreported,Short-term on-the-job training,HS or less,35934.74276033506,473.8355650317484,473.8355650317484,819.8436656817439,458.76728693420813,778.2452851731153,15.068278097540258,41.598380508628566,902.1701539699518,860.8,510.0,0.03284514508049743,0.05345150340278038,2030
Core/OEM,sam_mi_moodys_us,moodys_us,Moody's US,41-0000,Sales and Related Occupations,High school diploma or equivalent,Unreported,Moderate-term on-the-job training,HS or less,76790.04363462681,1185.3548002118346,1185.3548002118346,4904.039778754331,1150.6081975134264,4664.866178141382,34.746602698408196,239.17360061294858,1191.3566459854012,1147.5,4280.0,0.0301984661446867,0.05127126727314657,2030
Core/OEM,sam_mi_moodys_us,moodys_us,Moody's US,43-0000,Office and Administrative Support Occupations,High school diploma or equivalent,Unreported,Short-term on-the-job training,HS or less,49442.59335518968,5644.548018208552,5644.548018208552,12585.73170258357,5699.718705767527,12534.61163778777,-55.17068755897526,51.12006479579941,2805.7728037385104,2809.3999999999996,11660.0,-0.009679545677078452,0.00407831261733623,2030
Core/OEM,sam_mi_moodys_us,moodys_us,Moody's US,47-0000,Construction and Extraction Occupations,High school diploma or equivalent,Unreported,Apprenticeship,HS or less,62420.77760866354,4887.451798479302,4887.451798479302,6376.005085419944,4423.5511041015225,5836.999217522127,463.9006943777795,539.0058678978176,591.3584969087603,555.0,5700.0,0.10487065334175752,0.0923429741569559,2030
Core/OEM,sam_mi_moodys_us,moodys_us,Moody's US,49-0000,"Installation, Maintenance, and Repair Occupations",High school diploma or equivalent,Unreported,Long-term on-the-job training,HS or less,62604.88430905338,9559.388121880449,9559.388121880449,11273.82246834637,8568.71857769945,10156.427417432156,990.6695441809989,1117.3950509142142,935.1052008925274,878.5,11230.0,0.115614666907053,0.11001851389164208,2030
Core/OEM,sam_mi_moodys_us,moodys_us,Moody's US,51-0000,Production Occupations,High school diploma or equivalent,Unreported,Moderate-term on-the-job training,HS or less,45770.053170088875,118326.02707006878,118326.02707006878,128504.12399308645,113012.81101055664,122626.19441210921,5313.216059512139,5877.929580977245,1250.0247795291464,1211.6999999999998,119140.0,0.047014281053639355,0.04793371929347589,2030
Core/OEM,sam_mi_moodys_us,moodys_us,Moody's US,53-0000,Transportation and Material Moving Occupations,No formal educational credential,Unreported,Short-term on-the-job training,HS or less,42332.85027956824,8749.753170280732,8749.753170280732,9964.536614418452,8535.039093850773,9667.733814879597,214.71407642995837,296.80279953885474,2955.1008386121607,2839.1,9180.0,0.025156777147588356,0.030700348729300546,2030
Downstream,sam_mi_bls_us,bls_us,BLS US,00-0000,All Occupations,High school diploma or equivalent,Unreported,Short-term on-the-job training,HS or less,55200.76110207128,232620.856,232620.856,232620.856,231829.0,231829.0,791.8559999999998,791.8559999999998,21465.754138494594,21598.100000000002,210150.0,0.0034156900128974365,0.0034156900128974365,2030
Downstream,sam_mi_bls_us,bls_us,BLS US,11-0000,Management Occupations,Bachelor's degree,5 years or more,Unreported,BA+,119058.65616568983,15723.645856734094,15723.645856734094,15723.645856734094,15457.086148403687,15457.086148403687,266.5597083304074,266.5597083304074,2050.160407784478,2001.8999999999996,12340.0,0.017245146062534952,0.017245146062534952,2030
Downstream,sam_mi_bls_us,bls_us,BLS US,13-0000,Business and Financial Operations Occupations,Bachelor's degree,Unreported,Unreported,BA+,80451.04175171442,9271.421482686092,9271.421482686092,9271.421482686092,8961.089439186986,8961.089439186986,310.33204349910557,310.33204349910557,1724.520153659833,1687.6999999999998,5430.0,0.034631061949010195,0.034631061949010195,2030
Downstream,sam_mi_bls_us,bls_us,BLS US,15-0000,Computer and Mathematical Occupations,Bachelor's degree,Unreported,Unreported,BA+,101504.89715844775,1771.5659775968943,1771.5659775968943,1771.5659775968943,1738.2235471402075,1738.2235471402075,33.34243045668677,33.34243045668677,506.03040275054923,485.90000000000003,1060.0,0.019181900113793202,0.019181900113793202,2030
Downstream,sam_mi_bls_us,bls_us,BLS US,17-0000,Architecture and Engineering Occupations,Bachelor's degree,Unreported,Unreported,BA+,98940.99766867327,5821.2672514682135,5821.2672514682135,5821.2672514682135,5458.648843930622,5458.648843930622,362.61840753759134,362.61840753759134,96.1032562274955,91.2,2900.0,0.06643006683618795,0.06643006683618795,2030
Downstream,sam_mi_bls_us,bls_us,BLS US,19-0000,"Life, Physical, and Social Science Occupations",Bachelor's degree,Unreported,Unreported,BA+,83910.0,230.39899517022633,230.39899517022633,230.39899517022633,212.2768239603648,212.2768239603648,18.122171209861534,18.122171209861534,32.62658678119374,29.8,190.0,0.08537046518674696,0.08537046518674696,2030
Downstream,sam_mi_bls_us,bls_us,BLS US,23-0000,Legal Occupations,Associate's degree,Unreported,Unreported,SC or associate's,90223.60957123876,124.6526964356636,124.6526964356636,124.6526964356636,123.64235067646402,123.64235067646402,1.0103457591995806,1.0103457591995806,42.10560879338122,40.9,30.0,0.008171518526393605,0.008171518526393605,2030
Downstream,sam_mi_bls_us,bls_us,BLS US,27-0000,"Arts, Design, Entertainment, Sports, and Media Occupations",Bachelor's degree,Unreported,Unreported,BA+,61175.43903445226,181.9575793191625,181.9575793191625,181.9575793191625,175.72869460710913,175.72869460710913,6.228884712053372,6.228884712053372,36.47807098781479,35.2,80.0,0.0354460307463149,0.0354460307463149,2030
Downstream,sam_mi_bls_us,bls_us,BLS US,35-0000,Food Preparation and Serving Related Occupations,No formal educational credential,Unreported,Short-term on-the-job training,HS or less,31887.8532618462,1692.8829493353846,1692.8829493353846,1692.8829493353846,1854.2738439306336,1854.2738439306336,-161.39089459524894,-161.39089459524894,1128.20175337414,1236.1999999999998,2090.0,-0.08703724917627992,-0.08703724917627992,2030
Downstream,sam_mi_bls_us,bls_us,BLS US,37-0000,Building and Grounds Cleaning and Maintenance Occupations,No formal educational credential,Unreported,Short-term on-the-job training,HS or less,36131.790147723426,666.9343408076965,666.9343408076965,666.9343408076965,664.6551934093287,664.6551934093287,2.2791473983677406,2.2791473983677406,1212.037023467071,1212.1000000000001,920.0,0.0034290673133492316,0.0034290673133492316,2030
Downstream,sam_mi_bls_us,bls_us,BLS US,41-0000,Sales and Related Occupations,No formal educational credential,Unreported,Short-term on-the-job training,HS or less,41736.532733820466,55074.82693137804,55074.82693137804,55074.82693137804,56658.5347434697,56658.5347434697,-1583.707812091663,-1583.707812091663,3312.987498955573,3407.7,53300.0,-0.027951796128547018,-0.027951796128547018,2030
Downstream,sam_mi_bls_us,bls_us,BLS US,43-0000,Office and Administrative Support Occupations,High school diploma or equivalent,Unreported,Short-term on-the-job training,HS or less,46729.316817234474,21454.030711408494,21454.030711408494,21454.030711408494,22357.48140086994,22357.48140086994,-903.450689461446,-903.450689461446,4131.849943362121,4295.5,22660.0,-0.04040932309246122,-0.04040932309246122,2030
Downstream,sam_mi_bls_us,bls_us,BLS US,47-0000,Construction and Extraction Occupations,High school diploma or equivalent,Unreported,Moderate-term on-the-job training,HS or less,59177.12735902662,678.8905470555025,678.8905470555025,678.8905470555025,665.0156060747611,665.0156060747611,13.874940980741371,13.874940980741371,635.4689373110115,619.5000000000001,100.0,0.02086408326962112,0.02086408326962112,2030
Downstream,sam_mi_bls_us,bls_us,BLS US,49-0000,"Installation, Maintenance, and Repair Occupations",High school diploma or equivalent,Unreported,Short-term on-the-job training,HS or less,53759.72495279782,42086.50347369361,42086.50347369361,42086.50347369361,40831.88879134391,40831.88879134391,1254.6146823496965,1254.6146823496965,1081.5908350279665,1057.8000000000002,36080.0,0.030726344518641677,0.030726344518641677,2030
Downstream,sam_mi_bls_us,bls_us,BLS US,51-0000,Production Occupations,High school diploma or equivalent,Unreported,Moderate-term on-the-job training,HS or less,48369.73817307368,8680.108008735437,8680.108008735437,8680.108008735437,8577.093547248614,8577.093547248614,103.01446148682226,103.01446148682226,932.9531855621963,922.0000000000001,8040.0,0.012010415989909255,0.012010415989909255,2030
Downstream,sam_mi_bls_us,bls_us,BLS US,53-0000,Transportation and Material Moving Occupations,Postsecondary nondegree award,Unreported,Short-term on-the-job training,HS or less,48055.28672689192,69161.7691981755,69161.7691981755,69161.7691981755,68093.36102574767,68093.36102574767,1068.4081724278367,1068.4081724278367,4542.640474449774,4474.700000000001,64930.0,0.01569034273435037,0.01569034273435037,2030
Downstream,sam_mi_dtmb_mi,dtmb_mi,DTMB MI,00-0000,All Occupations,High school diploma or equivalent,Unreported,Short-term on-the-job training,HS or less,55222.39656543689,230328.18299999996,230328.18299999996,230328.18299999996,231829.0,231829.0,-1500.8170000000391,-1500.8170000000391,21269.313500074673,21598.100000000002,210150.0,-0.00647381043786601,-0.00647381043786601,2030
Downstream,sam_mi_dtmb_mi,dtmb_mi,DTMB MI,11-0000,Management Occupations,Bachelor's degree,5 years or more,Unreported,BA+,119048.52240839083,15561.047362876327,15561.047362876327,15561.047362876327,15457.086148403687,15457.086148403687,103.96121447263977,103.96121447263977,2034.5254693447125,2001.8999999999996,12340.0,0.006725796406548219,0.006725796406548219,2030
Downstream,sam_mi_dtmb_mi,dtmb_mi,DTMB MI,13-0000,Business and Financial Operations Occupations,Bachelor's degree,Unreported,Unreported,BA+,80451.94552190947,9196.21184844585,9196.21184844585,9196.21184844585,8961.089439186986,8961.089439186986,235.12240925886363,235.12240925886363,1712.4002028434547,1687.6999999999998,5430.0,0.026238150043528145,0.026238150043528145,2030
Downstream,sam_mi_dtmb_mi,dtmb_mi,DTMB MI,15-0000,Computer and Mathematical Occupations,Bachelor's degree,Unreported,Unreported,BA+,101523.58148346424,1753.5146508954954,1753.5146508954954,1753.5146508954954,1738.2235471402075,1738.2235471402075,15.29110375528785,15.29110375528785,502.86351683435976,485.90000000000003,1060.0,0.008796971931743397,0.008796971931743397,2030
Downstream,sam_mi_dtmb_mi,dtmb_mi,DTMB MI,17-0000,Architecture and Engineering Occupations,Bachelor's degree,Unreported,Unreported,BA+,98940.99766867327,5755.0962047578205,5755.0962047578205,5755.0962047578205,5458.648843930622,5458.648843930622,296.4473608271983,296.4473608271983,95.01083892690745,91.2,2900.0,0.05430782768831393,0.05430782768831393,2030
Downstream,sam_mi_dtmb_mi,dtmb_mi,DTMB MI,19-0000,"Life, Physical, and Social Science Occupations",Bachelor's degree,Unreported,Unreported,BA+,83910.0,230.4009885929152,230.4009885929152,230.4009885929152,212.2768239603648,212.2768239603648,18.124164632550418,18.124164632550418,32.516460007158365,29.8,190.0,0.08537985586186492,0.08537985586186492,2030
Downstream,sam_mi_dtmb_mi,dtmb_mi,DTMB MI,23-0000,Legal Occupations,Associate's degree,Unreported,Unreported,SC or associate's,90276.31079015274,122.93390531924061,122.93390531924061,122.93390531924061,123.64235067646402,123.64235067646402,-0.7084453572234111,-0.7084453572234111,41.59901905902389,40.9,30.0,-0.005729795279266455,-0.005729795279266455,2030
Downstream,sam_mi_dtmb_mi,dtmb_mi,DTMB MI,27-0000,"Arts, Design, Entertainment, Sports, and Media Occupations",Bachelor's degree,Unreported,Unreported,BA+,61208.34028270664,179.57254646706517,179.57254646706517,179.57254646706517,175.72869460710913,175.72869460710913,3.8438518599560325,3.8438518599560325,35.98412299498957,35.2,80.0,0.021873786000345837,0.021873786000345837,2030
Downstream,sam_mi_dtmb_mi,dtmb_mi,DTMB MI,35-0000,Food Preparation and Serving Related Occupations,No formal educational credential,Unreported,Short-term on-the-job training,HS or less,31887.853261846198,1673.639744741497,1673.639744741497,1673.639744741497,1854.2738439306336,1854.2738439306336,-180.63409918913658,-180.63409918913658,1115.3773480176537,1236.1999999999998,2090.0,-0.09741500683967687,-0.09741500683967687,2030
Downstream,sam_mi_dtmb_mi,dtmb_mi,DTMB MI,37-0000,Building and Grounds Cleaning and Maintenance Occupations,No formal educational credential,Unreported,Short-term on-the-job training,HS or less,36132.011400314266,658.631062422991,658.631062422991,658.631062422991,664.6551934093287,664.6551934093287,-6.0241309863376955,-6.0241309863376955,1201.8916503074165,1212.1000000000001,920.0,-0.009063543091323935,-0.009063543091323935,2030
Downstream,sam_mi_dtmb_mi,dtmb_mi,DTMB MI,41-0000,Sales and Related Occupations,No formal educational credential,Unreported,Short-term on-the-job training,HS or less,41746.360689553934,54372.71181952073,54372.71181952073,54372.71181952073,56658.5347434697,56658.5347434697,-2285.8229239489738,-2285.8229239489738,3269.950497661085,3407.7,53300.0,-0.04034384112293746,-0.04034384112293746,2030
Downstream,sam_mi_dtmb_mi,dtmb_mi,DTMB MI,43-0000,Office and Administrative Support Occupations,High school diploma or equivalent,Unreported,Short-term on-the-job training,HS or less,46737.09042583691,21240.087475662895,21240.087475662895,21240.087475662895,22357.48140086994,22357.48140086994,-1117.393925207045,-1117.393925207045,4096.8031403499945,4295.5,22660.0,-0.049978524198327934,-0.049978524198327934,2030
Downstream,sam_mi_dtmb_mi,dtmb_mi,DTMB MI,47-0000,Construction and Extraction Occupations,High school diploma or equivalent,Unreported,Moderate-term on-the-job training,HS or less,59154.34896533509,675.7804865227781,675.7804865227781,675.7804865227781,665.0156060747611,665.0156060747611,10.764880448017038,10.764880448017038,632.4034887017378,619.5000000000001,100.0,0.01618741026478535,0.01618741026478535,2030
Downstream,sam_mi_dtmb_mi,dtmb_mi,DTMB MI,49-0000,"Installation, Maintenance, and Repair Occupations",High school diploma or equivalent,Unreported,Short-term on-the-job training,HS or less,53770.339092395756,41490.62942301736,41490.62942301736,41490.62942301736,40831.88879134391,40831.88879134391,658.7406316734487,658.7406316734487,1071.3322955492886,1057.8000000000002,36080.0,0.016132994362315595,0.016132994362315595,2030
Downstream,sam_mi_dtmb_mi,dtmb_mi,DTMB MI,51-0000,Production Occupations,High school diploma or equivalent,Unreported,Moderate-term on-the-job training,HS or less,48369.36942947484,8575.242319748282,8575.242319748282,8575.242319748282,8577.093547248614,8577.093547248614,-1.851227500332243,-1.851227500332243,920.472209092703,922.0000000000001,8040.0,-0.00021583389409645477,-0.00021583389409645477,2030
Downstream,sam_mi_dtmb_mi,dtmb_mi,DTMB MI,53-0000,Transportation and Material Moving Occupations,Postsecondary nondegree award,Unreported,Short-term on-the-job training,HS or less,48118.291213397504,68842.68316100872,68842.68316100872,68842.68316100872,68093.36102574767,68093.36102574767,749.3221352610562,749.3221352610562,4506.18324038419,4474.700000000001,64930.0,0.011004334695385653,0.011004334695385653,2030
Downstream,sam_mi_moodys_mi,moodys_mi,Moody's MI,00-0000,All Occupations,High school diploma or equivalent,Unreported,Short-term on-the-job training,HS or less,55099.54146332208,230375.99699999994,230375.99699999994,230375.99699999994,231829.0,231829.0,-1453.0030000000552,-1453.0030000000552,21134.164686394626,21598.100000000002,210150.0,-0.006267563592130644,-0.006267563592130644,2030
Downstream,sam_mi_moodys_mi,moodys_mi,Moody's MI,11-0000,Management Occupations,Bachelor's degree,5 years or more,Unreported,BA+,119199.93938291419,15660.456192152013,15660.456192152013,15660.456192152013,15457.086148403687,15457.086148403687,203.37004374832577,203.37004374832577,1996.051148449616,2001.8999999999996,12340.0,0.013157075130187367,0.013157075130187367,2030
Downstream,sam_mi_moodys_mi,moodys_mi,Moody's MI,13-0000,Business and Financial Operations Occupations,Bachelor's degree,Unreported,Unreported,BA+,80466.0422223304,9108.325573452572,9108.325573452572,9108.325573452572,8961.089439186986,8961.089439186986,147.23613426558586,147.23613426558586,1675.1850085734693,1687.6999999999998,5430.0,0.016430606486497044,0.016430606486497044,2030
Downstream,sam_mi_moodys_mi,moodys_mi,Moody's MI,15-0000,Computer and Mathematical Occupations,Bachelor's degree,Unreported,Unreported,BA+,101488.0547745796,1778.8585604907835,1778.8585604907835,1778.8585604907835,1738.2235471402075,1738.2235471402075,40.635013350575946,40.635013350575946,491.0228102747607,485.90000000000003,1060.0,0.023377323024665175,0.023377323024665175,2030
Downstream,sam_mi_moodys_mi,moodys_mi,Moody's MI,17-0000,Architecture and Engineering Occupations,Bachelor's degree,Unreported,Unreported,BA+,98940.99766867328,5927.373366364141,5927.373366364141,5927.373366364141,5458.648843930622,5458.648843930622,468.72452243351836,468.72452243351836,97.85496126123631,91.2,2900.0,0.08586823146806469,0.08586823146806469,2030
Downstream,sam_mi_moodys_mi,moodys_mi,Moody's MI,19-0000,"Life, Physical, and Social Science Occupations",Bachelor's degree,Unreported,Unreported,BA+,83910.0,212.8559486131013,212.8559486131013,212.8559486131013,212.2768239603648,212.2768239603648,0.5791246527365104,0.5791246527365104,31.05824648604465,29.8,190.0,0.0027281577043221706,0.0027281577043221706,2030
Downstream,sam_mi_moodys_mi,moodys_mi,Moody's MI,23-0000,Legal Occupations,Associate's degree,Unreported,Unreported,SC or associate's,90233.71648971163,126.86504231691103,126.86504231691103,126.86504231691103,123.64235067646402,123.64235067646402,3.2226916404470103,3.2226916404470103,42.867545708048574,40.9,30.0,0.02606462609951387,0.02606462609951387,2030
Downstream,sam_mi_moodys_mi,moodys_mi,Moody's MI,27-0000,"Arts, Design, Entertainment, Sports, and Media Occupations",Bachelor's degree,Unreported,Unreported,BA+,61181.752281123285,185.21150076308967,185.21150076308967,185.21150076308967,175.72869460710913,175.72869460710913,9.48280615598054,9.48280615598054,37.12727478327682,35.2,80.0,0.05396276446019256,0.05396276446019256,2030
Downstream,sam_mi_moodys_mi,moodys_mi,Moody's MI,35-0000,Food Preparation and Serving Related Occupations,No formal educational credential,Unreported,Short-term on-the-job training,HS or less,31887.8532618462,1723.739672617112,1723.739672617112,1723.739672617112,1854.2738439306336,1854.2738439306336,-130.53417131352148,-130.53417131352148,1148.76585045096,1236.1999999999998,2090.0,-0.07039638278929669,-0.07039638278929669,2030
Downstream,sam_mi_moodys_mi,moodys_mi,Moody's MI,37-0000,Building and Grounds Cleaning and Maintenance Occupations,No formal educational credential,Unreported,Short-term on-the-job training,HS or less,36135.19792626713,667.8129204083792,667.8129204083792,667.8129204083792,664.6551934093287,664.6551934093287,3.15772699905051,3.15772699905051,1185.8777410858688,1212.1000000000001,920.0,0.004750925036563763,0.004750925036563763,2030
Downstream,sam_mi_moodys_mi,moodys_mi,Moody's MI,41-0000,Sales and Related Occupations,No formal educational credential,Unreported,Short-term on-the-job training,HS or less,41707.66828524253,55993.76485398183,55993.76485398183,55993.76485398183,56658.5347434697,56658.5347434697,-664.7698894878704,-664.7698894878704,3339.7950897260102,3407.7,53300.0,-0.011732917070618206,-0.011732917070618206,2030
Downstream,sam_mi_moodys_mi,moodys_mi,Moody's MI,43-0000,Office and Administrative Support Occupations,High school diploma or equivalent,Unreported,Short-term on-the-job training,HS or less,46684.43472107304,21207.722405109773,21207.722405109773,21207.722405109773,22357.48140086994,22357.48140086994,-1149.7589957601667,-1149.7589957601667,4037.2211481915842,4295.5,22660.0,-0.051426141216220765,-0.051426141216220765,2030
Downstream,sam_mi_moodys_mi,moodys_mi,Moody's MI,47-0000,Construction and Extraction Occupations,High school diploma or equivalent,Unreported,Moderate-term on-the-job training,HS or less,59372.66675996253,653.0471236353693,653.0471236353693,653.0471236353693,665.0156060747611,665.0156060747611,-11.968482439391778,-11.968482439391778,612.5585221312072,619.5000000000001,100.0,-0.01799729559737021,-0.01799729559737021,2030
Downstream,sam_mi_moodys_mi,moodys_mi,Moody's MI,49-0000,"Installation, Maintenance, and Repair Occupations",High school diploma or equivalent,Unreported,Short-term on-the-job training,HS or less,53708.62771024164,42482.11588797899,42482.11588797899,42482.11588797899,40831.88879134391,40831.88879134391,1650.227096635077,1650.227096635077,1065.010570796925,1057.8000000000002,36080.0,0.04041515456382498,0.04041515456382498,2030
Downstream,sam_mi_moodys_mi,moodys_mi,Moody's MI,51-0000,Production Occupations,High school diploma or equivalent,Unreported,Moderate-term on-the-job training,HS or less,48369.66735735197,8837.09651649722,8837.09651649722,8837.09651649722,8577.093547248614,8577.093547248614,260.00296924860595,260.00296924860595,949.5871472728028,922.0000000000001,8040.0,0.030313645037952336,0.030313645037952336,2030
Downstream,sam_mi_moodys_mi,moodys_mi,Moody's MI,53-0000,Transportation and Material Moving Occupations,Postsecondary nondegree award,Unreported,Short-term on-the-job training,HS or less,47620.304033793655,65810.7514356187,65810.7514356187,65810.7514356187,68093.36102574767,68093.36102574767,-2282.6095901289664,-2282.6095901289664,4424.181621202817,4474.700000000001,64930.0,-0.03352176417412939,-0.03352176417412939,2030
Downstream,sam_mi_moodys_mi_detail,moodys_mi_detail,Moody's MI (detail),00-0000,All Occupations,High school diploma or equivalent,Unreported,Short-term on-the-job training,HS or less,55099.51345744417,230376.8167858846,230376.8167858846,230376.8167858846,231829.0,231829.0,-1452.1832141153864,-1452.1832141153864,21134.567490069632,21598.100000000002,210150.0,-0.006264027425884537,-0.006264027425884537,2030
Downstream,sam_mi_moodys_mi_detail,moodys_mi_detail,Moody's MI (detail),11-0000,Management Occupations,Bachelor's degree,5 years or more,Unreported,BA+,119199.34634143944,15660.179959340656,15660.179959340656,15660.179959340656,15457.086148403687,15457.086148403687,203.09381093696902,203.09381093696902,1996.1359953386564,2001.8999999999996,12340.0,0.01313920418033921,0.01313920418033921,2030
Downstream,sam_mi_moodys_mi_detail,moodys_mi_detail,Moody's MI (detail),13-0000,Business and Financial Operations Occupations,Bachelor's degree,Unreported,Unreported,BA+,80465.91645484793,9108.32390791627,9108.32390791627,9108.32390791627,8961.089439186986,8961.089439186986,147.23446872928434,147.23446872928434,1675.2485174642172,1687.6999999999998,5430.0,0.01643042062334806,0.01643042062334806,2030
Downstream,sam_mi_moodys_mi_detail,moodys_mi_detail,Moody's MI (detail),15-0000,Computer and Mathematical Occupations,Bachelor's degree,Unreported,Unreported,BA+,101487.58105967277,1778.7257972325024,1778.7257972325024,1778.7257972325024,1738.2235471402075,1738.2235471402075,40.502250092294844,40.502250092294844,491.03258563936964,485.90000000000003,1060.0,0.023300944322685486,0.023300944322685486,2030
Downstream,sam_mi_moodys_mi_detail,moodys_mi_detail,Moody's MI (detail),17-0000,Architecture and Engineering Occupations,Bachelor's degree,Unreported,Unreported,BA+,98940.9976686733,5926.622463550969,5926.622463550969,5926.622463550969,5458.648843930622,5458.648843930622,467.97361962034665,467.97361962034665,97.84256461247602,91.2,2900.0,0.085730669438588,0.085730669438588,2030
Downstream,sam_mi_moodys_mi_detail,moodys_mi_detail,Moody's MI (detail),19-0000,"Life, Physical, and Social Science Occupations",Bachelor's degree,Unreported,Unreported,BA+,83910.0,212.88406298786225,212.88406298786225,212.88406298786225,212.2768239603648,212.2768239603648,0.6072390274974566,0.6072390274974566,31.05979145063177,29.8,190.0,0.002860599740322274,0.002860599740322274,2030
Downstream,sam_mi_moodys_mi_detail,moodys_mi_detail,Moody's MI (detail),23-0000,Legal Occupations,Associate's degree,Unreported,Unreported,SC or associate's,90232.0397837329,126.85887592443123,126.85887592443123,126.85887592443123,123.64235067646402,123.64235067646402,3.216525247967212,3.216525247967212,42.86303294020654,40.9,30.0,0.02601475328129211,0.02601475328129211,2030
Downstream,sam_mi_moodys_mi_detail,moodys_mi_detail,Moody's MI (detail),27-0000,"Arts, Design, Entertainment, Sports, and Media Occupations",Bachelor's degree,Unreported,Unreported,BA+,61180.70504903774,185.19843013300084,185.19843013300084,185.19843013300084,175.72869460710913,175.72869460710913,9.469735525891707,9.469735525891707,37.12517354934481,35.2,80.0,0.05388838485976329,0.05388838485976329,2030
Downstream,sam_mi_moodys_mi_detail,moodys_mi_detail,Moody's MI (detail),35-0000,Food Preparation and Serving Related Occupations,No formal educational credential,Unreported,Short-term on-the-job training,HS or less,31887.8532618462,1723.5213025416433,1723.5213025416433,1723.5213025416433,1854.2738439306336,1854.2738439306336,-130.75254138899027,-130.75254138899027,1148.6203203054026,1236.1999999999998,2090.0,-0.07051414860699592,-0.07051414860699592,2030
Downstream,sam_mi_moodys_mi_detail,moodys_mi_detail,Moody's MI (detail),37-0000,Building and Grounds Cleaning and Maintenance Occupations,No formal educational credential,Unreported,Short-term on-the-job training,HS or less,36135.16896069658,667.8225885463145,667.8225885463145,667.8225885463145,664.6551934093287,664.6551934093287,3.1673951369857605,3.1673951369857605,1185.9186885404392,1212.1000000000001,920.0,0.004765471132089863,0.004765471132089863,2030
Downstream,sam_mi_moodys_mi_detail,moodys_mi_detail,Moody's MI (detail),41-0000,Sales and Related Occupations,No formal educational credential,Unreported,Short-term on-the-job training,HS or less,41707.551526456904,55989.610570975856,55989.610570975856,55989.610570975856,56658.5347434697,56658.5347434697,-668.9241724938474,-668.9241724938474,3339.754544213765,3407.7,53300.0,-0.011806238469146886,-0.011806238469146886,2030
Downstream,sam_mi_moodys_mi_detail,moodys_mi_detail,Moody's MI (detail),43-0000,Office and Administrative Support Occupations,High school diploma or equivalent,Unreported,Short-term on-the-job training,HS or less,46684.48000540583,21208.130649362956,21208.130649362956,21208.130649362956,22357.48140086994,22357.48140086994,-1149.3507515069832,-1149.3507515069832,4037.410532406236,4295.5,22660.0,-0.05140788136638063,-0.05140788136638063,2030
Downstream,sam_mi_moodys_mi_detail,moodys_mi_detail,Moody's MI (detail),47-0000,Construction and Extraction Occupations,High school diploma or equivalent,Unreported,Moderate-term on-the-job training,HS or less,59372.142428769024,653.0612088782188,653.0612088782188,653.0612088782188,665.0156060747611,665.0156060747611,-11.954397196542232,-11.954397196542232,612.5683015602957,619.5000000000001,100.0,-0.017976115278110206,-0.017976115278110206,2030
Downstream,sam_mi_moodys_mi_detail,moodys_mi_detail,Moody's MI (detail),49-0000,"Installation, Maintenance, and Repair Occupations",High school diploma or equivalent,Unreported,Short-term on-the-job training,HS or less,53708.631669587085,42482.79622970722,42482.79622970722,42482.79622970722,40831.88879134391,40831.88879134391,1650.9074383633124,1650.9074383633124,1065.0414213322654,1057.8000000000002,36080.0,0.040431816583348795,0.040431816583348795,2030
Downstream,sam_mi_moodys_mi_detail,moodys_mi_detail,Moody's MI (detail),51-0000,Production Occupations,High school diploma or equivalent,Unreported,Moderate-term on-the-job training,HS or less,48369.679102204645,8836.180385203952,8836.180385203952,8836.180385203952,8577.093547248614,8577.093547248614,259.0868379553376,259.0868379553376,949.5284115300487,922.0000000000001,8040.0,0.030206833646864942,0.030206833646864942,2030
Downstream,sam_mi_moodys_mi_detail,moodys_mi_detail,Moody's MI (detail),53-0000,Transportation and Material Moving Occupations,Postsecondary nondegree award,Unreported,Short-term on-the-job training,HS or less,47621.076439797755,65816.90035358275,65816.90035358275,65816.90035358275,68093.36102574767,68093.36102574767,-2276.460672164918,-2276.460672164918,4424.4176091862755,4474.700000000001,64930.0,-0.03343146288966608,-0.03343146288966608,2030
Downstream,sam_mi_moodys_us,moodys_us,Moody's US,00-0000,All Occupations,High school diploma or equivalent,Unreported,Short-term on-the-job training,HS or less,55093.82836834974,233573.41900000005,233573.41900000005,233573.41900000005,231829.0,231829.0,1744.4190000000526,1744.4190000000526,21395.64408878558,21598.100000000002,210150.0,0.007524593558183198,0.007524593558183198,2030
Downstream,sam_mi_moodys_us,moodys_us,Moody's US,11-0000,Management Occupations,Bachelor's degree,5 years or more,Unreported,BA+,119250.33829877221,15907.220518606664,15907.220518606664,15907.220518606664,15457.086148403687,15457.086148403687,450.13437020297715,450.13437020297715,2015.8325142426056,2001.8999999999996,12340.0,0.02912155408084235,0.02912155408084235,2030
Downstream,sam_mi_moodys_us,moodys_us,Moody's US,13-0000,Business and Financial Operations Occupations,Bachelor's degree,Unreported,Unreported,BA+,80475.65228304217,9231.464195754212,9231.464195754212,9231.464195754212,8961.089439186986,8961.089439186986,270.37475656722563,270.37475656722563,1692.0164623925723,1687.6999999999998,5430.0,0.030172085481579118,0.030172085481579118,2030
Downstream,sam_mi_moodys_us,moodys_us,Moody's US,15-0000,Computer and Mathematical Occupations,Bachelor's degree,Unreported,Unreported,BA+,101518.52142365028,1814.9030398818782,1814.9030398818782,1814.9030398818782,1738.2235471402075,1738.2235471402075,76.67949274167063,76.67949274167063,496.51886386168314,485.90000000000003,1060.0,0.04411371188005518,0.04411371188005518,2030
Downstream,sam_mi_moodys_us,moodys_us,Moody's US,17-0000,Architecture and Engineering Occupations,Bachelor's degree,Unreported,Unreported,BA+,98940.99766867328,6074.714448635806,6074.714448635806,6074.714448635806,5458.648843930622,5458.648843930622,616.0656047051834,616.0656047051834,100.287414053851,91.2,2900.0,0.11286045728883554,0.11286045728883554,2030
Downstream,sam_mi_moodys_us,moodys_us,Moody's US,19-0000,"Life, Physical, and Social Science Occupations",Bachelor's degree,Unreported,Unreported,BA+,83909.99999999999,212.77580074562078,212.77580074562078,212.77580074562078,212.2768239603648,212.2768239603648,0.49897678525599076,0.49897678525599076,31.295930634057896,29.8,190.0,0.002350594737318837,0.002350594737318837,2030
Downstream,sam_mi_moodys_us,moodys_us,Moody's US,23-0000,Legal Occupations,Associate's degree,Unreported,Unreported,SC or associate's,90346.76164717662,129.3377409207906,129.3377409207906,129.3377409207906,123.64235067646402,123.64235067646402,5.695390244326575,5.695390244326575,43.870043586538145,40.9,30.0,0.04606342578547176,0.04606342578547176,2030
Downstream,sam_mi_moodys_us,moodys_us,Moody's US,27-0000,"Arts, Design, Entertainment, Sports, and Media Occupations",Bachelor's degree,Unreported,Unreported,BA+,61252.25173193561,189.10106264899133,189.10106264899133,189.10106264899133,175.72869460710913,175.72869460710913,13.372368041882197,13.372368041882197,37.87130408919616,35.2,80.0,0.07609666748950639,0.07609666748950639,2030
Downstream,sam_mi_moodys_us,moodys_us,Moody's US,35-0000,Food Preparation and Serving Related Occupations,No formal educational credential,Unreported,Short-term on-the-job training,HS or less,31887.853261846205,1766.5879383192946,1766.5879383192946,1766.5879383192946,1854.2738439306336,1854.2738439306336,-87.68590561133897,-87.68590561133897,1177.3215686789815,1236.1999999999998,2090.0,-0.047288541494747635,-0.047288541494747635,2030
Downstream,sam_mi_moodys_us,moodys_us,Moody's US,37-0000,Building and Grounds Cleaning and Maintenance Occupations,No formal educational credential,Unreported,Short-term on-the-job training,HS or less,36137.40184891488,677.1404296333942,677.1404296333942,677.1404296333942,664.6551934093287,664.6551934093287,12.485236224065488,12.485236224065488,1198.727592591083,1212.1000000000001,920.0,0.018784531209367142,0.018784531209367142,2030
Downstream,sam_mi_moodys_us,moodys_us,Moody's US,41-0000,Sales and Related Occupations,No formal educational credential,Unreported,Short-term on-the-job training,HS or less,41713.38021944955,57178.62990424327,57178.62990424327,57178.62990424327,56658.5347434697,56658.5347434697,520.0951607735697,520.0951607735697,3394.203464853863,3407.7,53300.0,0.00917946719110159,0.00917946719110159,2030
Downstream,sam_mi_moodys_us,moodys_us,Moody's US,43-0000,Office and Administrative Support Occupations,High school diploma or equivalent,Unreported,Short-term on-the-job training,HS or less,46678.00079560649,21476.352152506635,21476.352152506635,21476.352152506635,22357.48140086994,22357.48140086994,-881.1292483633042,-881.1292483633042,4077.133986566356,4295.5,22660.0,-0.039410935094371546,-0.039410935094371546,2030
Downstream,sam_mi_moodys_us,moodys_us,Moody's US,47-0000,Construction and Extraction Occupations,High school diploma or equivalent,Unreported,Moderate-term on-the-job training,HS or less,59423.27319552645,659.8391251918216,659.8391251918216,659.8391251918216,665.0156060747611,665.0156060747611,-5.176480882939472,-5.176480882939472,619.264156499585,619.5000000000001,100.0,-0.007783999105665397,-0.007783999105665397,2030
Downstream,sam_mi_moodys_us,moodys_us,Moody's US,49-0000,"Installation, Maintenance, and Repair Occupations",High school diploma or equivalent,Unreported,Short-term on-the-job training,HS or less,53704.59940450401,43096.624268108964,43096.624268108964,43096.624268108964,40831.88879134391,40831.88879134391,2264.735476765054,2264.735476765054,1077.4763968402638,1057.8000000000002,36080.0,0.055464871790235744,0.055464871790235744,2030
Downstream,sam_mi_moodys_us,moodys_us,Moody's US,51-0000,Production Occupations,High school diploma or equivalent,Unreported,Moderate-term on-the-job training,HS or less,48368.87848026221,9042.786256731666,9042.786256731666,9042.786256731666,8577.093547248614,8577.093547248614,465.69270948305166,465.69270948305166,968.9600829956365,922.0000000000001,8040.0,0.05429493183415703,0.05429493183415703,2030
Downstream,sam_mi_moodys_us,moodys_us,Moody's US,53-0000,Transportation and Material Moving Occupations,No formal educational credential,Unreported,Short-term on-the-job training,HS or less,47533.49098789973,66115.94211807103,66115.94211807103,66115.94211807103,68093.36102574767,68093.36102574767,-1977.4189076766343,-1977.4189076766343,4464.864306899307,4474.700000000001,64930.0,-0.02903981941688745,-0.02903981941688745,2030
Upstream,sam_mi_bls_us,bls_us,BLS US,00-0000,All Occupations,High school diploma or equivalent,Unreported,Moderate-term on-the-job training,HS or less,61916.68326265798,56821.8241815222,56821.8241815222,203478.60500000004,57438.86459823029,205217.0,-617.0404167080924,-1738.3949999999604,29593.159842028985,29773.4,190620.0,-0.010742559432957587,-0.008471008737092738,2030
Upstream,sam_mi_bls_us,bls_us,BLS US,11-0000,Management Occupations,Bachelor's degree,5 years or more,Unreported,BA+,130059.930752374,4103.209542101617,4103.209542101617,14986.904452666045,4058.4882323257752,14834.253830184914,44.7213097758422,152.650622481131,3531.03764729178,3480.0,13740.0,0.011019204003017155,0.010290414619339714,2030
Upstream,sam_mi_bls_us,bls_us,BLS US,13-0000,Business and Financial Operations Occupations,Bachelor's degree,Unreported,Unreported,BA+,80961.91149629549,2840.748270400099,2840.748270400099,10735.71771676929,2767.594906862896,10490.980658017475,73.15336353720295,244.7370587518144,3377.84914072944,3317.5,8860.0,0.026432106575930658,0.02332832999408688,2030
Upstream,sam_mi_bls_us,bls_us,BLS US,15-0000,Computer and Mathematical Occupations,Bachelor's degree,Unreported,Unreported,BA+,105254.80111308534,714.9342475140761,714.9342475140761,2581.1557210900705,709.5661760244429,2574.155480253907,5.3680714896331665,7.000240836163357,945.2886351618631,922.5,2160.0,0.007565286608938147,0.002719432019495914,2030
Upstream,sam_mi_bls_us,bls_us,BLS US,17-0000,Architecture and Engineering Occupations,Bachelor's degree,Unreported,Unreported,BA+,96845.0811866716,4449.140162136061,4449.140162136061,17394.16434015602,4252.923646105259,16698.90786962766,196.21651603080227,695.2564705283621,453.3617742137368,438.90000000000003,13950.0,0.04613685369369219,0.041634846778986656,2030
Upstream,sam_mi_bls_us,bls_us,BLS US,19-0000,"Life, Physical, and Social Science Occupations",Bachelor's degree,Unreported,Unreported,BA+,76440.94550370639,408.42086748104145,408.42086748104145,1356.835909505566,397.97251705383536,1320.061563368821,10.448350427206094,36.77434613674495,107.9931449763935,103.5,1020.0,0.02625394965600779,0.027858053864469892,2030
Upstream,sam_mi_bls_us,bls_us,BLS US,27-0000,"Arts, Design, Entertainment, Sports, and Media Occupations",Bachelor's degree,Unreported,Unreported,BA+,80027.95413993338,70.19784929829163,70.19784929829163,326.92401398149775,69.97828311996886,328.19250312919246,0.21956617832276493,-1.2684891476947087,34.54782444561739,34.0,390.0,0.003137633113209517,-0.0038650765498911164,2030
Upstream,sam_mi_bls_us,bls_us,BLS US,33-0000,Protective Service Occupations,High school diploma or equivalent,Unreported,Short-term on-the-job training,HS or less,38370.0,23.673063559940033,23.673063559940033,80.84580198463146,23.684178665921536,80.92963633830203,-0.011115105981502893,-0.08383435367056791,160.92444187791926,161.0,30.0,-0.0004693051060916075,-0.0010358918866275831,2030
Upstream,sam_mi_bls_us,bls_us,BLS US,37-0000,Building and Grounds Cleaning and Maintenance Occupations,No formal educational credential,Unreported,Short-term on-the-job training,HS or less,35930.0,278.16097620530047,278.16097620530047,1044.1734040778936,277.70827587754525,1040.9097904504256,0.45270032775522395,3.2636136274679757,1753.0394668492381,1756.5,1060.0,0.001630129049358403,0.00313534722932689,2030
Upstream,sam_mi_bls_us,bls_us,BLS US,41-0000,Sales and Related Occupations,High school diploma or equivalent,Unreported,Moderate-term on-the-job training,HS or less,75168.720321298,1400.788590712606,1400.788590712606,5499.624065468144,1416.9132848882791,5583.88762407288,-16.124694175673085,-84.26355860473541,1537.8978101580253,1534.8,4940.0,-0.011380155968362232,-0.015090482523585188,2030
Upstream,sam_mi_bls_us,bls_us,BLS US,43-0000,Office and Administrative Support Occupations,High school diploma or equivalent,Unreported,Short-term on-the-job training,HS or less,47145.15968674911,4147.77510081306,4147.77510081306,15264.705150333719,4380.900765020868,16118.051454636445,-233.12566420780786,-853.3463043027259,6518.924107937508,6865.0,16770.0,-0.053214093793036966,-0.05294351533151709,2030
Upstream,sam_mi_bls_us,bls_us,BLS US,47-0000,Construction and Extraction Occupations,High school diploma or equivalent,Unreported,Apprenticeship,HS or less,62350.00000000001,279.49943326008633,279.49943326008633,1086.785395983418,279.0469212228641,1086.86984057029,0.45251203722222044,-0.08444458687199585,402.666701522268,405.0,640.0,0.00162163422280089,-7.76952158573901e-05,2030
Upstream,sam_mi_bls_us,bls_us,BLS US,49-0000,"Installation, Maintenance, and Repair Occupations",High school diploma or equivalent,Unreported,Long-term on-the-job training,HS or less,61035.56523508589,2740.033402834211,2740.033402834211,9337.132543006788,2601.4377095786267,8822.869297677864,138.59569325558414,514.2632453289243,1379.990547446966,1352.6,8320.0,0.05327657577395288,0.05828752846472245,2030
Upstream,sam_mi_bls_us,bls_us,BLS US,51-0000,Production Occupations,High school diploma or equivalent,Unreported,Moderate-term on-the-job training,HS or less,49076.4280263331,31966.208677189963,31966.208677189963,112428.40357285738,32796.10160412717,114896.90709654195,-829.8929269372093,-2468.5035236845724,2932.3998778496016,2950.1000000000004,108350.0,-0.025304621169754297,-0.02148450803475864,2030
Upstream,sam_mi_bls_us,bls_us,BLS US,53-0000,Transportation and Material Moving Occupations,No formal educational credential,Unreported,Short-term on-the-job training,HS or less,43070.64313184175,3399.0339980158533,3399.0339980158533,11355.232912119533,3406.5480973568397,11340.023355129873,-7.514099340986377,15.209556989659177,6457.238721568628,6452.0,10390.0,-0.002205781079919761,0.0013412280127958333,2030
Upstream,sam_mi_dtmb_mi,dtmb_mi,DTMB MI,00-0000,All Occupations,High school diploma or equivalent,Unreported,Moderate-term on-the-job training,HS or less,61880.80539497448,56302.91192682517,56302.91192682517,201806.459,57438.86459823029,205217.0,-1135.9526714051244,-3410.5409999999974,29360.85194181373,29773.4,190620.0,-0.019776725730057752,-0.016619193341682208,2030
Upstream,sam_mi_dtmb_mi,dtmb_mi,DTMB MI,11-0000,Management Occupations,Bachelor's degree,5 years or more,Unreported,BA+,130049.98905078415,4059.739078754865,4059.739078754865,14862.188512451023,4058.4882323257752,14834.253830184914,1.250846429089961,27.93468226610821,3502.960824360812,3480.0,13740.0,0.0003082050156329135,0.001883120147861188,2030
Upstream,sam_mi_dtmb_mi,dtmb_mi,DTMB MI,13-0000,Business and Financial Operations Occupations,Bachelor's degree,Unreported,Unreported,BA+,80956.55772404149,2803.3880805590443,2803.3880805590443,10638.438475214525,2767.594906862896,10490.980658017475,35.79317369614819,147.45781719704974,3344.644048109966,3317.5,8860.0,0.012932952581821379,0.014055675251327312,2030
Upstream,sam_mi_dtmb_mi,dtmb_mi,DTMB MI,15-0000,Computer and Mathematical Occupations,Bachelor's degree,Unreported,Unreported,BA+,105046.45080475851,701.9755151186495,701.9755151186495,2549.8968124546595,709.5661760244429,2574.155480253907,-7.59066090579347,-24.258667799247633,932.3676790219922,922.5,2160.0,-0.010697608147449222,-0.009423932619973223,2030
Upstream,sam_mi_dtmb_mi,dtmb_mi,DTMB MI,17-0000,Architecture and Engineering Occupations,Bachelor's degree,Unreported,Unreported,BA+,96833.99898741893,4389.186052864214,4389.186052864214,17251.90705799454,4252.923646105259,16698.90786962766,136.26240675895497,552.9991883668808,449.11001544972555,438.90000000000003,13950.0,0.03203970211967979,0.03311588953506881,2030
Upstream,sam_mi_dtmb_mi,dtmb_mi,DTMB MI,19-0000,"Life, Physical, and Social Science Occupations",Bachelor's degree,Unreported,Unreported,BA+,76470.5317270121,400.1685509876011,400.1685509876011,1329.750352255002,397.97251705383536,1320.061563368821,2.1960339337657615,9.6887888861811,107.02920063510982,103.5,1020.0,0.005518054236566027,0.0073396492671562496,2030
Upstream,sam_mi_dtmb_mi,dtmb_mi,DTMB MI,27-0000,"Arts, Design, Entertainment, Sports, and Media Occupations",Bachelor's degree,Unreported,Unreported,BA+,80040.7593559066,68.73095518997768,68.73095518997768,323.8859240532404,69.97828311996886,328.19250312919246,-1.2473279299911866,-4.306579075952072,33.74649219319302,34.0,390.0,-0.017824500321804146,-0.01312211289072863,2030
Upstream,sam_mi_dtmb_mi,dtmb_mi,DTMB MI,33-0000,Protective Service Occupations,High school diploma or equivalent,Unreported,Short-term on-the-job training,HS or less,38370.0,23.02971232023381,23.02971232023381,78.7948433989071,23.684178665921536,80.92963633830203,-0.6544663456877267,-2.134792939394927,156.55107723421557,161.0,30.0,-0.027633060657046085,-0.02637838295072854,2030
Upstream,sam_mi_dtmb_mi,dtmb_mi,DTMB MI,37-0000,Building and Grounds Cleaning and Maintenance Occupations,No formal educational credential,Unreported,Short-term on-the-job training,HS or less,35930.0,275.57754471807385,275.57754471807385,1035.9441111460958,277.70827587754525,1040.9097904504256,-2.130731159471395,-4.965679304329797,1742.633998184138,1756.5,1060.0,-0.007672551899068847,-0.00477051839639344,2030
Upstream,sam_mi_dtmb_mi,dtmb_mi,DTMB MI,41-0000,Sales and Related Occupations,High school diploma or equivalent,Unreported,Moderate-term on-the-job training,HS or less,75121.20655226191,1381.2423599138415,1381.2423599138415,5452.541294311494,1416.9132848882791,5583.88762407288,-35.67092497443764,-131.34632976138528,1512.7445378471111,1534.8,4940.0,-0.025175093885332737,-0.023522380571402234,2030
Upstream,sam_mi_dtmb_mi,dtmb_mi,DTMB MI,43-0000,Office and Administrative Support Occupations,High school diploma or equivalent,Unreported,Short-term on-the-job training,HS or less,47147.92632118055,4103.350214915943,4103.350214915943,15132.23555147319,4380.900765020868,16118.051454636445,-277.5505501049247,-985.8159031632549,6475.397632857865,6865.0,16770.0,-0.06335467635355183,-0.06116222583963024,2030
Upstream,sam_mi_dtmb_mi,dtmb_mi,DTMB MI,47-0000,Construction and Extraction Occupations,High school diploma or equivalent,Unreported,Apprenticeship,HS or less,62350.0,276.64950599537536,276.64950599537536,1079.5897804831661,279.0469212228641,1086.86984057029,-2.39741522748875,-7.280060087123957,400.33637821558557,405.0,640.0,-0.008591441242148758,-0.006698189438492512,2030
Upstream,sam_mi_dtmb_mi,dtmb_mi,DTMB MI,49-0000,"Installation, Maintenance, and Repair Occupations",High school diploma or equivalent,Unreported,Long-term on-the-job training,HS or less,61044.511989420964,2721.2734300469397,2721.2734300469397,9260.766820323926,2601.4377095786267,8822.869297677864,119.83572046831296,437.8975226460625,1371.0471367022265,1352.6,8320.0,0.046065189270944946,0.04963209902262918,2030
Upstream,sam_mi_dtmb_mi,dtmb_mi,DTMB MI,51-0000,Production Occupations,High school diploma or equivalent,Unreported,Moderate-term on-the-job training,HS or less,49095.18373586554,31735.359882285047,31735.359882285047,111588.96424333939,32796.10160412717,114896.90709654195,-1060.7417218421251,-3307.942853202563,2911.6623375816957,2950.1000000000004,108350.0,-0.03234353078442219,-0.028790530022040274,2030
Upstream,sam_mi_dtmb_mi,dtmb_mi,DTMB MI,53-0000,Transportation and Material Moving Occupations,No formal educational credential,Unreported,Short-term on-the-job training,HS or less,43069.04607206879,3363.241043155355,3363.241043155355,11221.555221100822,3406.5480973568397,11340.023355129873,-43.30705420148479,-118.46813402905173,6420.620583420097,6452.0,10390.0,-0.01271288499789185,-0.010446903883620347,2030
Upstream,sam_mi_moodys_mi,moodys_mi,Moody's MI,00-0000,All Occupations,High school diploma or equivalent,Unreported,Moderate-term on-the-job training,HS or less,61990.37241414956,53307.346433736064,53307.346433736064,193316.87300000002,57438.86459823029,205217.0,-4131.518164494228,-11900.126999999979,27928.394858606363,29773.4,190620.0,-0.07192896644794614,-0.05798801756189779,2030
Upstream,sam_mi_moodys_mi,moodys_mi,Moody's MI,11-0000,Management Occupations,Bachelor's degree,5 years or more,Unreported,BA+,129994.20071278448,3858.142780038986,3858.142780038986,14260.121452209003,4058.4882323257752,14834.253830184914,-200.34545228678917,-574.1323779759114,3331.7877850824707,3480.0,13740.0,-0.049364551729149234,-0.03870315180987803,2030
Upstream,sam_mi_moodys_mi,moodys_mi,Moody's MI,13-0000,Business and Financial Operations Occupations,Bachelor's degree,Unreported,Unreported,BA+,80986.75600942448,2677.7568379857867,2677.7568379857867,10228.641654517216,2767.594906862896,10490.980658017475,-89.83806887710944,-262.3390035002594,3194.567643660477,3317.5,8860.0,-0.03246070031937659,-0.02500614690389056,2030
Upstream,sam_mi_moodys_mi,moodys_mi,Moody's MI,15-0000,Computer and Mathematical Occupations,Bachelor's degree,Unreported,Unreported,BA+,105281.29220430426,673.3508732705048,673.3508732705048,2453.0319823038176,709.5661760244429,2574.155480253907,-36.21530275393809,-121.12349795008959,898.0513729281902,922.5,2160.0,-0.051038654289928494,-0.04705368377287852,2030
Upstream,sam_mi_moodys_mi,moodys_mi,Moody's MI,17-0000,Architecture and Engineering Occupations,Bachelor's degree,Unreported,Unreported,BA+,96876.6693880915,4204.670000908036,4204.670000908036,16609.097227796712,4252.923646105259,16698.90786962766,-48.253645197222795,-89.81064183094713,430.009306077668,438.90000000000003,13950.0,-0.011345993770993868,-0.005378234464919512,2030
Upstream,sam_mi_moodys_mi,moodys_mi,Moody's MI,19-0000,"Life, Physical, and Social Science Occupations",Bachelor's degree,Unreported,Unreported,BA+,76432.72977242351,377.5370632926928,377.5370632926928,1266.748759094595,397.97251705383536,1320.061563368821,-20.435453761142583,-53.31280427422598,101.51220157421848,103.5,1020.0,-0.051348906985901735,-0.04038660449908923,2030
Upstream,sam_mi_moodys_mi,moodys_mi,Moody's MI,27-0000,"Arts, Design, Entertainment, Sports, and Media Occupations",Bachelor's degree,Unreported,Unreported,BA+,80148.61426687814,66.40998972104941,66.40998972104941,312.3839270872826,69.97828311996886,328.19250312919246,-3.568293398919451,-15.808576041909873,32.34076595488506,34.0,390.0,-0.05099143962709211,-0.04816860803089963,2030
Upstream,sam_mi_moodys_mi,moodys_mi,Moody's MI,33-0000,Protective Service Occupations,High school diploma or equivalent,Unreported,Short-term on-the-job training,HS or less,38370.0,21.7620426633679,21.7620426633679,75.01047802700597,23.684178665921536,80.92963633830203,-1.9221360025536356,-5.919158311296059,147.93372901900906,161.0,30.0,-0.08115696261485057,-0.0731395639361679,2030
Upstream,sam_mi_moodys_mi,moodys_mi,Moody's MI,37-0000,Building and Grounds Cleaning and Maintenance Occupations,No formal educational credential,Unreported,Short-term on-the-job training,HS or less,35930.0,260.5081273716703,260.5081273716703,991.6804239030661,277.70827587754525,1040.9097904504256,-17.20014850587495,-49.22936654735952,1653.201304382142,1756.5,1060.0,-0.06193603143991039,-0.04729455616519549,2030
Upstream,sam_mi_moodys_mi,moodys_mi,Moody's MI,41-0000,Sales and Related Occupations,High school diploma or equivalent,Unreported,Moderate-term on-the-job training,HS or less,75213.60189137195,1323.571211805889,1323.571211805889,5249.781124773494,1416.9132848882791,5583.88762407288,-93.34207308239002,-334.1064992993852,1442.2469858031798,1534.8,4940.0,-0.06587705407091998,-0.05983402994340498,2030
Upstream,sam_mi_moodys_mi,moodys_mi,Moody's MI,43-0000,Office and Administrative Support Occupations,High school diploma or equivalent,Unreported,Short-term on-the-job training,HS or less,47152.9019290112,3898.2757948873564,3898.2757948873564,14518.21630251054,4380.900765020868,16118.051454636445,-482.6249701335114,-1599.8351521259046,6154.588949576879,6865.0,16770.0,-0.11016569331745922,-0.09925735481292954,2030
Upstream,sam_mi_moodys_mi,moodys_mi,Moody's MI,47-0000,Construction and Extraction Occupations,High school diploma or equivalent,Unreported,Apprenticeship,HS or less,62350.0,262.598699603832,262.598699603832,1035.1995256732412,279.0469212228641,1086.86984057029,-16.448221619032097,-51.67031489704891,379.6086342716296,405.0,640.0,-0.05894428631196232,-0.04754048090058056,2030
Upstream,sam_mi_moodys_mi,moodys_mi,Moody's MI,49-0000,"Installation, Maintenance, and Repair Occupations",High school diploma or equivalent,Unreported,Long-term on-the-job training,HS or less,61029.59753845996,2552.8518523843486,2552.8518523843486,8826.93564908707,2601.4377095786267,8822.869297677864,-48.585857194278105,4.066351409206618,1302.2450545765385,1352.6,8320.0,-0.01867654067417509,0.00046088764006476464,2030
Upstream,sam_mi_moodys_mi,moodys_mi,Moody's MI,51-0000,Production Occupations,High school diploma or equivalent,Unreported,Moderate-term on-the-job training,HS or less,49115.290864208466,29967.20847362312,29967.20847362312,106790.31600194382,32796.10160412717,114896.90709654195,-2828.8931305040533,-8106.59109459813,2765.551740207139,2950.1000000000004,108350.0,-0.08625699373208601,-0.07055534652283181,2030
Upstream,sam_mi_moodys_mi,moodys_mi,Moody's MI,53-0000,Transportation and Material Moving Occupations,No formal educational credential,Unreported,Short-term on-the-job training,HS or less,43050.94739384193,3162.7026861794193,3162.7026861794193,10699.708491073126,3406.5480973568397,11340.023355129873,-243.84541117742037,-640.314864056747,6094.749385491938,6452.0,10390.0,-0.07158137921687395,-0.05646503926882024,2030
Upstream,sam_mi_moodys_mi_detail,moodys_mi_detail,Moody's MI (detail),00-0000,All Occupations,High school diploma or equivalent,Unreported,Moderate-term on-the-job training,HS or less,61990.74071612166,53303.3695470119,53303.3695470119,193287.25201707685,57438.86459823029,205217.0,-4135.495051218393,-11929.747982923145,27926.839495810535,29773.4,190620.0,-0.07199820330964218,-0.058132357372552686,2030
Upstream,sam_mi_moodys_mi_detail,moodys_mi_detail,Moody's MI (detail),11-0000,Management Occupations,Bachelor's degree,5 years or more,Unreported,BA+,129994.97199227534,3857.9227870387945,3857.9227870387945,14258.008535767784,4058.4882323257752,14834.253830184914,-200.56544528698078,-576.2452944171309,3331.650803048447,3480.0,13740.0,-0.049418757381007324,-0.03884558677596444,2030
Upstream,sam_mi_moodys_mi_detail,moodys_mi_detail,Moody's MI (detail),13-0000,Business and Financial Operations Occupations,Bachelor's degree,Unreported,Unreported,BA+,80986.71166106386,2677.602371737222,2677.602371737222,10227.08729499933,2767.594906862896,10490.980658017475,-89.9925351256743,-263.89336301814546,3194.405633956605,3317.5,8860.0,-0.032516512768005476,-0.02515430841219514,2030
Upstream,sam_mi_moodys_mi_detail,moodys_mi_detail,Moody's MI (detail),15-0000,Computer and Mathematical Occupations,Bachelor's degree,Unreported,Unreported,BA+,105283.45100106977,673.3803192584309,673.3803192584309,2452.76140759497,709.5661760244429,2574.155480253907,-36.18585676601208,-121.39407265893715,897.9775585132124,922.5,2160.0,-0.050997155711048944,-0.04715879580318248,2030
Upstream,sam_mi_moodys_mi_detail,moodys_mi_detail,Moody's MI (detail),17-0000,Architecture and Engineering Occupations,Bachelor's degree,Unreported,Unreported,BA+,96876.79726339296,4204.460355178996,4204.460355178996,16606.56248485126,4252.923646105259,16698.90786962766,-48.463290926262744,-92.34538477639944,429.98512771503584,438.90000000000003,13950.0,-0.011395288267318046,-0.005530025406293741,2030
Upstream,sam_mi_moodys_mi_detail,moodys_mi_detail,Moody's MI (detail),19-0000,"Life, Physical, and Social Science Occupations",Bachelor's degree,Unreported,Unreported,BA+,76433.09836048803,377.5020316356505,377.5020316356505,1266.5350497498034,397.97251705383536,1320.061563368821,-20.470485418184865,-53.52651361901758,101.50117493834028,103.5,1020.0,-0.05143693230308097,-0.04054849796733491,2030
Upstream,sam_mi_moodys_mi_detail,moodys_mi_detail,Moody's MI (detail),27-0000,"Arts, Design, Entertainment, Sports, and Media Occupations",Bachelor's degree,Unreported,Unreported,BA+,80149.49033875577,66.40236255889542,66.40236255889542,312.32153759715584,69.97828311996886,328.19250312919246,-3.5759205610734455,-15.870965532036621,32.33670792568158,34.0,390.0,-0.05110043290063268,-0.048358708321222806,2030
Upstream,sam_mi_moodys_mi_detail,moodys_mi_detail,Moody's MI (detail),33-0000,Protective Service Occupations,High school diploma or equivalent,Unreported,Short-term on-the-job training,HS or less,38370.0,21.759007276741613,21.759007276741613,74.99551434967344,23.684178665921536,80.92963633830203,-1.9251713891799227,-5.93412198862859,147.91309510749684,161.0,30.0,-0.08128512355592026,-0.07332446131133934,2030
Upstream,sam_mi_moodys_mi_detail,moodys_mi_detail,Moody's MI (detail),37-0000,Building and Grounds Cleaning and Maintenance Occupations,No formal educational credential,Unreported,Short-term on-the-job training,HS or less,35930.0,260.480844441539,260.480844441539,991.5078428124716,277.70827587754525,1040.9097904504256,-17.22743143600627,-49.40194763795398,1653.136609064294,1756.5,1060.0,-0.06203427456948623,-0.04746035448141632,2030
Upstream,sam_mi_moodys_mi_detail,moodys_mi_detail,Moody's MI (detail),41-0000,Sales and Related Occupations,High school diploma or equivalent,Unreported,Moderate-term on-the-job training,HS or less,75214.39290308225,1323.4904279818904,1323.4904279818904,5248.955844140063,1416.9132848882791,5583.88762407288,-93.42285690638869,-334.9317799328164,1442.075898363715,1534.8,4940.0,-0.06593406802149851,-0.05998182672747229,2030
Upstream,sam_mi_moodys_mi_detail,moodys_mi_detail,Moody's MI (detail),43-0000,Office and Administrative Support Occupations,High school diploma or equivalent,Unreported,Short-term on-the-job training,HS or less,47152.85882084975,3897.947034517056,3897.947034517056,14515.902595390864,4380.900765020868,16118.051454636445,-482.9537305038116,-1602.1488592455808,6154.280499000123,6865.0,16770.0,-0.11024073732962338,-0.09940090238294369,2030
Upstream,sam_mi_moodys_mi_detail,moodys_mi_detail,Moody's MI (detail),47-0000,Construction and Extraction Occupations,High school diploma or equivalent,Unreported,Apprenticeship,HS or less,62350.0,262.5866399455803,262.5866399455803,1035.0366231002556,279.0469212228641,1086.86984057029,-16.460281277283798,-51.83321747003447,379.5944480403999,405.0,640.0,-0.058987503625376324,-0.047690363220343965,2030
Upstream,sam_mi_moodys_mi_detail,moodys_mi_detail,Moody's MI (detail),49-0000,"Installation, Maintenance, and Repair Occupations",High school diploma or equivalent,Unreported,Long-term on-the-job training,HS or less,61029.70549427781,2552.683123113495,2552.683123113495,8825.61043779043,2601.4377095786267,8822.869297677864,-48.754586465131524,2.741140112566427,1302.1846228777608,1352.6,8320.0,-0.01874140068225145,0.0003106857894050274,2030
Upstream,sam_mi_moodys_mi_detail,moodys_mi_detail,Moody's MI (detail),51-0000,Production Occupations,High school diploma or equivalent,Unreported,Moderate-term on-the-job training,HS or less,49115.16933046943,29964.711992733286,29964.711992733286,106773.91595069581,32796.10160412717,114896.90709654195,-2831.3896113938863,-8122.991145846143,2765.421636337227,2950.1000000000004,108350.0,-0.0863331150016188,-0.07069808362222328,2030
Upstream,sam_mi_moodys_mi_detail,moodys_mi_detail,Moody's MI (detail),53-0000,Transportation and Material Moving Occupations,No formal educational credential,Unreported,Short-term on-the-job training,HS or less,43050.88057230605,3162.4402495943255,3162.4402495943255,10698.050898236925,3406.5480973568397,11340.023355129873,-244.1078477625142,-641.9724568929487,6094.375680922194,6452.0,10390.0,-0.0716584180777952,-0.05661121117555198,2030
Upstream,sam_mi_moodys_us,moodys_us,Moody's US,00-0000,All Occupations,High school diploma or equivalent,Unreported,Moderate-term on-the-job training,HS or less,61903.53061179995,54176.00746313954,54176.00746313954,195325.23800000004,57438.86459823029,205217.0,-3262.8571350907514,-9891.761999999959,28224.145827969332,29773.4,190620.0,-0.05680573872609733,-0.04820147453670972,2030
Upstream,sam_mi_moodys_us,moodys_us,Moody's US,11-0000,Management Occupations,Bachelor's degree,5 years or more,Unreported,BA+,130000.57739749626,3908.987092865445,3908.987092865445,14375.971019833021,4058.4882323257752,14834.253830184914,-149.50113946033025,-458.2828103518932,3364.7055945088878,3480.0,13740.0,-0.03683665712507351,-0.03089355323146581,2030
Upstream,sam_mi_moodys_us,moodys_us,Moody's US,13-0000,Business and Financial Operations Occupations,Bachelor's degree,Unreported,Unreported,BA+,80966.99617831461,2706.1506267431705,2706.1506267431705,10293.70435473538,2767.594906862896,10490.980658017475,-61.44428011972559,-197.2763032820949,3220.6463005667324,3317.5,8860.0,-0.02220132721279411,-0.018804372032783352,2030
Upstream,sam_mi_moodys_us,moodys_us,Moody's US,15-0000,Computer and Mathematical Occupations,Bachelor's degree,Unreported,Unreported,BA+,105096.38962968336,676.4345535746183,676.4345535746183,2465.3360161300075,709.5661760244429,2574.155480253907,-33.13162244982459,-108.8194641238997,903.0475541543212,922.5,2160.0,-0.046692787183648506,-0.04227385057299106,2030
Upstream,sam_mi_moodys_us,moodys_us,Moody's US,17-0000,Architecture and Engineering Occupations,Bachelor's degree,Unreported,Unreported,BA+,96840.85109423022,4238.30338236585,4238.30338236585,16672.558855969626,4252.923646105259,16698.90786962766,-14.620263739408983,-26.349013658033073,432.78360982631585,438.90000000000003,13950.0,-0.0034376972069079877,-0.001577888438198838,2030
Upstream,sam_mi_moodys_us,moodys_us,Moody's US,19-0000,"Life, Physical, and Social Science Occupations",Bachelor's degree,Unreported,Unreported,BA+,76425.88459500983,387.4477017734992,387.4477017734992,1298.4041129335062,397.97251705383536,1320.061563368821,-10.524815280336156,-21.657450435314786,103.1889634613928,103.5,1020.0,-0.02644608567006254,-0.016406394244253716,2030
Upstream,sam_mi_moodys_us,moodys_us,Moody's US,27-0000,"Arts, Design, Entertainment, Sports, and Media Occupations",Bachelor's degree,Unreported,Unreported,BA+,80009.82446371426,66.95425226494494,66.95425226494494,312.96814331326107,69.97828311996886,328.19250312919246,-3.0240308550239234,-15.224359815931393,32.88142258945852,34.0,390.0,-0.04321384749951077,-0.04638850574212644,2030
Upstream,sam_mi_moodys_us,moodys_us,Moody's US,33-0000,Protective Service Occupations,High school diploma or equivalent,Unreported,Short-term on-the-job training,HS or less,38370.0,22.44408787641653,22.44408787641653,77.28982732514527,23.684178665921536,80.92963633830203,-1.2400907895050075,-3.639809013156764,152.57012704867054,161.0,30.0,-0.0523594593250277,-0.04497498293383694,2030
Upstream,sam_mi_moodys_us,moodys_us,Moody's US,37-0000,Building and Grounds Cleaning and Maintenance Occupations,No formal educational credential,Unreported,Short-term on-the-job training,HS or less,35930.0,265.4605717129047,265.4605717129047,1002.3004197820967,277.70827587754525,1040.9097904504256,-12.247704164640538,-38.60937066832889,1670.962742532326,1756.5,1060.0,-0.04410276980741162,-0.0370919468935168,2030
Upstream,sam_mi_moodys_us,moodys_us,Moody's US,41-0000,Sales and Related Occupations,High school diploma or equivalent,Unreported,Moderate-term on-the-job training,HS or less,75127.41422875246,1335.0061967700092,1335.0061967700092,5272.501327045049,1416.9132848882791,5583.88762407288,-81.90708811826994,-311.38629702783055,1466.4023678867934,1534.8,4940.0,-0.057806704892831996,-0.05576514392685894,2030
Upstream,sam_mi_moodys_us,moodys_us,Moody's US,43-0000,Office and Administrative Support Occupations,High school diploma or equivalent,Unreported,Short-term on-the-job training,HS or less,47149.74374898934,3956.7500965955473,3956.7500965955473,14652.981952627986,4380.900765020868,16118.051454636445,-424.1506684253204,-1465.0695020084586,6217.810065342763,6865.0,16770.0,-0.09681814110283779,-0.09089619214405867,2030
Upstream,sam_mi_moodys_us,moodys_us,Moody's US,47-0000,Construction and Extraction Occupations,High school diploma or equivalent,Unreported,Apprenticeship,HS or less,62350.0,265.9858671751276,265.9858671751276,1041.1126106255244,279.0469212228641,1086.86984057029,-13.06105404773649,-45.75722994476564,383.7572678850472,405.0,640.0,-0.046805942135104674,-0.042100008884924454,2030
Upstream,sam_mi_moodys_us,moodys_us,Moody's US,49-0000,"Installation, Maintenance, and Repair Occupations",High school diploma or equivalent,Unreported,Long-term on-the-job training,HS or less,61029.970056216436,2608.40507602376,2608.40507602376,8958.535929084555,2601.4377095786267,8822.869297677864,6.967366445133393,135.66663140669152,1315.8598029019322,1352.6,8320.0,0.0026782753319363342,0.015376701935548145,2030
Upstream,sam_mi_moodys_us,moodys_us,Moody's US,51-0000,Production Occupations,High school diploma or equivalent,Unreported,Moderate-term on-the-job training,HS or less,49095.73357553123,30502.394757991013,30502.394757991013,108006.76964211915,32796.10160412717,114896.90709654195,-2293.7068461361596,-6890.137454422802,2795.7124027673663,2950.1000000000004,108350.0,-0.06993839919826056,-0.05996799764708526,2030
Upstream,sam_mi_moodys_us,moodys_us,Moody's US,53-0000,Transportation and Material Moving Occupations,No formal educational credential,Unreported,Short-term on-the-job training,HS or less,43068.82896534931,3235.28319940724,3235.28319940724,10894.803788475727,3406.5480973568397,11340.023355129873,-171.2648979495998,-445.21956665414655,6163.817606497327,6452.0,10390.0,-0.05027520324239227,-0.03926090385455362,2030
Upstream + Core/OEM,sam_mi_bls_us,bls_us,BLS US,00-0000,All Occupations,High school diploma or equivalent,Unreported,Moderate-term on-the-job training,HS or less,59403.580261063355,216159.95268255286,216159.95268255286,485388.68100000004,231552.89010365604,498506.0,-15392.937421103183,-13117.31899999996,44559.08336363667,45284.6,474500.0,-0.06647698249074949,-0.026313262026936405,2030
Upstream + Core/OEM,sam_mi_bls_us,bls_us,BLS US,11-0000,Management Occupations,Bachelor's degree,5 years or more,Unreported,BA+,132479.60842428968,12424.778895777807,12424.778895777807,38033.57193171253,13113.812488739022,38169.27649273117,-689.0335929612156,-135.70456101863965,5147.955963571596,5121.200000000001,35740.0,-0.052542583901736925,-0.003555334905142432,2030
Upstream + Core/OEM,sam_mi_bls_us,bls_us,BLS US,13-0000,Business and Financial Operations Occupations,Bachelor's degree,Unreported,Unreported,BA+,82172.79513805789,8553.562995998524,8553.562995998524,28580.292935596808,8837.20108049529,28332.867009180543,-283.63808449676617,247.4259264162647,4915.393656123794,4888.6,26150.0,-0.0320959183697639,0.008732823485039218,2030
Upstream + Core/OEM,sam_mi_bls_us,bls_us,BLS US,15-0000,Computer and Mathematical Occupations,Bachelor's degree,Unreported,Unreported,BA+,115232.07338332671,3135.912651418369,3135.912651418369,17127.553580988268,3245.428716637993,16340.153716538141,-109.51606521962412,787.3998644501262,1591.0596676994949,1564.0999999999997,11450.0,-0.033744714421912826,0.048188032873472036,2030
Upstream + Core/OEM,sam_mi_bls_us,bls_us,BLS US,17-0000,Architecture and Engineering Occupations,Bachelor's degree,Unreported,Unreported,BA+,96473.24334966949,17403.983866908835,17403.983866908835,79430.20204925035,18018.791211703156,78154.1275359791,-614.8073447943207,1276.0745132712473,725.2499336544366,714.5000000000001,77330.0,-0.034120343455392554,0.01632766628587585,2030
Upstream + Core/OEM,sam_mi_bls_us,bls_us,BLS US,19-0000,"Life, Physical, and Social Science Occupations",Bachelor's degree,Unreported,Unreported,BA+,78577.01880278469,744.9135786425804,744.9135786425804,7399.979535851108,762.7255986204323,7174.027523767474,-17.812019977851833,225.95201208363414,228.1638726013886,224.29999999999998,6470.0,-0.02335311678284961,0.031495838472191194,2030
Upstream + Core/OEM,sam_mi_bls_us,bls_us,BLS US,23-0000,Legal Occupations,Doctoral or professional degree,Unreported,Unreported,BA+,150064.95174245312,41.020336406061,41.020336406061,299.0043646056024,41.83197885494993,293.54191686134544,-0.8116424488889322,5.462447744256963,102.20320059288733,102.3,240.0,-0.01940243973882415,0.018608748633460584,2030
Upstream + Core/OEM,sam_mi_bls_us,bls_us,BLS US,27-0000,"Arts, Design, Entertainment, Sports, and Media Occupations",Bachelor's degree,Unreported,Unreported,BA+,77610.09103980969,272.40281580322187,272.40281580322187,3731.5159470822796,275.4924766852247,3660.718618850997,-3.0896608820028177,70.79732823128279,155.04373100732664,153.6,4380.0,-0.011215046302455067,0.019339735063686542,2030
Upstream + Core/OEM,sam_mi_bls_us,bls_us,BLS US,29-0000,Healthcare Practitioners and Technical Occupations,Bachelor's degree,Unreported,Unreported,BA+,91327.11914402216,94.98239145322437,94.98239145322437,986.8365003532739,96.67896119015307,958.301441289023,-1.6965697369287085,28.535059064250845,417.1944990730899,415.0,430.0,-0.017548489516677878,0.029776704734856694,2030
Upstream + Core/OEM,sam_mi_bls_us,bls_us,BLS US,33-0000,Protective Service Occupations,High school diploma or equivalent,Unreported,Short-term on-the-job training,HS or less,38370.0,130.25575235160414,130.25575235160414,244.0902305891454,153.05695623407962,268.38932267716405,-22.801203882475477,-24.299092088018654,449.9417065466588,483.0,140.0,-0.1489720195899111,-0.09053673166144231,2030
Upstream + Core/OEM,sam_mi_bls_us,bls_us,BLS US,37-0000,Building and Grounds Cleaning and Maintenance Occupations,No formal educational credential,Unreported,Short-term on-the-job training,HS or less,35933.170570756076,689.5752230596826,689.5752230596826,1785.258699028465,736.4755628117533,1819.1550756235408,-46.90033975207075,-33.896376595075935,2592.5548549349296,2617.2999999999997,1570.0,-0.06368213980245628,-0.018633033021364317,2030
Upstream + Core/OEM,sam_mi_bls_us,bls_us,BLS US,41-0000,Sales and Related Occupations,High school diploma or equivalent,Unreported,Moderate-term on-the-job training,HS or less,75853.9777617787,2432.526970352009,2432.526970352009,10074.466702241,2567.5214824017053,10248.753802214262,-134.99451204969637,-174.28709997326223,2678.174861084166,2682.3,9220.0,-0.052577753672160166,-0.017005687065641793,2030
Upstream + Core/OEM,sam_mi_bls_us,bls_us,BLS US,43-0000,Office and Administrative Support Occupations,High school diploma or equivalent,Unreported,Short-term on-the-job training,HS or less,48388.244580972125,9051.239325256061,9051.239325256061,26781.619452845312,10080.619470788393,28652.663092424213,-1029.3801455323319,-1871.0436395789002,9109.35671910722,9674.400000000001,28430.0,-0.10211477067607486,-0.06530086343260727,2030
Upstream + Core/OEM,sam_mi_bls_us,bls_us,BLS US,47-0000,Construction and Extraction Occupations,High school diploma or equivalent,Unreported,Apprenticeship,HS or less,62418.30347833126,4521.24621476426,4521.24621476426,6746.802216052814,4702.598025324386,6923.869058092416,-181.35181056012607,-177.0668420396014,953.82289040084,960.0,6340.0,-0.038564174437940905,-0.025573395532755033,2030
Upstream + Core/OEM,sam_mi_bls_us,bls_us,BLS US,49-0000,"Installation, Maintenance, and Repair Occupations",High school diploma or equivalent,Unreported,Long-term on-the-job training,HS or less,62214.50753012058,11035.419554837526,11035.419554837526,19266.004636032194,11170.156287278078,18979.296715110017,-134.73673244055135,286.70792092217744,2238.8934395768633,2231.1000000000004,19550.0,-0.012062206559634784,0.015106351158624345,2030
Upstream + Core/OEM,sam_mi_bls_us,bls_us,BLS US,51-0000,Production Occupations,High school diploma or equivalent,Unreported,Moderate-term on-the-job training,HS or less,46555.28078466723,134636.60719556973,134636.60719556973,224796.3319292164,145808.91261468382,237523.10150865113,-11172.305419114098,-12726.769579434738,4078.807101851488,4161.800000000001,227490.0,-0.07662292529838798,-0.05358118641344535,2030
Upstream + Core/OEM,sam_mi_bls_us,bls_us,BLS US,53-0000,Transportation and Material Moving Occupations,No formal educational credential,Unreported,Short-term on-the-job training,HS or less,42561.00802477102,10991.52491395335,10991.52491395335,20105.15028855451,11941.587191207613,21007.75717000947,-950.0622772542629,-902.6068814549617,9175.267265810497,9291.099999999999,19570.0,-0.07955912912094111,-0.04296540911770996,2030
Upstream + Core/OEM,sam_mi_dtmb_mi,dtmb_mi,DTMB MI,00-0000,All Occupations,High school diploma or equivalent,Unreported,Moderate-term on-the-job training,HS or less,59345.27244378056,225103.34478202913,225103.34478202913,493556.1209999999,231552.89010365604,498506.0,-6449.545321626909,-4949.879000000074,44919.66569269642,45284.6,474500.0,-0.027853443413035056,-0.009929427128259387,2030
Upstream + Core/OEM,sam_mi_dtmb_mi,dtmb_mi,DTMB MI,11-0000,Management Occupations,Bachelor's degree,5 years or more,Unreported,BA+,132526.28594422416,12872.999512178278,12872.999512178278,38445.87154694294,13113.812488739022,38169.27649273117,-240.81297656074457,276.59505421176436,5184.663292486428,5121.200000000001,35740.0,-0.01836330790664678,0.007246536471930197,2030
Upstream + Core/OEM,sam_mi_dtmb_mi,dtmb_mi,DTMB MI,13-0000,Business and Financial Operations Occupations,Bachelor's degree,Unreported,Unreported,BA+,82197.43072771365,8853.148000633493,8853.148000633493,28857.300961146047,8837.20108049529,28332.867009180543,15.946920138203495,524.4339519655041,4945.931758642415,4888.6,26150.0,0.0018045215892393991,0.018509738241300276,2030
Upstream + Core/OEM,sam_mi_dtmb_mi,dtmb_mi,DTMB MI,15-0000,Computer and Mathematical Occupations,Bachelor's degree,Unreported,Unreported,BA+,115351.18416450344,3263.6588618884657,3263.6588618884657,17274.322169865183,3245.428716637993,16340.153716538141,18.23014525047256,934.1684533270418,1604.3379883678895,1564.0999999999997,11450.0,0.005617176293848026,0.05717011415758925,2030
Upstream + Core/OEM,sam_mi_dtmb_mi,dtmb_mi,DTMB MI,17-0000,Architecture and Engineering Occupations,Bachelor's degree,Unreported,Unreported,BA+,96462.62852098932,18101.67228449608,18101.67228449608,80196.66128788318,18018.791211703156,78154.1275359791,82.88107279292308,2042.5337519040768,730.9483884569651,714.5000000000001,77330.0,0.004599702156440552,0.026134688164278646,2030
Upstream + Core/OEM,sam_mi_dtmb_mi,dtmb_mi,DTMB MI,19-0000,"Life, Physical, and Social Science Occupations",Bachelor's degree,Unreported,Unreported,BA+,78666.33624511251,755.0169474447391,755.0169474447391,7408.814977113157,762.7255986204323,7174.027523767474,-7.708651175693149,234.78745334568248,230.94572859175383,224.29999999999998,6470.0,-0.010106716215682349,0.03272742578249585,2030
Upstream + Core/OEM,sam_mi_dtmb_mi,dtmb_mi,DTMB MI,23-0000,Legal Occupations,Doctoral or professional degree,Unreported,Unreported,BA+,150098.84214831638,43.38870987834272,43.38870987834272,302.1668238433642,41.83197885494993,293.54191686134544,1.5567310233927927,8.624906982018786,105.82512524009564,102.3,240.0,0.03721389869675234,0.02938219888402773,2030
Upstream + Core/OEM,sam_mi_dtmb_mi,dtmb_mi,DTMB MI,27-0000,"Arts, Design, Entertainment, Sports, and Media Occupations",Bachelor's degree,Unreported,Unreported,BA+,77578.97035525946,282.03395473681627,282.03395473681627,3749.432972913338,275.4924766852247,3660.718618850997,6.541478051591582,88.71435406234104,158.27424660688868,153.6,4380.0,0.023744670381927773,0.024234136326540756,2030
Upstream + Core/OEM,sam_mi_dtmb_mi,dtmb_mi,DTMB MI,29-0000,Healthcare Practitioners and Technical Occupations,Bachelor's degree,Unreported,Unreported,BA+,91395.53222793827,100.3784000850855,100.3784000850855,994.9776737060095,96.67896119015307,958.301441289023,3.6994388949324275,36.67623241698641,434.0286366782975,415.0,430.0,0.03826519078598894,0.038272124862561784,2030
Upstream + Core/OEM,sam_mi_dtmb_mi,dtmb_mi,DTMB MI,33-0000,Protective Service Occupations,High school diploma or equivalent,Unreported,Short-term on-the-job training,HS or less,38370.0,135.9493844818707,135.9493844818707,248.5506626083949,153.05695623407962,268.38932267716405,-17.107571752208912,-19.838660068769144,457.3819512445316,483.0,140.0,-0.11177258566441911,-0.07391747134677322,2030
Upstream + Core/OEM,sam_mi_dtmb_mi,dtmb_mi,DTMB MI,37-0000,Building and Grounds Cleaning and Maintenance Occupations,No formal educational credential,Unreported,Short-term on-the-job training,HS or less,35933.15005006185,711.4197129253533,711.4197129253533,1802.4720688985258,736.4755628117533,1819.1550756235408,-25.055849886399983,-16.683006725015048,2614.0330899854225,2617.2999999999997,1570.0,-0.034021291610464986,-0.009170744676232022,2030
Upstream + Core/OEM,sam_mi_dtmb_mi,dtmb_mi,DTMB MI,41-0000,Sales and Related Occupations,High school diploma or equivalent,Unreported,Moderate-term on-the-job training,HS or less,75856.35469005768,2473.429483159441,2473.429483159441,10098.738499659003,2567.5214824017053,10248.753802214262,-94.09199924226414,-150.01530255525904,2686.885131698119,2682.3,9220.0,-0.03664701537540742,-0.014637418895051218,2030
Upstream + Core/OEM,sam_mi_dtmb_mi,dtmb_mi,DTMB MI,43-0000,Office and Administrative Support Occupations,High school diploma or equivalent,Unreported,Short-term on-the-job training,HS or less,48428.721960224524,9297.158381828729,9297.158381828729,26959.85027590161,10080.619470788393,28652.663092424213,-783.4610889596643,-1692.8128165226044,9170.320619216036,9674.400000000001,28430.0,-0.07771953809286987,-0.05908047049805243,2030
Upstream + Core/OEM,sam_mi_dtmb_mi,dtmb_mi,DTMB MI,47-0000,Construction and Extraction Occupations,High school diploma or equivalent,Unreported,Apprenticeship,HS or less,62418.00621369709,4770.843591338311,4770.843591338311,6996.419399639584,4702.598025324386,6923.869058092416,68.24556601392487,72.5503415471685,972.1661933012442,960.0,6340.0,0.01451231120465953,0.010478294857753525,2030
Upstream + Core/OEM,sam_mi_dtmb_mi,dtmb_mi,DTMB MI,49-0000,"Installation, Maintenance, and Repair Occupations",High school diploma or equivalent,Unreported,Long-term on-the-job training,HS or less,62235.47962993896,11510.699490305724,11510.699490305724,19688.7067605161,11170.156287278078,18979.296715110017,340.5432030276461,709.4100454060826,2265.9285676622208,2231.1000000000004,19550.0,0.030486878989821994,0.03737809972912742,2030
Upstream + Core/OEM,sam_mi_dtmb_mi,dtmb_mi,DTMB MI,51-0000,Production Occupations,High school diploma or equivalent,Unreported,Moderate-term on-the-job training,HS or less,46521.13738870935,140523.53698181588,140523.53698181588,230104.52058842088,145808.91261468382,237523.10150865113,-5285.375632867945,-7418.580920230248,4106.620840085237,4161.800000000001,227490.0,-0.036248645834395146,-0.031233092162869246,2030
Upstream + Core/OEM,sam_mi_dtmb_mi,dtmb_mi,DTMB MI,53-0000,Transportation and Material Moving Occupations,No formal educational credential,Unreported,Short-term on-the-job training,HS or less,42549.89228716814,11408.011084832517,11408.011084832517,20427.314330942634,11941.587191207613,21007.75717000947,-533.5761063750961,-580.4428390668363,9251.374134432868,9291.099999999999,19570.0,-0.04468217648387302,-0.02762992900048714,2030
Upstream + Core/OEM,sam_mi_moodys_mi,moodys_mi,Moody's MI,00-0000,All Occupations,High school diploma or equivalent,Unreported,Moderate-term on-the-job training,HS or less,59297.92413996556,229328.2000569293,229328.2000569293,492920.54999999993,231552.89010365604,498506.0,-2224.690046726755,-5585.45000000007,43481.47526578637,45284.6,474500.0,-0.009607697169017666,-0.011204378683506457,2030
Upstream + Core/OEM,sam_mi_moodys_mi,moodys_mi,Moody's MI,11-0000,Management Occupations,Bachelor's degree,5 years or more,Unreported,BA+,132571.73434078658,13042.749610891162,13042.749610891162,38291.267299250736,13113.812488739022,38169.27649273117,-71.06287784786036,121.9908065195632,5014.554348763053,5121.200000000001,35740.0,-0.005418933503043669,0.003196047128186847,2030
Upstream + Core/OEM,sam_mi_moodys_mi,moodys_mi,Moody's MI,13-0000,Business and Financial Operations Occupations,Bachelor's degree,Unreported,Unreported,BA+,82236.23157038161,8981.052131631948,8981.052131631948,28763.750547250238,8837.20108049529,28332.867009180543,143.8510511366585,430.8835380696946,4801.812352171724,4888.6,26150.0,0.016277897246692073,0.015207904584102901,2030
Upstream + Core/OEM,sam_mi_moodys_mi,moodys_mi,Moody's MI,15-0000,Computer and Mathematical Occupations,Bachelor's degree,Unreported,Unreported,BA+,115567.72528391964,3337.6559869647103,3337.6559869647103,17342.757362020897,3245.428716637993,16340.153716538141,92.22727032671719,1002.6036454827554,1571.1991700844867,1564.0999999999997,11450.0,0.02841759236735211,0.06135827501230931,2030
Upstream + Core/OEM,sam_mi_moodys_mi,moodys_mi,Moody's MI,17-0000,Architecture and Engineering Occupations,Bachelor's degree,Unreported,Unreported,BA+,96462.02118578933,18477.202747227664,18477.202747227664,80367.60660681906,18018.791211703156,78154.1275359791,458.4115355245085,2213.4790708399523,709.8458996185343,714.5000000000001,77330.0,0.025440748501862405,0.028321972755961648,2030
Upstream + Core/OEM,sam_mi_moodys_mi,moodys_mi,Moody's MI,19-0000,"Life, Physical, and Social Science Occupations",Bachelor's degree,Unreported,Unreported,BA+,78722.71574160206,743.8727830437708,743.8727830437708,7386.799309314594,762.7255986204323,7174.027523767474,-18.852815576661442,212.7717855471201,223.03668259011098,224.29999999999998,6470.0,-0.024717690884849243,0.029658624091169084,2030
Upstream + Core/OEM,sam_mi_moodys_mi,moodys_mi,Moody's MI,23-0000,Legal Occupations,Doctoral or professional degree,Unreported,Unreported,BA+,150172.94572940518,45.091235458423355,45.091235458423355,305.20291061385944,41.83197885494993,293.54191686134544,3.2592566034734247,11.660993752514003,104.79901300753842,102.3,240.0,0.07791303908368084,0.03972514003177977,2030
Upstream + Core/OEM,sam_mi_moodys_mi,moodys_mi,Moody's MI,27-0000,"Arts, Design, Entertainment, Sports, and Media Occupations",Bachelor's degree,Unreported,Unreported,BA+,77589.96114626805,286.7725486029478,286.7725486029478,3761.544191743833,275.4924766852247,3660.718618850997,11.280071917723092,100.82557289283613,155.1077982780405,153.6,4380.0,0.04094511782480218,0.027542562920195877,2030
Upstream + Core/OEM,sam_mi_moodys_mi,moodys_mi,Moody's MI,29-0000,Healthcare Practitioners and Technical Occupations,Bachelor's degree,Unreported,Unreported,BA+,91545.54034735908,104.11728733973047,104.11728733973047,1003.3266991751835,96.67896119015307,958.301441289023,7.438326149577392,45.02525788616049,434.57744484134895,415.0,430.0,0.07693841615599609,0.04698444137326608,2030
Upstream + Core/OEM,sam_mi_moodys_mi,moodys_mi,Moody's MI,33-0000,Protective Service Occupations,High school diploma or equivalent,Unreported,Short-term on-the-job training,HS or less,38370.0,139.52900329427686,139.52900329427686,249.90647940822925,153.05695623407962,268.38932267716405,-13.52795293980276,-18.4828432689348,449.4950687659952,483.0,140.0,-0.08838509057447615,-0.0688657919941441,2030
Upstream + Core/OEM,sam_mi_moodys_mi,moodys_mi,Moody's MI,37-0000,Building and Grounds Cleaning and Maintenance Occupations,No formal educational credential,Unreported,Short-term on-the-job training,HS or less,35933.02986434398,714.9844627993758,714.9844627993758,1778.5466718730413,736.4755628117533,1819.1550756235408,-21.4911000123775,-40.60840375049952,2521.101371955536,2617.2999999999997,1570.0,-0.029181008980566445,-0.022322672923626604,2030
Upstream + Core/OEM,sam_mi_moodys_mi,moodys_mi,Moody's MI,41-0000,Sales and Related Occupations,High school diploma or equivalent,Unreported,Moderate-term on-the-job training,HS or less,75941.96102482117,2460.61358510596,2460.61358510596,9959.148459448743,2567.5214824017053,10248.753802214262,-106.90789729574544,-289.6053427655188,2589.8072436681036,2682.3,9220.0,-0.04163855999979478,-0.02825761535055599,2030
Upstream + Core/OEM,sam_mi_moodys_mi,moodys_mi,Moody's MI,43-0000,Office and Administrative Support Occupations,High school diploma or equivalent,Unreported,Short-term on-the-job training,HS or less,48484.02587012291,9312.32328805222,9312.32328805222,26600.25634687602,10080.619470788393,28652.663092424213,-768.2961827361742,-2052.4067455481927,8852.8370814622,9674.400000000001,28430.0,-0.07621517556163507,-0.0716305754521942,2030
Upstream + Core/OEM,sam_mi_moodys_mi,moodys_mi,Moody's MI,47-0000,Construction and Extraction Occupations,High school diploma or equivalent,Unreported,Apprenticeship,HS or less,62417.10306928788,4950.28139750481,4950.28139750481,7152.8490247307145,4702.598025324386,6923.869058092416,247.68337218042416,228.97996663829872,948.5435696747802,960.0,6340.0,0.05266947564869504,0.033071100091165595,2030
Upstream + Core/OEM,sam_mi_moodys_mi,moodys_mi,Moody's MI,49-0000,"Installation, Maintenance, and Repair Occupations",High school diploma or equivalent,Unreported,Long-term on-the-job training,HS or less,62261.76654764292,11721.461663895088,11721.461663895088,19642.50309370165,11170.156287278078,18979.296715110017,551.3053766170106,663.2063785916325,2201.310225900969,2231.1000000000004,19550.0,0.04935520707484672,0.03494367512910176,2030
Upstream + Core/OEM,sam_mi_moodys_mi,moodys_mi,Moody's MI,51-0000,Production Occupations,High school diploma or equivalent,Unreported,Moderate-term on-the-job training,HS or less,46468.86617151101,143455.73223226645,143455.73223226645,230056.34710718758,145808.91261468382,237523.10150865113,-2353.1803824173694,-7466.75440146355,3967.3183850346886,4161.800000000001,227490.0,-0.016138796594937298,-0.03143590814551398,2030
Upstream + Core/OEM,sam_mi_moodys_mi,moodys_mi,Moody's MI,53-0000,Transportation and Material Moving Occupations,No formal educational credential,Unreported,Short-term on-the-job training,HS or less,42529.40377863519,11554.760092850682,11554.760092850682,20258.737890585624,11941.587191207613,21007.75717000947,-386.82709835693095,-749.0192794238465,8936.129609969259,9291.099999999999,19570.0,-0.032393273370037876,-0.03565441438427998,2030
Upstream + Core/OEM,sam_mi_moodys_mi_detail,moodys_mi_detail,Moody's MI (detail),00-0000,All Occupations,High school diploma or equivalent,Unreported,Moderate-term on-the-job training,HS or less,59297.842875711474,229356.2461502805,229356.2461502805,492951.0233251758,231552.89010365604,498506.0,-2196.6439533755474,-5554.976674824196,43482.42443614932,45284.6,474500.0,-0.009486575410016289,-0.011143249378792224,2030
Upstream + Core/OEM,sam_mi_moodys_mi_detail,moodys_mi_detail,Moody's MI (detail),11-0000,Management Occupations,Bachelor's degree,5 years or more,Unreported,BA+,132572.1401291278,13044.19781705242,13044.19781705242,38294.194912003164,13113.812488739022,38169.27649273117,-69.61467168660238,124.9184192719913,5014.689195264803,5121.200000000001,35740.0,-0.005308499854362054,0.0032727478943904093,2030
Upstream + Core/OEM,sam_mi_moodys_mi_detail,moodys_mi_detail,Moody's MI (detail),13-0000,Business and Financial Operations Occupations,Bachelor's degree,Unreported,Unreported,BA+,82236.30561699222,8982.041868033997,8982.041868033997,28766.118796333583,8837.20108049529,28332.867009180543,144.84078753870745,433.2517871530399,4801.912465827002,4888.6,26150.0,0.01638989383849006,0.01529149122157866,2030
Upstream + Core/OEM,sam_mi_moodys_mi_detail,moodys_mi_detail,Moody's MI (detail),15-0000,Computer and Mathematical Occupations,Bachelor's degree,Unreported,Unreported,BA+,115568.44195367182,3338.166775695461,3338.166775695461,17345.745083786278,3245.428716637993,16340.153716538141,92.73805905746804,1005.5913672481365,1571.2344733051816,1564.0999999999997,11450.0,0.02857497950333579,0.06154112040147828,2030
Upstream + Core/OEM,sam_mi_moodys_mi_detail,moodys_mi_detail,Moody's MI (detail),17-0000,Architecture and Engineering Occupations,Bachelor's degree,Unreported,Unreported,BA+,96462.02703886655,18479.576831419254,18479.576831419254,80378.89612904553,18018.791211703156,78154.1275359791,460.78561971609815,2224.76859306643,709.8658251621316,714.5000000000001,77330.0,0.02557250452054848,0.0284664247840555,2030
Upstream + Core/OEM,sam_mi_moodys_mi_detail,moodys_mi_detail,Moody's MI (detail),19-0000,"Life, Physical, and Social Science Occupations",Bachelor's degree,Unreported,Unreported,BA+,78723.2019732592,743.9026106581075,743.9026106581075,7387.957391806296,762.7255986204323,7174.027523767474,-18.82298796232476,213.92986803882195,223.0440401546943,224.29999999999998,6470.0,-0.024678584272470386,0.02982005119579966,2030
Upstream + Core/OEM,sam_mi_moodys_mi_detail,moodys_mi_detail,Moody's MI (detail),23-0000,Legal Occupations,Doctoral or professional degree,Unreported,Unreported,BA+,150172.98172274765,45.09936450010895,45.09936450010895,305.27012294848595,41.83197885494993,293.54191686134544,3.267385645159017,11.728206087140506,104.81539038580036,102.3,240.0,0.07810736509713048,0.03995411017459672,2030
Upstream + Core/OEM,sam_mi_moodys_mi_detail,moodys_mi_detail,Moody's MI (detail),27-0000,"Arts, Design, Entertainment, Sports, and Media Occupations",Bachelor's degree,Unreported,Unreported,BA+,77590.00328123796,286.80401186329357,286.80401186329357,3762.2543007425047,275.4924766852247,3660.718618850997,11.31153517806888,101.53568189150792,155.122643505084,153.6,4380.0,0.04105932515534114,0.02773654368534266,2030
Upstream + Core/OEM,sam_mi_moodys_mi_detail,moodys_mi_detail,Moody's MI (detail),29-0000,Healthcare Practitioners and Technical Occupations,Bachelor's degree,Unreported,Unreported,BA+,91545.61334872335,104.13596050116989,104.13596050116989,1003.5496240414454,96.67896119015307,958.301441289023,7.456999311016816,45.248182752422395,434.64778337733065,415.0,430.0,0.07713156222634635,0.047217066366464513,2030
Upstream + Core/OEM,sam_mi_moodys_mi_detail,moodys_mi_detail,Moody's MI (detail),33-0000,Protective Service Occupations,High school diploma or equivalent,Unreported,Short-term on-the-job training,HS or less,38370.0,139.5474012291971,139.5474012291971,249.92592567814862,153.05695623407962,268.38932267716405,-13.509555004882515,-18.46339699901543,449.52342058800843,483.0,140.0,-0.0882648873810185,-0.06879333654127662,2030
Upstream + Core/OEM,sam_mi_moodys_mi_detail,moodys_mi_detail,Moody's MI (detail),37-0000,Building and Grounds Cleaning and Maintenance Occupations,No formal educational credential,Unreported,Short-term on-the-job training,HS or less,35933.0300653041,715.03985714764,715.03985714764,1778.5322690569496,736.4755628117533,1819.1550756235408,-21.435705664113357,-40.62280656659118,2521.174830720015,2617.2999999999997,1570.0,-0.029105793520527747,-0.022330590234407116,2030
Upstream + Core/OEM,sam_mi_moodys_mi_detail,moodys_mi_detail,Moody's MI (detail),41-0000,Sales and Related Occupations,High school diploma or equivalent,Unreported,Moderate-term on-the-job training,HS or less,75942.48217648074,2460.7387582561073,2460.7387582561073,9959.340574653348,2567.5214824017053,10248.753802214262,-106.78272414559797,-289.4132275609136,2589.80774342545,2682.3,9220.0,-0.041589807476785555,-0.028238870124715584,2030
Upstream + Core/OEM,sam_mi_moodys_mi_detail,moodys_mi_detail,Moody's MI (detail),43-0000,Office and Administrative Support Occupations,High school diploma or equivalent,Unreported,Short-term on-the-job training,HS or less,48484.1566145372,9312.97855801963,9312.97855801963,26600.441277068134,10080.619470788393,28652.663092424213,-767.6409127687639,-2052.221815356079,8852.965314283821,9674.400000000001,28430.0,-0.0761501726152081,-0.07162412124612208,2030
Upstream + Core/OEM,sam_mi_moodys_mi_detail,moodys_mi_detail,Moody's MI (detail),47-0000,Construction and Extraction Occupations,High school diploma or equivalent,Unreported,Apprenticeship,HS or less,62417.10327100316,4951.122759972239,4951.122759972239,7153.864355337577,4702.598025324386,6923.869058092416,248.5247346478527,229.99529724516105,948.6196441464772,960.0,6340.0,0.05284839004088797,0.03321774217788669,2030
Upstream + Core/OEM,sam_mi_moodys_mi_detail,moodys_mi_detail,Moody's MI (detail),49-0000,"Installation, Maintenance, and Repair Occupations",High school diploma or equivalent,Unreported,Long-term on-the-job training,HS or less,62261.85688985931,11722.962511605683,11722.962511605683,19643.221559012083,11170.156287278078,18979.296715110017,552.8062243276054,663.9248439020666,2201.396851414095,2231.1000000000004,19550.0,0.04948956935877503,0.0349815303416114,2030
Upstream + Core/OEM,sam_mi_moodys_mi_detail,moodys_mi_detail,Moody's MI (detail),51-0000,Production Occupations,High school diploma or equivalent,Unreported,Moderate-term on-the-job training,HS or less,46468.69399986981,143473.90512828718,143473.90512828718,230062.83735327,145808.91261468382,237523.10150865113,-2335.007486396644,-7460.264155381126,3967.385464104849,4161.800000000001,227490.0,-0.01601416157986967,-0.03140858345144759,2030
Upstream + Core/OEM,sam_mi_moodys_mi_detail,moodys_mi_detail,Moody's MI (detail),53-0000,Transportation and Material Moving Occupations,No formal educational credential,Unreported,Short-term on-the-job training,HS or less,42529.34765325612,11556.02593603894,11556.02593603894,20258.87365039221,11941.587191207613,21007.75717000947,-385.5612551686736,-748.8835196172622,8936.219350484573,9291.099999999999,19570.0,-0.03228727044362711,-0.035647952018712556,2030
Upstream + Core/OEM,sam_mi_moodys_us,moodys_us,Moody's US,00-0000,All Occupations,High school diploma or equivalent,Unreported,Moderate-term on-the-job training,HS or less,59261.41332250197,237695.01234572742,237695.01234572742,507490.31900000013,231552.89010365604,498506.0,6142.122242071375,8984.319000000134,44395.293596646035,45284.6,474500.0,0.026525785272305678,0.018022489197723066,2030
Upstream + Core/OEM,sam_mi_moodys_us,moodys_us,Moody's US,11-0000,Management Occupations,Bachelor's degree,5 years or more,Unreported,BA+,132594.68497476185,13484.467000039303,13484.467000039303,39406.260391372096,13113.812488739022,38169.27649273117,370.65451130028123,1236.9838986409231,5114.460345071484,5121.200000000001,35740.0,0.028264435809080418,0.03240784244041121,2030
Upstream + Core/OEM,sam_mi_moodys_us,moodys_us,Moody's US,13-0000,Business and Financial Operations Occupations,Bachelor's degree,Unreported,Unreported,BA+,82241.74280119728,9277.60696834324,9277.60696834324,29598.118079290354,8837.20108049529,28332.867009180543,440.40588784795,1265.2510701098108,4892.214061054714,4888.6,26150.0,0.04983544946374209,0.04465665510305888,2030
Upstream + Core/OEM,sam_mi_moodys_us,moodys_us,Moody's US,15-0000,Computer and Mathematical Occupations,Bachelor's degree,Unreported,Unreported,BA+,115607.02162497166,3453.7733335814137,3453.7733335814137,17968.976907837015,3245.428716637993,16340.153716538141,208.34461694342053,1628.823191298874,1603.0441958433819,1564.0999999999997,11450.0,0.06419633125057482,0.0996822440935984,2030
Upstream + Core/OEM,sam_mi_moodys_us,moodys_us,Moody's US,17-0000,Architecture and Engineering Occupations,Bachelor's degree,Unreported,Unreported,BA+,96450.74319280333,19117.063095705165,19117.063095705165,83064.7614789642,18018.791211703156,78154.1275359791,1098.2718840020098,4910.633942985092,723.6095488859387,714.5000000000001,77330.0,0.06095147399725045,0.0628326884043895,2030
Upstream + Core/OEM,sam_mi_moodys_us,moodys_us,Moody's US,19-0000,"Life, Physical, and Social Science Occupations",Bachelor's degree,Unreported,Unreported,BA+,78734.98489921226,769.144112247657,769.144112247657,7669.5480519005405,762.7255986204323,7174.027523767474,6.418513627224684,495.52052813306636,229.38060132587142,224.29999999999998,6470.0,0.00841523299969749,0.06907145623450876,2030
Upstream + Core/OEM,sam_mi_moodys_us,moodys_us,Moody's US,23-0000,Legal Occupations,Doctoral or professional degree,Unreported,Unreported,BA+,150177.6708171067,47.00187310638691,47.00187310638691,317.770459279939,41.83197885494993,293.54191686134544,5.169894251436979,24.228542418593577,108.89543622733333,102.3,240.0,0.12358713101675875,0.08253861212617866,2030
Upstream + Core/OEM,sam_mi_moodys_us,moodys_us,Moody's US,27-0000,"Arts, Design, Entertainment, Sports, and Media Occupations",Bachelor's degree,Unreported,Unreported,BA+,77540.91814094005,296.56708525547845,296.56708525547845,3903.664208383161,275.4924766852247,3660.718618850997,21.07460857025376,242.94558953216438,160.4086290060577,153.6,4380.0,0.07649794587433842,0.06636554590159092,2030
Upstream + Core/OEM,sam_mi_moodys_us,moodys_us,Moody's US,29-0000,Healthcare Practitioners and Technical Occupations,Bachelor's degree,Unreported,Unreported,BA+,91555.124890677,108.5157353579314,108.5157353579314,1044.5662258679824,96.67896119015307,958.301441289023,11.83677416777833,86.2647845789594,451.89618900854487,415.0,430.0,0.12243381623119805,0.09001842307877944,2030
Upstream + Core/OEM,sam_mi_moodys_us,moodys_us,Moody's US,33-0000,Protective Service Occupations,High school diploma or equivalent,Unreported,Short-term on-the-job training,HS or less,38370.0,145.22883225386443,145.22883225386443,259.5442190537554,153.05695623407962,268.38932267716405,-7.828123980215196,-8.845103623408647,466.1734147726886,483.0,140.0,-0.0511451695684001,-0.03295624257768297,2030
Upstream + Core/OEM,sam_mi_moodys_us,moodys_us,Moody's US,37-0000,Building and Grounds Cleaning and Maintenance Occupations,No formal educational credential,Unreported,Short-term on-the-job training,HS or less,35933.03976770807,739.296136744653,739.296136744653,1822.1440854638406,736.4755628117533,1819.1550756235408,2.8205739328997197,2.9890098402997864,2573.1328965022776,2617.2999999999997,1570.0,0.0038298269152763076,0.001643075887455753,2030
Upstream + Core/OEM,sam_mi_moodys_us,moodys_us,Moody's US,41-0000,Sales and Related Occupations,High school diploma or equivalent,Unreported,Moderate-term on-the-job training,HS or less,75909.36798441943,2520.360996981844,2520.360996981844,10176.541105799379,2567.5214824017053,10248.753802214262,-47.16048541986129,-72.21269641488288,2657.7590138721944,2682.3,9220.0,-0.01836809769386877,-0.0070459977679706975,2030
Upstream + Core/OEM,sam_mi_moodys_us,moodys_us,Moody's US,43-0000,Office and Administrative Support Occupations,High school diploma or equivalent,Unreported,Short-term on-the-job training,HS or less,48497.69686386797,9601.2981148041,9601.2981148041,27238.713655211555,10080.619470788393,28652.663092424213,-479.3213559842934,-1413.9494372126574,9023.582869081272,9674.400000000001,28430.0,-0.047548799691652904,-0.0493479238788979,2030
Upstream + Core/OEM,sam_mi_moodys_us,moodys_us,Moody's US,47-0000,Construction and Extraction Occupations,High school diploma or equivalent,Unreported,Apprenticeship,HS or less,62417.12454349843,5153.43766565443,5153.43766565443,7417.1176960454695,4702.598025324386,6923.869058092416,450.83964033004395,493.24863795305373,975.1157647938076,960.0,6340.0,0.09587033335662258,0.07123887436556287,2030
Upstream + Core/OEM,sam_mi_moodys_us,moodys_us,Moody's US,49-0000,"Installation, Maintenance, and Repair Occupations",High school diploma or equivalent,Unreported,Long-term on-the-job training,HS or less,62267.27055571396,12167.79319790421,12167.79319790421,20232.358397430926,11170.156287278078,18979.296715110017,997.6369106261318,1253.0616823209093,2250.965003794459,2231.1000000000004,19550.0,0.08931270834252884,0.06602255611101265,2030
Upstream + Core/OEM,sam_mi_moodys_us,moodys_us,Moody's US,51-0000,Production Occupations,High school diploma or equivalent,Unreported,Moderate-term on-the-job training,HS or less,46451.651586034684,148828.42182805974,148828.42182805974,236510.8936352056,145808.91261468382,237523.10150865113,3019.509213375917,-1012.2078734455281,4045.7371822965124,4161.800000000001,227490.0,0.02070867383364489,-0.00426151337287359,2030
Upstream + Core/OEM,sam_mi_moodys_us,moodys_us,Moody's US,53-0000,Transportation and Material Moving Occupations,No formal educational credential,Unreported,Short-term on-the-job training,HS or less,42531.52297473432,11985.036369687972,11985.036369687972,20859.34040289418,11941.587191207613,21007.75717000947,43.44917848035948,-148.41676711528999,9118.91844510949,9291.099999999999,19570.0,0.003638476006970863,-0.00706485542050956,2030
