adjustment_source,forecast_source,projection_label,segment_id,segment_name,year,value_type,employment_auto,employment_raw,auto_share_ratio
sam_mi,bls_us,BLS US,1,1. Materials & Processing,2001,QCEW,30402.00345,96567,0.314828083
sam_mi,bls_us,BLS US,2,2. Equipment Manufacturing,2001,QCEW,8381.597087,69888,0.119928988
sam_mi,bls_us,BLS US,3,3. Forging & Foundries,2001,QCEW,13346.70693,22569,0.59137343
sam_mi,bls_us,BLS US,4,4. Parts & Machining,2001,QCEW,15908.56355,53878,0.29527012
sam_mi,bls_us,BLS US,5,5. Component Systems,2001,QCEW,4625.09372,16198,0.285534864
sam_mi,bls_us,BLS US,6,6. Engineering & Design,2001,QCEW,760.7010813,102457,0.007424589
sam_mi,bls_us,BLS US,7,7. Core Automotive,2001,QCEW,304333,304333,1
sam_mi,bls_us,BLS US,8,"8. Motor Vehicle Parts, Materials, & Products Sales",2001,QCEW,107590.1765,107590.1765,1
sam_mi,bls_us,BLS US,9,"9. Dealers, Maintenance, & Repair",2001,QCEW,75615,75615,1
sam_mi,bls_us,BLS US,10,10. Logistics,2001,QCEW,36463,36463,1
sam_mi,bls_us,BLS US,1,1. Materials & Processing,2002,QCEW,28412.12142,90158,0.315136997
sam_mi,bls_us,BLS US,2,2. Equipment Manufacturing,2002,QCEW,7321.470104,61235,0.119563487
sam_mi,bls_us,BLS US,3,3. Forging & Foundries,2002,QCEW,12255.34878,20853,0.587701951
sam_mi,bls_us,BLS US,4,4. Parts & Machining,2002,QCEW,15193.47042,50874,0.298649023
sam_mi,bls_us,BLS US,5,5. Component Systems,2002,QCEW,4548.832473,15254,0.298205879
sam_mi,bls_us,BLS US,6,6. Engineering & Design,2002,QCEW,732.387828,102250,0.007162717
sam_mi,bls_us,BLS US,7,7. Core Automotive,2002,QCEW,283180,283180,1
sam_mi,bls_us,BLS US,8,"8. Motor Vehicle Parts, Materials, & Products Sales",2002,QCEW,104826.7278,104826.7278,1
sam_mi,bls_us,BLS US,9,"9. Dealers, Maintenance, & Repair",2002,QCEW,76404,76404,1
sam_mi,bls_us,BLS US,10,10. Logistics,2002,QCEW,35744,35744,1
sam_mi,bls_us,BLS US,1,1. Materials & Processing,2003,QCEW,27749.57827,88475,0.313643157
sam_mi,bls_us,BLS US,2,2. Equipment Manufacturing,2003,QCEW,6925.564339,58385,0.118618898
sam_mi,bls_us,BLS US,3,3. Forging & Foundries,2003,QCEW,11732.46671,20120,0.583124588
sam_mi,bls_us,BLS US,4,4. Parts & Machining,2003,QCEW,14944.78079,49178,0.303891594
sam_mi,bls_us,BLS US,5,5. Component Systems,2003,QCEW,4342.599401,14725,0.294913372
sam_mi,bls_us,BLS US,6,6. Engineering & Design,2003,QCEW,709.2731274,99969,0.007094931
sam_mi,bls_us,BLS US,7,7. Core Automotive,2003,QCEW,261958,261958,1
sam_mi,bls_us,BLS US,8,"8. Motor Vehicle Parts, Materials, & Products Sales",2003,QCEW,102056.93,102056.93,1
sam_mi,bls_us,BLS US,9,"9. Dealers, Maintenance, & Repair",2003,QCEW,74642,74642,1
sam_mi,bls_us,BLS US,10,10. Logistics,2003,QCEW,34947,34947,1
sam_mi,bls_us,BLS US,1,1. Materials & Processing,2004,QCEW,27040.36351,87072,0.310551768
sam_mi,bls_us,BLS US,2,2. Equipment Manufacturing,2004,QCEW,6748.251814,56958,0.118477682
sam_mi,bls_us,BLS US,3,3. Forging & Foundries,2004,QCEW,12734.71093,21836,0.583197972
sam_mi,bls_us,BLS US,4,4. Parts & Machining,2004,QCEW,14984.626,49248,0.304268722
sam_mi,bls_us,BLS US,5,5. Component Systems,2004,QCEW,4482.971181,14908,0.300709094
sam_mi,bls_us,BLS US,6,6. Engineering & Design,2004,QCEW,703.4872748,98337,0.007153841
sam_mi,bls_us,BLS US,7,7. Core Automotive,2004,QCEW,249612,249612,1
sam_mi,bls_us,BLS US,8,"8. Motor Vehicle Parts, Materials, & Products Sales",2004,QCEW,100039.4028,100039.4028,1
sam_mi,bls_us,BLS US,9,"9. Dealers, Maintenance, & Repair",2004,QCEW,74365,74365,1
sam_mi,bls_us,BLS US,10,10. Logistics,2004,QCEW,36028,36028,1
sam_mi,bls_us,BLS US,1,1. Materials & Processing,2005,QCEW,26662.19257,88546,0.301111203
sam_mi,bls_us,BLS US,2,2. Equipment Manufacturing,2005,QCEW,6612.348685,55729,0.118651845
sam_mi,bls_us,BLS US,3,3. Forging & Foundries,2005,QCEW,12505.74454,21459,0.582773873
sam_mi,bls_us,BLS US,4,4. Parts & Machining,2005,QCEW,15638.4699,50724,0.30830514
sam_mi,bls_us,BLS US,5,5. Component Systems,2005,QCEW,4384.700351,15615,0.280800535
sam_mi,bls_us,BLS US,6,6. Engineering & Design,2005,QCEW,717.3347451,97957,0.007322955
sam_mi,bls_us,BLS US,7,7. Core Automotive,2005,QCEW,232083,232083,1
sam_mi,bls_us,BLS US,8,"8. Motor Vehicle Parts, Materials, & Products Sales",2005,QCEW,99441.067,99441.067,1
sam_mi,bls_us,BLS US,9,"9. Dealers, Maintenance, & Repair",2005,QCEW,71952,71952,1
sam_mi,bls_us,BLS US,10,10. Logistics,2005,QCEW,37382,37382,1
sam_mi,bls_us,BLS US,1,1. Materials & Processing,2006,QCEW,25513.73721,85620,0.297988054
sam_mi,bls_us,BLS US,2,2. Equipment Manufacturing,2006,QCEW,6464.63708,54338,0.118970832
sam_mi,bls_us,BLS US,3,3. Forging & Foundries,2006,QCEW,12066.15366,20882,0.577825575
sam_mi,bls_us,BLS US,4,4. Parts & Machining,2006,QCEW,15471.29329,50064,0.309030307
sam_mi,bls_us,BLS US,5,5. Component Systems,2006,QCEW,4258.335351,15814,0.269276296
sam_mi,bls_us,BLS US,6,6. Engineering & Design,2006,QCEW,702.9105062,95510,0.007359549
sam_mi,bls_us,BLS US,7,7. Core Automotive,2006,QCEW,213893,213893,1
sam_mi,bls_us,BLS US,8,"8. Motor Vehicle Parts, Materials, & Products Sales",2006,QCEW,98829.07437,98829.07437,1
sam_mi,bls_us,BLS US,9,"9. Dealers, Maintenance, & Repair",2006,QCEW,68884,68884,1
sam_mi,bls_us,BLS US,10,10. Logistics,2006,QCEW,38765,38765,1
sam_mi,bls_us,BLS US,1,1. Materials & Processing,2007,QCEW,24394.54566,82139,0.296991023
sam_mi,bls_us,BLS US,2,2. Equipment Manufacturing,2007,QCEW,6121.481468,51185,0.119595223
sam_mi,bls_us,BLS US,3,3. Forging & Foundries,2007,QCEW,11290.77274,19764,0.571279738
sam_mi,bls_us,BLS US,4,4. Parts & Machining,2007,QCEW,14954.38004,48225,0.310096009
sam_mi,bls_us,BLS US,5,5. Component Systems,2007,QCEW,4118.463209,15751,0.261473126
sam_mi,bls_us,BLS US,6,6. Engineering & Design,2007,QCEW,698.960594,93220,0.007497968
sam_mi,bls_us,BLS US,7,7. Core Automotive,2007,QCEW,198068,198068,1
sam_mi,bls_us,BLS US,8,"8. Motor Vehicle Parts, Materials, & Products Sales",2007,QCEW,97215.685,97215.685,1
sam_mi,bls_us,BLS US,9,"9. Dealers, Maintenance, & Repair",2007,QCEW,66333,66333,1
sam_mi,bls_us,BLS US,10,10. Logistics,2007,QCEW,40761,40761,1
sam_mi,bls_us,BLS US,1,1. Materials & Processing,2008,QCEW,22980.53767,77593,0.296167665
sam_mi,bls_us,BLS US,2,2. Equipment Manufacturing,2008,QCEW,5888.679286,49109,0.119910389
sam_mi,bls_us,BLS US,3,3. Forging & Foundries,2008,QCEW,10282.61941,17934,0.57335895
sam_mi,bls_us,BLS US,4,4. Parts & Machining,2008,QCEW,14528.85552,46965,0.309354956
sam_mi,bls_us,BLS US,5,5. Component Systems,2008,QCEW,4292.290996,15865,0.270550961
sam_mi,bls_us,BLS US,6,6. Engineering & Design,2008,QCEW,673.0359223,88873,0.007573008
sam_mi,bls_us,BLS US,7,7. Core Automotive,2008,QCEW,167000,167000,1
sam_mi,bls_us,BLS US,8,"8. Motor Vehicle Parts, Materials, & Products Sales",2008,QCEW,95828.59295,95828.59295,1
sam_mi,bls_us,BLS US,9,"9. Dealers, Maintenance, & Repair",2008,QCEW,63843,63843,1
sam_mi,bls_us,BLS US,10,10. Logistics,2008,QCEW,38940,38940,1
sam_mi,bls_us,BLS US,1,1. Materials & Processing,2009,QCEW,17615.54464,59620,0.295463681
sam_mi,bls_us,BLS US,2,2. Equipment Manufacturing,2009,QCEW,4766.456353,39495,0.120685058
sam_mi,bls_us,BLS US,3,3. Forging & Foundries,2009,QCEW,7444.944743,13152,0.5660694
sam_mi,bls_us,BLS US,4,4. Parts & Machining,2009,QCEW,11381.08026,37232,0.305680067
sam_mi,bls_us,BLS US,5,5. Component Systems,2009,QCEW,3708.358735,13865,0.267461863
sam_mi,bls_us,BLS US,6,6. Engineering & Design,2009,QCEW,587.9915569,77775,0.007560161
sam_mi,bls_us,BLS US,7,7. Core Automotive,2009,QCEW,122598,122598,1
sam_mi,bls_us,BLS US,8,"8. Motor Vehicle Parts, Materials, & Products Sales",2009,QCEW,87246.23037,87246.23037,1
sam_mi,bls_us,BLS US,9,"9. Dealers, Maintenance, & Repair",2009,QCEW,58528,58528,1
sam_mi,bls_us,BLS US,10,10. Logistics,2009,QCEW,33872,33872,1
sam_mi,bls_us,BLS US,1,1. Materials & Processing,2010,QCEW,18899.93778,64137,0.294680727
sam_mi,bls_us,BLS US,2,2. Equipment Manufacturing,2010,QCEW,4728.47101,40126,0.117840577
sam_mi,bls_us,BLS US,3,3. Forging & Foundries,2010,QCEW,8069.098646,14405,0.560159573
sam_mi,bls_us,BLS US,4,4. Parts & Machining,2010,QCEW,12321.6292,40120,0.307119372
sam_mi,bls_us,BLS US,5,5. Component Systems,2010,QCEW,3644.743681,13189,0.276347235
sam_mi,bls_us,BLS US,6,6. Engineering & Design,2010,QCEW,609.1015191,80680,0.007549597
sam_mi,bls_us,BLS US,7,7. Core Automotive,2010,QCEW,126033,126033,1
sam_mi,bls_us,BLS US,8,"8. Motor Vehicle Parts, Materials, & Products Sales",2010,QCEW,89086.8125,89086.8125,1
sam_mi,bls_us,BLS US,9,"9. Dealers, Maintenance, & Repair",2010,QCEW,57415,57415,1
sam_mi,bls_us,BLS US,10,10. Logistics,2010,QCEW,34234,34234,1
sam_mi,bls_us,BLS US,1,1. Materials & Processing,2011,QCEW,20536.11974,69846,0.294019983
sam_mi,bls_us,BLS US,2,2. Equipment Manufacturing,2011,QCEW,5218.672474,44416,0.117495328
sam_mi,bls_us,BLS US,3,3. Forging & Foundries,2011,QCEW,9328.231486,16777,0.556013083
sam_mi,bls_us,BLS US,4,4. Parts & Machining,2011,QCEW,13891.08772,44729,0.310561106
sam_mi,bls_us,BLS US,5,5. Component Systems,2011,QCEW,4381.646917,14492,0.302349359
sam_mi,bls_us,BLS US,6,6. Engineering & Design,2011,QCEW,663.4546497,86598,0.007661316
sam_mi,bls_us,BLS US,7,7. Core Automotive,2011,QCEW,137663,137663,1
sam_mi,bls_us,BLS US,8,"8. Motor Vehicle Parts, Materials, & Products Sales",2011,QCEW,92585.61085,92585.61085,1
sam_mi,bls_us,BLS US,9,"9. Dealers, Maintenance, & Repair",2011,QCEW,58514,58514,1
sam_mi,bls_us,BLS US,10,10. Logistics,2011,QCEW,36615,36615,1
sam_mi,bls_us,BLS US,1,1. Materials & Processing,2012,QCEW,20874.04374,72219,0.289038116
sam_mi,bls_us,BLS US,2,2. Equipment Manufacturing,2012,QCEW,5709.020442,48753,0.117100905
sam_mi,bls_us,BLS US,3,3. Forging & Foundries,2012,QCEW,9888.2863,17730,0.557714963
sam_mi,bls_us,BLS US,4,4. Parts & Machining,2012,QCEW,14869.70862,47604,0.312362588
sam_mi,bls_us,BLS US,5,5. Component Systems,2012,QCEW,4579.766128,15170,0.301896251
sam_mi,bls_us,BLS US,6,6. Engineering & Design,2012,QCEW,713.3704627,93379,0.007639517
sam_mi,bls_us,BLS US,7,7. Core Automotive,2012,QCEW,150169,150169,1
sam_mi,bls_us,BLS US,8,"8. Motor Vehicle Parts, Materials, & Products Sales",2012,QCEW,95608.29067,95608.29067,1
sam_mi,bls_us,BLS US,9,"9. Dealers, Maintenance, & Repair",2012,QCEW,60173,60173,1
sam_mi,bls_us,BLS US,10,10. Logistics,2012,QCEW,38488,38488,1
sam_mi,bls_us,BLS US,1,1. Materials & Processing,2013,QCEW,21753.94493,74741,0.291057718
sam_mi,bls_us,BLS US,2,2. Equipment Manufacturing,2013,QCEW,5969.451894,50347,0.118566189
sam_mi,bls_us,BLS US,3,3. Forging & Foundries,2013,QCEW,9678.86421,17469,0.554059432
sam_mi,bls_us,BLS US,4,4. Parts & Machining,2013,QCEW,15149.99965,48091,0.315027752
sam_mi,bls_us,BLS US,5,5. Component Systems,2013,QCEW,4432.149125,15239,0.290842518
sam_mi,bls_us,BLS US,6,6. Engineering & Design,2013,QCEW,758.5062954,98826,0.007675169
sam_mi,bls_us,BLS US,7,7. Core Automotive,2013,QCEW,160593,160593,1
sam_mi,bls_us,BLS US,8,"8. Motor Vehicle Parts, Materials, & Products Sales",2013,QCEW,98503.90548,98503.90548,1
sam_mi,bls_us,BLS US,9,"9. Dealers, Maintenance, & Repair",2013,QCEW,61157,61157,1
sam_mi,bls_us,BLS US,10,10. Logistics,2013,QCEW,40737,40737,1
sam_mi,bls_us,BLS US,1,1. Materials & Processing,2014,QCEW,23003.117,78687,0.292336943
sam_mi,bls_us,BLS US,2,2. Equipment Manufacturing,2014,QCEW,6177.456012,51620,0.119671755
sam_mi,bls_us,BLS US,3,3. Forging & Foundries,2014,QCEW,9915.100577,17851,0.555436703
sam_mi,bls_us,BLS US,4,4. Parts & Machining,2014,QCEW,15846.2048,50307,0.314990057
sam_mi,bls_us,BLS US,5,5. Component Systems,2014,QCEW,4533.05101,15439,0.293610403
sam_mi,bls_us,BLS US,6,6. Engineering & Design,2014,QCEW,776.8738953,102924,0.007548034
sam_mi,bls_us,BLS US,7,7. Core Automotive,2014,QCEW,170363,170363,1
sam_mi,bls_us,BLS US,8,"8. Motor Vehicle Parts, Materials, & Products Sales",2014,QCEW,102424.8873,102424.8873,1
sam_mi,bls_us,BLS US,9,"9. Dealers, Maintenance, & Repair",2014,QCEW,64200,64200,1
sam_mi,bls_us,BLS US,10,10. Logistics,2014,QCEW,43426,43426,1
sam_mi,bls_us,BLS US,1,1. Materials & Processing,2015,QCEW,23448.8534,79982,0.293176632
sam_mi,bls_us,BLS US,2,2. Equipment Manufacturing,2015,QCEW,6365.532035,52970,0.1201724
sam_mi,bls_us,BLS US,3,3. Forging & Foundries,2015,QCEW,9963.247352,18047,0.55207222
sam_mi,bls_us,BLS US,4,4. Parts & Machining,2015,QCEW,16512.84515,52603,0.313914513
sam_mi,bls_us,BLS US,5,5. Component Systems,2015,QCEW,4992.017393,16676,0.299353406
sam_mi,bls_us,BLS US,6,6. Engineering & Design,2015,QCEW,938.655054,117555,0.007984816
sam_mi,bls_us,BLS US,7,7. Core Automotive,2015,QCEW,166670,166670,1
sam_mi,bls_us,BLS US,8,"8. Motor Vehicle Parts, Materials, & Products Sales",2015,QCEW,104833.717,104833.717,1
sam_mi,bls_us,BLS US,9,"9. Dealers, Maintenance, & Repair",2015,QCEW,66784,66784,1
sam_mi,bls_us,BLS US,10,10. Logistics,2015,QCEW,45930,45930,1
sam_mi,bls_us,BLS US,1,1. Materials & Processing,2016,QCEW,23739.79796,81235,0.29223608
sam_mi,bls_us,BLS US,2,2. Equipment Manufacturing,2016,QCEW,6427.853245,53396,0.120380801
sam_mi,bls_us,BLS US,3,3. Forging & Foundries,2016,QCEW,10023.45172,18194,0.550920728
sam_mi,bls_us,BLS US,4,4. Parts & Machining,2016,QCEW,16367.76462,52458,0.312016558
sam_mi,bls_us,BLS US,5,5. Component Systems,2016,QCEW,4955.65388,16542,0.299580092
sam_mi,bls_us,BLS US,6,6. Engineering & Design,2016,QCEW,974.8572872,121842,0.008000995
sam_mi,bls_us,BLS US,7,7. Core Automotive,2016,QCEW,173344,173344,1
sam_mi,bls_us,BLS US,8,"8. Motor Vehicle Parts, Materials, & Products Sales",2016,QCEW,105625.1859,105625.1859,1
sam_mi,bls_us,BLS US,9,"9. Dealers, Maintenance, & Repair",2016,QCEW,68358,68358,1
sam_mi,bls_us,BLS US,10,10. Logistics,2016,QCEW,46900,46900,1
sam_mi,bls_us,BLS US,1,1. Materials & Processing,2017,QCEW,24108.82173,82226,0.293201928
sam_mi,bls_us,BLS US,2,2. Equipment Manufacturing,2017,QCEW,6570.844634,54519,0.120523939
sam_mi,bls_us,BLS US,3,3. Forging & Foundries,2017,QCEW,10197.75072,18552,0.549684709
sam_mi,bls_us,BLS US,4,4. Parts & Machining,2017,QCEW,16139.39663,52257,0.308846597
sam_mi,bls_us,BLS US,5,5. Component Systems,2017,QCEW,5074.521584,16794,0.302162771
sam_mi,bls_us,BLS US,6,6. Engineering & Design,2017,QCEW,948.5175797,113721,0.008340743
sam_mi,bls_us,BLS US,7,7. Core Automotive,2017,QCEW,180711,180711,1
sam_mi,bls_us,BLS US,8,"8. Motor Vehicle Parts, Materials, & Products Sales",2017,QCEW,107098.9302,107098.9302,1
sam_mi,bls_us,BLS US,9,"9. Dealers, Maintenance, & Repair",2017,QCEW,68500,68500,1
sam_mi,bls_us,BLS US,10,10. Logistics,2017,QCEW,46723,46723,1
sam_mi,bls_us,BLS US,1,1. Materials & Processing,2018,QCEW,24548.64085,83724,0.293209126
sam_mi,bls_us,BLS US,2,2. Equipment Manufacturing,2018,QCEW,6739.387338,55424,0.121596914
sam_mi,bls_us,BLS US,3,3. Forging & Foundries,2018,QCEW,10595.13614,19277,0.549625779
sam_mi,bls_us,BLS US,4,4. Parts & Machining,2018,QCEW,16414.67444,53718,0.305571213
sam_mi,bls_us,BLS US,5,5. Component Systems,2018,QCEW,5353.222206,17376,0.308081388
sam_mi,bls_us,BLS US,6,6. Engineering & Design,2018,QCEW,975.529221,116698,0.008359434
sam_mi,bls_us,BLS US,7,7. Core Automotive,2018,QCEW,182995,182995,1
sam_mi,bls_us,BLS US,8,"8. Motor Vehicle Parts, Materials, & Products Sales",2018,QCEW,110520.0778,110520.0778,1
sam_mi,bls_us,BLS US,9,"9. Dealers, Maintenance, & Repair",2018,QCEW,68540,68540,1
sam_mi,bls_us,BLS US,10,10. Logistics,2018,QCEW,47502,47502,1
sam_mi,bls_us,BLS US,1,1. Materials & Processing,2019,QCEW,24426.35337,83591,0.292212719
sam_mi,bls_us,BLS US,2,2. Equipment Manufacturing,2019,QCEW,6576.70413,53502,0.122924454
sam_mi,bls_us,BLS US,3,3. Forging & Foundries,2019,QCEW,10542.21836,19271,0.547050924
sam_mi,bls_us,BLS US,4,4. Parts & Machining,2019,QCEW,15908.69373,52591,0.302498407
sam_mi,bls_us,BLS US,5,5. Component Systems,2019,QCEW,5780.272514,18237,0.316953036
sam_mi,bls_us,BLS US,6,6. Engineering & Design,2019,QCEW,972.141431,118343,0.008214609
sam_mi,bls_us,BLS US,7,7. Core Automotive,2019,QCEW,180821,180821,1
sam_mi,bls_us,BLS US,8,"8. Motor Vehicle Parts, Materials, & Products Sales",2019,QCEW,111801.6657,111801.6657,1
sam_mi,bls_us,BLS US,9,"9. Dealers, Maintenance, & Repair",2019,QCEW,68868,68868,1
sam_mi,bls_us,BLS US,10,10. Logistics,2019,QCEW,48382,48382,1
sam_mi,bls_us,BLS US,1,1. Materials & Processing,2020,QCEW,20793.90897,70950,0.293078351
sam_mi,bls_us,BLS US,2,2. Equipment Manufacturing,2020,QCEW,6069.646603,48267,0.125751478
sam_mi,bls_us,BLS US,3,3. Forging & Foundries,2020,QCEW,8708.642444,15883,0.548299594
sam_mi,bls_us,BLS US,4,4. Parts & Machining,2020,QCEW,13677.9739,45730,0.299102862
sam_mi,bls_us,BLS US,5,5. Component Systems,2020,QCEW,5449.419588,16885,0.322737316
sam_mi,bls_us,BLS US,6,6. Engineering & Design,2020,QCEW,947.1381094,115403,0.008207223
sam_mi,bls_us,BLS US,7,7. Core Automotive,2020,QCEW,154727,154727,1
sam_mi,bls_us,BLS US,8,"8. Motor Vehicle Parts, Materials, & Products Sales",2020,QCEW,103058.2354,103058.2354,1
sam_mi,bls_us,BLS US,9,"9. Dealers, Maintenance, & Repair",2020,QCEW,62425,62425,1
sam_mi,bls_us,BLS US,10,10. Logistics,2020,QCEW,44778,44778,1
sam_mi,bls_us,BLS US,1,1. Materials & Processing,2021,QCEW,21220.81779,72517,0.292632318
sam_mi,bls_us,BLS US,2,2. Equipment Manufacturing,2021,QCEW,6132.49678,48420,0.126652143
sam_mi,bls_us,BLS US,3,3. Forging & Foundries,2021,QCEW,8863.944357,16199,0.547190836
sam_mi,bls_us,BLS US,4,4. Parts & Machining,2021,QCEW,14221.98047,47346,0.300383992
sam_mi,bls_us,BLS US,5,5. Component Systems,2021,QCEW,5536.350019,17142,0.3229699
sam_mi,bls_us,BLS US,6,6. Engineering & Design,2021,QCEW,980.8345274,119483,0.008208988
sam_mi,bls_us,BLS US,7,7. Core Automotive,2021,QCEW,174869,174869,1
sam_mi,bls_us,BLS US,8,"8. Motor Vehicle Parts, Materials, & Products Sales",2021,QCEW,105546.6236,105546.6236,1
sam_mi,bls_us,BLS US,9,"9. Dealers, Maintenance, & Repair",2021,QCEW,66198,66198,1
sam_mi,bls_us,BLS US,10,10. Logistics,2021,QCEW,46770,46770,1
sam_mi,bls_us,BLS US,1,1. Materials & Processing,2022,QCEW,21422.17723,73289,0.292297306
sam_mi,bls_us,BLS US,2,2. Equipment Manufacturing,2022,QCEW,6324.972447,48839,0.129506592
sam_mi,bls_us,BLS US,3,3. Forging & Foundries,2022,QCEW,9215.777438,16746,0.550327089
sam_mi,bls_us,BLS US,4,4. Parts & Machining,2022,QCEW,14548.30636,48605,0.299317073
sam_mi,bls_us,BLS US,5,5. Component Systems,2022,QCEW,5902.349733,17979,0.328291325
sam_mi,bls_us,BLS US,6,6. Engineering & Design,2022,QCEW,1002.835428,122404,0.008192832
sam_mi,bls_us,BLS US,7,7. Core Automotive,2022,QCEW,177138,177138,1
sam_mi,bls_us,BLS US,8,"8. Motor Vehicle Parts, Materials, & Products Sales",2022,QCEW,110573,110573,1
sam_mi,bls_us,BLS US,9,"9. Dealers, Maintenance, & Repair",2022,QCEW,67706,67706,1
sam_mi,bls_us,BLS US,10,10. Logistics,2022,QCEW,49197,49197,1
sam_mi,bls_us,BLS US,1,1. Materials & Processing,2023,QCEW,21625.6694,73569,0.293950841
sam_mi,bls_us,BLS US,2,2. Equipment Manufacturing,2023,QCEW,6394.270739,48876,0.130826392
sam_mi,bls_us,BLS US,3,3. Forging & Foundries,2023,QCEW,9391.518582,17055,0.55066072
sam_mi,bls_us,BLS US,4,4. Parts & Machining,2023,QCEW,15119.80529,50818,0.297528539
sam_mi,bls_us,BLS US,5,5. Component Systems,2023,QCEW,6261.752202,18726,0.334388134
sam_mi,bls_us,BLS US,6,6. Engineering & Design,2023,QCEW,1018.848095,123111,0.008275849
sam_mi,bls_us,BLS US,7,7. Core Automotive,2023,QCEW,179115,179115,1
sam_mi,bls_us,BLS US,8,"8. Motor Vehicle Parts, Materials, & Products Sales",2023,QCEW,114410,114410,1
sam_mi,bls_us,BLS US,9,"9. Dealers, Maintenance, & Repair",2023,QCEW,69189,69189,1
sam_mi,bls_us,BLS US,10,10. Logistics,2023,QCEW,49037,49037,1
sam_mi,bls_us,BLS US,1,1. Materials & Processing,2024,QCEW,21247.66879,72604,0.29265149
sam_mi,bls_us,BLS US,2,2. Equipment Manufacturing,2024,QCEW,6244.586843,47550,0.131326747
sam_mi,bls_us,BLS US,3,3. Forging & Foundries,2024,QCEW,9023.139595,16337,0.552313129
sam_mi,bls_us,BLS US,4,4. Parts & Machining,2024,QCEW,14936.44449,50443,0.296105396
sam_mi,bls_us,BLS US,5,5. Component Systems,2024,QCEW,5987.024881,18283,0.327464031
sam_mi,bls_us,BLS US,6,6. Engineering & Design,2024,QCEW,1032.025505,120207,0.008585403
sam_mi,bls_us,BLS US,7,7. Core Automotive,2024,QCEW,173082,173082,1
sam_mi,bls_us,BLS US,8,"8. Motor Vehicle Parts, Materials, & Products Sales",2024,QCEW,115340,115340,1
sam_mi,bls_us,BLS US,9,"9. Dealers, Maintenance, & Repair",2024,QCEW,69600,69600,1
sam_mi,bls_us,BLS US,10,10. Logistics,2024,QCEW,46889,46889,1
sam_mi,bls_us,BLS US,1,1. Materials & Processing,2025,Forecast,21268.17323,72666.22586,0.292683058
sam_mi,bls_us,BLS US,2,2. Equipment Manufacturing,2025,Forecast,6231.013313,47365.44555,0.131551878
sam_mi,bls_us,BLS US,3,3. Forging & Foundries,2025,Forecast,8896.881108,16120.26731,0.551906549
sam_mi,bls_us,BLS US,4,4. Parts & Machining,2025,Forecast,14899.71862,50340.14577,0.29598084
sam_mi,bls_us,BLS US,5,5. Component Systems,2025,Forecast,6028.24331,18403.26723,0.327563755
sam_mi,bls_us,BLS US,6,6. Engineering & Design,2025,Forecast,1036.231211,120769.8796,0.008580212
sam_mi,bls_us,BLS US,7,7. Core Automotive,2025,Forecast,170434.4773,170434.4773,1
sam_mi,bls_us,BLS US,8,"8. Motor Vehicle Parts, Materials, & Products Sales",2025,Forecast,115241.8752,115241.8752,1
sam_mi,bls_us,BLS US,9,"9. Dealers, Maintenance, & Repair",2025,Forecast,69748.19005,69748.19005,1
sam_mi,bls_us,BLS US,10,10. Logistics,2025,Forecast,46951.31128,46951.31128,1
sam_mi,bls_us,BLS US,1,1. Materials & Processing,2026,Forecast,21289.18501,72730.56346,0.292713049
sam_mi,bls_us,BLS US,2,2. Equipment Manufacturing,2026,Forecast,6217.536007,47182.11935,0.131777379
sam_mi,bls_us,BLS US,3,3. Forging & Foundries,2026,Forecast,8772.455033,15906.54753,0.551499627
sam_mi,bls_us,BLS US,4,4. Parts & Machining,2026,Forecast,14863.7507,50240.47879,0.295852091
sam_mi,bls_us,BLS US,5,5. Component Systems,2026,Forecast,6071.053887,18526.73897,0.327691446
sam_mi,bls_us,BLS US,6,6. Engineering & Design,2026,Forecast,1040.455183,121335.7485,0.008575009
sam_mi,bls_us,BLS US,7,7. Core Automotive,2026,Forecast,167861.5899,167861.5899,1
sam_mi,bls_us,BLS US,8,"8. Motor Vehicle Parts, Materials, & Products Sales",2026,Forecast,115151.2864,115151.2864,1
sam_mi,bls_us,BLS US,9,"9. Dealers, Maintenance, & Repair",2026,Forecast,69896.71859,69896.71859,1
sam_mi,bls_us,BLS US,10,10. Logistics,2026,Forecast,47013.70537,47013.70537,1
sam_mi,bls_us,BLS US,1,1. Materials & Processing,2027,Forecast,21310.70116,72797.00016,0.292741474
sam_mi,bls_us,BLS US,2,2. Equipment Manufacturing,2027,Forecast,6204.154308,47000.01351,0.132003245
sam_mi,bls_us,BLS US,3,3. Forging & Foundries,2027,Forecast,8649.834041,15695.79715,0.551092369
sam_mi,bls_us,BLS US,4,4. Parts & Machining,2027,Forecast,14828.54081,50143.9997,0.295719147
sam_mi,bls_us,BLS US,5,5. Component Systems,2027,Forecast,6115.495215,18653.49244,0.327847197
sam_mi,bls_us,BLS US,6,6. Engineering & Design,2027,Forecast,1044.697509,121904.625,0.008569794
sam_mi,bls_us,BLS US,7,7. Core Automotive,2027,Forecast,165361.5137,165361.5137,1
sam_mi,bls_us,BLS US,8,"8. Motor Vehicle Parts, Materials, & Products Sales",2027,Forecast,115068.1434,115068.1434,1
sam_mi,bls_us,BLS US,9,"9. Dealers, Maintenance, & Repair",2027,Forecast,70045.58644,70045.58644,1
sam_mi,bls_us,BLS US,10,10. Logistics,2027,Forecast,47076.18238,47076.18238,1
sam_mi,bls_us,BLS US,1,1. Materials & Processing,2028,Forecast,21332.71876,72865.52347,0.292768346
sam_mi,bls_us,BLS US,2,2. Equipment Manufacturing,2028,Forecast,6190.867606,46819.12019,0.132229473
sam_mi,bls_us,BLS US,3,3. Forging & Foundries,2028,Forecast,8528.99122,15487.97331,0.550684783
sam_mi,bls_us,BLS US,4,4. Parts & Machining,2028,Forecast,14794.08907,50050.70948,0.295582005
sam_mi,bls_us,BLS US,5,5. Component Systems,2028,Forecast,6161.606914,18783.60688,0.328031083
sam_mi,bls_us,BLS US,6,6. Engineering & Design,2028,Forecast,1048.958278,122476.5272,0.008564566
sam_mi,bls_us,BLS US,7,7. Core Automotive,2028,Forecast,162932.4705,162932.4705,1
sam_mi,bls_us,BLS US,8,"8. Motor Vehicle Parts, Materials, & Products Sales",2028,Forecast,114992.3576,114992.3576,1
sam_mi,bls_us,BLS US,9,"9. Dealers, Maintenance, & Repair",2028,Forecast,70194.79441,70194.79441,1
sam_mi,bls_us,BLS US,10,10. Logistics,2028,Forecast,47138.74241,47138.74241,1
sam_mi,bls_us,BLS US,1,1. Materials & Processing,2029,Forecast,21355.23494,72936.12112,0.292793675
sam_mi,bls_us,BLS US,2,2. Equipment Manufacturing,2029,Forecast,6177.67529,46639.4316,0.132456059
sam_mi,bls_us,BLS US,3,3. Forging & Foundries,2029,Forecast,8409.900065,15283.03379,0.550276874
sam_mi,bls_us,BLS US,4,4. Parts & Machining,2029,Forecast,14760.3957,49960.60939,0.295440666
sam_mi,bls_us,BLS US,5,5. Component Systems,2029,Forecast,6209.429642,18917.16359,0.328243165
sam_mi,bls_us,BLS US,6,6. Engineering & Design,2029,Forecast,1053.237579,123051.4737,0.008559325
sam_mi,bls_us,BLS US,7,7. Core Automotive,2029,Forecast,160572.7269,160572.7269,1
sam_mi,bls_us,BLS US,8,"8. Motor Vehicle Parts, Materials, & Products Sales",2029,Forecast,114923.8418,114923.8418,1
sam_mi,bls_us,BLS US,9,"9. Dealers, Maintenance, & Repair",2029,Forecast,70344.34332,70344.34332,1
sam_mi,bls_us,BLS US,10,10. Logistics,2029,Forecast,47201.38558,47201.38558,1
sam_mi,bls_us,BLS US,1,1. Materials & Processing,2030,Forecast,21378.24687,73008.781,0.292817474
sam_mi,bls_us,BLS US,2,2. Equipment Manufacturing,2030,Forecast,6164.576757,46460.94,0.132682997
sam_mi,bls_us,BLS US,3,3. Forging & Foundries,2030,Forecast,8292.534477,15080.937,0.549868651
sam_mi,bls_us,BLS US,4,4. Parts & Machining,2030,Forecast,14727.46096,49873.701,0.295295129
sam_mi,bls_us,BLS US,5,5. Component Systems,2030,Forecast,6259.005123,19054.246,0.328483485
sam_mi,bls_us,BLS US,6,6. Engineering & Design,2030,Forecast,1057.535501,123629.483,0.008554072
sam_mi,bls_us,BLS US,7,7. Core Automotive,2030,Forecast,158280.593,158280.593,1
sam_mi,bls_us,BLS US,8,"8. Motor Vehicle Parts, Materials, & Products Sales",2030,Forecast,114862.51,114862.51,1
sam_mi,bls_us,BLS US,9,"9. Dealers, Maintenance, & Repair",2030,Forecast,70494.234,70494.234,1
sam_mi,bls_us,BLS US,10,10. Logistics,2030,Forecast,47264.112,47264.112,1
sam_mi,bls_us,BLS US,1,1. Materials & Processing,2031,Forecast,21401.75174,73083.49118,0.292839756
sam_mi,bls_us,BLS US,2,2. Equipment Manufacturing,2031,Forecast,6151.571405,46283.6377,0.132910283
sam_mi,bls_us,BLS US,3,3. Forging & Foundries,2031,Forecast,8176.86875,14881.64195,0.549460119
sam_mi,bls_us,BLS US,4,4. Parts & Machining,2031,Forecast,14695.28519,49789.9862,0.295145396
sam_mi,bls_us,BLS US,5,5. Component Systems,2031,Forecast,6310.376176,19194.93969,0.328752071
sam_mi,bls_us,BLS US,6,6. Engineering & Design,2031,Forecast,1061.852133,124210.5737,0.008548806
sam_mi,bls_us,BLS US,7,7. Core Automotive,2031,Forecast,156054.4214,156054.4214,1
sam_mi,bls_us,BLS US,8,"8. Motor Vehicle Parts, Materials, & Products Sales",2031,Forecast,114808.2779,114808.2779,1
sam_mi,bls_us,BLS US,9,"9. Dealers, Maintenance, & Repair",2031,Forecast,70644.46727,70644.46727,1
sam_mi,bls_us,BLS US,10,10. Logistics,2031,Forecast,47326.92177,47326.92177,1
sam_mi,bls_us,BLS US,1,1. Materials & Processing,2032,Forecast,21425.74681,73160.23993,0.292860532
sam_mi,bls_us,BLS US,2,2. Equipment Manufacturing,2032,Forecast,6138.658639,46107.51705,0.133137914
sam_mi,bls_us,BLS US,3,3. Forging & Foundries,2032,Forecast,8062.877571,14685.10828,0.549051285
sam_mi,bls_us,BLS US,4,4. Parts & Machining,2032,Forecast,14663.8688,49709.4672,0.29499147
sam_mi,bls_us,BLS US,5,5. Component Systems,2032,Forecast,6363.586744,19339.33249,0.329048934
sam_mi,bls_us,BLS US,6,6. Engineering & Design,2032,Forecast,1066.187566,124794.7647,0.008543528
sam_mi,bls_us,BLS US,7,7. Core Automotive,2032,Forecast,153892.6061,153892.6061,1
sam_mi,bls_us,BLS US,8,"8. Motor Vehicle Parts, Materials, & Products Sales",2032,Forecast,114761.0623,114761.0623,1
sam_mi,bls_us,BLS US,9,"9. Dealers, Maintenance, & Repair",2032,Forecast,70795.04395,70795.04395,1
sam_mi,bls_us,BLS US,10,10. Logistics,2032,Forecast,47389.81502,47389.81502,1
sam_mi,bls_us,BLS US,1,1. Materials & Processing,2033,Forecast,21450.22937,73239.01565,0.292879815
sam_mi,bls_us,BLS US,2,2. Equipment Manufacturing,2033,Forecast,6125.837865,45932.57048,0.133365884
sam_mi,bls_us,BLS US,3,3. Forging & Foundries,2033,Forecast,7950.536011,14491.29621,0.548642157
sam_mi,bls_us,BLS US,4,4. Parts & Machining,2033,Forecast,14633.21227,49632.14649,0.294833355
sam_mi,bls_us,BLS US,5,5. Component Systems,2033,Forecast,6418.681919,19487.51451,0.329374067
sam_mi,bls_us,BLS US,6,6. Engineering & Design,2033,Forecast,1070.54189,125382.0748,0.008538237
sam_mi,bls_us,BLS US,7,7. Core Automotive,2033,Forecast,151793.5816,151793.5816,1
sam_mi,bls_us,BLS US,8,"8. Motor Vehicle Parts, Materials, & Products Sales",2033,Forecast,114720.7815,114720.7815,1
sam_mi,bls_us,BLS US,9,"9. Dealers, Maintenance, & Repair",2033,Forecast,70945.96488,70945.96488,1
sam_mi,bls_us,BLS US,10,10. Logistics,2033,Forecast,47452.79184,47452.79184,1
sam_mi,bls_us,BLS US,1,1. Materials & Processing,2034,Forecast,21475.19675,73319.80696,0.292897617
sam_mi,bls_us,BLS US,2,2. Equipment Manufacturing,2034,Forecast,6113.108493,45758.79042,0.133594189
sam_mi,bls_us,BLS US,3,3. Forging & Foundries,2034,Forecast,7839.819519,14300.16656,0.548232742
sam_mi,bls_us,BLS US,4,4. Parts & Machining,2034,Forecast,14603.31615,49558.02691,0.294671056
sam_mi,bls_us,BLS US,5,5. Component Systems,2034,Forecast,6475.707977,19639.57821,0.329727447
sam_mi,bls_us,BLS US,6,6. Engineering & Design,2034,Forecast,1074.915196,125972.5232,0.008532934
sam_mi,bls_us,BLS US,7,7. Core Automotive,2034,Forecast,149755.8217,149755.8217,1
sam_mi,bls_us,BLS US,8,"8. Motor Vehicle Parts, Materials, & Products Sales",2034,Forecast,114687.3551,114687.3551,1
sam_mi,bls_us,BLS US,9,"9. Dealers, Maintenance, & Repair",2034,Forecast,71097.23089,71097.23089,1
sam_mi,bls_us,BLS US,10,10. Logistics,2034,Forecast,47515.85235,47515.85235,1
sam_mi,dtmb_mi,DTMB MI,1,1. Materials & Processing,2001,QCEW,30402.00345,96567,0.314828083
sam_mi,dtmb_mi,DTMB MI,2,2. Equipment Manufacturing,2001,QCEW,8381.597087,69888,0.119928988
sam_mi,dtmb_mi,DTMB MI,3,3. Forging & Foundries,2001,QCEW,13346.70693,22569,0.59137343
sam_mi,dtmb_mi,DTMB MI,4,4. Parts & Machining,2001,QCEW,15908.56355,53878,0.29527012
sam_mi,dtmb_mi,DTMB MI,5,5. Component Systems,2001,QCEW,4625.09372,16198,0.285534864
sam_mi,dtmb_mi,DTMB MI,6,6. Engineering & Design,2001,QCEW,760.7010813,102457,0.007424589
sam_mi,dtmb_mi,DTMB MI,7,7. Core Automotive,2001,QCEW,304333,304333,1
sam_mi,dtmb_mi,DTMB MI,8,"8. Motor Vehicle Parts, Materials, & Products Sales",2001,QCEW,107590.1765,107590.1765,1
sam_mi,dtmb_mi,DTMB MI,9,"9. Dealers, Maintenance, & Repair",2001,QCEW,75615,75615,1
sam_mi,dtmb_mi,DTMB MI,10,10. Logistics,2001,QCEW,36463,36463,1
sam_mi,dtmb_mi,DTMB MI,1,1. Materials & Processing,2002,QCEW,28412.12142,90158,0.315136997
sam_mi,dtmb_mi,DTMB MI,2,2. Equipment Manufacturing,2002,QCEW,7321.470104,61235,0.119563487
sam_mi,dtmb_mi,DTMB MI,3,3. Forging & Foundries,2002,QCEW,12255.34878,20853,0.587701951
sam_mi,dtmb_mi,DTMB MI,4,4. Parts & Machining,2002,QCEW,15193.47042,50874,0.298649023
sam_mi,dtmb_mi,DTMB MI,5,5. Component Systems,2002,QCEW,4548.832473,15254,0.298205879
sam_mi,dtmb_mi,DTMB MI,6,6. Engineering & Design,2002,QCEW,732.387828,102250,0.007162717
sam_mi,dtmb_mi,DTMB MI,7,7. Core Automotive,2002,QCEW,283180,283180,1
sam_mi,dtmb_mi,DTMB MI,8,"8. Motor Vehicle Parts, Materials, & Products Sales",2002,QCEW,104826.7278,104826.7278,1
sam_mi,dtmb_mi,DTMB MI,9,"9. Dealers, Maintenance, & Repair",2002,QCEW,76404,76404,1
sam_mi,dtmb_mi,DTMB MI,10,10. Logistics,2002,QCEW,35744,35744,1
sam_mi,dtmb_mi,DTMB MI,1,1. Materials & Processing,2003,QCEW,27749.57827,88475,0.313643157
sam_mi,dtmb_mi,DTMB MI,2,2. Equipment Manufacturing,2003,QCEW,6925.564339,58385,0.118618898
sam_mi,dtmb_mi,DTMB MI,3,3. Forging & Foundries,2003,QCEW,11732.46671,20120,0.583124588
sam_mi,dtmb_mi,DTMB MI,4,4. Parts & Machining,2003,QCEW,14944.78079,49178,0.303891594
sam_mi,dtmb_mi,DTMB MI,5,5. Component Systems,2003,QCEW,4342.599401,14725,0.294913372
sam_mi,dtmb_mi,DTMB MI,6,6. Engineering & Design,2003,QCEW,709.2731274,99969,0.007094931
sam_mi,dtmb_mi,DTMB MI,7,7. Core Automotive,2003,QCEW,261958,261958,1
sam_mi,dtmb_mi,DTMB MI,8,"8. Motor Vehicle Parts, Materials, & Products Sales",2003,QCEW,102056.93,102056.93,1
sam_mi,dtmb_mi,DTMB MI,9,"9. Dealers, Maintenance, & Repair",2003,QCEW,74642,74642,1
sam_mi,dtmb_mi,DTMB MI,10,10. Logistics,2003,QCEW,34947,34947,1
sam_mi,dtmb_mi,DTMB MI,1,1. Materials & Processing,2004,QCEW,27040.36351,87072,0.310551768
sam_mi,dtmb_mi,DTMB MI,2,2. Equipment Manufacturing,2004,QCEW,6748.251814,56958,0.118477682
sam_mi,dtmb_mi,DTMB MI,3,3. Forging & Foundries,2004,QCEW,12734.71093,21836,0.583197972
sam_mi,dtmb_mi,DTMB MI,4,4. Parts & Machining,2004,QCEW,14984.626,49248,0.304268722
sam_mi,dtmb_mi,DTMB MI,5,5. Component Systems,2004,QCEW,4482.971181,14908,0.300709094
sam_mi,dtmb_mi,DTMB MI,6,6. Engineering & Design,2004,QCEW,703.4872748,98337,0.007153841
sam_mi,dtmb_mi,DTMB MI,7,7. Core Automotive,2004,QCEW,249612,249612,1
sam_mi,dtmb_mi,DTMB MI,8,"8. Motor Vehicle Parts, Materials, & Products Sales",2004,QCEW,100039.4028,100039.4028,1
sam_mi,dtmb_mi,DTMB MI,9,"9. Dealers, Maintenance, & Repair",2004,QCEW,74365,74365,1
sam_mi,dtmb_mi,DTMB MI,10,10. Logistics,2004,QCEW,36028,36028,1
sam_mi,dtmb_mi,DTMB MI,1,1. Materials & Processing,2005,QCEW,26662.19257,88546,0.301111203
sam_mi,dtmb_mi,DTMB MI,2,2. Equipment Manufacturing,2005,QCEW,6612.348685,55729,0.118651845
sam_mi,dtmb_mi,DTMB MI,3,3. Forging & Foundries,2005,QCEW,12505.74454,21459,0.582773873
sam_mi,dtmb_mi,DTMB MI,4,4. Parts & Machining,2005,QCEW,15638.4699,50724,0.30830514
sam_mi,dtmb_mi,DTMB MI,5,5. Component Systems,2005,QCEW,4384.700351,15615,0.280800535
sam_mi,dtmb_mi,DTMB MI,6,6. Engineering & Design,2005,QCEW,717.3347451,97957,0.007322955
sam_mi,dtmb_mi,DTMB MI,7,7. Core Automotive,2005,QCEW,232083,232083,1
sam_mi,dtmb_mi,DTMB MI,8,"8. Motor Vehicle Parts, Materials, & Products Sales",2005,QCEW,99441.067,99441.067,1
sam_mi,dtmb_mi,DTMB MI,9,"9. Dealers, Maintenance, & Repair",2005,QCEW,71952,71952,1
sam_mi,dtmb_mi,DTMB MI,10,10. Logistics,2005,QCEW,37382,37382,1
sam_mi,dtmb_mi,DTMB MI,1,1. Materials & Processing,2006,QCEW,25513.73721,85620,0.297988054
sam_mi,dtmb_mi,DTMB MI,2,2. Equipment Manufacturing,2006,QCEW,6464.63708,54338,0.118970832
sam_mi,dtmb_mi,DTMB MI,3,3. Forging & Foundries,2006,QCEW,12066.15366,20882,0.577825575
sam_mi,dtmb_mi,DTMB MI,4,4. Parts & Machining,2006,QCEW,15471.29329,50064,0.309030307
sam_mi,dtmb_mi,DTMB MI,5,5. Component Systems,2006,QCEW,4258.335351,15814,0.269276296
sam_mi,dtmb_mi,DTMB MI,6,6. Engineering & Design,2006,QCEW,702.9105062,95510,0.007359549
sam_mi,dtmb_mi,DTMB MI,7,7. Core Automotive,2006,QCEW,213893,213893,1
sam_mi,dtmb_mi,DTMB MI,8,"8. Motor Vehicle Parts, Materials, & Products Sales",2006,QCEW,98829.07437,98829.07437,1
sam_mi,dtmb_mi,DTMB MI,9,"9. Dealers, Maintenance, & Repair",2006,QCEW,68884,68884,1
sam_mi,dtmb_mi,DTMB MI,10,10. Logistics,2006,QCEW,38765,38765,1
sam_mi,dtmb_mi,DTMB MI,1,1. Materials & Processing,2007,QCEW,24394.54566,82139,0.296991023
sam_mi,dtmb_mi,DTMB MI,2,2. Equipment Manufacturing,2007,QCEW,6121.481468,51185,0.119595223
sam_mi,dtmb_mi,DTMB MI,3,3. Forging & Foundries,2007,QCEW,11290.77274,19764,0.571279738
sam_mi,dtmb_mi,DTMB MI,4,4. Parts & Machining,2007,QCEW,14954.38004,48225,0.310096009
sam_mi,dtmb_mi,DTMB MI,5,5. Component Systems,2007,QCEW,4118.463209,15751,0.261473126
sam_mi,dtmb_mi,DTMB MI,6,6. Engineering & Design,2007,QCEW,698.960594,93220,0.007497968
sam_mi,dtmb_mi,DTMB MI,7,7. Core Automotive,2007,QCEW,198068,198068,1
sam_mi,dtmb_mi,DTMB MI,8,"8. Motor Vehicle Parts, Materials, & Products Sales",2007,QCEW,97215.685,97215.685,1
sam_mi,dtmb_mi,DTMB MI,9,"9. Dealers, Maintenance, & Repair",2007,QCEW,66333,66333,1
sam_mi,dtmb_mi,DTMB MI,10,10. Logistics,2007,QCEW,40761,40761,1
sam_mi,dtmb_mi,DTMB MI,1,1. Materials & Processing,2008,QCEW,22980.53767,77593,0.296167665
sam_mi,dtmb_mi,DTMB MI,2,2. Equipment Manufacturing,2008,QCEW,5888.679286,49109,0.119910389
sam_mi,dtmb_mi,DTMB MI,3,3. Forging & Foundries,2008,QCEW,10282.61941,17934,0.57335895
sam_mi,dtmb_mi,DTMB MI,4,4. Parts & Machining,2008,QCEW,14528.85552,46965,0.309354956
sam_mi,dtmb_mi,DTMB MI,5,5. Component Systems,2008,QCEW,4292.290996,15865,0.270550961
sam_mi,dtmb_mi,DTMB MI,6,6. Engineering & Design,2008,QCEW,673.0359223,88873,0.007573008
sam_mi,dtmb_mi,DTMB MI,7,7. Core Automotive,2008,QCEW,167000,167000,1
sam_mi,dtmb_mi,DTMB MI,8,"8. Motor Vehicle Parts, Materials, & Products Sales",2008,QCEW,95828.59295,95828.59295,1
sam_mi,dtmb_mi,DTMB MI,9,"9. Dealers, Maintenance, & Repair",2008,QCEW,63843,63843,1
sam_mi,dtmb_mi,DTMB MI,10,10. Logistics,2008,QCEW,38940,38940,1
sam_mi,dtmb_mi,DTMB MI,1,1. Materials & Processing,2009,QCEW,17615.54464,59620,0.295463681
sam_mi,dtmb_mi,DTMB MI,2,2. Equipment Manufacturing,2009,QCEW,4766.456353,39495,0.120685058
sam_mi,dtmb_mi,DTMB MI,3,3. Forging & Foundries,2009,QCEW,7444.944743,13152,0.5660694
sam_mi,dtmb_mi,DTMB MI,4,4. Parts & Machining,2009,QCEW,11381.08026,37232,0.305680067
sam_mi,dtmb_mi,DTMB MI,5,5. Component Systems,2009,QCEW,3708.358735,13865,0.267461863
sam_mi,dtmb_mi,DTMB MI,6,6. Engineering & Design,2009,QCEW,587.9915569,77775,0.007560161
sam_mi,dtmb_mi,DTMB MI,7,7. Core Automotive,2009,QCEW,122598,122598,1
sam_mi,dtmb_mi,DTMB MI,8,"8. Motor Vehicle Parts, Materials, & Products Sales",2009,QCEW,87246.23037,87246.23037,1
sam_mi,dtmb_mi,DTMB MI,9,"9. Dealers, Maintenance, & Repair",2009,QCEW,58528,58528,1
sam_mi,dtmb_mi,DTMB MI,10,10. Logistics,2009,QCEW,33872,33872,1
sam_mi,dtmb_mi,DTMB MI,1,1. Materials & Processing,2010,QCEW,18899.93778,64137,0.294680727
sam_mi,dtmb_mi,DTMB MI,2,2. Equipment Manufacturing,2010,QCEW,4728.47101,40126,0.117840577
sam_mi,dtmb_mi,DTMB MI,3,3. Forging & Foundries,2010,QCEW,8069.098646,14405,0.560159573
sam_mi,dtmb_mi,DTMB MI,4,4. Parts & Machining,2010,QCEW,12321.6292,40120,0.307119372
sam_mi,dtmb_mi,DTMB MI,5,5. Component Systems,2010,QCEW,3644.743681,13189,0.276347235
sam_mi,dtmb_mi,DTMB MI,6,6. Engineering & Design,2010,QCEW,609.1015191,80680,0.007549597
sam_mi,dtmb_mi,DTMB MI,7,7. Core Automotive,2010,QCEW,126033,126033,1
sam_mi,dtmb_mi,DTMB MI,8,"8. Motor Vehicle Parts, Materials, & Products Sales",2010,QCEW,89086.8125,89086.8125,1
sam_mi,dtmb_mi,DTMB MI,9,"9. Dealers, Maintenance, & Repair",2010,QCEW,57415,57415,1
sam_mi,dtmb_mi,DTMB MI,10,10. Logistics,2010,QCEW,34234,34234,1
sam_mi,dtmb_mi,DTMB MI,1,1. Materials & Processing,2011,QCEW,20536.11974,69846,0.294019983
sam_mi,dtmb_mi,DTMB MI,2,2. Equipment Manufacturing,2011,QCEW,5218.672474,44416,0.117495328
sam_mi,dtmb_mi,DTMB MI,3,3. Forging & Foundries,2011,QCEW,9328.231486,16777,0.556013083
sam_mi,dtmb_mi,DTMB MI,4,4. Parts & Machining,2011,QCEW,13891.08772,44729,0.310561106
sam_mi,dtmb_mi,DTMB MI,5,5. Component Systems,2011,QCEW,4381.646917,14492,0.302349359
sam_mi,dtmb_mi,DTMB MI,6,6. Engineering & Design,2011,QCEW,663.4546497,86598,0.007661316
sam_mi,dtmb_mi,DTMB MI,7,7. Core Automotive,2011,QCEW,137663,137663,1
sam_mi,dtmb_mi,DTMB MI,8,"8. Motor Vehicle Parts, Materials, & Products Sales",2011,QCEW,92585.61085,92585.61085,1
sam_mi,dtmb_mi,DTMB MI,9,"9. Dealers, Maintenance, & Repair",2011,QCEW,58514,58514,1
sam_mi,dtmb_mi,DTMB MI,10,10. Logistics,2011,QCEW,36615,36615,1
sam_mi,dtmb_mi,DTMB MI,1,1. Materials & Processing,2012,QCEW,20874.04374,72219,0.289038116
sam_mi,dtmb_mi,DTMB MI,2,2. Equipment Manufacturing,2012,QCEW,5709.020442,48753,0.117100905
sam_mi,dtmb_mi,DTMB MI,3,3. Forging & Foundries,2012,QCEW,9888.2863,17730,0.557714963
sam_mi,dtmb_mi,DTMB MI,4,4. Parts & Machining,2012,QCEW,14869.70862,47604,0.312362588
sam_mi,dtmb_mi,DTMB MI,5,5. Component Systems,2012,QCEW,4579.766128,15170,0.301896251
sam_mi,dtmb_mi,DTMB MI,6,6. Engineering & Design,2012,QCEW,713.3704627,93379,0.007639517
sam_mi,dtmb_mi,DTMB MI,7,7. Core Automotive,2012,QCEW,150169,150169,1
sam_mi,dtmb_mi,DTMB MI,8,"8. Motor Vehicle Parts, Materials, & Products Sales",2012,QCEW,95608.29067,95608.29067,1
sam_mi,dtmb_mi,DTMB MI,9,"9. Dealers, Maintenance, & Repair",2012,QCEW,60173,60173,1
sam_mi,dtmb_mi,DTMB MI,10,10. Logistics,2012,QCEW,38488,38488,1
sam_mi,dtmb_mi,DTMB MI,1,1. Materials & Processing,2013,QCEW,21753.94493,74741,0.291057718
sam_mi,dtmb_mi,DTMB MI,2,2. Equipment Manufacturing,2013,QCEW,5969.451894,50347,0.118566189
sam_mi,dtmb_mi,DTMB MI,3,3. Forging & Foundries,2013,QCEW,9678.86421,17469,0.554059432
sam_mi,dtmb_mi,DTMB MI,4,4. Parts & Machining,2013,QCEW,15149.99965,48091,0.315027752
sam_mi,dtmb_mi,DTMB MI,5,5. Component Systems,2013,QCEW,4432.149125,15239,0.290842518
sam_mi,dtmb_mi,DTMB MI,6,6. Engineering & Design,2013,QCEW,758.5062954,98826,0.007675169
sam_mi,dtmb_mi,DTMB MI,7,7. Core Automotive,2013,QCEW,160593,160593,1
sam_mi,dtmb_mi,DTMB MI,8,"8. Motor Vehicle Parts, Materials, & Products Sales",2013,QCEW,98503.90548,98503.90548,1
sam_mi,dtmb_mi,DTMB MI,9,"9. Dealers, Maintenance, & Repair",2013,QCEW,61157,61157,1
sam_mi,dtmb_mi,DTMB MI,10,10. Logistics,2013,QCEW,40737,40737,1
sam_mi,dtmb_mi,DTMB MI,1,1. Materials & Processing,2014,QCEW,23003.117,78687,0.292336943
sam_mi,dtmb_mi,DTMB MI,2,2. Equipment Manufacturing,2014,QCEW,6177.456012,51620,0.119671755
sam_mi,dtmb_mi,DTMB MI,3,3. Forging & Foundries,2014,QCEW,9915.100577,17851,0.555436703
sam_mi,dtmb_mi,DTMB MI,4,4. Parts & Machining,2014,QCEW,15846.2048,50307,0.314990057
sam_mi,dtmb_mi,DTMB MI,5,5. Component Systems,2014,QCEW,4533.05101,15439,0.293610403
sam_mi,dtmb_mi,DTMB MI,6,6. Engineering & Design,2014,QCEW,776.8738953,102924,0.007548034
sam_mi,dtmb_mi,DTMB MI,7,7. Core Automotive,2014,QCEW,170363,170363,1
sam_mi,dtmb_mi,DTMB MI,8,"8. Motor Vehicle Parts, Materials, & Products Sales",2014,QCEW,102424.8873,102424.8873,1
sam_mi,dtmb_mi,DTMB MI,9,"9. Dealers, Maintenance, & Repair",2014,QCEW,64200,64200,1
sam_mi,dtmb_mi,DTMB MI,10,10. Logistics,2014,QCEW,43426,43426,1
sam_mi,dtmb_mi,DTMB MI,1,1. Materials & Processing,2015,QCEW,23448.8534,79982,0.293176632
sam_mi,dtmb_mi,DTMB MI,2,2. Equipment Manufacturing,2015,QCEW,6365.532035,52970,0.1201724
sam_mi,dtmb_mi,DTMB MI,3,3. Forging & Foundries,2015,QCEW,9963.247352,18047,0.55207222
sam_mi,dtmb_mi,DTMB MI,4,4. Parts & Machining,2015,QCEW,16512.84515,52603,0.313914513
sam_mi,dtmb_mi,DTMB MI,5,5. Component Systems,2015,QCEW,4992.017393,16676,0.299353406
sam_mi,dtmb_mi,DTMB MI,6,6. Engineering & Design,2015,QCEW,938.655054,117555,0.007984816
sam_mi,dtmb_mi,DTMB MI,7,7. Core Automotive,2015,QCEW,166670,166670,1
sam_mi,dtmb_mi,DTMB MI,8,"8. Motor Vehicle Parts, Materials, & Products Sales",2015,QCEW,104833.717,104833.717,1
sam_mi,dtmb_mi,DTMB MI,9,"9. Dealers, Maintenance, & Repair",2015,QCEW,66784,66784,1
sam_mi,dtmb_mi,DTMB MI,10,10. Logistics,2015,QCEW,45930,45930,1
sam_mi,dtmb_mi,DTMB MI,1,1. Materials & Processing,2016,QCEW,23739.79796,81235,0.29223608
sam_mi,dtmb_mi,DTMB MI,2,2. Equipment Manufacturing,2016,QCEW,6427.853245,53396,0.120380801
sam_mi,dtmb_mi,DTMB MI,3,3. Forging & Foundries,2016,QCEW,10023.45172,18194,0.550920728
sam_mi,dtmb_mi,DTMB MI,4,4. Parts & Machining,2016,QCEW,16367.76462,52458,0.312016558
sam_mi,dtmb_mi,DTMB MI,5,5. Component Systems,2016,QCEW,4955.65388,16542,0.299580092
sam_mi,dtmb_mi,DTMB MI,6,6. Engineering & Design,2016,QCEW,974.8572872,121842,0.008000995
sam_mi,dtmb_mi,DTMB MI,7,7. Core Automotive,2016,QCEW,173344,173344,1
sam_mi,dtmb_mi,DTMB MI,8,"8. Motor Vehicle Parts, Materials, & Products Sales",2016,QCEW,105625.1859,105625.1859,1
sam_mi,dtmb_mi,DTMB MI,9,"9. Dealers, Maintenance, & Repair",2016,QCEW,68358,68358,1
sam_mi,dtmb_mi,DTMB MI,10,10. Logistics,2016,QCEW,46900,46900,1
sam_mi,dtmb_mi,DTMB MI,1,1. Materials & Processing,2017,QCEW,24108.82173,82226,0.293201928
sam_mi,dtmb_mi,DTMB MI,2,2. Equipment Manufacturing,2017,QCEW,6570.844634,54519,0.120523939
sam_mi,dtmb_mi,DTMB MI,3,3. Forging & Foundries,2017,QCEW,10197.75072,18552,0.549684709
sam_mi,dtmb_mi,DTMB MI,4,4. Parts & Machining,2017,QCEW,16139.39663,52257,0.308846597
sam_mi,dtmb_mi,DTMB MI,5,5. Component Systems,2017,QCEW,5074.521584,16794,0.302162771
sam_mi,dtmb_mi,DTMB MI,6,6. Engineering & Design,2017,QCEW,948.5175797,113721,0.008340743
sam_mi,dtmb_mi,DTMB MI,7,7. Core Automotive,2017,QCEW,180711,180711,1
sam_mi,dtmb_mi,DTMB MI,8,"8. Motor Vehicle Parts, Materials, & Products Sales",2017,QCEW,107098.9302,107098.9302,1
sam_mi,dtmb_mi,DTMB MI,9,"9. Dealers, Maintenance, & Repair",2017,QCEW,68500,68500,1
sam_mi,dtmb_mi,DTMB MI,10,10. Logistics,2017,QCEW,46723,46723,1
sam_mi,dtmb_mi,DTMB MI,1,1. Materials & Processing,2018,QCEW,24548.64085,83724,0.293209126
sam_mi,dtmb_mi,DTMB MI,2,2. Equipment Manufacturing,2018,QCEW,6739.387338,55424,0.121596914
sam_mi,dtmb_mi,DTMB MI,3,3. Forging & Foundries,2018,QCEW,10595.13614,19277,0.549625779
sam_mi,dtmb_mi,DTMB MI,4,4. Parts & Machining,2018,QCEW,16414.67444,53718,0.305571213
sam_mi,dtmb_mi,DTMB MI,5,5. Component Systems,2018,QCEW,5353.222206,17376,0.308081388
sam_mi,dtmb_mi,DTMB MI,6,6. Engineering & Design,2018,QCEW,975.529221,116698,0.008359434
sam_mi,dtmb_mi,DTMB MI,7,7. Core Automotive,2018,QCEW,182995,182995,1
sam_mi,dtmb_mi,DTMB MI,8,"8. Motor Vehicle Parts, Materials, & Products Sales",2018,QCEW,110520.0778,110520.0778,1
sam_mi,dtmb_mi,DTMB MI,9,"9. Dealers, Maintenance, & Repair",2018,QCEW,68540,68540,1
sam_mi,dtmb_mi,DTMB MI,10,10. Logistics,2018,QCEW,47502,47502,1
sam_mi,dtmb_mi,DTMB MI,1,1. Materials & Processing,2019,QCEW,24426.35337,83591,0.292212719
sam_mi,dtmb_mi,DTMB MI,2,2. Equipment Manufacturing,2019,QCEW,6576.70413,53502,0.122924454
sam_mi,dtmb_mi,DTMB MI,3,3. Forging & Foundries,2019,QCEW,10542.21836,19271,0.547050924
sam_mi,dtmb_mi,DTMB MI,4,4. Parts & Machining,2019,QCEW,15908.69373,52591,0.302498407
sam_mi,dtmb_mi,DTMB MI,5,5. Component Systems,2019,QCEW,5780.272514,18237,0.316953036
sam_mi,dtmb_mi,DTMB MI,6,6. Engineering & Design,2019,QCEW,972.141431,118343,0.008214609
sam_mi,dtmb_mi,DTMB MI,7,7. Core Automotive,2019,QCEW,180821,180821,1
sam_mi,dtmb_mi,DTMB MI,8,"8. Motor Vehicle Parts, Materials, & Products Sales",2019,QCEW,111801.6657,111801.6657,1
sam_mi,dtmb_mi,DTMB MI,9,"9. Dealers, Maintenance, & Repair",2019,QCEW,68868,68868,1
sam_mi,dtmb_mi,DTMB MI,10,10. Logistics,2019,QCEW,48382,48382,1
sam_mi,dtmb_mi,DTMB MI,1,1. Materials & Processing,2020,QCEW,20793.90897,70950,0.293078351
sam_mi,dtmb_mi,DTMB MI,2,2. Equipment Manufacturing,2020,QCEW,6069.646603,48267,0.125751478
sam_mi,dtmb_mi,DTMB MI,3,3. Forging & Foundries,2020,QCEW,8708.642444,15883,0.548299594
sam_mi,dtmb_mi,DTMB MI,4,4. Parts & Machining,2020,QCEW,13677.9739,45730,0.299102862
sam_mi,dtmb_mi,DTMB MI,5,5. Component Systems,2020,QCEW,5449.419588,16885,0.322737316
sam_mi,dtmb_mi,DTMB MI,6,6. Engineering & Design,2020,QCEW,947.1381094,115403,0.008207223
sam_mi,dtmb_mi,DTMB MI,7,7. Core Automotive,2020,QCEW,154727,154727,1
sam_mi,dtmb_mi,DTMB MI,8,"8. Motor Vehicle Parts, Materials, & Products Sales",2020,QCEW,103058.2354,103058.2354,1
sam_mi,dtmb_mi,DTMB MI,9,"9. Dealers, Maintenance, & Repair",2020,QCEW,62425,62425,1
sam_mi,dtmb_mi,DTMB MI,10,10. Logistics,2020,QCEW,44778,44778,1
sam_mi,dtmb_mi,DTMB MI,1,1. Materials & Processing,2021,QCEW,21220.81779,72517,0.292632318
sam_mi,dtmb_mi,DTMB MI,2,2. Equipment Manufacturing,2021,QCEW,6132.49678,48420,0.126652143
sam_mi,dtmb_mi,DTMB MI,3,3. Forging & Foundries,2021,QCEW,8863.944357,16199,0.547190836
sam_mi,dtmb_mi,DTMB MI,4,4. Parts & Machining,2021,QCEW,14221.98047,47346,0.300383992
sam_mi,dtmb_mi,DTMB MI,5,5. Component Systems,2021,QCEW,5536.350019,17142,0.3229699
sam_mi,dtmb_mi,DTMB MI,6,6. Engineering & Design,2021,QCEW,980.8345274,119483,0.008208988
sam_mi,dtmb_mi,DTMB MI,7,7. Core Automotive,2021,QCEW,174869,174869,1
sam_mi,dtmb_mi,DTMB MI,8,"8. Motor Vehicle Parts, Materials, & Products Sales",2021,QCEW,105546.6236,105546.6236,1
sam_mi,dtmb_mi,DTMB MI,9,"9. Dealers, Maintenance, & Repair",2021,QCEW,66198,66198,1
sam_mi,dtmb_mi,DTMB MI,10,10. Logistics,2021,QCEW,46770,46770,1
sam_mi,dtmb_mi,DTMB MI,1,1. Materials & Processing,2022,QCEW,21422.17723,73289,0.292297306
sam_mi,dtmb_mi,DTMB MI,2,2. Equipment Manufacturing,2022,QCEW,6324.972447,48839,0.129506592
sam_mi,dtmb_mi,DTMB MI,3,3. Forging & Foundries,2022,QCEW,9215.777438,16746,0.550327089
sam_mi,dtmb_mi,DTMB MI,4,4. Parts & Machining,2022,QCEW,14548.30636,48605,0.299317073
sam_mi,dtmb_mi,DTMB MI,5,5. Component Systems,2022,QCEW,5902.349733,17979,0.328291325
sam_mi,dtmb_mi,DTMB MI,6,6. Engineering & Design,2022,QCEW,1002.835428,122404,0.008192832
sam_mi,dtmb_mi,DTMB MI,7,7. Core Automotive,2022,QCEW,177138,177138,1
sam_mi,dtmb_mi,DTMB MI,8,"8. Motor Vehicle Parts, Materials, & Products Sales",2022,QCEW,110573,110573,1
sam_mi,dtmb_mi,DTMB MI,9,"9. Dealers, Maintenance, & Repair",2022,QCEW,67706,67706,1
sam_mi,dtmb_mi,DTMB MI,10,10. Logistics,2022,QCEW,49197,49197,1
sam_mi,dtmb_mi,DTMB MI,1,1. Materials & Processing,2023,QCEW,21625.6694,73569,0.293950841
sam_mi,dtmb_mi,DTMB MI,2,2. Equipment Manufacturing,2023,QCEW,6394.270739,48876,0.130826392
sam_mi,dtmb_mi,DTMB MI,3,3. Forging & Foundries,2023,QCEW,9391.518582,17055,0.55066072
sam_mi,dtmb_mi,DTMB MI,4,4. Parts & Machining,2023,QCEW,15119.80529,50818,0.297528539
sam_mi,dtmb_mi,DTMB MI,5,5. Component Systems,2023,QCEW,6261.752202,18726,0.334388134
sam_mi,dtmb_mi,DTMB MI,6,6. Engineering & Design,2023,QCEW,1018.848095,123111,0.008275849
sam_mi,dtmb_mi,DTMB MI,7,7. Core Automotive,2023,QCEW,179115,179115,1
sam_mi,dtmb_mi,DTMB MI,8,"8. Motor Vehicle Parts, Materials, & Products Sales",2023,QCEW,114410,114410,1
sam_mi,dtmb_mi,DTMB MI,9,"9. Dealers, Maintenance, & Repair",2023,QCEW,69189,69189,1
sam_mi,dtmb_mi,DTMB MI,10,10. Logistics,2023,QCEW,49037,49037,1
sam_mi,dtmb_mi,DTMB MI,1,1. Materials & Processing,2024,QCEW,21247.66879,72604,0.29265149
sam_mi,dtmb_mi,DTMB MI,2,2. Equipment Manufacturing,2024,QCEW,6244.586843,47550,0.131326747
sam_mi,dtmb_mi,DTMB MI,3,3. Forging & Foundries,2024,QCEW,9023.139595,16337,0.552313129
sam_mi,dtmb_mi,DTMB MI,4,4. Parts & Machining,2024,QCEW,14936.44449,50443,0.296105396
sam_mi,dtmb_mi,DTMB MI,5,5. Component Systems,2024,QCEW,5987.024881,18283,0.327464031
sam_mi,dtmb_mi,DTMB MI,6,6. Engineering & Design,2024,QCEW,1032.025505,120207,0.008585403
sam_mi,dtmb_mi,DTMB MI,7,7. Core Automotive,2024,QCEW,173082,173082,1
sam_mi,dtmb_mi,DTMB MI,8,"8. Motor Vehicle Parts, Materials, & Products Sales",2024,QCEW,115340,115340,1
sam_mi,dtmb_mi,DTMB MI,9,"9. Dealers, Maintenance, & Repair",2024,QCEW,69600,69600,1
sam_mi,dtmb_mi,DTMB MI,10,10. Logistics,2024,QCEW,46889,46889,1
sam_mi,dtmb_mi,DTMB MI,1,1. Materials & Processing,2025,Forecast,21171.55674,72359.58113,0.292588161
sam_mi,dtmb_mi,DTMB MI,2,2. Equipment Manufacturing,2025,Forecast,6225.711013,47406.2682,0.131326747
sam_mi,dtmb_mi,DTMB MI,3,3. Forging & Foundries,2025,Forecast,8958.752781,16228.42796,0.552040703
sam_mi,dtmb_mi,DTMB MI,4,4. Parts & Machining,2025,Forecast,14890.15712,50307.62688,0.295982101
sam_mi,dtmb_mi,DTMB MI,5,5. Component Systems,2025,Forecast,5999.655708,18336.96889,0.327189065
sam_mi,dtmb_mi,DTMB MI,6,6. Engineering & Design,2025,Forecast,1040.40144,120831.6271,0.00861034
sam_mi,dtmb_mi,DTMB MI,7,7. Core Automotive,2025,Forecast,172175.9684,172175.9684,1
sam_mi,dtmb_mi,DTMB MI,8,"8. Motor Vehicle Parts, Materials, & Products Sales",2025,Forecast,115039.4678,115039.4678,1
sam_mi,dtmb_mi,DTMB MI,9,"9. Dealers, Maintenance, & Repair",2025,Forecast,69545.31139,69545.31139,1
sam_mi,dtmb_mi,DTMB MI,10,10. Logistics,2025,Forecast,46990.04687,46990.04687,1
sam_mi,dtmb_mi,DTMB MI,1,1. Materials & Processing,2026,Forecast,21095.86578,72116.44906,0.292525021
sam_mi,dtmb_mi,DTMB MI,2,2. Equipment Manufacturing,2026,Forecast,6206.892241,47262.97087,0.131326747
sam_mi,dtmb_mi,DTMB MI,3,3. Forging & Foundries,2026,Forecast,8894.855312,16120.64011,0.551768122
sam_mi,dtmb_mi,DTMB MI,4,4. Parts & Machining,2026,Forecast,14844.12326,50173.07366,0.295858359
sam_mi,dtmb_mi,DTMB MI,5,5. Component Systems,2026,Forecast,6012.554878,18391.51112,0.326920112
sam_mi,dtmb_mi,DTMB MI,6,6. Engineering & Design,2026,Forecast,1048.887923,121461.399,0.008635566
sam_mi,dtmb_mi,DTMB MI,7,7. Core Automotive,2026,Forecast,171274.6797,171274.6797,1
sam_mi,dtmb_mi,DTMB MI,8,"8. Motor Vehicle Parts, Materials, & Products Sales",2026,Forecast,114740.2823,114740.2823,1
sam_mi,dtmb_mi,DTMB MI,9,"9. Dealers, Maintenance, & Repair",2026,Forecast,69490.68313,69490.68313,1
sam_mi,dtmb_mi,DTMB MI,10,10. Logistics,2026,Forecast,47091.3115,47091.3115,1
sam_mi,dtmb_mi,DTMB MI,1,1. Materials & Processing,2027,Forecast,21020.59328,71874.59621,0.292462071
sam_mi,dtmb_mi,DTMB MI,2,2. Equipment Manufacturing,2027,Forecast,6188.130353,47120.1067,0.131326747
sam_mi,dtmb_mi,DTMB MI,3,3. Forging & Foundries,2027,Forecast,8831.443317,16013.63042,0.551495388
sam_mi,dtmb_mi,DTMB MI,4,4. Parts & Machining,2027,Forecast,14798.34194,50039.33732,0.295734171
sam_mi,dtmb_mi,DTMB MI,5,5. Component Systems,2027,Forecast,6025.724698,18446.63148,0.326657184
sam_mi,dtmb_mi,DTMB MI,6,6. Engineering & Design,2027,Forecast,1057.486707,122096.3783,0.008661082
sam_mi,dtmb_mi,DTMB MI,7,7. Core Automotive,2027,Forecast,170378.1089,170378.1089,1
sam_mi,dtmb_mi,DTMB MI,8,"8. Motor Vehicle Parts, Materials, & Products Sales",2027,Forecast,114442.4359,114442.4359,1
sam_mi,dtmb_mi,DTMB MI,9,"9. Dealers, Maintenance, & Repair",2027,Forecast,69436.11514,69436.11514,1
sam_mi,dtmb_mi,DTMB MI,10,10. Logistics,2027,Forecast,47192.79436,47192.79436,1
sam_mi,dtmb_mi,DTMB MI,1,1. Materials & Processing,2028,Forecast,20945.73666,71634.01506,0.292399311
sam_mi,dtmb_mi,DTMB MI,2,2. Equipment Manufacturing,2028,Forecast,6169.425178,46977.67436,0.131326747
sam_mi,dtmb_mi,DTMB MI,3,3. Forging & Foundries,2028,Forecast,8768.512955,15907.39294,0.551222503
sam_mi,dtmb_mi,DTMB MI,4,4. Parts & Machining,2028,Forecast,14752.81218,49906.41491,0.295609537
sam_mi,dtmb_mi,DTMB MI,5,5. Component Systems,2028,Forecast,6039.167497,18502.3348,0.326400293
sam_mi,dtmb_mi,DTMB MI,6,6. Engineering & Design,2028,Forecast,1066.199577,122736.6289,0.00868689
sam_mi,dtmb_mi,DTMB MI,7,7. Core Automotive,2028,Forecast,169486.2314,169486.2314,1
sam_mi,dtmb_mi,DTMB MI,8,"8. Motor Vehicle Parts, Materials, & Products Sales",2028,Forecast,114145.9207,114145.9207,1
sam_mi,dtmb_mi,DTMB MI,9,"9. Dealers, Maintenance, & Repair",2028,Forecast,69381.60734,69381.60734,1
sam_mi,dtmb_mi,DTMB MI,10,10. Logistics,2028,Forecast,47294.49591,47294.49591,1
sam_mi,dtmb_mi,DTMB MI,1,1. Materials & Processing,2029,Forecast,20871.29333,71394.69813,0.29233674
sam_mi,dtmb_mi,DTMB MI,2,2. Equipment Manufacturing,2029,Forecast,6150.776544,46835.67256,0.131326747
sam_mi,dtmb_mi,DTMB MI,3,3. Forging & Foundries,2029,Forecast,8706.060415,15801.92175,0.55094947
sam_mi,dtmb_mi,DTMB MI,4,4. Parts & Machining,2029,Forecast,14707.53303,49774.30345,0.295484457
sam_mi,dtmb_mi,DTMB MI,5,5. Component Systems,2029,Forecast,6052.885629,18558.626,0.326149448
sam_mi,dtmb_mi,DTMB MI,6,6. Engineering & Design,2029,Forecast,1075.028345,123382.2156,0.008712993
sam_mi,dtmb_mi,DTMB MI,7,7. Core Automotive,2029,Forecast,168599.0225,168599.0225,1
sam_mi,dtmb_mi,DTMB MI,8,"8. Motor Vehicle Parts, Materials, & Products Sales",2029,Forecast,113850.7293,113850.7293,1
sam_mi,dtmb_mi,DTMB MI,9,"9. Dealers, Maintenance, & Repair",2029,Forecast,69327.15965,69327.15965,1
sam_mi,dtmb_mi,DTMB MI,10,10. Logistics,2029,Forecast,47396.41663,47396.41663,1
sam_mi,dtmb_mi,DTMB MI,1,1. Materials & Processing,2030,Forecast,20797.26074,71156.638,0.292274359
sam_mi,dtmb_mi,DTMB MI,2,2. Equipment Manufacturing,2030,Forecast,6132.184279,46694.1,0.131326747
sam_mi,dtmb_mi,DTMB MI,3,3. Forging & Foundries,2030,Forecast,8644.08192,15697.211,0.55067629
sam_mi,dtmb_mi,DTMB MI,4,4. Parts & Machining,2030,Forecast,14662.50352,49643,0.295358933
sam_mi,dtmb_mi,DTMB MI,5,5. Component Systems,2030,Forecast,6066.881476,18615.51,0.325904661
sam_mi,dtmb_mi,DTMB MI,6,6. Engineering & Design,2030,Forecast,1083.974855,124033.204,0.008739393
sam_mi,dtmb_mi,DTMB MI,7,7. Core Automotive,2030,Forecast,167716.458,167716.458,1
sam_mi,dtmb_mi,DTMB MI,8,"8. Motor Vehicle Parts, Materials, & Products Sales",2030,Forecast,113556.854,113556.854,1
sam_mi,dtmb_mi,DTMB MI,9,"9. Dealers, Maintenance, & Repair",2030,Forecast,69272.772,69272.772,1
sam_mi,dtmb_mi,DTMB MI,10,10. Logistics,2030,Forecast,47498.557,47498.557,1
sam_mi,dtmb_mi,DTMB MI,1,1. Materials & Processing,2031,Forecast,20723.63635,70919.82731,0.292212166
sam_mi,dtmb_mi,DTMB MI,2,2. Equipment Manufacturing,2031,Forecast,6113.648215,46552.95538,0.131326747
sam_mi,dtmb_mi,DTMB MI,3,3. Forging & Foundries,2031,Forecast,8582.573721,15593.25486,0.550402966
sam_mi,dtmb_mi,DTMB MI,4,4. Parts & Machining,2031,Forecast,14617.72268,49512.50163,0.295232965
sam_mi,dtmb_mi,DTMB MI,5,5. Component Systems,2031,Forecast,6081.157442,18672.99181,0.325665941
sam_mi,dtmb_mi,DTMB MI,6,6. Engineering & Design,2031,Forecast,1093.040981,124689.6608,0.008766092
sam_mi,dtmb_mi,DTMB MI,7,7. Core Automotive,2031,Forecast,166838.5134,166838.5134,1
sam_mi,dtmb_mi,DTMB MI,8,"8. Motor Vehicle Parts, Materials, & Products Sales",2031,Forecast,113264.2872,113264.2872,1
sam_mi,dtmb_mi,DTMB MI,9,"9. Dealers, Maintenance, & Repair",2031,Forecast,69218.44431,69218.44431,1
sam_mi,dtmb_mi,DTMB MI,10,10. Logistics,2031,Forecast,47600.91748,47600.91748,1
sam_mi,dtmb_mi,DTMB MI,1,1. Materials & Processing,2032,Forecast,20650.41763,70684.25874,0.292150162
sam_mi,dtmb_mi,DTMB MI,2,2. Equipment Manufacturing,2032,Forecast,6095.168181,46412.2374,0.131326747
sam_mi,dtmb_mi,DTMB MI,3,3. Forging & Foundries,2032,Forecast,8521.5321,15490.04755,0.550129499
sam_mi,dtmb_mi,DTMB MI,4,4. Parts & Machining,2032,Forecast,14573.18957,49382.80542,0.295106555
sam_mi,dtmb_mi,DTMB MI,5,5. Component Systems,2032,Forecast,6095.715959,18731.07647,0.325433296
sam_mi,dtmb_mi,DTMB MI,6,6. Engineering & Design,2032,Forecast,1102.228628,125351.6538,0.008793092
sam_mi,dtmb_mi,DTMB MI,7,7. Core Automotive,2032,Forecast,165965.1646,165965.1646,1
sam_mi,dtmb_mi,DTMB MI,8,"8. Motor Vehicle Parts, Materials, & Products Sales",2032,Forecast,112973.0215,112973.0215,1
sam_mi,dtmb_mi,DTMB MI,9,"9. Dealers, Maintenance, & Repair",2032,Forecast,69164.17652,69164.17652,1
sam_mi,dtmb_mi,DTMB MI,10,10. Logistics,2032,Forecast,47703.49855,47703.49855,1
sam_mi,dtmb_mi,DTMB MI,1,1. Materials & Processing,2033,Forecast,20577.6021,70449.92503,0.292088346
sam_mi,dtmb_mi,DTMB MI,2,2. Equipment Manufacturing,2033,Forecast,6076.744007,46271.94478,0.131326747
sam_mi,dtmb_mi,DTMB MI,3,3. Forging & Foundries,2033,Forecast,8460.95337,15387.58335,0.549855892
sam_mi,dtmb_mi,DTMB MI,4,4. Parts & Machining,2033,Forecast,14528.90324,49253.90846,0.294979702
sam_mi,dtmb_mi,DTMB MI,5,5. Component Systems,2033,Forecast,6110.559486,18789.76908,0.325206737
sam_mi,dtmb_mi,DTMB MI,6,6. Engineering & Design,2033,Forecast,1111.539733,126019.2516,0.008820396
sam_mi,dtmb_mi,DTMB MI,7,7. Core Automotive,2033,Forecast,165096.3875,165096.3875,1
sam_mi,dtmb_mi,DTMB MI,8,"8. Motor Vehicle Parts, Materials, & Products Sales",2033,Forecast,112683.0493,112683.0493,1
sam_mi,dtmb_mi,DTMB MI,9,"9. Dealers, Maintenance, & Repair",2033,Forecast,69109.96853,69109.96853,1
sam_mi,dtmb_mi,DTMB MI,10,10. Logistics,2033,Forecast,47806.30068,47806.30068,1
sam_mi,dtmb_mi,DTMB MI,1,1. Materials & Processing,2034,Forecast,20505.18726,70216.81895,0.292026719
sam_mi,dtmb_mi,DTMB MI,2,2. Equipment Manufacturing,2034,Forecast,6058.375525,46132.07622,0.131326747
sam_mi,dtmb_mi,DTMB MI,3,3. Forging & Foundries,2034,Forecast,8400.833872,15285.85659,0.549582146
sam_mi,dtmb_mi,DTMB MI,4,4. Parts & Machining,2034,Forecast,14484.86275,49125.80786,0.294852408
sam_mi,dtmb_mi,DTMB MI,5,5. Component Systems,2034,Forecast,6125.690507,18849.07479,0.32498627
sam_mi,dtmb_mi,DTMB MI,6,6. Engineering & Design,2034,Forecast,1120.976265,126692.5239,0.008848006
sam_mi,dtmb_mi,DTMB MI,7,7. Core Automotive,2034,Forecast,164232.1582,164232.1582,1
sam_mi,dtmb_mi,DTMB MI,8,"8. Motor Vehicle Parts, Materials, & Products Sales",2034,Forecast,112394.3634,112394.3634,1
sam_mi,dtmb_mi,DTMB MI,9,"9. Dealers, Maintenance, & Repair",2034,Forecast,69055.82028,69055.82028,1
sam_mi,dtmb_mi,DTMB MI,10,10. Logistics,2034,Forecast,47909.32436,47909.32436,1
sam_mi,moodys_mi,Moody's MI,1,1. Materials & Processing,2001,QCEW,30402.00345,96567,0.314828083
sam_mi,moodys_mi,Moody's MI,2,2. Equipment Manufacturing,2001,QCEW,8381.597087,69888,0.119928988
sam_mi,moodys_mi,Moody's MI,3,3. Forging & Foundries,2001,QCEW,13346.70693,22569,0.59137343
sam_mi,moodys_mi,Moody's MI,4,4. Parts & Machining,2001,QCEW,15908.56355,53878,0.29527012
sam_mi,moodys_mi,Moody's MI,5,5. Component Systems,2001,QCEW,4625.09372,16198,0.285534864
sam_mi,moodys_mi,Moody's MI,6,6. Engineering & Design,2001,QCEW,760.7010813,102457,0.007424589
sam_mi,moodys_mi,Moody's MI,7,7. Core Automotive,2001,QCEW,304333,304333,1
sam_mi,moodys_mi,Moody's MI,8,"8. Motor Vehicle Parts, Materials, & Products Sales",2001,QCEW,107590.1765,107590.1765,1
sam_mi,moodys_mi,Moody's MI,9,"9. Dealers, Maintenance, & Repair",2001,QCEW,75615,75615,1
sam_mi,moodys_mi,Moody's MI,10,10. Logistics,2001,QCEW,36463,36463,1
sam_mi,moodys_mi,Moody's MI,1,1. Materials & Processing,2002,QCEW,28412.12142,90158,0.315136997
sam_mi,moodys_mi,Moody's MI,2,2. Equipment Manufacturing,2002,QCEW,7321.470104,61235,0.119563487
sam_mi,moodys_mi,Moody's MI,3,3. Forging & Foundries,2002,QCEW,12255.34878,20853,0.587701951
sam_mi,moodys_mi,Moody's MI,4,4. Parts & Machining,2002,QCEW,15193.47042,50874,0.298649023
sam_mi,moodys_mi,Moody's MI,5,5. Component Systems,2002,QCEW,4548.832473,15254,0.298205879
sam_mi,moodys_mi,Moody's MI,6,6. Engineering & Design,2002,QCEW,732.387828,102250,0.007162717
sam_mi,moodys_mi,Moody's MI,7,7. Core Automotive,2002,QCEW,283180,283180,1
sam_mi,moodys_mi,Moody's MI,8,"8. Motor Vehicle Parts, Materials, & Products Sales",2002,QCEW,104826.7278,104826.7278,1
sam_mi,moodys_mi,Moody's MI,9,"9. Dealers, Maintenance, & Repair",2002,QCEW,76404,76404,1
sam_mi,moodys_mi,Moody's MI,10,10. Logistics,2002,QCEW,35744,35744,1
sam_mi,moodys_mi,Moody's MI,1,1. Materials & Processing,2003,QCEW,27749.57827,88475,0.313643157
sam_mi,moodys_mi,Moody's MI,2,2. Equipment Manufacturing,2003,QCEW,6925.564339,58385,0.118618898
sam_mi,moodys_mi,Moody's MI,3,3. Forging & Foundries,2003,QCEW,11732.46671,20120,0.583124588
sam_mi,moodys_mi,Moody's MI,4,4. Parts & Machining,2003,QCEW,14944.78079,49178,0.303891594
sam_mi,moodys_mi,Moody's MI,5,5. Component Systems,2003,QCEW,4342.599401,14725,0.294913372
sam_mi,moodys_mi,Moody's MI,6,6. Engineering & Design,2003,QCEW,709.2731274,99969,0.007094931
sam_mi,moodys_mi,Moody's MI,7,7. Core Automotive,2003,QCEW,261958,261958,1
sam_mi,moodys_mi,Moody's MI,8,"8. Motor Vehicle Parts, Materials, & Products Sales",2003,QCEW,102056.93,102056.93,1
sam_mi,moodys_mi,Moody's MI,9,"9. Dealers, Maintenance, & Repair",2003,QCEW,74642,74642,1
sam_mi,moodys_mi,Moody's MI,10,10. Logistics,2003,QCEW,34947,34947,1
sam_mi,moodys_mi,Moody's MI,1,1. Materials & Processing,2004,QCEW,27040.36351,87072,0.310551768
sam_mi,moodys_mi,Moody's MI,2,2. Equipment Manufacturing,2004,QCEW,6748.251814,56958,0.118477682
sam_mi,moodys_mi,Moody's MI,3,3. Forging & Foundries,2004,QCEW,12734.71093,21836,0.583197972
sam_mi,moodys_mi,Moody's MI,4,4. Parts & Machining,2004,QCEW,14984.626,49248,0.304268722
sam_mi,moodys_mi,Moody's MI,5,5. Component Systems,2004,QCEW,4482.971181,14908,0.300709094
sam_mi,moodys_mi,Moody's MI,6,6. Engineering & Design,2004,QCEW,703.4872748,98337,0.007153841
sam_mi,moodys_mi,Moody's MI,7,7. Core Automotive,2004,QCEW,249612,249612,1
sam_mi,moodys_mi,Moody's MI,8,"8. Motor Vehicle Parts, Materials, & Products Sales",2004,QCEW,100039.4028,100039.4028,1
sam_mi,moodys_mi,Moody's MI,9,"9. Dealers, Maintenance, & Repair",2004,QCEW,74365,74365,1
sam_mi,moodys_mi,Moody's MI,10,10. Logistics,2004,QCEW,36028,36028,1
sam_mi,moodys_mi,Moody's MI,1,1. Materials & Processing,2005,QCEW,26662.19257,88546,0.301111203
sam_mi,moodys_mi,Moody's MI,2,2. Equipment Manufacturing,2005,QCEW,6612.348685,55729,0.118651845
sam_mi,moodys_mi,Moody's MI,3,3. Forging & Foundries,2005,QCEW,12505.74454,21459,0.582773873
sam_mi,moodys_mi,Moody's MI,4,4. Parts & Machining,2005,QCEW,15638.4699,50724,0.30830514
sam_mi,moodys_mi,Moody's MI,5,5. Component Systems,2005,QCEW,4384.700351,15615,0.280800535
sam_mi,moodys_mi,Moody's MI,6,6. Engineering & Design,2005,QCEW,717.3347451,97957,0.007322955
sam_mi,moodys_mi,Moody's MI,7,7. Core Automotive,2005,QCEW,232083,232083,1
sam_mi,moodys_mi,Moody's MI,8,"8. Motor Vehicle Parts, Materials, & Products Sales",2005,QCEW,99441.067,99441.067,1
sam_mi,moodys_mi,Moody's MI,9,"9. Dealers, Maintenance, & Repair",2005,QCEW,71952,71952,1
sam_mi,moodys_mi,Moody's MI,10,10. Logistics,2005,QCEW,37382,37382,1
sam_mi,moodys_mi,Moody's MI,1,1. Materials & Processing,2006,QCEW,25513.73721,85620,0.297988054
sam_mi,moodys_mi,Moody's MI,2,2. Equipment Manufacturing,2006,QCEW,6464.63708,54338,0.118970832
sam_mi,moodys_mi,Moody's MI,3,3. Forging & Foundries,2006,QCEW,12066.15366,20882,0.577825575
sam_mi,moodys_mi,Moody's MI,4,4. Parts & Machining,2006,QCEW,15471.29329,50064,0.309030307
sam_mi,moodys_mi,Moody's MI,5,5. Component Systems,2006,QCEW,4258.335351,15814,0.269276296
sam_mi,moodys_mi,Moody's MI,6,6. Engineering & Design,2006,QCEW,702.9105062,95510,0.007359549
sam_mi,moodys_mi,Moody's MI,7,7. Core Automotive,2006,QCEW,213893,213893,1
sam_mi,moodys_mi,Moody's MI,8,"8. Motor Vehicle Parts, Materials, & Products Sales",2006,QCEW,98829.07437,98829.07437,1
sam_mi,moodys_mi,Moody's MI,9,"9. Dealers, Maintenance, & Repair",2006,QCEW,68884,68884,1
sam_mi,moodys_mi,Moody's MI,10,10. Logistics,2006,QCEW,38765,38765,1
sam_mi,moodys_mi,Moody's MI,1,1. Materials & Processing,2007,QCEW,24394.54566,82139,0.296991023
sam_mi,moodys_mi,Moody's MI,2,2. Equipment Manufacturing,2007,QCEW,6121.481468,51185,0.119595223
sam_mi,moodys_mi,Moody's MI,3,3. Forging & Foundries,2007,QCEW,11290.77274,19764,0.571279738
sam_mi,moodys_mi,Moody's MI,4,4. Parts & Machining,2007,QCEW,14954.38004,48225,0.310096009
sam_mi,moodys_mi,Moody's MI,5,5. Component Systems,2007,QCEW,4118.463209,15751,0.261473126
sam_mi,moodys_mi,Moody's MI,6,6. Engineering & Design,2007,QCEW,698.960594,93220,0.007497968
sam_mi,moodys_mi,Moody's MI,7,7. Core Automotive,2007,QCEW,198068,198068,1
sam_mi,moodys_mi,Moody's MI,8,"8. Motor Vehicle Parts, Materials, & Products Sales",2007,QCEW,97215.685,97215.685,1
sam_mi,moodys_mi,Moody's MI,9,"9. Dealers, Maintenance, & Repair",2007,QCEW,66333,66333,1
sam_mi,moodys_mi,Moody's MI,10,10. Logistics,2007,QCEW,40761,40761,1
sam_mi,moodys_mi,Moody's MI,1,1. Materials & Processing,2008,QCEW,22980.53767,77593,0.296167665
sam_mi,moodys_mi,Moody's MI,2,2. Equipment Manufacturing,2008,QCEW,5888.679286,49109,0.119910389
sam_mi,moodys_mi,Moody's MI,3,3. Forging & Foundries,2008,QCEW,10282.61941,17934,0.57335895
sam_mi,moodys_mi,Moody's MI,4,4. Parts & Machining,2008,QCEW,14528.85552,46965,0.309354956
sam_mi,moodys_mi,Moody's MI,5,5. Component Systems,2008,QCEW,4292.290996,15865,0.270550961
sam_mi,moodys_mi,Moody's MI,6,6. Engineering & Design,2008,QCEW,673.0359223,88873,0.007573008
sam_mi,moodys_mi,Moody's MI,7,7. Core Automotive,2008,QCEW,167000,167000,1
sam_mi,moodys_mi,Moody's MI,8,"8. Motor Vehicle Parts, Materials, & Products Sales",2008,QCEW,95828.59295,95828.59295,1
sam_mi,moodys_mi,Moody's MI,9,"9. Dealers, Maintenance, & Repair",2008,QCEW,63843,63843,1
sam_mi,moodys_mi,Moody's MI,10,10. Logistics,2008,QCEW,38940,38940,1
sam_mi,moodys_mi,Moody's MI,1,1. Materials & Processing,2009,QCEW,17615.54464,59620,0.295463681
sam_mi,moodys_mi,Moody's MI,2,2. Equipment Manufacturing,2009,QCEW,4766.456353,39495,0.120685058
sam_mi,moodys_mi,Moody's MI,3,3. Forging & Foundries,2009,QCEW,7444.944743,13152,0.5660694
sam_mi,moodys_mi,Moody's MI,4,4. Parts & Machining,2009,QCEW,11381.08026,37232,0.305680067
sam_mi,moodys_mi,Moody's MI,5,5. Component Systems,2009,QCEW,3708.358735,13865,0.267461863
sam_mi,moodys_mi,Moody's MI,6,6. Engineering & Design,2009,QCEW,587.9915569,77775,0.007560161
sam_mi,moodys_mi,Moody's MI,7,7. Core Automotive,2009,QCEW,122598,122598,1
sam_mi,moodys_mi,Moody's MI,8,"8. Motor Vehicle Parts, Materials, & Products Sales",2009,QCEW,87246.23037,87246.23037,1
sam_mi,moodys_mi,Moody's MI,9,"9. Dealers, Maintenance, & Repair",2009,QCEW,58528,58528,1
sam_mi,moodys_mi,Moody's MI,10,10. Logistics,2009,QCEW,33872,33872,1
sam_mi,moodys_mi,Moody's MI,1,1. Materials & Processing,2010,QCEW,18899.93778,64137,0.294680727
sam_mi,moodys_mi,Moody's MI,2,2. Equipment Manufacturing,2010,QCEW,4728.47101,40126,0.117840577
sam_mi,moodys_mi,Moody's MI,3,3. Forging & Foundries,2010,QCEW,8069.098646,14405,0.560159573
sam_mi,moodys_mi,Moody's MI,4,4. Parts & Machining,2010,QCEW,12321.6292,40120,0.307119372
sam_mi,moodys_mi,Moody's MI,5,5. Component Systems,2010,QCEW,3644.743681,13189,0.276347235
sam_mi,moodys_mi,Moody's MI,6,6. Engineering & Design,2010,QCEW,609.1015191,80680,0.007549597
sam_mi,moodys_mi,Moody's MI,7,7. Core Automotive,2010,QCEW,126033,126033,1
sam_mi,moodys_mi,Moody's MI,8,"8. Motor Vehicle Parts, Materials, & Products Sales",2010,QCEW,89086.8125,89086.8125,1
sam_mi,moodys_mi,Moody's MI,9,"9. Dealers, Maintenance, & Repair",2010,QCEW,57415,57415,1
sam_mi,moodys_mi,Moody's MI,10,10. Logistics,2010,QCEW,34234,34234,1
sam_mi,moodys_mi,Moody's MI,1,1. Materials & Processing,2011,QCEW,20536.11974,69846,0.294019983
sam_mi,moodys_mi,Moody's MI,2,2. Equipment Manufacturing,2011,QCEW,5218.672474,44416,0.117495328
sam_mi,moodys_mi,Moody's MI,3,3. Forging & Foundries,2011,QCEW,9328.231486,16777,0.556013083
sam_mi,moodys_mi,Moody's MI,4,4. Parts & Machining,2011,QCEW,13891.08772,44729,0.310561106
sam_mi,moodys_mi,Moody's MI,5,5. Component Systems,2011,QCEW,4381.646917,14492,0.302349359
sam_mi,moodys_mi,Moody's MI,6,6. Engineering & Design,2011,QCEW,663.4546497,86598,0.007661316
sam_mi,moodys_mi,Moody's MI,7,7. Core Automotive,2011,QCEW,137663,137663,1
sam_mi,moodys_mi,Moody's MI,8,"8. Motor Vehicle Parts, Materials, & Products Sales",2011,QCEW,92585.61085,92585.61085,1
sam_mi,moodys_mi,Moody's MI,9,"9. Dealers, Maintenance, & Repair",2011,QCEW,58514,58514,1
sam_mi,moodys_mi,Moody's MI,10,10. Logistics,2011,QCEW,36615,36615,1
sam_mi,moodys_mi,Moody's MI,1,1. Materials & Processing,2012,QCEW,20874.04374,72219,0.289038116
sam_mi,moodys_mi,Moody's MI,2,2. Equipment Manufacturing,2012,QCEW,5709.020442,48753,0.117100905
sam_mi,moodys_mi,Moody's MI,3,3. Forging & Foundries,2012,QCEW,9888.2863,17730,0.557714963
sam_mi,moodys_mi,Moody's MI,4,4. Parts & Machining,2012,QCEW,14869.70862,47604,0.312362588
sam_mi,moodys_mi,Moody's MI,5,5. Component Systems,2012,QCEW,4579.766128,15170,0.301896251
sam_mi,moodys_mi,Moody's MI,6,6. Engineering & Design,2012,QCEW,713.3704627,93379,0.007639517
sam_mi,moodys_mi,Moody's MI,7,7. Core Automotive,2012,QCEW,150169,150169,1
sam_mi,moodys_mi,Moody's MI,8,"8. Motor Vehicle Parts, Materials, & Products Sales",2012,QCEW,95608.29067,95608.29067,1
sam_mi,moodys_mi,Moody's MI,9,"9. Dealers, Maintenance, & Repair",2012,QCEW,60173,60173,1
sam_mi,moodys_mi,Moody's MI,10,10. Logistics,2012,QCEW,38488,38488,1
sam_mi,moodys_mi,Moody's MI,1,1. Materials & Processing,2013,QCEW,21753.94493,74741,0.291057718
sam_mi,moodys_mi,Moody's MI,2,2. Equipment Manufacturing,2013,QCEW,5969.451894,50347,0.118566189
sam_mi,moodys_mi,Moody's MI,3,3. Forging & Foundries,2013,QCEW,9678.86421,17469,0.554059432
sam_mi,moodys_mi,Moody's MI,4,4. Parts & Machining,2013,QCEW,15149.99965,48091,0.315027752
sam_mi,moodys_mi,Moody's MI,5,5. Component Systems,2013,QCEW,4432.149125,15239,0.290842518
sam_mi,moodys_mi,Moody's MI,6,6. Engineering & Design,2013,QCEW,758.5062954,98826,0.007675169
sam_mi,moodys_mi,Moody's MI,7,7. Core Automotive,2013,QCEW,160593,160593,1
sam_mi,moodys_mi,Moody's MI,8,"8. Motor Vehicle Parts, Materials, & Products Sales",2013,QCEW,98503.90548,98503.90548,1
sam_mi,moodys_mi,Moody's MI,9,"9. Dealers, Maintenance, & Repair",2013,QCEW,61157,61157,1
sam_mi,moodys_mi,Moody's MI,10,10. Logistics,2013,QCEW,40737,40737,1
sam_mi,moodys_mi,Moody's MI,1,1. Materials & Processing,2014,QCEW,23003.117,78687,0.292336943
sam_mi,moodys_mi,Moody's MI,2,2. Equipment Manufacturing,2014,QCEW,6177.456012,51620,0.119671755
sam_mi,moodys_mi,Moody's MI,3,3. Forging & Foundries,2014,QCEW,9915.100577,17851,0.555436703
sam_mi,moodys_mi,Moody's MI,4,4. Parts & Machining,2014,QCEW,15846.2048,50307,0.314990057
sam_mi,moodys_mi,Moody's MI,5,5. Component Systems,2014,QCEW,4533.05101,15439,0.293610403
sam_mi,moodys_mi,Moody's MI,6,6. Engineering & Design,2014,QCEW,776.8738953,102924,0.007548034
sam_mi,moodys_mi,Moody's MI,7,7. Core Automotive,2014,QCEW,170363,170363,1
sam_mi,moodys_mi,Moody's MI,8,"8. Motor Vehicle Parts, Materials, & Products Sales",2014,QCEW,102424.8873,102424.8873,1
sam_mi,moodys_mi,Moody's MI,9,"9. Dealers, Maintenance, & Repair",2014,QCEW,64200,64200,1
sam_mi,moodys_mi,Moody's MI,10,10. Logistics,2014,QCEW,43426,43426,1
sam_mi,moodys_mi,Moody's MI,1,1. Materials & Processing,2015,QCEW,23448.8534,79982,0.293176632
sam_mi,moodys_mi,Moody's MI,2,2. Equipment Manufacturing,2015,QCEW,6365.532035,52970,0.1201724
sam_mi,moodys_mi,Moody's MI,3,3. Forging & Foundries,2015,QCEW,9963.247352,18047,0.55207222
sam_mi,moodys_mi,Moody's MI,4,4. Parts & Machining,2015,QCEW,16512.84515,52603,0.313914513
sam_mi,moodys_mi,Moody's MI,5,5. Component Systems,2015,QCEW,4992.017393,16676,0.299353406
sam_mi,moodys_mi,Moody's MI,6,6. Engineering & Design,2015,QCEW,938.655054,117555,0.007984816
sam_mi,moodys_mi,Moody's MI,7,7. Core Automotive,2015,QCEW,166670,166670,1
sam_mi,moodys_mi,Moody's MI,8,"8. Motor Vehicle Parts, Materials, & Products Sales",2015,QCEW,104833.717,104833.717,1
sam_mi,moodys_mi,Moody's MI,9,"9. Dealers, Maintenance, & Repair",2015,QCEW,66784,66784,1
sam_mi,moodys_mi,Moody's MI,10,10. Logistics,2015,QCEW,45930,45930,1
sam_mi,moodys_mi,Moody's MI,1,1. Materials & Processing,2016,QCEW,23739.79796,81235,0.29223608
sam_mi,moodys_mi,Moody's MI,2,2. Equipment Manufacturing,2016,QCEW,6427.853245,53396,0.120380801
sam_mi,moodys_mi,Moody's MI,3,3. Forging & Foundries,2016,QCEW,10023.45172,18194,0.550920728
sam_mi,moodys_mi,Moody's MI,4,4. Parts & Machining,2016,QCEW,16367.76462,52458,0.312016558
sam_mi,moodys_mi,Moody's MI,5,5. Component Systems,2016,QCEW,4955.65388,16542,0.299580092
sam_mi,moodys_mi,Moody's MI,6,6. Engineering & Design,2016,QCEW,974.8572872,121842,0.008000995
sam_mi,moodys_mi,Moody's MI,7,7. Core Automotive,2016,QCEW,173344,173344,1
sam_mi,moodys_mi,Moody's MI,8,"8. Motor Vehicle Parts, Materials, & Products Sales",2016,QCEW,105625.1859,105625.1859,1
sam_mi,moodys_mi,Moody's MI,9,"9. Dealers, Maintenance, & Repair",2016,QCEW,68358,68358,1
sam_mi,moodys_mi,Moody's MI,10,10. Logistics,2016,QCEW,46900,46900,1
sam_mi,moodys_mi,Moody's MI,1,1. Materials & Processing,2017,QCEW,24108.82173,82226,0.293201928
sam_mi,moodys_mi,Moody's MI,2,2. Equipment Manufacturing,2017,QCEW,6570.844634,54519,0.120523939
sam_mi,moodys_mi,Moody's MI,3,3. Forging & Foundries,2017,QCEW,10197.75072,18552,0.549684709
sam_mi,moodys_mi,Moody's MI,4,4. Parts & Machining,2017,QCEW,16139.39663,52257,0.308846597
sam_mi,moodys_mi,Moody's MI,5,5. Component Systems,2017,QCEW,5074.521584,16794,0.302162771
sam_mi,moodys_mi,Moody's MI,6,6. Engineering & Design,2017,QCEW,948.5175797,113721,0.008340743
sam_mi,moodys_mi,Moody's MI,7,7. Core Automotive,2017,QCEW,180711,180711,1
sam_mi,moodys_mi,Moody's MI,8,"8. Motor Vehicle Parts, Materials, & Products Sales",2017,QCEW,107098.9302,107098.9302,1
sam_mi,moodys_mi,Moody's MI,9,"9. Dealers, Maintenance, & Repair",2017,QCEW,68500,68500,1
sam_mi,moodys_mi,Moody's MI,10,10. Logistics,2017,QCEW,46723,46723,1
sam_mi,moodys_mi,Moody's MI,1,1. Materials & Processing,2018,QCEW,24548.64085,83724,0.293209126
sam_mi,moodys_mi,Moody's MI,2,2. Equipment Manufacturing,2018,QCEW,6739.387338,55424,0.121596914
sam_mi,moodys_mi,Moody's MI,3,3. Forging & Foundries,2018,QCEW,10595.13614,19277,0.549625779
sam_mi,moodys_mi,Moody's MI,4,4. Parts & Machining,2018,QCEW,16414.67444,53718,0.305571213
sam_mi,moodys_mi,Moody's MI,5,5. Component Systems,2018,QCEW,5353.222206,17376,0.308081388
sam_mi,moodys_mi,Moody's MI,6,6. Engineering & Design,2018,QCEW,975.529221,116698,0.008359434
sam_mi,moodys_mi,Moody's MI,7,7. Core Automotive,2018,QCEW,182995,182995,1
sam_mi,moodys_mi,Moody's MI,8,"8. Motor Vehicle Parts, Materials, & Products Sales",2018,QCEW,110520.0778,110520.0778,1
sam_mi,moodys_mi,Moody's MI,9,"9. Dealers, Maintenance, & Repair",2018,QCEW,68540,68540,1
sam_mi,moodys_mi,Moody's MI,10,10. Logistics,2018,QCEW,47502,47502,1
sam_mi,moodys_mi,Moody's MI,1,1. Materials & Processing,2019,QCEW,24426.35337,83591,0.292212719
sam_mi,moodys_mi,Moody's MI,2,2. Equipment Manufacturing,2019,QCEW,6576.70413,53502,0.122924454
sam_mi,moodys_mi,Moody's MI,3,3. Forging & Foundries,2019,QCEW,10542.21836,19271,0.547050924
sam_mi,moodys_mi,Moody's MI,4,4. Parts & Machining,2019,QCEW,15908.69373,52591,0.302498407
sam_mi,moodys_mi,Moody's MI,5,5. Component Systems,2019,QCEW,5780.272514,18237,0.316953036
sam_mi,moodys_mi,Moody's MI,6,6. Engineering & Design,2019,QCEW,972.141431,118343,0.008214609
sam_mi,moodys_mi,Moody's MI,7,7. Core Automotive,2019,QCEW,180821,180821,1
sam_mi,moodys_mi,Moody's MI,8,"8. Motor Vehicle Parts, Materials, & Products Sales",2019,QCEW,111801.6657,111801.6657,1
sam_mi,moodys_mi,Moody's MI,9,"9. Dealers, Maintenance, & Repair",2019,QCEW,68868,68868,1
sam_mi,moodys_mi,Moody's MI,10,10. Logistics,2019,QCEW,48382,48382,1
sam_mi,moodys_mi,Moody's MI,1,1. Materials & Processing,2020,QCEW,20793.90897,70950,0.293078351
sam_mi,moodys_mi,Moody's MI,2,2. Equipment Manufacturing,2020,QCEW,6069.646603,48267,0.125751478
sam_mi,moodys_mi,Moody's MI,3,3. Forging & Foundries,2020,QCEW,8708.642444,15883,0.548299594
sam_mi,moodys_mi,Moody's MI,4,4. Parts & Machining,2020,QCEW,13677.9739,45730,0.299102862
sam_mi,moodys_mi,Moody's MI,5,5. Component Systems,2020,QCEW,5449.419588,16885,0.322737316
sam_mi,moodys_mi,Moody's MI,6,6. Engineering & Design,2020,QCEW,947.1381094,115403,0.008207223
sam_mi,moodys_mi,Moody's MI,7,7. Core Automotive,2020,QCEW,154727,154727,1
sam_mi,moodys_mi,Moody's MI,8,"8. Motor Vehicle Parts, Materials, & Products Sales",2020,QCEW,103058.2354,103058.2354,1
sam_mi,moodys_mi,Moody's MI,9,"9. Dealers, Maintenance, & Repair",2020,QCEW,62425,62425,1
sam_mi,moodys_mi,Moody's MI,10,10. Logistics,2020,QCEW,44778,44778,1
sam_mi,moodys_mi,Moody's MI,1,1. Materials & Processing,2021,QCEW,21220.81779,72517,0.292632318
sam_mi,moodys_mi,Moody's MI,2,2. Equipment Manufacturing,2021,QCEW,6132.49678,48420,0.126652143
sam_mi,moodys_mi,Moody's MI,3,3. Forging & Foundries,2021,QCEW,8863.944357,16199,0.547190836
sam_mi,moodys_mi,Moody's MI,4,4. Parts & Machining,2021,QCEW,14221.98047,47346,0.300383992
sam_mi,moodys_mi,Moody's MI,5,5. Component Systems,2021,QCEW,5536.350019,17142,0.3229699
sam_mi,moodys_mi,Moody's MI,6,6. Engineering & Design,2021,QCEW,980.8345274,119483,0.008208988
sam_mi,moodys_mi,Moody's MI,7,7. Core Automotive,2021,QCEW,174869,174869,1
sam_mi,moodys_mi,Moody's MI,8,"8. Motor Vehicle Parts, Materials, & Products Sales",2021,QCEW,105546.6236,105546.6236,1
sam_mi,moodys_mi,Moody's MI,9,"9. Dealers, Maintenance, & Repair",2021,QCEW,66198,66198,1
sam_mi,moodys_mi,Moody's MI,10,10. Logistics,2021,QCEW,46770,46770,1
sam_mi,moodys_mi,Moody's MI,1,1. Materials & Processing,2022,QCEW,21422.17723,73289,0.292297306
sam_mi,moodys_mi,Moody's MI,2,2. Equipment Manufacturing,2022,QCEW,6324.972447,48839,0.129506592
sam_mi,moodys_mi,Moody's MI,3,3. Forging & Foundries,2022,QCEW,9215.777438,16746,0.550327089
sam_mi,moodys_mi,Moody's MI,4,4. Parts & Machining,2022,QCEW,14548.30636,48605,0.299317073
sam_mi,moodys_mi,Moody's MI,5,5. Component Systems,2022,QCEW,5902.349733,17979,0.328291325
sam_mi,moodys_mi,Moody's MI,6,6. Engineering & Design,2022,QCEW,1002.835428,122404,0.008192832
sam_mi,moodys_mi,Moody's MI,7,7. Core Automotive,2022,QCEW,177138,177138,1
sam_mi,moodys_mi,Moody's MI,8,"8. Motor Vehicle Parts, Materials, & Products Sales",2022,QCEW,110573,110573,1
sam_mi,moodys_mi,Moody's MI,9,"9. Dealers, Maintenance, & Repair",2022,QCEW,67706,67706,1
sam_mi,moodys_mi,Moody's MI,10,10. Logistics,2022,QCEW,49197,49197,1
sam_mi,moodys_mi,Moody's MI,1,1. Materials & Processing,2023,QCEW,21625.6694,73569,0.293950841
sam_mi,moodys_mi,Moody's MI,2,2. Equipment Manufacturing,2023,QCEW,6394.270739,48876,0.130826392
sam_mi,moodys_mi,Moody's MI,3,3. Forging & Foundries,2023,QCEW,9391.518582,17055,0.55066072
sam_mi,moodys_mi,Moody's MI,4,4. Parts & Machining,2023,QCEW,15119.80529,50818,0.297528539
sam_mi,moodys_mi,Moody's MI,5,5. Component Systems,2023,QCEW,6261.752202,18726,0.334388134
sam_mi,moodys_mi,Moody's MI,6,6. Engineering & Design,2023,QCEW,1018.848095,123111,0.008275849
sam_mi,moodys_mi,Moody's MI,7,7. Core Automotive,2023,QCEW,179115,179115,1
sam_mi,moodys_mi,Moody's MI,8,"8. Motor Vehicle Parts, Materials, & Products Sales",2023,QCEW,114410,114410,1
sam_mi,moodys_mi,Moody's MI,9,"9. Dealers, Maintenance, & Repair",2023,QCEW,69189,69189,1
sam_mi,moodys_mi,Moody's MI,10,10. Logistics,2023,QCEW,49037,49037,1
sam_mi,moodys_mi,Moody's MI,1,1. Materials & Processing,2024,QCEW,21247.66879,72604,0.29265149
sam_mi,moodys_mi,Moody's MI,2,2. Equipment Manufacturing,2024,QCEW,6244.586843,47550,0.131326747
sam_mi,moodys_mi,Moody's MI,3,3. Forging & Foundries,2024,QCEW,9023.139595,16337,0.552313129
sam_mi,moodys_mi,Moody's MI,4,4. Parts & Machining,2024,QCEW,14936.44449,50443,0.296105396
sam_mi,moodys_mi,Moody's MI,5,5. Component Systems,2024,QCEW,5987.024881,18283,0.327464031
sam_mi,moodys_mi,Moody's MI,6,6. Engineering & Design,2024,QCEW,1032.025505,120207,0.008585403
sam_mi,moodys_mi,Moody's MI,7,7. Core Automotive,2024,QCEW,173082,173082,1
sam_mi,moodys_mi,Moody's MI,8,"8. Motor Vehicle Parts, Materials, & Products Sales",2024,QCEW,115340,115340,1
sam_mi,moodys_mi,Moody's MI,9,"9. Dealers, Maintenance, & Repair",2024,QCEW,69600,69600,1
sam_mi,moodys_mi,Moody's MI,10,10. Logistics,2024,QCEW,46889,46889,1
sam_mi,moodys_mi,Moody's MI,1,1. Materials & Processing,2025,Forecast,20969.00585,71759.17466,0.292213587
sam_mi,moodys_mi,Moody's MI,2,2. Equipment Manufacturing,2025,Forecast,6220.674291,47184.76028,0.131836514
sam_mi,moodys_mi,Moody's MI,3,3. Forging & Foundries,2025,Forecast,8737.179651,15890.63441,0.549832022
sam_mi,moodys_mi,Moody's MI,4,4. Parts & Machining,2025,Forecast,14812.07461,50081.15614,0.295761435
sam_mi,moodys_mi,Moody's MI,5,5. Component Systems,2025,Forecast,5966.709953,18220.07486,0.327479991
sam_mi,moodys_mi,Moody's MI,6,6. Engineering & Design,2025,Forecast,1034.582375,120925.3936,0.008555543
sam_mi,moodys_mi,Moody's MI,7,7. Core Automotive,2025,Forecast,173104.7726,173104.7726,1
sam_mi,moodys_mi,Moody's MI,8,"8. Motor Vehicle Parts, Materials, & Products Sales",2025,Forecast,115605.1733,115605.1733,1
sam_mi,moodys_mi,Moody's MI,9,"9. Dealers, Maintenance, & Repair",2025,Forecast,69941.22976,69941.22976,1
sam_mi,moodys_mi,Moody's MI,10,10. Logistics,2025,Forecast,45983.58771,45983.58771,1
sam_mi,moodys_mi,Moody's MI,1,1. Materials & Processing,2026,Forecast,20695.61785,70928.34076,0.291782067
sam_mi,moodys_mi,Moody's MI,2,2. Equipment Manufacturing,2026,Forecast,6197.192784,46824.93085,0.132348146
sam_mi,moodys_mi,Moody's MI,3,3. Forging & Foundries,2026,Forecast,8462.66002,15461.4456,0.547339508
sam_mi,moodys_mi,Moody's MI,4,4. Parts & Machining,2026,Forecast,14688.9771,49722.80353,0.295417315
sam_mi,moodys_mi,Moody's MI,5,5. Component Systems,2026,Forecast,5946.63405,18157.67738,0.327499709
sam_mi,moodys_mi,Moody's MI,6,6. Engineering & Design,2026,Forecast,1037.170544,121651.2179,0.008525772
sam_mi,moodys_mi,Moody's MI,7,7. Core Automotive,2026,Forecast,173240.6861,173240.6861,1
sam_mi,moodys_mi,Moody's MI,8,"8. Motor Vehicle Parts, Materials, & Products Sales",2026,Forecast,115872.0163,115872.0163,1
sam_mi,moodys_mi,Moody's MI,9,"9. Dealers, Maintenance, & Repair",2026,Forecast,70285.65812,70285.65812,1
sam_mi,moodys_mi,Moody's MI,10,10. Logistics,2026,Forecast,45096.50959,45096.50959,1
sam_mi,moodys_mi,Moody's MI,1,1. Materials & Processing,2027,Forecast,20427.38563,70111.20301,0.291356941
sam_mi,moodys_mi,Moody's MI,2,2. Equipment Manufacturing,2027,Forecast,6174.136729,46470.43988,0.132861594
sam_mi,moodys_mi,Moody's MI,3,3. Forging & Foundries,2027,Forecast,8199.100336,15048.71748,0.54483715
sam_mi,moodys_mi,Moody's MI,4,4. Parts & Machining,2027,Forecast,14567.13812,49367.90499,0.295073046
sam_mi,moodys_mi,Moody's MI,5,5. Component Systems,2027,Forecast,5926.795657,18095.80469,0.327523189
sam_mi,moodys_mi,Moody's MI,6,6. Engineering & Design,2027,Forecast,1039.79028,122384.5639,0.00849609
sam_mi,moodys_mi,Moody's MI,7,7. Core Automotive,2027,Forecast,173492.4941,173492.4941,1
sam_mi,moodys_mi,Moody's MI,8,"8. Motor Vehicle Parts, Materials, & Products Sales",2027,Forecast,116140.5319,116140.5319,1
sam_mi,moodys_mi,Moody's MI,9,"9. Dealers, Maintenance, & Repair",2027,Forecast,70633.31718,70633.31718,1
sam_mi,moodys_mi,Moody's MI,10,10. Logistics,2027,Forecast,44227.37452,44227.37452,1
sam_mi,moodys_mi,Moody's MI,1,1. Materials & Processing,2028,Forecast,20164.19301,69307.47334,0.290938221
sam_mi,moodys_mi,Moody's MI,2,2. Equipment Manufacturing,2028,Forecast,6151.500605,46121.21653,0.133376807
sam_mi,moodys_mi,Moody's MI,3,3. Forging & Foundries,2028,Forecast,7946.040573,14651.76424,0.542326538
sam_mi,moodys_mi,Moody's MI,4,4. Parts & Machining,2028,Forecast,14446.54393,49016.42373,0.294728641
sam_mi,moodys_mi,Moody's MI,5,5. Component Systems,2028,Forecast,5907.19327,18034.45395,0.327550437
sam_mi,moodys_mi,Moody's MI,6,6. Engineering & Design,2028,Forecast,1042.441855,123125.5243,0.008466497
sam_mi,moodys_mi,Moody's MI,7,7. Core Automotive,2028,Forecast,173863.094,173863.094,1
sam_mi,moodys_mi,Moody's MI,8,"8. Motor Vehicle Parts, Materials, & Products Sales",2028,Forecast,116410.7232,116410.7232,1
sam_mi,moodys_mi,Moody's MI,9,"9. Dealers, Maintenance, & Repair",2028,Forecast,70984.23931,70984.23931,1
sam_mi,moodys_mi,Moody's MI,10,10. Logistics,2028,Forecast,43375.80017,43375.80017,1
sam_mi,moodys_mi,Moody's MI,1,1. Materials & Processing,2029,Forecast,19905.92671,68516.87073,0.290525917
sam_mi,moodys_mi,Moody's MI,2,2. Equipment Manufacturing,2029,Forecast,6129.278967,45777.19089,0.133893733
sam_mi,moodys_mi,Moody's MI,3,3. Forging & Foundries,2029,Forecast,7703.040185,14269.9291,0.539809282
sam_mi,moodys_mi,Moody's MI,4,4. Parts & Machining,2029,Forecast,14327.18098,48668.32339,0.294384108
sam_mi,moodys_mi,Moody's MI,5,5. Component Systems,2029,Forecast,5887.825398,17973.62232,0.327581458
sam_mi,moodys_mi,Moody's MI,6,6. Engineering & Design,2029,Forecast,1045.125543,123874.1929,0.008436992
sam_mi,moodys_mi,Moody's MI,7,7. Core Automotive,2029,Forecast,174355.5327,174355.5327,1
sam_mi,moodys_mi,Moody's MI,8,"8. Motor Vehicle Parts, Materials, & Products Sales",2029,Forecast,116682.5935,116682.5935,1
sam_mi,moodys_mi,Moody's MI,9,"9. Dealers, Maintenance, & Repair",2029,Forecast,71338.45723,71338.45723,1
sam_mi,moodys_mi,Moody's MI,10,10. Logistics,2029,Forecast,42541.41278,42541.41278,1
sam_mi,moodys_mi,Moody's MI,1,1. Materials & Processing,2030,Forecast,19652.47629,67739.121,0.290120037
sam_mi,moodys_mi,Moody's MI,2,2. Equipment Manufacturing,2030,Forecast,6107.466445,45438.294,0.134412319
sam_mi,moodys_mi,Moody's MI,3,3. Forging & Foundries,2030,Forecast,7469.677278,13902.583,0.537287012
sam_mi,moodys_mi,Moody's MI,4,4. Parts & Machining,2030,Forecast,14209.03585,48323.568,0.29403946
sam_mi,moodys_mi,Moody's MI,5,5. Component Systems,2030,Forecast,5868.690563,17913.307,0.327616256
sam_mi,moodys_mi,Moody's MI,6,6. Engineering & Design,2030,Forecast,1047.841623,124630.665,0.008407575
sam_mi,moodys_mi,Moody's MI,7,7. Core Automotive,2030,Forecast,174973.012,174973.012,1
sam_mi,moodys_mi,Moody's MI,8,"8. Motor Vehicle Parts, Materials, & Products Sales",2030,Forecast,116956.146,116956.146,1
sam_mi,moodys_mi,Moody's MI,9,"9. Dealers, Maintenance, & Repair",2030,Forecast,71696.004,71696.004,1
sam_mi,moodys_mi,Moody's MI,10,10. Logistics,2030,Forecast,41723.847,41723.847,1
sam_mi,moodys_mi,Moody's MI,1,1. Materials & Processing,2031,Forecast,19403.73404,66973.95664,0.289720587
sam_mi,moodys_mi,Moody's MI,2,2. Equipment Manufacturing,2031,Forecast,6086.05774,45104.45783,0.134932511
sam_mi,moodys_mi,Moody's MI,3,3. Forging & Foundries,2031,Forecast,7245.54782,13549.12352,0.534761367
sam_mi,moodys_mi,Moody's MI,4,4. Parts & Machining,2031,Forecast,14092.09528,47982.12198,0.293694707
sam_mi,moodys_mi,Moody's MI,5,5. Component Systems,2031,Forecast,5849.787299,17853.5052,0.327654835
sam_mi,moodys_mi,Moody's MI,6,6. Engineering & Design,2031,Forecast,1050.590378,125395.037,0.008378245
sam_mi,moodys_mi,Moody's MI,7,7. Core Automotive,2031,Forecast,175718.8943,175718.8943,1
sam_mi,moodys_mi,Moody's MI,8,"8. Motor Vehicle Parts, Materials, & Products Sales",2031,Forecast,117231.384,117231.384,1
sam_mi,moodys_mi,Moody's MI,9,"9. Dealers, Maintenance, & Repair",2031,Forecast,72056.913,72056.913,1
sam_mi,moodys_mi,Moody's MI,10,10. Logistics,2031,Forecast,40922.74562,40922.74562,1
sam_mi,moodys_mi,Moody's MI,1,1. Materials & Processing,2032,Forecast,19159.59493,66221.11663,0.289327573
sam_mi,moodys_mi,Moody's MI,2,2. Equipment Manufacturing,2032,Forecast,6065.047624,44775.61527,0.135454255
sam_mi,moodys_mi,Moody's MI,3,3. Forging & Foundries,2032,Forecast,7030.264884,13208.9737,0.532233998
sam_mi,moodys_mi,Moody's MI,4,4. Parts & Machining,2032,Forecast,13976.34615,47643.95016,0.293349861
sam_mi,moodys_mi,Moody's MI,5,5. Component Systems,2032,Forecast,5831.114151,17794.21416,0.3276972
sam_mi,moodys_mi,Moody's MI,6,6. Engineering & Design,2032,Forecast,1053.372095,126167.4069,0.008349003
sam_mi,moodys_mi,Moody's MI,7,7. Core Automotive,2032,Forecast,176596.7088,176596.7088,1
sam_mi,moodys_mi,Moody's MI,8,"8. Motor Vehicle Parts, Materials, & Products Sales",2032,Forecast,117508.3108,117508.3108,1
sam_mi,moodys_mi,Moody's MI,9,"9. Dealers, Maintenance, & Repair",2032,Forecast,72421.21794,72421.21794,1
sam_mi,moodys_mi,Moody's MI,10,10. Logistics,2032,Forecast,40137.75944,40137.75944,1
sam_mi,moodys_mi,Moody's MI,1,1. Materials & Processing,2033,Forecast,18919.95652,65480.34628,0.288940997
sam_mi,moodys_mi,Moody's MI,2,2. Equipment Manufacturing,2033,Forecast,6044.430942,44451.70011,0.135977498
sam_mi,moodys_mi,Moody's MI,3,3. Forging & Foundries,2033,Forecast,6823.457921,12881.58094,0.529706559
sam_mi,moodys_mi,Moody's MI,4,4. Parts & Machining,2033,Forecast,13861.77548,47309.01774,0.293004931
sam_mi,moodys_mi,Moody's MI,5,5. Component Systems,2033,Forecast,5812.669679,17735.43113,0.327743354
sam_mi,moodys_mi,Moody's MI,6,6. Engineering & Design,2033,Forecast,1056.187063,126947.874,0.008319848
sam_mi,moodys_mi,Moody's MI,7,7. Core Automotive,2033,Forecast,177610.1581,177610.1581,1
sam_mi,moodys_mi,Moody's MI,8,"8. Motor Vehicle Parts, Materials, & Products Sales",2033,Forecast,117786.93,117786.93,1
sam_mi,moodys_mi,Moody's MI,9,"9. Dealers, Maintenance, & Repair",2033,Forecast,72788.95288,72788.95288,1
sam_mi,moodys_mi,Moody's MI,10,10. Logistics,2033,Forecast,39368.54705,39368.54705,1
sam_mi,moodys_mi,Moody's MI,1,1. Materials & Processing,2034,Forecast,18684.71894,64751.39705,0.288560862
sam_mi,moodys_mi,Moody's MI,2,2. Equipment Manufacturing,2034,Forecast,6024.202606,44132.64703,0.136502182
sam_mi,moodys_mi,Moody's MI,3,3. Forging & Foundries,2034,Forecast,6624.772067,12566.41604,0.527180705
sam_mi,moodys_mi,Moody's MI,4,4. Parts & Machining,2034,Forecast,13748.37046,46977.29032,0.292659929
sam_mi,moodys_mi,Moody's MI,5,5. Component Systems,2034,Forecast,5794.452452,17677.15339,0.3277933
sam_mi,moodys_mi,Moody's MI,6,6. Engineering & Design,2034,Forecast,1059.035578,127736.5389,0.00829078
sam_mi,moodys_mi,Moody's MI,7,7. Core Automotive,2034,Forecast,178763.1243,178763.1243,1
sam_mi,moodys_mi,Moody's MI,8,"8. Motor Vehicle Parts, Materials, & Products Sales",2034,Forecast,118067.245,118067.245,1
sam_mi,moodys_mi,Moody's MI,9,"9. Dealers, Maintenance, & Repair",2034,Forecast,73160.15222,73160.15222,1
sam_mi,moodys_mi,Moody's MI,10,10. Logistics,2034,Forecast,38614.77468,38614.77468,1
sam_mi,moodys_mi_detail,Moody's MI (detail),1,1. Materials & Processing,2024,QCEW,21247.66879,72604,0.29265149
sam_mi,moodys_mi_detail,Moody's MI (detail),2,2. Equipment Manufacturing,2024,QCEW,6244.586843,47550,0.131326747
sam_mi,moodys_mi_detail,Moody's MI (detail),3,3. Forging & Foundries,2024,QCEW,9023.139595,16337,0.552313129
sam_mi,moodys_mi_detail,Moody's MI (detail),4,4. Parts & Machining,2024,QCEW,14936.44449,50443,0.296105396
sam_mi,moodys_mi_detail,Moody's MI (detail),5,5. Component Systems,2024,QCEW,5987.024881,18283,0.327464031
sam_mi,moodys_mi_detail,Moody's MI (detail),6,6. Engineering & Design,2024,QCEW,1032.025505,120207,0.008585403
sam_mi,moodys_mi_detail,Moody's MI (detail),7,7. Core Automotive,2024,QCEW,173082,173082,1
sam_mi,moodys_mi_detail,Moody's MI (detail),8,"8. Motor Vehicle Parts, Materials, & Products Sales",2024,QCEW,115340,115340,1
sam_mi,moodys_mi_detail,Moody's MI (detail),9,"9. Dealers, Maintenance, & Repair",2024,QCEW,69600,69600,1
sam_mi,moodys_mi_detail,Moody's MI (detail),10,10. Logistics,2024,QCEW,46889,46889,1
sam_mi,moodys_mi_detail,Moody's MI (detail),1,1. Materials & Processing,2025,Forecast,20713.34378,70796.98522,0.292573811
sam_mi,moodys_mi_detail,Moody's MI (detail),2,2. Equipment Manufacturing,2025,Forecast,6092.666971,46396.11881,0.131318462
sam_mi,moodys_mi_detail,Moody's MI (detail),3,3. Forging & Foundries,2025,Forecast,8657.995896,15755.84942,0.549509942
sam_mi,moodys_mi_detail,Moody's MI (detail),4,4. Parts & Machining,2025,Forecast,14666.95651,49557.96006,0.295955614
sam_mi,moodys_mi_detail,Moody's MI (detail),5,5. Component Systems,2025,Forecast,5956.343952,18101.39502,0.329054415
sam_mi,moodys_mi_detail,Moody's MI (detail),6,6. Engineering & Design,2025,Forecast,1019.586652,118752.4259,0.008585817
sam_mi,moodys_mi_detail,Moody's MI (detail),7,7. Core Automotive,2025,Forecast,167800.9704,167800.9704,1
sam_mi,moodys_mi_detail,Moody's MI (detail),8,"8. Motor Vehicle Parts, Materials, & Products Sales",2025,Forecast,116326.046,116326.046,1
sam_mi,moodys_mi_detail,Moody's MI (detail),9,"9. Dealers, Maintenance, & Repair",2025,Forecast,70620.15273,70620.15273,1
sam_mi,moodys_mi_detail,Moody's MI (detail),10,10. Logistics,2025,Forecast,47029.10754,47029.10754,1
sam_mi,moodys_mi_detail,Moody's MI (detail),1,1. Materials & Processing,2026,Forecast,20599.62312,70595.20292,0.291799191
sam_mi,moodys_mi_detail,Moody's MI (detail),2,2. Equipment Manufacturing,2026,Forecast,6071.091146,46044.34149,0.131853143
sam_mi,moodys_mi_detail,Moody's MI (detail),3,3. Forging & Foundries,2026,Forecast,8452.819332,15445.43127,0.547269881
sam_mi,moodys_mi_detail,Moody's MI (detail),4,4. Parts & Machining,2026,Forecast,14604.47001,49420.45003,0.295514711
sam_mi,moodys_mi_detail,Moody's MI (detail),5,5. Component Systems,2026,Forecast,5905.859376,18018.73216,0.327762205
sam_mi,moodys_mi_detail,Moody's MI (detail),6,6. Engineering & Design,2026,Forecast,1018.481556,119433.2869,0.008527619
sam_mi,moodys_mi_detail,Moody's MI (detail),7,7. Core Automotive,2026,Forecast,167953.6081,167953.6081,1
sam_mi,moodys_mi_detail,Moody's MI (detail),8,"8. Motor Vehicle Parts, Materials, & Products Sales",2026,Forecast,116282.5006,116282.5006,1
sam_mi,moodys_mi_detail,Moody's MI (detail),9,"9. Dealers, Maintenance, & Repair",2026,Forecast,70755.67927,70755.67927,1
sam_mi,moodys_mi_detail,Moody's MI (detail),10,10. Logistics,2026,Forecast,46067.438,46067.438,1
sam_mi,moodys_mi_detail,Moody's MI (detail),1,1. Materials & Processing,2027,Forecast,20389.93664,69998.41343,0.291291411
sam_mi,moodys_mi_detail,Moody's MI (detail),2,2. Equipment Manufacturing,2027,Forecast,6089.927853,45954.37537,0.132521176
sam_mi,moodys_mi_detail,Moody's MI (detail),3,3. Forging & Foundries,2027,Forecast,8179.904673,15019.7347,0.544610463
sam_mi,moodys_mi_detail,Moody's MI (detail),4,4. Parts & Machining,2027,Forecast,14514.37414,49188.11225,0.295078902
sam_mi,moodys_mi_detail,Moody's MI (detail),5,5. Component Systems,2027,Forecast,5905.723626,18032.74274,0.327500021
sam_mi,moodys_mi_detail,Moody's MI (detail),6,6. Engineering & Design,2027,Forecast,1025.72635,120734.9666,0.008495686
sam_mi,moodys_mi_detail,Moody's MI (detail),7,7. Core Automotive,2027,Forecast,169526.6282,169526.6282,1
sam_mi,moodys_mi_detail,Moody's MI (detail),8,"8. Motor Vehicle Parts, Materials, & Products Sales",2027,Forecast,116342.6427,116342.6427,1
sam_mi,moodys_mi_detail,Moody's MI (detail),9,"9. Dealers, Maintenance, & Repair",2027,Forecast,70694.41782,70694.41782,1
sam_mi,moodys_mi_detail,Moody's MI (detail),10,10. Logistics,2027,Forecast,44881.43812,44881.43812,1
sam_mi,moodys_mi_detail,Moody's MI (detail),1,1. Materials & Processing,2028,Forecast,20164.53069,69327.13784,0.290860568
sam_mi,moodys_mi_detail,Moody's MI (detail),2,2. Equipment Manufacturing,2028,Forecast,6107.480382,45862.91283,0.133168175
sam_mi,moodys_mi_detail,Moody's MI (detail),3,3. Forging & Foundries,2028,Forecast,7935.87936,14640.86865,0.542036101
sam_mi,moodys_mi_detail,Moody's MI (detail),4,4. Parts & Machining,2028,Forecast,14433.07455,48970.85791,0.294727827
sam_mi,moodys_mi_detail,Moody's MI (detail),5,5. Component Systems,2028,Forecast,5904.236172,18019.5347,0.327657527
sam_mi,moodys_mi_detail,Moody's MI (detail),6,6. Engineering & Design,2028,Forecast,1033.875776,122136.3577,0.00846493
sam_mi,moodys_mi_detail,Moody's MI (detail),7,7. Core Automotive,2028,Forecast,171430.8052,171430.8052,1
sam_mi,moodys_mi_detail,Moody's MI (detail),8,"8. Motor Vehicle Parts, Materials, & Products Sales",2028,Forecast,116558.8976,116558.8976,1
sam_mi,moodys_mi_detail,Moody's MI (detail),9,"9. Dealers, Maintenance, & Repair",2028,Forecast,70835.74638,70835.74638,1
sam_mi,moodys_mi_detail,Moody's MI (detail),10,10. Logistics,2028,Forecast,43781.15907,43781.15907,1
sam_mi,moodys_mi_detail,Moody's MI (detail),1,1. Materials & Processing,2029,Forecast,19895.97793,68492.90997,0.290482299
sam_mi,moodys_mi_detail,Moody's MI (detail),2,2. Equipment Manufacturing,2029,Forecast,6106.059915,45637.40937,0.13379506
sam_mi,moodys_mi_detail,Moody's MI (detail),3,3. Forging & Foundries,2029,Forecast,7693.320825,14257.71639,0.539589975
sam_mi,moodys_mi_detail,Moody's MI (detail),4,4. Parts & Machining,2029,Forecast,14320.256,48645.26653,0.294381284
sam_mi,moodys_mi_detail,Moody's MI (detail),5,5. Component Systems,2029,Forecast,5887.419267,17965.28084,0.327710951
sam_mi,moodys_mi_detail,Moody's MI (detail),6,6. Engineering & Design,2029,Forecast,1040.906895,123398.4976,0.008435329
sam_mi,moodys_mi_detail,Moody's MI (detail),7,7. Core Automotive,2029,Forecast,173128.8848,173128.8848,1
sam_mi,moodys_mi_detail,Moody's MI (detail),8,"8. Motor Vehicle Parts, Materials, & Products Sales",2029,Forecast,116740.6538,116740.6538,1
sam_mi,moodys_mi_detail,Moody's MI (detail),9,"9. Dealers, Maintenance, & Repair",2029,Forecast,71159.89952,71159.89952,1
sam_mi,moodys_mi_detail,Moody's MI (detail),10,10. Logistics,2029,Forecast,42724.20381,42724.20381,1
sam_mi,moodys_mi_detail,Moody's MI (detail),1,1. Materials & Processing,2030,Forecast,19649.73515,67725.60787,0.29013745
sam_mi,moodys_mi_detail,Moody's MI (detail),2,2. Equipment Manufacturing,2030,Forecast,6105.364701,45426.52919,0.134400862
sam_mi,moodys_mi_detail,Moody's MI (detail),3,3. Forging & Foundries,2030,Forecast,7470.890076,13903.93948,0.537321821
sam_mi,moodys_mi_detail,Moody's MI (detail),4,4. Parts & Machining,2030,Forecast,14206.88934,48317.30942,0.294033122
sam_mi,moodys_mi_detail,Moody's MI (detail),5,5. Component Systems,2030,Forecast,5870.490278,17913.86605,0.327706496
sam_mi,moodys_mi_detail,Moody's MI (detail),6,6. Engineering & Design,2030,Forecast,1047.992311,124658.887,0.00840688
sam_mi,moodys_mi_detail,Moody's MI (detail),7,7. Core Automotive,2030,Forecast,175004.8843,175004.8843,1
sam_mi,moodys_mi_detail,Moody's MI (detail),8,"8. Motor Vehicle Parts, Materials, & Products Sales",2030,Forecast,116941.3295,116941.3295,1
sam_mi,moodys_mi_detail,Moody's MI (detail),9,"9. Dealers, Maintenance, & Repair",2030,Forecast,71700.70862,71700.70862,1
sam_mi,moodys_mi_detail,Moody's MI (detail),10,10. Logistics,2030,Forecast,41734.77863,41734.77863,1
sam_mi,moodys_mi_detail,Moody's MI (detail),1,1. Materials & Processing,2031,Forecast,19381.57309,66874.29109,0.289820988
sam_mi,moodys_mi_detail,Moody's MI (detail),2,2. Equipment Manufacturing,2031,Forecast,6092.460353,45134.24631,0.134985313
sam_mi,moodys_mi_detail,Moody's MI (detail),3,3. Forging & Foundries,2031,Forecast,7251.186737,13546.44408,0.535283407
sam_mi,moodys_mi_detail,Moody's MI (detail),4,4. Parts & Machining,2031,Forecast,14061.26358,47884.38885,0.293650267
sam_mi,moodys_mi_detail,Moody's MI (detail),5,5. Component Systems,2031,Forecast,5842.800173,17842.69606,0.327461733
sam_mi,moodys_mi_detail,Moody's MI (detail),6,6. Engineering & Design,2031,Forecast,1053.872473,125766.7361,0.00837958
sam_mi,moodys_mi_detail,Moody's MI (detail),7,7. Core Automotive,2031,Forecast,175961.2873,175961.2873,1
sam_mi,moodys_mi_detail,Moody's MI (detail),8,"8. Motor Vehicle Parts, Materials, & Products Sales",2031,Forecast,116994.1045,116994.1045,1
sam_mi,moodys_mi_detail,Moody's MI (detail),9,"9. Dealers, Maintenance, & Repair",2031,Forecast,72168.94583,72168.94583,1
sam_mi,moodys_mi_detail,Moody's MI (detail),10,10. Logistics,2031,Forecast,40691.58218,40691.58218,1
sam_mi,moodys_mi_detail,Moody's MI (detail),1,1. Materials & Processing,2032,Forecast,19033.55628,65737.78444,0.289537538
sam_mi,moodys_mi_detail,Moody's MI (detail),2,2. Equipment Manufacturing,2032,Forecast,6056.852165,44684.02206,0.1355485
sam_mi,moodys_mi_detail,Moody's MI (detail),3,3. Forging & Foundries,2032,Forecast,7017.547117,13154.59506,0.533467361
sam_mi,moodys_mi_detail,Moody's MI (detail),4,4. Parts & Machining,2032,Forecast,13855.32148,47252.3692,0.293219614
sam_mi,moodys_mi_detail,Moody's MI (detail),5,5. Component Systems,2032,Forecast,5793.155082,17720.71602,0.326914278
sam_mi,moodys_mi_detail,Moody's MI (detail),6,6. Engineering & Design,2032,Forecast,1056.495626,126474.7604,0.008353411
sam_mi,moodys_mi_detail,Moody's MI (detail),7,7. Core Automotive,2032,Forecast,175530.4837,175530.4837,1
sam_mi,moodys_mi_detail,Moody's MI (detail),8,"8. Motor Vehicle Parts, Materials, & Products Sales",2032,Forecast,116672.4925,116672.4925,1
sam_mi,moodys_mi_detail,Moody's MI (detail),9,"9. Dealers, Maintenance, & Repair",2032,Forecast,72293.8563,72293.8563,1
sam_mi,moodys_mi_detail,Moody's MI (detail),10,10. Logistics,2032,Forecast,39525.556,39525.556,1
sam_mi,moodys_mi_detail,Moody's MI (detail),1,1. Materials & Processing,2033,Forecast,18616.4354,64353.78127,0.289282697
sam_mi,moodys_mi_detail,Moody's MI (detail),2,2. Equipment Manufacturing,2033,Forecast,6006.243244,44134.35657,0.13608997
sam_mi,moodys_mi_detail,Moody's MI (detail),3,3. Forging & Foundries,2033,Forecast,6772.544085,12734.89708,0.53180988
sam_mi,moodys_mi_detail,Moody's MI (detail),4,4. Parts & Machining,2033,Forecast,13599.7903,46454.1207,0.292757458
sam_mi,moodys_mi_detail,Moody's MI (detail),5,5. Component Systems,2033,Forecast,5728.699476,17558.09748,0.326271083
sam_mi,moodys_mi_detail,Moody's MI (detail),6,6. Engineering & Design,2033,Forecast,1056.773698,126888.4151,0.00832837
sam_mi,moodys_mi_detail,Moody's MI (detail),7,7. Core Automotive,2033,Forecast,174209.9557,174209.9557,1
sam_mi,moodys_mi_detail,Moody's MI (detail),8,"8. Motor Vehicle Parts, Materials, & Products Sales",2033,Forecast,115991.8912,115991.8912,1
sam_mi,moodys_mi_detail,Moody's MI (detail),9,"9. Dealers, Maintenance, & Repair",2033,Forecast,72134.50583,72134.50583,1
sam_mi,moodys_mi_detail,Moody's MI (detail),10,10. Logistics,2033,Forecast,38307.96168,38307.96168,1
sam_mi,moodys_mi_detail,Moody's MI (detail),1,1. Materials & Processing,2034,Forecast,18195.0374,62949.39563,0.289042289
sam_mi,moodys_mi_detail,Moody's MI (detail),2,2. Equipment Manufacturing,2034,Forecast,5947.699021,43538.04275,0.136609242
sam_mi,moodys_mi_detail,Moody's MI (detail),3,3. Forging & Foundries,2034,Forecast,6529.347593,12313.81801,0.530245581
sam_mi,moodys_mi_detail,Moody's MI (detail),4,4. Parts & Machining,2034,Forecast,13327.27639,45597.96963,0.292277847
sam_mi,moodys_mi_detail,Moody's MI (detail),5,5. Component Systems,2034,Forecast,5655.581968,17377.57321,0.325452921
sam_mi,moodys_mi_detail,Moody's MI (detail),6,6. Engineering & Design,2034,Forecast,1056.937663,127273.4329,0.008304464
sam_mi,moodys_mi_detail,Moody's MI (detail),7,7. Core Automotive,2034,Forecast,172479.3654,172479.3654,1
sam_mi,moodys_mi_detail,Moody's MI (detail),8,"8. Motor Vehicle Parts, Materials, & Products Sales",2034,Forecast,115173.3785,115173.3785,1
sam_mi,moodys_mi_detail,Moody's MI (detail),9,"9. Dealers, Maintenance, & Repair",2034,Forecast,71850.24833,71850.24833,1
sam_mi,moodys_mi_detail,Moody's MI (detail),10,10. Logistics,2034,Forecast,37126.00983,37126.00983,1
sam_mi,moodys_us,Moody's US,1,1. Materials & Processing,2001,QCEW,30402.00345,96567,0.314828083
sam_mi,moodys_us,Moody's US,2,2. Equipment Manufacturing,2001,QCEW,8381.597087,69888,0.119928988
sam_mi,moodys_us,Moody's US,3,3. Forging & Foundries,2001,QCEW,13346.70693,22569,0.59137343
sam_mi,moodys_us,Moody's US,4,4. Parts & Machining,2001,QCEW,15908.56355,53878,0.29527012
sam_mi,moodys_us,Moody's US,5,5. Component Systems,2001,QCEW,4625.09372,16198,0.285534864
sam_mi,moodys_us,Moody's US,6,6. Engineering & Design,2001,QCEW,760.7010813,102457,0.007424589
sam_mi,moodys_us,Moody's US,7,7. Core Automotive,2001,QCEW,304333,304333,1
sam_mi,moodys_us,Moody's US,8,"8. Motor Vehicle Parts, Materials, & Products Sales",2001,QCEW,107590.1765,107590.1765,1
sam_mi,moodys_us,Moody's US,9,"9. Dealers, Maintenance, & Repair",2001,QCEW,75615,75615,1
sam_mi,moodys_us,Moody's US,10,10. Logistics,2001,QCEW,36463,36463,1
sam_mi,moodys_us,Moody's US,1,1. Materials & Processing,2002,QCEW,28412.12142,90158,0.315136997
sam_mi,moodys_us,Moody's US,2,2. Equipment Manufacturing,2002,QCEW,7321.470104,61235,0.119563487
sam_mi,moodys_us,Moody's US,3,3. Forging & Foundries,2002,QCEW,12255.34878,20853,0.587701951
sam_mi,moodys_us,Moody's US,4,4. Parts & Machining,2002,QCEW,15193.47042,50874,0.298649023
sam_mi,moodys_us,Moody's US,5,5. Component Systems,2002,QCEW,4548.832473,15254,0.298205879
sam_mi,moodys_us,Moody's US,6,6. Engineering & Design,2002,QCEW,732.387828,102250,0.007162717
sam_mi,moodys_us,Moody's US,7,7. Core Automotive,2002,QCEW,283180,283180,1
sam_mi,moodys_us,Moody's US,8,"8. Motor Vehicle Parts, Materials, & Products Sales",2002,QCEW,104826.7278,104826.7278,1
sam_mi,moodys_us,Moody's US,9,"9. Dealers, Maintenance, & Repair",2002,QCEW,76404,76404,1
sam_mi,moodys_us,Moody's US,10,10. Logistics,2002,QCEW,35744,35744,1
sam_mi,moodys_us,Moody's US,1,1. Materials & Processing,2003,QCEW,27749.57827,88475,0.313643157
sam_mi,moodys_us,Moody's US,2,2. Equipment Manufacturing,2003,QCEW,6925.564339,58385,0.118618898
sam_mi,moodys_us,Moody's US,3,3. Forging & Foundries,2003,QCEW,11732.46671,20120,0.583124588
sam_mi,moodys_us,Moody's US,4,4. Parts & Machining,2003,QCEW,14944.78079,49178,0.303891594
sam_mi,moodys_us,Moody's US,5,5. Component Systems,2003,QCEW,4342.599401,14725,0.294913372
sam_mi,moodys_us,Moody's US,6,6. Engineering & Design,2003,QCEW,709.2731274,99969,0.007094931
sam_mi,moodys_us,Moody's US,7,7. Core Automotive,2003,QCEW,261958,261958,1
sam_mi,moodys_us,Moody's US,8,"8. Motor Vehicle Parts, Materials, & Products Sales",2003,QCEW,102056.93,102056.93,1
sam_mi,moodys_us,Moody's US,9,"9. Dealers, Maintenance, & Repair",2003,QCEW,74642,74642,1
sam_mi,moodys_us,Moody's US,10,10. Logistics,2003,QCEW,34947,34947,1
sam_mi,moodys_us,Moody's US,1,1. Materials & Processing,2004,QCEW,27040.36351,87072,0.310551768
sam_mi,moodys_us,Moody's US,2,2. Equipment Manufacturing,2004,QCEW,6748.251814,56958,0.118477682
sam_mi,moodys_us,Moody's US,3,3. Forging & Foundries,2004,QCEW,12734.71093,21836,0.583197972
sam_mi,moodys_us,Moody's US,4,4. Parts & Machining,2004,QCEW,14984.626,49248,0.304268722
sam_mi,moodys_us,Moody's US,5,5. Component Systems,2004,QCEW,4482.971181,14908,0.300709094
sam_mi,moodys_us,Moody's US,6,6. Engineering & Design,2004,QCEW,703.4872748,98337,0.007153841
sam_mi,moodys_us,Moody's US,7,7. Core Automotive,2004,QCEW,249612,249612,1
sam_mi,moodys_us,Moody's US,8,"8. Motor Vehicle Parts, Materials, & Products Sales",2004,QCEW,100039.4028,100039.4028,1
sam_mi,moodys_us,Moody's US,9,"9. Dealers, Maintenance, & Repair",2004,QCEW,74365,74365,1
sam_mi,moodys_us,Moody's US,10,10. Logistics,2004,QCEW,36028,36028,1
sam_mi,moodys_us,Moody's US,1,1. Materials & Processing,2005,QCEW,26662.19257,88546,0.301111203
sam_mi,moodys_us,Moody's US,2,2. Equipment Manufacturing,2005,QCEW,6612.348685,55729,0.118651845
sam_mi,moodys_us,Moody's US,3,3. Forging & Foundries,2005,QCEW,12505.74454,21459,0.582773873
sam_mi,moodys_us,Moody's US,4,4. Parts & Machining,2005,QCEW,15638.4699,50724,0.30830514
sam_mi,moodys_us,Moody's US,5,5. Component Systems,2005,QCEW,4384.700351,15615,0.280800535
sam_mi,moodys_us,Moody's US,6,6. Engineering & Design,2005,QCEW,717.3347451,97957,0.007322955
sam_mi,moodys_us,Moody's US,7,7. Core Automotive,2005,QCEW,232083,232083,1
sam_mi,moodys_us,Moody's US,8,"8. Motor Vehicle Parts, Materials, & Products Sales",2005,QCEW,99441.067,99441.067,1
sam_mi,moodys_us,Moody's US,9,"9. Dealers, Maintenance, & Repair",2005,QCEW,71952,71952,1
sam_mi,moodys_us,Moody's US,10,10. Logistics,2005,QCEW,37382,37382,1
sam_mi,moodys_us,Moody's US,1,1. Materials & Processing,2006,QCEW,25513.73721,85620,0.297988054
sam_mi,moodys_us,Moody's US,2,2. Equipment Manufacturing,2006,QCEW,6464.63708,54338,0.118970832
sam_mi,moodys_us,Moody's US,3,3. Forging & Foundries,2006,QCEW,12066.15366,20882,0.577825575
sam_mi,moodys_us,Moody's US,4,4. Parts & Machining,2006,QCEW,15471.29329,50064,0.309030307
sam_mi,moodys_us,Moody's US,5,5. Component Systems,2006,QCEW,4258.335351,15814,0.269276296
sam_mi,moodys_us,Moody's US,6,6. Engineering & Design,2006,QCEW,702.9105062,95510,0.007359549
sam_mi,moodys_us,Moody's US,7,7. Core Automotive,2006,QCEW,213893,213893,1
sam_mi,moodys_us,Moody's US,8,"8. Motor Vehicle Parts, Materials, & Products Sales",2006,QCEW,98829.07437,98829.07437,1
sam_mi,moodys_us,Moody's US,9,"9. Dealers, Maintenance, & Repair",2006,QCEW,68884,68884,1
sam_mi,moodys_us,Moody's US,10,10. Logistics,2006,QCEW,38765,38765,1
sam_mi,moodys_us,Moody's US,1,1. Materials & Processing,2007,QCEW,24394.54566,82139,0.296991023
sam_mi,moodys_us,Moody's US,2,2. Equipment Manufacturing,2007,QCEW,6121.481468,51185,0.119595223
sam_mi,moodys_us,Moody's US,3,3. Forging & Foundries,2007,QCEW,11290.77274,19764,0.571279738
sam_mi,moodys_us,Moody's US,4,4. Parts & Machining,2007,QCEW,14954.38004,48225,0.310096009
sam_mi,moodys_us,Moody's US,5,5. Component Systems,2007,QCEW,4118.463209,15751,0.261473126
sam_mi,moodys_us,Moody's US,6,6. Engineering & Design,2007,QCEW,698.960594,93220,0.007497968
sam_mi,moodys_us,Moody's US,7,7. Core Automotive,2007,QCEW,198068,198068,1
sam_mi,moodys_us,Moody's US,8,"8. Motor Vehicle Parts, Materials, & Products Sales",2007,QCEW,97215.685,97215.685,1
sam_mi,moodys_us,Moody's US,9,"9. Dealers, Maintenance, & Repair",2007,QCEW,66333,66333,1
sam_mi,moodys_us,Moody's US,10,10. Logistics,2007,QCEW,40761,40761,1
sam_mi,moodys_us,Moody's US,1,1. Materials & Processing,2008,QCEW,22980.53767,77593,0.296167665
sam_mi,moodys_us,Moody's US,2,2. Equipment Manufacturing,2008,QCEW,5888.679286,49109,0.119910389
sam_mi,moodys_us,Moody's US,3,3. Forging & Foundries,2008,QCEW,10282.61941,17934,0.57335895
sam_mi,moodys_us,Moody's US,4,4. Parts & Machining,2008,QCEW,14528.85552,46965,0.309354956
sam_mi,moodys_us,Moody's US,5,5. Component Systems,2008,QCEW,4292.290996,15865,0.270550961
sam_mi,moodys_us,Moody's US,6,6. Engineering & Design,2008,QCEW,673.0359223,88873,0.007573008
sam_mi,moodys_us,Moody's US,7,7. Core Automotive,2008,QCEW,167000,167000,1
sam_mi,moodys_us,Moody's US,8,"8. Motor Vehicle Parts, Materials, & Products Sales",2008,QCEW,95828.59295,95828.59295,1
sam_mi,moodys_us,Moody's US,9,"9. Dealers, Maintenance, & Repair",2008,QCEW,63843,63843,1
sam_mi,moodys_us,Moody's US,10,10. Logistics,2008,QCEW,38940,38940,1
sam_mi,moodys_us,Moody's US,1,1. Materials & Processing,2009,QCEW,17615.54464,59620,0.295463681
sam_mi,moodys_us,Moody's US,2,2. Equipment Manufacturing,2009,QCEW,4766.456353,39495,0.120685058
sam_mi,moodys_us,Moody's US,3,3. Forging & Foundries,2009,QCEW,7444.944743,13152,0.5660694
sam_mi,moodys_us,Moody's US,4,4. Parts & Machining,2009,QCEW,11381.08026,37232,0.305680067
sam_mi,moodys_us,Moody's US,5,5. Component Systems,2009,QCEW,3708.358735,13865,0.267461863
sam_mi,moodys_us,Moody's US,6,6. Engineering & Design,2009,QCEW,587.9915569,77775,0.007560161
sam_mi,moodys_us,Moody's US,7,7. Core Automotive,2009,QCEW,122598,122598,1
sam_mi,moodys_us,Moody's US,8,"8. Motor Vehicle Parts, Materials, & Products Sales",2009,QCEW,87246.23037,87246.23037,1
sam_mi,moodys_us,Moody's US,9,"9. Dealers, Maintenance, & Repair",2009,QCEW,58528,58528,1
sam_mi,moodys_us,Moody's US,10,10. Logistics,2009,QCEW,33872,33872,1
sam_mi,moodys_us,Moody's US,1,1. Materials & Processing,2010,QCEW,18899.93778,64137,0.294680727
sam_mi,moodys_us,Moody's US,2,2. Equipment Manufacturing,2010,QCEW,4728.47101,40126,0.117840577
sam_mi,moodys_us,Moody's US,3,3. Forging & Foundries,2010,QCEW,8069.098646,14405,0.560159573
sam_mi,moodys_us,Moody's US,4,4. Parts & Machining,2010,QCEW,12321.6292,40120,0.307119372
sam_mi,moodys_us,Moody's US,5,5. Component Systems,2010,QCEW,3644.743681,13189,0.276347235
sam_mi,moodys_us,Moody's US,6,6. Engineering & Design,2010,QCEW,609.1015191,80680,0.007549597
sam_mi,moodys_us,Moody's US,7,7. Core Automotive,2010,QCEW,126033,126033,1
sam_mi,moodys_us,Moody's US,8,"8. Motor Vehicle Parts, Materials, & Products Sales",2010,QCEW,89086.8125,89086.8125,1
sam_mi,moodys_us,Moody's US,9,"9. Dealers, Maintenance, & Repair",2010,QCEW,57415,57415,1
sam_mi,moodys_us,Moody's US,10,10. Logistics,2010,QCEW,34234,34234,1
sam_mi,moodys_us,Moody's US,1,1. Materials & Processing,2011,QCEW,20536.11974,69846,0.294019983
sam_mi,moodys_us,Moody's US,2,2. Equipment Manufacturing,2011,QCEW,5218.672474,44416,0.117495328
sam_mi,moodys_us,Moody's US,3,3. Forging & Foundries,2011,QCEW,9328.231486,16777,0.556013083
sam_mi,moodys_us,Moody's US,4,4. Parts & Machining,2011,QCEW,13891.08772,44729,0.310561106
sam_mi,moodys_us,Moody's US,5,5. Component Systems,2011,QCEW,4381.646917,14492,0.302349359
sam_mi,moodys_us,Moody's US,6,6. Engineering & Design,2011,QCEW,663.4546497,86598,0.007661316
sam_mi,moodys_us,Moody's US,7,7. Core Automotive,2011,QCEW,137663,137663,1
sam_mi,moodys_us,Moody's US,8,"8. Motor Vehicle Parts, Materials, & Products Sales",2011,QCEW,92585.61085,92585.61085,1
sam_mi,moodys_us,Moody's US,9,"9. Dealers, Maintenance, & Repair",2011,QCEW,58514,58514,1
sam_mi,moodys_us,Moody's US,10,10. Logistics,2011,QCEW,36615,36615,1
sam_mi,moodys_us,Moody's US,1,1. Materials & Processing,2012,QCEW,20874.04374,72219,0.289038116
sam_mi,moodys_us,Moody's US,2,2. Equipment Manufacturing,2012,QCEW,5709.020442,48753,0.117100905
sam_mi,moodys_us,Moody's US,3,3. Forging & Foundries,2012,QCEW,9888.2863,17730,0.557714963
sam_mi,moodys_us,Moody's US,4,4. Parts & Machining,2012,QCEW,14869.70862,47604,0.312362588
sam_mi,moodys_us,Moody's US,5,5. Component Systems,2012,QCEW,4579.766128,15170,0.301896251
sam_mi,moodys_us,Moody's US,6,6. Engineering & Design,2012,QCEW,713.3704627,93379,0.007639517
sam_mi,moodys_us,Moody's US,7,7. Core Automotive,2012,QCEW,150169,150169,1
sam_mi,moodys_us,Moody's US,8,"8. Motor Vehicle Parts, Materials, & Products Sales",2012,QCEW,95608.29067,95608.29067,1
sam_mi,moodys_us,Moody's US,9,"9. Dealers, Maintenance, & Repair",2012,QCEW,60173,60173,1
sam_mi,moodys_us,Moody's US,10,10. Logistics,2012,QCEW,38488,38488,1
sam_mi,moodys_us,Moody's US,1,1. Materials & Processing,2013,QCEW,21753.94493,74741,0.291057718
sam_mi,moodys_us,Moody's US,2,2. Equipment Manufacturing,2013,QCEW,5969.451894,50347,0.118566189
sam_mi,moodys_us,Moody's US,3,3. Forging & Foundries,2013,QCEW,9678.86421,17469,0.554059432
sam_mi,moodys_us,Moody's US,4,4. Parts & Machining,2013,QCEW,15149.99965,48091,0.315027752
sam_mi,moodys_us,Moody's US,5,5. Component Systems,2013,QCEW,4432.149125,15239,0.290842518
sam_mi,moodys_us,Moody's US,6,6. Engineering & Design,2013,QCEW,758.5062954,98826,0.007675169
sam_mi,moodys_us,Moody's US,7,7. Core Automotive,2013,QCEW,160593,160593,1
sam_mi,moodys_us,Moody's US,8,"8. Motor Vehicle Parts, Materials, & Products Sales",2013,QCEW,98503.90548,98503.90548,1
sam_mi,moodys_us,Moody's US,9,"9. Dealers, Maintenance, & Repair",2013,QCEW,61157,61157,1
sam_mi,moodys_us,Moody's US,10,10. Logistics,2013,QCEW,40737,40737,1
sam_mi,moodys_us,Moody's US,1,1. Materials & Processing,2014,QCEW,23003.117,78687,0.292336943
sam_mi,moodys_us,Moody's US,2,2. Equipment Manufacturing,2014,QCEW,6177.456012,51620,0.119671755
sam_mi,moodys_us,Moody's US,3,3. Forging & Foundries,2014,QCEW,9915.100577,17851,0.555436703
sam_mi,moodys_us,Moody's US,4,4. Parts & Machining,2014,QCEW,15846.2048,50307,0.314990057
sam_mi,moodys_us,Moody's US,5,5. Component Systems,2014,QCEW,4533.05101,15439,0.293610403
sam_mi,moodys_us,Moody's US,6,6. Engineering & Design,2014,QCEW,776.8738953,102924,0.007548034
sam_mi,moodys_us,Moody's US,7,7. Core Automotive,2014,QCEW,170363,170363,1
sam_mi,moodys_us,Moody's US,8,"8. Motor Vehicle Parts, Materials, & Products Sales",2014,QCEW,102424.8873,102424.8873,1
sam_mi,moodys_us,Moody's US,9,"9. Dealers, Maintenance, & Repair",2014,QCEW,64200,64200,1
sam_mi,moodys_us,Moody's US,10,10. Logistics,2014,QCEW,43426,43426,1
sam_mi,moodys_us,Moody's US,1,1. Materials & Processing,2015,QCEW,23448.8534,79982,0.293176632
sam_mi,moodys_us,Moody's US,2,2. Equipment Manufacturing,2015,QCEW,6365.532035,52970,0.1201724
sam_mi,moodys_us,Moody's US,3,3. Forging & Foundries,2015,QCEW,9963.247352,18047,0.55207222
sam_mi,moodys_us,Moody's US,4,4. Parts & Machining,2015,QCEW,16512.84515,52603,0.313914513
sam_mi,moodys_us,Moody's US,5,5. Component Systems,2015,QCEW,4992.017393,16676,0.299353406
sam_mi,moodys_us,Moody's US,6,6. Engineering & Design,2015,QCEW,938.655054,117555,0.007984816
sam_mi,moodys_us,Moody's US,7,7. Core Automotive,2015,QCEW,166670,166670,1
sam_mi,moodys_us,Moody's US,8,"8. Motor Vehicle Parts, Materials, & Products Sales",2015,QCEW,104833.717,104833.717,1
sam_mi,moodys_us,Moody's US,9,"9. Dealers, Maintenance, & Repair",2015,QCEW,66784,66784,1
sam_mi,moodys_us,Moody's US,10,10. Logistics,2015,QCEW,45930,45930,1
sam_mi,moodys_us,Moody's US,1,1. Materials & Processing,2016,QCEW,23739.79796,81235,0.29223608
sam_mi,moodys_us,Moody's US,2,2. Equipment Manufacturing,2016,QCEW,6427.853245,53396,0.120380801
sam_mi,moodys_us,Moody's US,3,3. Forging & Foundries,2016,QCEW,10023.45172,18194,0.550920728
sam_mi,moodys_us,Moody's US,4,4. Parts & Machining,2016,QCEW,16367.76462,52458,0.312016558
sam_mi,moodys_us,Moody's US,5,5. Component Systems,2016,QCEW,4955.65388,16542,0.299580092
sam_mi,moodys_us,Moody's US,6,6. Engineering & Design,2016,QCEW,974.8572872,121842,0.008000995
sam_mi,moodys_us,Moody's US,7,7. Core Automotive,2016,QCEW,173344,173344,1
sam_mi,moodys_us,Moody's US,8,"8. Motor Vehicle Parts, Materials, & Products Sales",2016,QCEW,105625.1859,105625.1859,1
sam_mi,moodys_us,Moody's US,9,"9. Dealers, Maintenance, & Repair",2016,QCEW,68358,68358,1
sam_mi,moodys_us,Moody's US,10,10. Logistics,2016,QCEW,46900,46900,1
sam_mi,moodys_us,Moody's US,1,1. Materials & Processing,2017,QCEW,24108.82173,82226,0.293201928
sam_mi,moodys_us,Moody's US,2,2. Equipment Manufacturing,2017,QCEW,6570.844634,54519,0.120523939
sam_mi,moodys_us,Moody's US,3,3. Forging & Foundries,2017,QCEW,10197.75072,18552,0.549684709
sam_mi,moodys_us,Moody's US,4,4. Parts & Machining,2017,QCEW,16139.39663,52257,0.308846597
sam_mi,moodys_us,Moody's US,5,5. Component Systems,2017,QCEW,5074.521584,16794,0.302162771
sam_mi,moodys_us,Moody's US,6,6. Engineering & Design,2017,QCEW,948.5175797,113721,0.008340743
sam_mi,moodys_us,Moody's US,7,7. Core Automotive,2017,QCEW,180711,180711,1
sam_mi,moodys_us,Moody's US,8,"8. Motor Vehicle Parts, Materials, & Products Sales",2017,QCEW,107098.9302,107098.9302,1
sam_mi,moodys_us,Moody's US,9,"9. Dealers, Maintenance, & Repair",2017,QCEW,68500,68500,1
sam_mi,moodys_us,Moody's US,10,10. Logistics,2017,QCEW,46723,46723,1
sam_mi,moodys_us,Moody's US,1,1. Materials & Processing,2018,QCEW,24548.64085,83724,0.293209126
sam_mi,moodys_us,Moody's US,2,2. Equipment Manufacturing,2018,QCEW,6739.387338,55424,0.121596914
sam_mi,moodys_us,Moody's US,3,3. Forging & Foundries,2018,QCEW,10595.13614,19277,0.549625779
sam_mi,moodys_us,Moody's US,4,4. Parts & Machining,2018,QCEW,16414.67444,53718,0.305571213
sam_mi,moodys_us,Moody's US,5,5. Component Systems,2018,QCEW,5353.222206,17376,0.308081388
sam_mi,moodys_us,Moody's US,6,6. Engineering & Design,2018,QCEW,975.529221,116698,0.008359434
sam_mi,moodys_us,Moody's US,7,7. Core Automotive,2018,QCEW,182995,182995,1
sam_mi,moodys_us,Moody's US,8,"8. Motor Vehicle Parts, Materials, & Products Sales",2018,QCEW,110520.0778,110520.0778,1
sam_mi,moodys_us,Moody's US,9,"9. Dealers, Maintenance, & Repair",2018,QCEW,68540,68540,1
sam_mi,moodys_us,Moody's US,10,10. Logistics,2018,QCEW,47502,47502,1
sam_mi,moodys_us,Moody's US,1,1. Materials & Processing,2019,QCEW,24426.35337,83591,0.292212719
sam_mi,moodys_us,Moody's US,2,2. Equipment Manufacturing,2019,QCEW,6576.70413,53502,0.122924454
sam_mi,moodys_us,Moody's US,3,3. Forging & Foundries,2019,QCEW,10542.21836,19271,0.547050924
sam_mi,moodys_us,Moody's US,4,4. Parts & Machining,2019,QCEW,15908.69373,52591,0.302498407
sam_mi,moodys_us,Moody's US,5,5. Component Systems,2019,QCEW,5780.272514,18237,0.316953036
sam_mi,moodys_us,Moody's US,6,6. Engineering & Design,2019,QCEW,972.141431,118343,0.008214609
sam_mi,moodys_us,Moody's US,7,7. Core Automotive,2019,QCEW,180821,180821,1
sam_mi,moodys_us,Moody's US,8,"8. Motor Vehicle Parts, Materials, & Products Sales",2019,QCEW,111801.6657,111801.6657,1
sam_mi,moodys_us,Moody's US,9,"9. Dealers, Maintenance, & Repair",2019,QCEW,68868,68868,1
sam_mi,moodys_us,Moody's US,10,10. Logistics,2019,QCEW,48382,48382,1
sam_mi,moodys_us,Moody's US,1,1. Materials & Processing,2020,QCEW,20793.90897,70950,0.293078351
sam_mi,moodys_us,Moody's US,2,2. Equipment Manufacturing,2020,QCEW,6069.646603,48267,0.125751478
sam_mi,moodys_us,Moody's US,3,3. Forging & Foundries,2020,QCEW,8708.642444,15883,0.548299594
sam_mi,moodys_us,Moody's US,4,4. Parts & Machining,2020,QCEW,13677.9739,45730,0.299102862
sam_mi,moodys_us,Moody's US,5,5. Component Systems,2020,QCEW,5449.419588,16885,0.322737316
sam_mi,moodys_us,Moody's US,6,6. Engineering & Design,2020,QCEW,947.1381094,115403,0.008207223
sam_mi,moodys_us,Moody's US,7,7. Core Automotive,2020,QCEW,154727,154727,1
sam_mi,moodys_us,Moody's US,8,"8. Motor Vehicle Parts, Materials, & Products Sales",2020,QCEW,103058.2354,103058.2354,1
sam_mi,moodys_us,Moody's US,9,"9. Dealers, Maintenance, & Repair",2020,QCEW,62425,62425,1
sam_mi,moodys_us,Moody's US,10,10. Logistics,2020,QCEW,44778,44778,1
sam_mi,moodys_us,Moody's US,1,1. Materials & Processing,2021,QCEW,21220.81779,72517,0.292632318
sam_mi,moodys_us,Moody's US,2,2. Equipment Manufacturing,2021,QCEW,6132.49678,48420,0.126652143
sam_mi,moodys_us,Moody's US,3,3. Forging & Foundries,2021,QCEW,8863.944357,16199,0.547190836
sam_mi,moodys_us,Moody's US,4,4. Parts & Machining,2021,QCEW,14221.98047,47346,0.300383992
sam_mi,moodys_us,Moody's US,5,5. Component Systems,2021,QCEW,5536.350019,17142,0.3229699
sam_mi,moodys_us,Moody's US,6,6. Engineering & Design,2021,QCEW,980.8345274,119483,0.008208988
sam_mi,moodys_us,Moody's US,7,7. Core Automotive,2021,QCEW,174869,174869,1
sam_mi,moodys_us,Moody's US,8,"8. Motor Vehicle Parts, Materials, & Products Sales",2021,QCEW,105546.6236,105546.6236,1
sam_mi,moodys_us,Moody's US,9,"9. Dealers, Maintenance, & Repair",2021,QCEW,66198,66198,1
sam_mi,moodys_us,Moody's US,10,10. Logistics,2021,QCEW,46770,46770,1
sam_mi,moodys_us,Moody's US,1,1. Materials & Processing,2022,QCEW,21422.17723,73289,0.292297306
sam_mi,moodys_us,Moody's US,2,2. Equipment Manufacturing,2022,QCEW,6324.972447,48839,0.129506592
sam_mi,moodys_us,Moody's US,3,3. Forging & Foundries,2022,QCEW,9215.777438,16746,0.550327089
sam_mi,moodys_us,Moody's US,4,4. Parts & Machining,2022,QCEW,14548.30636,48605,0.299317073
sam_mi,moodys_us,Moody's US,5,5. Component Systems,2022,QCEW,5902.349733,17979,0.328291325
sam_mi,moodys_us,Moody's US,6,6. Engineering & Design,2022,QCEW,1002.835428,122404,0.008192832
sam_mi,moodys_us,Moody's US,7,7. Core Automotive,2022,QCEW,177138,177138,1
sam_mi,moodys_us,Moody's US,8,"8. Motor Vehicle Parts, Materials, & Products Sales",2022,QCEW,110573,110573,1
sam_mi,moodys_us,Moody's US,9,"9. Dealers, Maintenance, & Repair",2022,QCEW,67706,67706,1
sam_mi,moodys_us,Moody's US,10,10. Logistics,2022,QCEW,49197,49197,1
sam_mi,moodys_us,Moody's US,1,1. Materials & Processing,2023,QCEW,21625.6694,73569,0.293950841
sam_mi,moodys_us,Moody's US,2,2. Equipment Manufacturing,2023,QCEW,6394.270739,48876,0.130826392
sam_mi,moodys_us,Moody's US,3,3. Forging & Foundries,2023,QCEW,9391.518582,17055,0.55066072
sam_mi,moodys_us,Moody's US,4,4. Parts & Machining,2023,QCEW,15119.80529,50818,0.297528539
sam_mi,moodys_us,Moody's US,5,5. Component Systems,2023,QCEW,6261.752202,18726,0.334388134
sam_mi,moodys_us,Moody's US,6,6. Engineering & Design,2023,QCEW,1018.848095,123111,0.008275849
sam_mi,moodys_us,Moody's US,7,7. Core Automotive,2023,QCEW,179115,179115,1
sam_mi,moodys_us,Moody's US,8,"8. Motor Vehicle Parts, Materials, & Products Sales",2023,QCEW,114410,114410,1
sam_mi,moodys_us,Moody's US,9,"9. Dealers, Maintenance, & Repair",2023,QCEW,69189,69189,1
sam_mi,moodys_us,Moody's US,10,10. Logistics,2023,QCEW,49037,49037,1
sam_mi,moodys_us,Moody's US,1,1. Materials & Processing,2024,QCEW,21247.66879,72604,0.29265149
sam_mi,moodys_us,Moody's US,2,2. Equipment Manufacturing,2024,QCEW,6244.586843,47550,0.131326747
sam_mi,moodys_us,Moody's US,3,3. Forging & Foundries,2024,QCEW,9023.139595,16337,0.552313129
sam_mi,moodys_us,Moody's US,4,4. Parts & Machining,2024,QCEW,14936.44449,50443,0.296105396
sam_mi,moodys_us,Moody's US,5,5. Component Systems,2024,QCEW,5987.024881,18283,0.327464031
sam_mi,moodys_us,Moody's US,6,6. Engineering & Design,2024,QCEW,1032.025505,120207,0.008585403
sam_mi,moodys_us,Moody's US,7,7. Core Automotive,2024,QCEW,173082,173082,1
sam_mi,moodys_us,Moody's US,8,"8. Motor Vehicle Parts, Materials, & Products Sales",2024,QCEW,115340,115340,1
sam_mi,moodys_us,Moody's US,9,"9. Dealers, Maintenance, & Repair",2024,QCEW,69600,69600,1
sam_mi,moodys_us,Moody's US,10,10. Logistics,2024,QCEW,46889,46889,1
sam_mi,moodys_us,Moody's US,1,1. Materials & Processing,2025,Forecast,21077.74871,72120.11221,0.292258956
sam_mi,moodys_us,Moody's US,2,2. Equipment Manufacturing,2025,Forecast,6207.371559,47052.01732,0.131925726
sam_mi,moodys_us,Moody's US,3,3. Forging & Foundries,2025,Forecast,8808.955712,16006.43995,0.550338223
sam_mi,moodys_us,Moody's US,4,4. Parts & Machining,2025,Forecast,14815.20078,50088.32389,0.295781524
sam_mi,moodys_us,Moody's US,5,5. Component Systems,2025,Forecast,5958.059478,18230.82649,0.326812363
sam_mi,moodys_us,Moody's US,6,6. Engineering & Design,2025,Forecast,1040.882654,121738.1504,0.008550176
sam_mi,moodys_us,Moody's US,7,7. Core Automotive,2025,Forecast,174334.7588,174334.7588,1
sam_mi,moodys_us,Moody's US,8,"8. Motor Vehicle Parts, Materials, & Products Sales",2025,Forecast,116078.8382,116078.8382,1
sam_mi,moodys_us,Moody's US,9,"9. Dealers, Maintenance, & Repair",2025,Forecast,70079.70053,70079.70053,1
sam_mi,moodys_us,Moody's US,10,10. Logistics,2025,Forecast,45885.14482,45885.14482,1
sam_mi,moodys_us,Moody's US,1,1. Materials & Processing,2026,Forecast,20910.57717,71642.83224,0.291872564
sam_mi,moodys_us,Moody's US,2,2. Equipment Manufacturing,2026,Forecast,6170.844127,46562.82604,0.132527268
sam_mi,moodys_us,Moody's US,3,3. Forging & Foundries,2026,Forecast,8601.384462,15685.77043,0.548355881
sam_mi,moodys_us,Moody's US,4,4. Parts & Machining,2026,Forecast,14695.22736,49737.20056,0.295457468
sam_mi,moodys_us,Moody's US,5,5. Component Systems,2026,Forecast,5929.238175,18178.88522,0.326160713
sam_mi,moodys_us,Moody's US,6,6. Engineering & Design,2026,Forecast,1049.860528,123291.4655,0.008515273
sam_mi,moodys_us,Moody's US,7,7. Core Automotive,2026,Forecast,175703.03,175703.03,1
sam_mi,moodys_us,Moody's US,8,"8. Motor Vehicle Parts, Materials, & Products Sales",2026,Forecast,116823.6457,116823.6457,1
sam_mi,moodys_us,Moody's US,9,"9. Dealers, Maintenance, & Repair",2026,Forecast,70562.85182,70562.85182,1
sam_mi,moodys_us,Moody's US,10,10. Logistics,2026,Forecast,44902.80569,44902.80569,1
sam_mi,moodys_us,Moody's US,1,1. Materials & Processing,2027,Forecast,20746.10486,71172.04456,0.291492327
sam_mi,moodys_us,Moody's US,2,2. Equipment Manufacturing,2027,Forecast,6134.992728,46082.27488,0.133131291
sam_mi,moodys_us,Moody's US,3,3. Forging & Foundries,2027,Forecast,8400.213277,15374.67485,0.54636689
sam_mi,moodys_us,Moody's US,4,4. Parts & Machining,2027,Forecast,14576.51062,49389.59286,0.295133241
sam_mi,moodys_us,Moody's US,5,5. Component Systems,2027,Forecast,5900.560248,18127.17507,0.325509089
sam_mi,moodys_us,Moody's US,6,6. Engineering & Design,2027,Forecast,1058.960789,124867.2772,0.008480691
sam_mi,moodys_us,Moody's US,7,7. Core Automotive,2027,Forecast,177191.6738,177191.6738,1
sam_mi,moodys_us,Moody's US,8,"8. Motor Vehicle Parts, Materials, & Products Sales",2027,Forecast,117574.4643,117574.4643,1
sam_mi,moodys_us,Moody's US,9,"9. Dealers, Maintenance, & Repair",2027,Forecast,71049.4797,71049.4797,1
sam_mi,moodys_us,Moody's US,10,10. Logistics,2027,Forecast,43941.52096,43941.52096,1
sam_mi,moodys_us,Moody's US,1,1. Materials & Processing,2028,Forecast,20584.28353,70707.636,0.291118254
sam_mi,moodys_us,Moody's US,2,2. Equipment Manufacturing,2028,Forecast,6099.805749,45610.21515,0.133737711
sam_mi,moodys_us,Moody's US,3,3. Forging & Foundries,2028,Forecast,8205.236455,15072.84681,0.544372046
sam_mi,moodys_us,Moody's US,4,4. Parts & Machining,2028,Forecast,14459.03712,49045.46403,0.294808856
sam_mi,moodys_us,Moody's US,5,5. Component Systems,2028,Forecast,5872.02498,18075.69489,0.324857496
sam_mi,moodys_us,Moody's US,6,6. Engineering & Design,2028,Forecast,1068.185125,126465.9226,0.008446427
sam_mi,moodys_us,Moody's US,7,7. Core Automotive,2028,Forecast,178805.7826,178805.7826,1
sam_mi,moodys_us,Moody's US,8,"8. Motor Vehicle Parts, Materials, & Products Sales",2028,Forecast,118331.3363,118331.3363,1
sam_mi,moodys_us,Moody's US,9,"9. Dealers, Maintenance, & Repair",2028,Forecast,71539.61017,71539.61017,1
sam_mi,moodys_us,Moody's US,10,10. Logistics,2028,Forecast,43000.83889,43000.83889,1
sam_mi,moodys_us,Moody's US,1,1. Materials & Processing,2029,Forecast,20425.06585,70249.49568,0.290750356
sam_mi,moodys_us,Moody's US,2,2. Equipment Manufacturing,2029,Forecast,6065.271778,45146.50072,0.134346443
sam_mi,moodys_us,Moody's US,3,3. Forging & Foundries,2029,Forecast,8016.254942,14779.98983,0.542372155
sam_mi,moodys_us,Moody's US,4,4. Parts & Machining,2029,Forecast,14342.79353,48704.77774,0.294484324
sam_mi,moodys_us,Moody's US,5,5. Component Systems,2029,Forecast,5843.631655,18024.44358,0.324205939
sam_mi,moodys_us,Moody's US,6,6. Engineering & Design,2029,Forecast,1077.535245,128087.744,0.008412477
sam_mi,moodys_us,Moody's US,7,7. Core Automotive,2029,Forecast,180550.692,180550.692,1
sam_mi,moodys_us,Moody's US,8,"8. Motor Vehicle Parts, Materials, & Products Sales",2029,Forecast,119094.3042,119094.3042,1
sam_mi,moodys_us,Moody's US,9,"9. Dealers, Maintenance, & Repair",2029,Forecast,72033.26947,72033.26947,1
sam_mi,moodys_us,Moody's US,10,10. Logistics,2029,Forecast,42080.31742,42080.31742,1
sam_mi,moodys_us,Moody's US,1,1. Materials & Processing,2030,Forecast,20268.40549,69797.515,0.29038864
sam_mi,moodys_us,Moody's US,2,2. Equipment Manufacturing,2030,Forecast,6031.379597,44690.988,0.134957401
sam_mi,moodys_us,Moody's US,3,3. Forging & Foundries,2030,Forecast,7833.076115,14495.817,0.540368033
sam_mi,moodys_us,Moody's US,4,4. Parts & Machining,2030,Forecast,14227.7667,48367.498,0.294159659
sam_mi,moodys_us,Moody's US,5,5. Component Systems,2030,Forecast,5815.379561,17973.42,0.323554424
sam_mi,moodys_us,Moody's US,6,6. Engineering & Design,2030,Forecast,1087.012883,129733.089,0.008378841
sam_mi,moodys_us,Moody's US,7,7. Core Automotive,2030,Forecast,182431.992,182431.992,1
sam_mi,moodys_us,Moody's US,8,"8. Motor Vehicle Parts, Materials, & Products Sales",2030,Forecast,119863.411,119863.411,1
sam_mi,moodys_us,Moody's US,9,"9. Dealers, Maintenance, & Repair",2030,Forecast,72530.484,72530.484,1
sam_mi,moodys_us,Moody's US,10,10. Logistics,2030,Forecast,41179.524,41179.524,1
sam_mi,moodys_us,Moody's US,1,1. Materials & Processing,2031,Forecast,20114.25702,69351.58754,0.290033116
sam_mi,moodys_us,Moody's US,2,2. Equipment Manufacturing,2031,Forecast,5998.118182,44243.53585,0.135570498
sam_mi,moodys_us,Moody's US,3,3. Forging & Foundries,2031,Forecast,7655.513576,14220.05067,0.538360499
sam_mi,moodys_us,Moody's US,4,4. Parts & Machining,2031,Forecast,14113.94361,48033.58924,0.293834873
sam_mi,moodys_us,Moody's US,5,5. Component Systems,2031,Forecast,5787.267992,17922.62305,0.322902958
sam_mi,moodys_us,Moody's US,6,6. Engineering & Design,2031,Forecast,1096.619797,131402.3107,0.008345514
sam_mi,moodys_us,Moody's US,7,7. Core Automotive,2031,Forecast,184455.539,184455.539,1
sam_mi,moodys_us,Moody's US,8,"8. Motor Vehicle Parts, Materials, & Products Sales",2031,Forecast,120638.7,120638.7,1
sam_mi,moodys_us,Moody's US,9,"9. Dealers, Maintenance, & Repair",2031,Forecast,73031.2804,73031.2804,1
sam_mi,moodys_us,Moody's US,10,10. Logistics,2031,Forecast,40298.03538,40298.03538,1
sam_mi,moodys_us,Moody's US,1,1. Materials & Processing,2032,Forecast,19962.57595,68911.60905,0.289683788
sam_mi,moodys_us,Moody's US,2,2. Equipment Manufacturing,2032,Forecast,5965.4767,43804.00557,0.136185644
sam_mi,moodys_us,Moody's US,3,3. Forging & Foundries,2032,Forecast,7483.386949,13952.42215,0.536350382
sam_mi,moodys_us,Moody's US,4,4. Parts & Machining,2032,Forecast,14001.31136,47703.01626,0.29350998
sam_mi,moodys_us,Moody's US,5,5. Component Systems,2032,Forecast,5759.296243,17872.05162,0.322251545
sam_mi,moodys_us,Moody's US,6,6. Engineering & Design,2032,Forecast,1106.357772,133095.7676,0.008312494
sam_mi,moodys_us,Moody's US,7,7. Core Automotive,2032,Forecast,186627.4683,186627.4683,1
sam_mi,moodys_us,Moody's US,8,"8. Motor Vehicle Parts, Materials, & Products Sales",2032,Forecast,121420.215,121420.215,1
sam_mi,moodys_us,Moody's US,9,"9. Dealers, Maintenance, & Repair",2032,Forecast,73535.6855,73535.6855,1
sam_mi,moodys_us,Moody's US,10,10. Logistics,2032,Forecast,39435.43739,39435.43739,1
sam_mi,moodys_us,Moody's US,1,1. Materials & Processing,2033,Forecast,19813.31868,68477.4774,0.289340663
sam_mi,moodys_us,Moody's US,2,2. Equipment Manufacturing,2033,Forecast,5933.444505,43372.26085,0.136802749
sam_mi,moodys_us,Moody's US,3,3. Forging & Foundries,2033,Forecast,7316.521687,13692.67143,0.534338513
sam_mi,moodys_us,Moody's US,4,4. Parts & Machining,2033,Forecast,13889.85722,47375.74423,0.293184993
sam_mi,moodys_us,Moody's US,5,5. Component Systems,2033,Forecast,5731.463613,17821.70462,0.321600191
sam_mi,moodys_us,Moody's US,6,6. Engineering & Design,2033,Forecast,1116.228617,134813.8239,0.008279779
sam_mi,moodys_us,Moody's US,7,7. Core Automotive,2033,Forecast,188954.2069,188954.2069,1
sam_mi,moodys_us,Moody's US,8,"8. Motor Vehicle Parts, Materials, & Products Sales",2033,Forecast,122208.0001,122208.0001,1
sam_mi,moodys_us,Moody's US,9,"9. Dealers, Maintenance, & Repair",2033,Forecast,74043.72633,74043.72633,1
sam_mi,moodys_us,Moody's US,10,10. Logistics,2033,Forecast,38591.32475,38591.32475,1
sam_mi,moodys_us,Moody's US,1,1. Materials & Processing,2034,Forecast,19666.44248,68049.0925,0.289003744
sam_mi,moodys_us,Moody's US,2,2. Equipment Manufacturing,2034,Forecast,5902.011131,42948.16774,0.137421721
sam_mi,moodys_us,Moody's US,3,3. Forging & Foundries,2034,Forecast,7154.748882,13440.54692,0.532325725
sam_mi,moodys_us,Moody's US,4,4. Parts & Machining,2034,Forecast,13779.5686,47051.73871,0.292859924
sam_mi,moodys_us,Moody's US,5,5. Component Systems,2034,Forecast,5703.769405,17771.58093,0.320948903
sam_mi,moodys_us,Moody's US,6,6. Engineering & Design,2034,Forecast,1126.234166,136556.8494,0.008247365
sam_mi,moodys_us,Moody's US,7,7. Core Automotive,2034,Forecast,191442.4871,191442.4871,1
sam_mi,moodys_us,Moody's US,8,"8. Motor Vehicle Parts, Materials, & Products Sales",2034,Forecast,123002.0999,123002.0999,1
sam_mi,moodys_us,Moody's US,9,"9. Dealers, Maintenance, & Repair",2034,Forecast,74555.43016,74555.43016,1
sam_mi,moodys_us,Moody's US,10,10. Logistics,2034,Forecast,37765.30089,37765.30089,1
sam_mi,bls_us,BLS US,11,Upstream + Core Automotive,2001,QCEW,377757.6658,665890,0.5672974
sam_mi,bls_us,BLS US,11,Upstream + Core Automotive,2002,QCEW,351643.631,623804,0.563708522
sam_mi,bls_us,BLS US,11,Upstream + Core Automotive,2003,QCEW,328362.2626,592810,0.553908103
sam_mi,bls_us,BLS US,11,Upstream + Core Automotive,2004,QCEW,316306.4107,577971,0.547270383
sam_mi,bls_us,BLS US,11,Upstream + Core Automotive,2005,QCEW,298603.7908,562113,0.531216661
sam_mi,bls_us,BLS US,11,Upstream + Core Automotive,2006,QCEW,278370.0671,536121,0.519229926
sam_mi,bls_us,BLS US,11,Upstream + Core Automotive,2007,QCEW,259646.6037,508352,0.510761448
sam_mi,bls_us,BLS US,11,Upstream + Core Automotive,2008,QCEW,225646.0188,463339,0.48699984
sam_mi,bls_us,BLS US,11,Upstream + Core Automotive,2009,QCEW,168102.3763,363737,0.462153634
sam_mi,bls_us,BLS US,11,Upstream + Core Automotive,2010,QCEW,174305.9818,378690,0.46028673
sam_mi,bls_us,BLS US,11,Upstream + Core Automotive,2011,QCEW,191682.213,414521,0.462418582
sam_mi,bls_us,BLS US,11,Upstream + Core Automotive,2012,QCEW,206803.1957,445024,0.46470122
sam_mi,bls_us,BLS US,11,Upstream + Core Automotive,2013,QCEW,218335.9161,465306,0.46923082
sam_mi,bls_us,BLS US,11,Upstream + Core Automotive,2014,QCEW,230614.8033,487191,0.473356042
sam_mi,bls_us,BLS US,11,Upstream + Core Automotive,2015,QCEW,228891.1504,504503,0.453696312
sam_mi,bls_us,BLS US,11,Upstream + Core Automotive,2016,QCEW,235833.3787,517011,0.4561477
sam_mi,bls_us,BLS US,11,Upstream + Core Automotive,2017,QCEW,243750.8529,518780,0.46985399
sam_mi,bls_us,BLS US,11,Upstream + Core Automotive,2018,QCEW,247621.5902,529212,0.467906227
sam_mi,bls_us,BLS US,11,Upstream + Core Automotive,2019,QCEW,245027.3835,526356,0.465516463
sam_mi,bls_us,BLS US,11,Upstream + Core Automotive,2020,QCEW,210373.7296,467845,0.449665444
sam_mi,bls_us,BLS US,11,Upstream + Core Automotive,2021,QCEW,231825.4239,495976,0.467412584
sam_mi,bls_us,BLS US,11,Upstream + Core Automotive,2022,QCEW,235554.4186,505000,0.466444393
sam_mi,bls_us,BLS US,11,Upstream + Core Automotive,2023,QCEW,238926.8643,511270,0.467320328
sam_mi,bls_us,BLS US,11,Upstream + Core Automotive,2024,QCEW,231552.8901,498506,0.464493687
sam_mi,bls_us,BLS US,11,Upstream + Core Automotive,2025,Forecast,228794.7381,496099.7086,0.461187004
sam_mi,bls_us,BLS US,11,Upstream + Core Automotive,2026,Forecast,226116.0257,493783.7865,0.457925173
sam_mi,bls_us,BLS US,11,Upstream + Core Automotive,2027,Forecast,223514.9367,491556.4416,0.45470859
sam_mi,bls_us,BLS US,11,Upstream + Core Automotive,2028,Forecast,220989.7023,489415.931,0.451537615
sam_mi,bls_us,BLS US,11,Upstream + Core Automotive,2029,Forecast,218538.6001,487360.5601,0.448412568
sam_mi,bls_us,BLS US,11,Upstream + Core Automotive,2030,Forecast,216159.9527,485388.681,0.445333732
sam_mi,bls_us,BLS US,11,Upstream + Core Automotive,2031,Forecast,213852.1268,483498.6919,0.442301356
sam_mi,bls_us,BLS US,11,Upstream + Core Automotive,2032,Forecast,211613.5323,481689.0358,0.439315651
sam_mi,bls_us,BLS US,11,Upstream + Core Automotive,2033,Forecast,209442.621,479958.1998,0.436376795
sam_mi,bls_us,BLS US,11,Upstream + Core Automotive,2034,Forecast,207337.8858,478304.714,0.433484931
sam_mi,dtmb_mi,DTMB MI,11,Upstream + Core Automotive,2001,QCEW,377757.6658,665890,0.5672974
sam_mi,dtmb_mi,DTMB MI,11,Upstream + Core Automotive,2002,QCEW,351643.631,623804,0.563708522
sam_mi,dtmb_mi,DTMB MI,11,Upstream + Core Automotive,2003,QCEW,328362.2626,592810,0.553908103
sam_mi,dtmb_mi,DTMB MI,11,Upstream + Core Automotive,2004,QCEW,316306.4107,577971,0.547270383
sam_mi,dtmb_mi,DTMB MI,11,Upstream + Core Automotive,2005,QCEW,298603.7908,562113,0.531216661
sam_mi,dtmb_mi,DTMB MI,11,Upstream + Core Automotive,2006,QCEW,278370.0671,536121,0.519229926
sam_mi,dtmb_mi,DTMB MI,11,Upstream + Core Automotive,2007,QCEW,259646.6037,508352,0.510761448
sam_mi,dtmb_mi,DTMB MI,11,Upstream + Core Automotive,2008,QCEW,225646.0188,463339,0.48699984
sam_mi,dtmb_mi,DTMB MI,11,Upstream + Core Automotive,2009,QCEW,168102.3763,363737,0.462153634
sam_mi,dtmb_mi,DTMB MI,11,Upstream + Core Automotive,2010,QCEW,174305.9818,378690,0.46028673
sam_mi,dtmb_mi,DTMB MI,11,Upstream + Core Automotive,2011,QCEW,191682.213,414521,0.462418582
sam_mi,dtmb_mi,DTMB MI,11,Upstream + Core Automotive,2012,QCEW,206803.1957,445024,0.46470122
sam_mi,dtmb_mi,DTMB MI,11,Upstream + Core Automotive,2013,QCEW,218335.9161,465306,0.46923082
sam_mi,dtmb_mi,DTMB MI,11,Upstream + Core Automotive,2014,QCEW,230614.8033,487191,0.473356042
sam_mi,dtmb_mi,DTMB MI,11,Upstream + Core Automotive,2015,QCEW,228891.1504,504503,0.453696312
sam_mi,dtmb_mi,DTMB MI,11,Upstream + Core Automotive,2016,QCEW,235833.3787,517011,0.4561477
sam_mi,dtmb_mi,DTMB MI,11,Upstream + Core Automotive,2017,QCEW,243750.8529,518780,0.46985399
sam_mi,dtmb_mi,DTMB MI,11,Upstream + Core Automotive,2018,QCEW,247621.5902,529212,0.467906227
sam_mi,dtmb_mi,DTMB MI,11,Upstream + Core Automotive,2019,QCEW,245027.3835,526356,0.465516463
sam_mi,dtmb_mi,DTMB MI,11,Upstream + Core Automotive,2020,QCEW,210373.7296,467845,0.449665444
sam_mi,dtmb_mi,DTMB MI,11,Upstream + Core Automotive,2021,QCEW,231825.4239,495976,0.467412584
sam_mi,dtmb_mi,DTMB MI,11,Upstream + Core Automotive,2022,QCEW,235554.4186,505000,0.466444393
sam_mi,dtmb_mi,DTMB MI,11,Upstream + Core Automotive,2023,QCEW,238926.8643,511270,0.467320328
sam_mi,dtmb_mi,DTMB MI,11,Upstream + Core Automotive,2024,QCEW,231552.8901,498506,0.464493687
sam_mi,dtmb_mi,DTMB MI,11,Upstream + Core Automotive,2025,Forecast,230462.2032,497646.4687,0.463104267
sam_mi,dtmb_mi,DTMB MI,11,Upstream + Core Automotive,2026,Forecast,229377.8591,496800.7234,0.461709994
sam_mi,dtmb_mi,DTMB MI,11,Upstream + Core Automotive,2027,Forecast,228299.8292,495968.7893,0.460310879
sam_mi,dtmb_mi,DTMB MI,11,Upstream + Core Automotive,2028,Forecast,227228.0854,495150.6923,0.458906933
sam_mi,dtmb_mi,DTMB MI,11,Upstream + Core Automotive,2029,Forecast,226162.5998,494346.46,0.457498168
sam_mi,dtmb_mi,DTMB MI,11,Upstream + Core Automotive,2030,Forecast,225103.3448,493556.121,0.456084597
sam_mi,dtmb_mi,DTMB MI,11,Upstream + Core Automotive,2031,Forecast,224050.2928,492779.7052,0.454666234
sam_mi,dtmb_mi,DTMB MI,11,Upstream + Core Automotive,2032,Forecast,223003.4167,492017.244,0.453243091
sam_mi,dtmb_mi,DTMB MI,11,Upstream + Core Automotive,2033,Forecast,221962.6894,491268.7698,0.451815184
sam_mi,dtmb_mi,DTMB MI,11,Upstream + Core Automotive,2034,Forecast,220928.0844,490534.3165,0.450382526
sam_mi,moodys_mi,Moody's MI,11,Upstream + Core Automotive,2001,QCEW,377757.6658,665890,0.5672974
sam_mi,moodys_mi,Moody's MI,11,Upstream + Core Automotive,2002,QCEW,351643.631,623804,0.563708522
sam_mi,moodys_mi,Moody's MI,11,Upstream + Core Automotive,2003,QCEW,328362.2626,592810,0.553908103
sam_mi,moodys_mi,Moody's MI,11,Upstream + Core Automotive,2004,QCEW,316306.4107,577971,0.547270383
sam_mi,moodys_mi,Moody's MI,11,Upstream + Core Automotive,2005,QCEW,298603.7908,562113,0.531216661
sam_mi,moodys_mi,Moody's MI,11,Upstream + Core Automotive,2006,QCEW,278370.0671,536121,0.519229926
sam_mi,moodys_mi,Moody's MI,11,Upstream + Core Automotive,2007,QCEW,259646.6037,508352,0.510761448
sam_mi,moodys_mi,Moody's MI,11,Upstream + Core Automotive,2008,QCEW,225646.0188,463339,0.48699984
sam_mi,moodys_mi,Moody's MI,11,Upstream + Core Automotive,2009,QCEW,168102.3763,363737,0.462153634
sam_mi,moodys_mi,Moody's MI,11,Upstream + Core Automotive,2010,QCEW,174305.9818,378690,0.46028673
sam_mi,moodys_mi,Moody's MI,11,Upstream + Core Automotive,2011,QCEW,191682.213,414521,0.462418582
sam_mi,moodys_mi,Moody's MI,11,Upstream + Core Automotive,2012,QCEW,206803.1957,445024,0.46470122
sam_mi,moodys_mi,Moody's MI,11,Upstream + Core Automotive,2013,QCEW,218335.9161,465306,0.46923082
sam_mi,moodys_mi,Moody's MI,11,Upstream + Core Automotive,2014,QCEW,230614.8033,487191,0.473356042
sam_mi,moodys_mi,Moody's MI,11,Upstream + Core Automotive,2015,QCEW,228891.1504,504503,0.453696312
sam_mi,moodys_mi,Moody's MI,11,Upstream + Core Automotive,2016,QCEW,235833.3787,517011,0.4561477
sam_mi,moodys_mi,Moody's MI,11,Upstream + Core Automotive,2017,QCEW,243750.8529,518780,0.46985399
sam_mi,moodys_mi,Moody's MI,11,Upstream + Core Automotive,2018,QCEW,247621.5902,529212,0.467906227
sam_mi,moodys_mi,Moody's MI,11,Upstream + Core Automotive,2019,QCEW,245027.3835,526356,0.465516463
sam_mi,moodys_mi,Moody's MI,11,Upstream + Core Automotive,2020,QCEW,210373.7296,467845,0.449665444
sam_mi,moodys_mi,Moody's MI,11,Upstream + Core Automotive,2021,QCEW,231825.4239,495976,0.467412584
sam_mi,moodys_mi,Moody's MI,11,Upstream + Core Automotive,2022,QCEW,235554.4186,505000,0.466444393
sam_mi,moodys_mi,Moody's MI,11,Upstream + Core Automotive,2023,QCEW,238926.8643,511270,0.467320328
sam_mi,moodys_mi,Moody's MI,11,Upstream + Core Automotive,2024,QCEW,231552.8901,498506,0.464493687
sam_mi,moodys_mi,Moody's MI,11,Upstream + Core Automotive,2025,Forecast,230844.9994,497165.9666,0.464321806
sam_mi,moodys_mi,Moody's MI,11,Upstream + Core Automotive,2026,Forecast,230268.9385,495987.1021,0.464263965
sam_mi,moodys_mi,Moody's MI,11,Upstream + Core Automotive,2027,Forecast,229826.8408,494971.128,0.464323731
sam_mi,moodys_mi,Moody's MI,11,Upstream + Core Automotive,2028,Forecast,229521.0073,494119.9501,0.464504635
sam_mi,moodys_mi,Moody's MI,11,Upstream + Core Automotive,2029,Forecast,229353.9105,493435.6621,0.464810163
sam_mi,moodys_mi,Moody's MI,11,Upstream + Core Automotive,2030,Forecast,229328.2001,492920.55,0.46524374
sam_mi,moodys_mi,Moody's MI,11,Upstream + Core Automotive,2031,Forecast,229446.7068,492577.0965,0.46580872
sam_mi,moodys_mi,Moody's MI,11,Upstream + Core Automotive,2032,Forecast,229712.4487,492407.9857,0.466508374
sam_mi,moodys_mi,Moody's MI,11,Upstream + Core Automotive,2033,Forecast,230128.6357,492416.1083,0.467345872
sam_mi,moodys_mi,Moody's MI,11,Upstream + Core Automotive,2034,Forecast,230698.6764,492604.5671,0.468324274
sam_mi,moodys_mi_detail,Moody's MI (detail),11,Upstream + Core Automotive,2024,QCEW,231552.8901,498506,0.464493687
sam_mi,moodys_mi_detail,Moody's MI (detail),11,Upstream + Core Automotive,2025,Forecast,224907.8641,487161.7048,0.461669835
sam_mi,moodys_mi_detail,Moody's MI (detail),11,Upstream + Core Automotive,2026,Forecast,224605.9527,486911.0529,0.461287439
sam_mi,moodys_mi_detail,Moody's MI (detail),11,Upstream + Core Automotive,2027,Forecast,225632.2215,488454.9734,0.461930442
sam_mi,moodys_mi_detail,Moody's MI (detail),11,Upstream + Core Automotive,2028,Forecast,227009.8821,490388.4747,0.462918469
sam_mi,moodys_mi_detail,Moody's MI (detail),11,Upstream + Core Automotive,2029,Forecast,228072.8256,491525.9654,0.46400972
sam_mi,moodys_mi_detail,Moody's MI (detail),11,Upstream + Core Automotive,2030,Forecast,229356.2462,492951.0233,0.465271873
sam_mi,moodys_mi_detail,Moody's MI (detail),11,Upstream + Core Automotive,2031,Forecast,229644.4437,493010.0897,0.465800697
sam_mi,moodys_mi_detail,Moody's MI (detail),11,Upstream + Core Automotive,2032,Forecast,228343.4115,490554.7309,0.465479991
sam_mi,moodys_mi_detail,Moody's MI (detail),11,Upstream + Core Automotive,2033,Forecast,225990.4419,486333.6239,0.46468192
sam_mi,moodys_mi_detail,Moody's MI (detail),11,Upstream + Core Automotive,2034,Forecast,223191.2454,481529.5975,0.463504729
sam_mi,moodys_us,Moody's US,11,Upstream + Core Automotive,2001,QCEW,377757.6658,665890,0.5672974
sam_mi,moodys_us,Moody's US,11,Upstream + Core Automotive,2002,QCEW,351643.631,623804,0.563708522
sam_mi,moodys_us,Moody's US,11,Upstream + Core Automotive,2003,QCEW,328362.2626,592810,0.553908103
sam_mi,moodys_us,Moody's US,11,Upstream + Core Automotive,2004,QCEW,316306.4107,577971,0.547270383
sam_mi,moodys_us,Moody's US,11,Upstream + Core Automotive,2005,QCEW,298603.7908,562113,0.531216661
sam_mi,moodys_us,Moody's US,11,Upstream + Core Automotive,2006,QCEW,278370.0671,536121,0.519229926
sam_mi,moodys_us,Moody's US,11,Upstream + Core Automotive,2007,QCEW,259646.6037,508352,0.510761448
sam_mi,moodys_us,Moody's US,11,Upstream + Core Automotive,2008,QCEW,225646.0188,463339,0.48699984
sam_mi,moodys_us,Moody's US,11,Upstream + Core Automotive,2009,QCEW,168102.3763,363737,0.462153634
sam_mi,moodys_us,Moody's US,11,Upstream + Core Automotive,2010,QCEW,174305.9818,378690,0.46028673
sam_mi,moodys_us,Moody's US,11,Upstream + Core Automotive,2011,QCEW,191682.213,414521,0.462418582
sam_mi,moodys_us,Moody's US,11,Upstream + Core Automotive,2012,QCEW,206803.1957,445024,0.46470122
sam_mi,moodys_us,Moody's US,11,Upstream + Core Automotive,2013,QCEW,218335.9161,465306,0.46923082
sam_mi,moodys_us,Moody's US,11,Upstream + Core Automotive,2014,QCEW,230614.8033,487191,0.473356042
sam_mi,moodys_us,Moody's US,11,Upstream + Core Automotive,2015,QCEW,228891.1504,504503,0.453696312
sam_mi,moodys_us,Moody's US,11,Upstream + Core Automotive,2016,QCEW,235833.3787,517011,0.4561477
sam_mi,moodys_us,Moody's US,11,Upstream + Core Automotive,2017,QCEW,243750.8529,518780,0.46985399
sam_mi,moodys_us,Moody's US,11,Upstream + Core Automotive,2018,QCEW,247621.5902,529212,0.467906227
sam_mi,moodys_us,Moody's US,11,Upstream + Core Automotive,2019,QCEW,245027.3835,526356,0.465516463
sam_mi,moodys_us,Moody's US,11,Upstream + Core Automotive,2020,QCEW,210373.7296,467845,0.449665444
sam_mi,moodys_us,Moody's US,11,Upstream + Core Automotive,2021,QCEW,231825.4239,495976,0.467412584
sam_mi,moodys_us,Moody's US,11,Upstream + Core Automotive,2022,QCEW,235554.4186,505000,0.466444393
sam_mi,moodys_us,Moody's US,11,Upstream + Core Automotive,2023,QCEW,238926.8643,511270,0.467320328
sam_mi,moodys_us,Moody's US,11,Upstream + Core Automotive,2024,QCEW,231552.8901,498506,0.464493687
sam_mi,moodys_us,Moody's US,11,Upstream + Core Automotive,2025,Forecast,232242.9777,499570.629,0.464885172
sam_mi,moodys_us,Moody's US,11,Upstream + Core Automotive,2026,Forecast,233060.1618,500802.01,0.465373855
sam_mi,moodys_us,Moody's US,11,Upstream + Core Automotive,2027,Forecast,234009.0163,502204.7132,0.465963401
sam_mi,moodys_us,Moody's US,11,Upstream + Core Automotive,2028,Forecast,235094.3556,503783.5621,0.466657456
sam_mi,moodys_us,Moody's US,11,Upstream + Core Automotive,2029,Forecast,236321.245,505543.6435,0.467459631
sam_mi,moodys_us,Moody's US,11,Upstream + Core Automotive,2030,Forecast,237695.0123,507490.319,0.468373491
sam_mi,moodys_us,Moody's US,11,Upstream + Core Automotive,2031,Forecast,239221.2592,509629.2361,0.469402543
sam_mi,moodys_us,Moody's US,11,Upstream + Core Automotive,2032,Forecast,240905.8733,511966.3406,0.470550218
sam_mi,moodys_us,Moody's US,11,Upstream + Core Automotive,2033,Forecast,242755.0412,514507.8893,0.471819862
sam_mi,moodys_us,Moody's US,11,Upstream + Core Automotive,2034,Forecast,244775.2618,517260.4633,0.473214713
