segment_id,segment_name,year,methodology,projection_method,projection_label,occcd,soctitle,employment,employment_auto,employment_raw,share,share_2024,share_2034,ep_entry_education,ep_work_experience,ep_on_the_job_training,ep_edu_grouped,ep_avg_annual_salary,empl_2021,ep_openings_annual_avg,openings,employment_auto_2024,employment_raw_2024,employment_auto_change,employment_raw_change,employment_auto_pct_change,employment_raw_pct_change
0,0. All Segments,2030,sam_mi_bls_us,bls_us,BLS US,00-0000,All Occupations,448780.80868255283,448780.80868255283,718009.5370000001,0.49999999999999994,0.5,0.04131917979412886,High school diploma or equivalent,Less than 5 years,Moderate-term on-the-job training,HS or less,57225.09274229451,684650.0,66882.7,46135.38179819411,463381.8901036561,730335.0,-14601.08142110327,-12325.462999999872,-0.031509823178107126,-0.01687645121759175
0,0. All Segments,2030,sam_mi_bls_us,bls_us,BLS US,11-0000,Management Occupations,28148.4247525119,28148.4247525119,53757.21778844663,0.03136099428487685,0.030828674196515915,0.012018778681170591,Bachelor's degree,5 years or more,Moderate-term on-the-job training,BA+,124982.69510747868,48080.0,7123.1,2174.2249801976664,28570.898637142713,53626.36264113485,-422.4738846308137,130.85514731177682,-0.014786860224325937,0.002440127222266657
0,0. All Segments,2030,sam_mi_bls_us,bls_us,BLS US,13-0000,Business and Financial Operations Occupations,17824.984478684615,17824.984478684615,37851.7144182829,0.019859343507816082,0.019204775693436024,0.00509851364950155,Bachelor's degree,Less than 5 years,Moderate-term on-the-job training,BA+,81277.24870136274,31580.0,6576.299999999999,1543.7807152167018,17798.290519682276,37293.95644836752,26.693959002339398,557.7579699153794,0.0014998046566786754,0.014955719988775668
0,0. All Segments,2030,sam_mi_bls_us,bls_us,BLS US,15-0000,Computer and Mathematical Occupations,4907.478629015263,4907.478629015263,18899.119558585156,0.005467567389325008,0.005377478458063374,0.0033320865778257718,Bachelor's degree,Less than 5 years,Moderate-term on-the-job training,BA+,110276.65733226339,12510.0,2050.0,298.9917607128872,4983.652263778201,18078.37726367835,-76.17363476293758,820.7422949068059,-0.015284701004638095,0.04539911314694027
0,0. All Segments,2030,sam_mi_bls_us,bls_us,BLS US,17-0000,Architecture and Engineering Occupations,23225.251118377044,23225.251118377044,85251.46930071857,0.0258759406251767,0.025332712129062695,0.013986836699802531,Bachelor's degree,Unreported,Internship/residency,BA+,97091.77088802279,80230.0,805.7,1549.9455697401825,23477.44005563377,83612.77637990972,-252.1889372567275,1638.692920808855,-0.010741756199105315,0.019598594757374858
0,0. All Segments,2030,sam_mi_bls_us,bls_us,BLS US,19-0000,"Life, Physical, and Social Science Occupations",975.3125738128069,975.3125738128069,7630.378531021334,0.001086624644975292,0.00105205063404905,0.0008714513881036886,Bachelor's degree,Unreported,Moderate-term on-the-job training,BA+,79836.83390421077,6660.0,254.1,97.85024604213605,975.0024225807971,7386.304347727839,0.3101512320098436,244.07418329349548,0.0003181030373123425,0.03304415466830542
0,0. All Segments,2030,sam_mi_bls_us,bls_us,BLS US,23-0000,Legal Occupations,165.6730328417246,165.6730328417246,423.65706104126605,0.000184581236136274,0.00017855070846035676,0.00018964550086408063,Associate's degree,Unreported,Unreported,SC or associate's,105040.21517535373,270.0,143.20000000000002,11.151944972187703,165.47432953141396,417.1842675378095,0.19870331031063415,6.472793503456558,0.0012008104874835703,0.015515430487488187
0,0. All Segments,2030,sam_mi_bls_us,bls_us,BLS US,27-0000,"Arts, Design, Entertainment, Sports, and Media Occupations",454.36039512238426,454.36039512238426,3913.4735264014425,0.0005062163826214081,0.00048687829728455504,0.00034986733471580397,Bachelor's degree,Less than 5 years,Moderate-term on-the-job training,BA+,71028.51058528488,4460.0,188.79999999999998,36.367392838530705,451.2211712923338,3836.447313458106,3.1392238300504687,77.02621294333676,0.0069571731775339325,0.02007748488377042
0,0. All Segments,2030,sam_mi_bls_us,bls_us,BLS US,29-0000,Healthcare Practitioners and Technical Occupations,94.98239145322437,94.98239145322437,986.8365003532739,0.00010582269742333232,0.00010431888174193265,0.00018572003388236637,Bachelor's degree,Unreported,Unreported,BA+,91327.11914402216,430.0,415.0,5.235109799404153,96.67896119015307,958.301441289023,-1.6965697369287085,28.535059064250845,-0.017548489516677878,0.029776704734856694
0,0. All Segments,2030,sam_mi_bls_us,bls_us,BLS US,33-0000,Protective Service Occupations,130.25575235160414,130.25575235160414,244.0902305891454,0.00014512179423846656,0.00016515206949481947,0.0002667318875433924,High school diploma or equivalent,Unreported,Short-term on-the-job training,HS or less,38370.0,140.0,483.0,16.583248559709208,153.05695623407962,268.38932267716405,-22.801203882475477,-24.299092088018654,-0.1489720195899111,-0.09053673166144231
0,0. All Segments,2030,sam_mi_bls_us,bls_us,BLS US,35-0000,Food Preparation and Serving Related Occupations,1692.8829493353846,1692.8829493353846,1692.8829493353846,0.0018860910678255552,0.00200080525753374,0.002324777040727247,No formal educational credential,Less than 5 years,Short-term on-the-job training,HS or less,31887.8532618462,2090.0,1236.1999999999998,365.4039019696293,1854.2738439306336,1854.2738439306336,-161.39089459524894,-161.39089459524894,-0.08703724917627992,-0.08703724917627992
0,0. All Segments,2030,sam_mi_bls_us,bls_us,BLS US,37-0000,Building and Grounds Cleaning and Maintenance Occupations,1356.509563867379,1356.509563867379,2452.193039836161,0.0015113275095804198,0.0015118531670580142,0.0027519066336053333,No formal educational credential,Unreported,Short-term on-the-job training,HS or less,36030.82282486814,2490.0,3829.4,192.06018746781444,1401.1307562210823,2483.8102690328697,-44.621192353703236,-31.61722919670865,-0.031846558328395246,-0.0127293254202623
0,0. All Segments,2030,sam_mi_bls_us,bls_us,BLS US,41-0000,Sales and Related Occupations,57507.35390173006,57507.35390173006,65149.29363361905,0.06407064739527235,0.06390631301173946,0.02440954789411642,No formal educational credential,Less than 5 years,Short-term on-the-job training,HS or less,43179.680428145395,62520.0,6089.999999999999,7512.707232261766,59226.056225871405,66907.28854568397,-1718.702324141348,-1757.9949120649253,-0.029019361302510236,-0.026275088264331246
0,0. All Segments,2030,sam_mi_bls_us,bls_us,BLS US,43-0000,Office and Administrative Support Occupations,30505.270036664562,30505.270036664562,48235.65016425381,0.033986825468558086,0.035001476713302386,0.00907407691578723,High school diploma or equivalent,Less than 5 years,Short-term on-the-job training,HS or less,47221.538397140306,51090.0,13969.899999999998,3126.7784182905834,32438.10087165833,51010.14449329415,-1932.8308349937688,-2774.494329040339,-0.05958520329661201,-0.05439103058030108
0,0. All Segments,2030,sam_mi_bls_us,bls_us,BLS US,47-0000,Construction and Extraction Occupations,5200.136761819763,5200.136761819763,7425.692763108317,0.005793626488937167,0.005791781839163417,0.005955952749368695,High school diploma or equivalent,Less than 5 years,Apprenticeship,HS or less,61995.16002470257,6440.0,1579.5,475.0956584146712,5367.613631399147,7588.884664167177,-167.47686957938458,-163.1919010588599,-0.031201364531844904,-0.021504069211831803
0,0. All Segments,2030,sam_mi_bls_us,bls_us,BLS US,49-0000,"Installation, Maintenance, and Repair Occupations",53121.92302853112,53121.92302853112,61352.50810972579,0.059184708883248116,0.05611143442290052,0.021556469141336954,High school diploma or equivalent,Less than 5 years,Short-term on-the-job training,HS or less,55516.10099617969,55630.0,3288.9,4812.172500180574,52002.04507862199,59811.185506453934,1119.8779499091324,1541.3226032718594,0.02153526747296163,0.025769805266701206
0,0. All Segments,2030,sam_mi_bls_us,bls_us,BLS US,51-0000,Production Occupations,143316.7152043052,143316.7152043052,233476.4399379518,0.15967340005583985,0.16658614574621927,0.08115864909790602,High school diploma or equivalent,Less than 5 years,Moderate-term on-the-job training,HS or less,46665.17505684729,235530.0,5083.8,14579.095047535162,154386.00616193243,246100.1950558998,-11069.290957627236,-12623.755117947992,-0.07169879727322485,-0.05129518534140374
0,0. All Segments,2030,sam_mi_bls_us,bls_us,BLS US,53-0000,Transportation and Material Moving Occupations,80153.29411212886,80153.29411212886,89266.91948673001,0.08930116056814905,0.0863595987739744,0.036677048191909395,No formal educational credential,Less than 5 years,Short-term on-the-job training,HS or less,47301.849180656034,84500.0,13765.8,9337.93788399451,80034.94821695528,89101.11819575714,118.34589517358108,165.80129097287136,0.0014786777252953816,0.0018608216634117007
0,0. All Segments,2030,sam_mi_dtmb_mi,dtmb_mi,DTMB MI,00-0000,All Occupations,455431.5277820291,455431.5277820291,723884.3039999999,0.5,0.5,0.04255539825298292,High school diploma or equivalent,Less than 5 years,Moderate-term on-the-job training,HS or less,57260.18511041545,684650.0,66882.7,46747.207747185676,463381.8901036561,730335.0,-7950.362321626977,-6450.696000000113,-0.017157257310700086,-0.00883251658485505
0,0. All Segments,2030,sam_mi_dtmb_mi,dtmb_mi,DTMB MI,11-0000,Management Occupations,28434.04687505461,28434.04687505461,54006.918909819266,0.03121659913788756,0.030828674196515915,0.011820576713968904,Bachelor's degree,5 years or more,Moderate-term on-the-job training,BA+,125150.33563900234,48080.0,7123.1,2194.468983784056,28570.898637142713,53626.36264113485,-136.851762088103,380.5562686844132,-0.004789900514721406,0.0070964400705503415
0,0. All Segments,2030,sam_mi_dtmb_mi,dtmb_mi,DTMB MI,13-0000,Business and Financial Operations Occupations,18049.359849079345,18049.359849079345,38053.512809591906,0.019815667941326432,0.019204775693436024,0.005070225689690291,Bachelor's degree,Less than 5 years,Moderate-term on-the-job training,BA+,81308.09992234869,31580.0,6576.299999999999,1563.2245844211027,17798.290519682276,37293.95644836752,251.06932939706894,759.5563612243859,0.01410637325643288,0.020366741251386704
0,0. All Segments,2030,sam_mi_dtmb_mi,dtmb_mi,DTMB MI,15-0000,Computer and Mathematical Occupations,5017.173512783961,5017.173512783961,19027.83682076068,0.005508153483815458,0.005377478458063374,0.0033865263845846367,Bachelor's degree,Less than 5 years,Moderate-term on-the-job training,BA+,110518.40255426374,12510.0,2050.0,305.84753421318214,4983.652263778201,18078.37726367835,33.52124900576018,949.4595570823294,0.006726241565728161,0.05251906978343176
0,0. All Segments,2030,sam_mi_dtmb_mi,dtmb_mi,DTMB MI,17-0000,Architecture and Engineering Occupations,23856.7684892539,23856.7684892539,85951.757492641,0.026191388863038727,0.025332712129062695,0.014281804269596394,Bachelor's degree,Unreported,Internship/residency,BA+,97060.49880179661,80230.0,805.7,1593.0621758959935,23477.44005563377,83612.77637990972,379.32843362012864,2338.981112731286,0.0161571462953902,0.027973967783388794
0,0. All Segments,2030,sam_mi_dtmb_mi,dtmb_mi,DTMB MI,19-0000,"Life, Physical, and Social Science Occupations",985.4179360376543,985.4179360376543,7639.215965706071,0.001081850811730889,0.00105205063404905,0.0008778420840972665,Bachelor's degree,Unreported,Moderate-term on-the-job training,BA+,79892.35950772214,6660.0,254.1,99.1002850135676,975.0024225807971,7386.304347727839,10.415513456857184,252.91161797823224,0.010682551361552196,0.034240616967811846
0,0. All Segments,2030,sam_mi_dtmb_mi,dtmb_mi,DTMB MI,23-0000,Legal Occupations,166.32261519758333,166.32261519758333,425.10072916260486,0.0001825989254713892,0.00017855070846035676,0.0001857866983564054,Associate's degree,Unreported,Unreported,SC or associate's,105882.26103452538,270.0,143.20000000000002,11.099758643066359,165.47432953141396,417.1842675378095,0.8482856661693745,7.9164616247953745,0.005126388295825271,0.01897593519409958
0,0. All Segments,2030,sam_mi_dtmb_mi,dtmb_mi,DTMB MI,27-0000,"Arts, Design, Entertainment, Sports, and Media Occupations",461.60650120388146,461.60650120388146,3929.005519380403,0.0005067792555468488,0.00048687829728455504,0.00035496833452120375,Bachelor's degree,Less than 5 years,Moderate-term on-the-job training,BA+,71210.52510647771,4460.0,188.79999999999998,36.967231391366425,451.2211712923338,3836.447313458106,10.385329911547672,92.55820592229702,0.02301605193258829,0.024126020341164723
0,0. All Segments,2030,sam_mi_dtmb_mi,dtmb_mi,DTMB MI,29-0000,Healthcare Practitioners and Technical Occupations,100.3784000850855,100.3784000850855,994.9776737060095,0.00011020141773444251,0.00010431888174193265,0.00019914387751466734,Bachelor's degree,Unreported,Unreported,BA+,91395.53222793827,430.0,415.0,5.530451551280758,96.67896119015307,958.301441289023,3.6994388949324275,36.67623241698641,0.03826519078598894,0.038272124862561784
0,0. All Segments,2030,sam_mi_dtmb_mi,dtmb_mi,DTMB MI,33-0000,Protective Service Occupations,135.9493844818707,135.9493844818707,248.5506626083949,0.00014925337420528394,0.00016515206949481947,0.0002787399765268318,High school diploma or equivalent,Unreported,Short-term on-the-job training,HS or less,38370.0,140.0,483.0,17.308121857963926,153.05695623407962,268.38932267716405,-17.107571752208912,-19.838660068769144,-0.11177258566441911,-0.07391747134677322
0,0. All Segments,2030,sam_mi_dtmb_mi,dtmb_mi,DTMB MI,35-0000,Food Preparation and Serving Related Occupations,1673.639744741497,1673.639744741497,1673.639744741497,0.001837421920362204,0.00200080525753374,0.002229474908674471,No formal educational credential,Less than 5 years,Short-term on-the-job training,HS or less,31887.853261846198,2090.0,1236.1999999999998,361.2503117596464,1854.2738439306336,1854.2738439306336,-180.63409918913658,-180.63409918913658,-0.09741500683967687,-0.09741500683967687
0,0. All Segments,2030,sam_mi_dtmb_mi,dtmb_mi,DTMB MI,37-0000,Building and Grounds Cleaning and Maintenance Occupations,1370.0507753483444,1370.0507753483444,2461.1031313215167,0.001504123772480739,0.0015118531670580142,0.00273399477622848,No formal educational credential,Unreported,Short-term on-the-job training,HS or less,36028.74961815692,2490.0,3829.4,193.99291787093958,1401.1307562210823,2483.8102690328697,-31.079980872737906,-22.70713771135297,-0.022182070256285092,-0.00914205806878902
0,0. All Segments,2030,sam_mi_dtmb_mi,dtmb_mi,DTMB MI,41-0000,Sales and Related Occupations,56846.141302680175,56846.141302680175,64471.450319179734,0.06240909756459253,0.06390631301173946,0.02340165210426977,No formal educational credential,Less than 5 years,Short-term on-the-job training,HS or less,43230.51885575228,62520.0,6089.999999999999,7423.476580746685,59226.056225871405,66907.28854568397,-2379.9149231912306,-2435.8382265042383,-0.040183579236052945,-0.036406171576375566
0,0. All Segments,2030,sam_mi_dtmb_mi,dtmb_mi,DTMB MI,43-0000,Office and Administrative Support Occupations,30537.245857491624,30537.245857491624,48199.937751564496,0.03352561690909862,0.035001476713302386,0.008863161719861406,High school diploma or equivalent,Less than 5 years,Short-term on-the-job training,HS or less,47252.11284705631,51090.0,13969.899999999998,3126.971883770851,32438.10087165833,51010.14449329415,-1900.8550141667074,-2810.2067417296566,-0.058599454440549995,-0.055091134707510765
0,0. All Segments,2030,sam_mi_dtmb_mi,dtmb_mi,DTMB MI,47-0000,Construction and Extraction Occupations,5446.624077861089,5446.624077861089,7672.1998861623615,0.005979630027357108,0.005791781839163417,0.006319341843690313,High school diploma or equivalent,Less than 5 years,Apprenticeship,HS or less,62013.073570721695,6440.0,1579.5,497.8046937887169,5367.613631399147,7588.884664167177,79.01044646194168,83.3152219951844,0.014719846078292794,0.010978585876865165
0,0. All Segments,2030,sam_mi_dtmb_mi,dtmb_mi,DTMB MI,49-0000,"Installation, Maintenance, and Repair Occupations",53001.32891332309,53001.32891332309,61179.33618353346,0.058188032316780755,0.05611143442290052,0.020801173199163026,High school diploma or equivalent,Less than 5 years,Short-term on-the-job training,HS or less,55608.777691364,55630.0,3288.9,4802.71783908372,52002.04507862199,59811.185506453934,999.2838347010984,1368.150677079524,0.019216241076486115,0.022874495221832606
0,0. All Segments,2030,sam_mi_dtmb_mi,dtmb_mi,DTMB MI,51-0000,Production Occupations,149098.77930156415,149098.77930156415,238679.76290816916,0.16368956715368557,0.16658614574621927,0.08585247279711183,High school diploma or equivalent,Less than 5 years,Moderate-term on-the-job training,HS or less,46627.43629797562,235530.0,5083.8,15170.563651316916,154386.00616193243,246100.1950558998,-5287.226860368275,-7420.432147730637,-0.034246801195327296,-0.030152077474156987
0,0. All Segments,2030,sam_mi_dtmb_mi,dtmb_mi,DTMB MI,53-0000,Transportation and Material Moving Occupations,80250.69424584124,80250.69424584124,89269.99749195136,0.08810401712488541,0.0863595987739744,0.036067352169516106,No formal educational credential,Less than 5 years,Short-term on-the-job training,HS or less,47326.71729279575,84500.0,13765.8,9343.820742076625,80034.94821695528,89101.11819575714,215.74602888595837,168.87929619422357,0.0026956477600400684,0.0018953667430210248
0,0. All Segments,2030,sam_mi_moodys_mi,moodys_mi,Moody's MI,00-0000,All Occupations,459704.19705692923,459704.19705692923,723296.547,0.5,0.5,0.043278292222675034,High school diploma or equivalent,Less than 5 years,Moderate-term on-the-job training,HS or less,57193.94814602985,684650.0,66882.7,47212.21375715091,463381.8901036561,730335.0,-3677.6930467268685,-7038.4529999999795,-0.00793663525759323,-0.00963729384460553
0,0. All Segments,2030,sam_mi_moodys_mi,moodys_mi,Moody's MI,11-0000,Management Occupations,28703.205803043176,28703.205803043176,53951.72349140274,0.03121921225301387,0.030828674196515915,0.011847534330665018,Bachelor's degree,5 years or more,Moderate-term on-the-job training,BA+,125276.0890186185,48080.0,7123.1,2213.8526523976207,28570.898637142713,53626.36264113485,132.3071659004636,325.3608502678908,0.00463083669788607,0.00606718103267959
0,0. All Segments,2030,sam_mi_moodys_mi,moodys_mi,Moody's MI,13-0000,Business and Financial Operations Occupations,18089.37770508452,18089.37770508452,37872.07612070281,0.019675019089334476,0.019204775693436024,0.004997277154680274,Bachelor's degree,Less than 5 years,Moderate-term on-the-job training,BA+,81344.90953755256,31580.0,6576.299999999999,1564.655599650219,17798.290519682276,37293.95644836752,291.08718540224436,578.1196723352914,0.016354783347330183,0.015501698596545597
0,0. All Segments,2030,sam_mi_moodys_mi,moodys_mi,Moody's MI,15-0000,Computer and Mathematical Occupations,5116.514547455494,5116.514547455494,19121.615922511683,0.0055650074332711285,0.005377478458063374,0.003456686978547244,Bachelor's degree,Less than 5 years,Moderate-term on-the-job training,BA+,110672.64638164529,12510.0,2050.0,312.1138095191712,4983.652263778201,18078.37726367835,132.8622836772929,1043.238658833332,0.02665962162788772,0.057706432586143934
0,0. All Segments,2030,sam_mi_moodys_mi,moodys_mi,Moody's MI,17-0000,Architecture and Engineering Occupations,24404.576113591807,24404.576113591807,86294.97997318322,0.02654378214276949,0.025332712129062695,0.014652898140109274,Bachelor's degree,Unreported,Internship/residency,BA+,97064.11397003179,80230.0,805.7,1629.3463233593377,23477.44005563377,83612.77637990972,927.136057958036,2682.2035932735016,0.03949050900613653,0.0320788725049199
0,0. All Segments,2030,sam_mi_moodys_mi,moodys_mi,Moody's MI,19-0000,"Life, Physical, and Social Science Occupations",956.7287316568722,956.7287316568722,7599.655257927695,0.0010405916867650352,0.00105205063404905,0.0008294991096638654,Bachelor's degree,Unreported,Moderate-term on-the-job training,BA+,79876.7986859231,6660.0,254.1,96.40827937420492,975.0024225807971,7386.304347727839,-18.273690923924846,213.35091019985612,-0.01874220053274845,0.028884662769885286
0,0. All Segments,2030,sam_mi_moodys_mi,moodys_mi,Moody's MI,23-0000,Legal Occupations,171.9562777753344,171.9562777753344,432.06795293077045,0.00018702926672870852,0.00017855070846035676,0.00019268839535772412,Associate's degree,Unreported,Unreported,SC or associate's,105951.28105792489,270.0,143.20000000000002,11.4673571716201,165.47432953141396,417.1842675378095,6.481948243920442,14.883685392960956,0.039171926317972464,0.03567652606078211
0,0. All Segments,2030,sam_mi_moodys_mi,moodys_mi,Moody's MI,27-0000,"Arts, Design, Entertainment, Sports, and Media Occupations",471.9840493660374,471.9840493660374,3946.755692506923,0.0005133562542910474,0.00048687829728455504,0.0003646705589694076,Bachelor's degree,Less than 5 years,Moderate-term on-the-job training,BA+,71151.20756374841,4460.0,188.79999999999998,37.805158405261615,451.2211712923338,3836.447313458106,20.762878073703632,110.30837904881719,0.04601485788939618,0.028752741804079975
0,0. All Segments,2030,sam_mi_moodys_mi,moodys_mi,Moody's MI,29-0000,Healthcare Practitioners and Technical Occupations,104.11728733973047,104.11728733973047,1003.3266991751835,0.00011324378590221649,0.00010431888174193265,0.00021148989627559322,Bachelor's degree,Unreported,Unreported,BA+,91545.54034735908,430.0,415.0,5.731745841987243,96.67896119015307,958.301441289023,7.438326149577392,45.02525788616049,0.07693841615599609,0.04698444137326608
0,0. All Segments,2030,sam_mi_moodys_mi,moodys_mi,Moody's MI,33-0000,Protective Service Occupations,139.52900329427686,139.52900329427686,249.90647940822925,0.00015175954906171735,0.00016515206949481947,0.00028779909474927693,High school diploma or equivalent,Unreported,Short-term on-the-job training,HS or less,38370.0,140.0,483.0,17.763853811781257,153.05695623407962,268.38932267716405,-13.52795293980276,-18.4828432689348,-0.08838509057447615,-0.0688657919941441
0,0. All Segments,2030,sam_mi_moodys_mi,moodys_mi,Moody's MI,35-0000,Food Preparation and Serving Related Occupations,1723.739672617112,1723.739672617112,1723.739672617112,0.0018748356917912218,0.00200080525753374,0.0022898620015693693,No formal educational credential,Less than 5 years,Short-term on-the-job training,HS or less,31887.8532618462,2090.0,1236.1999999999998,372.0642366924564,1854.2738439306336,1854.2738439306336,-130.53417131352148,-130.53417131352148,-0.07039638278929669,-0.07039638278929669
0,0. All Segments,2030,sam_mi_moodys_mi,moodys_mi,Moody's MI,37-0000,Building and Grounds Cleaning and Maintenance Occupations,1382.797383207755,1382.797383207755,2446.3595922814206,0.0015040077859420882,0.0015118531670580142,0.0027276230048462534,No formal educational credential,Unreported,Short-term on-the-job training,HS or less,36030.66560294584,2490.0,3829.4,195.78331190079714,1401.1307562210823,2483.8102690328697,-18.33337301332722,-37.45067675144901,-0.013084698149638236,-0.015077913646774363
0,0. All Segments,2030,sam_mi_moodys_mi,moodys_mi,Moody's MI,41-0000,Sales and Related Occupations,58454.3784390878,58454.3784390878,65952.91331343057,0.06357825185556101,0.06390631301173946,0.02402605738768851,No formal educational credential,Less than 5 years,Short-term on-the-job training,HS or less,43148.74708961782,62520.0,6089.999999999999,7639.41822313211,59226.056225871405,66907.28854568397,-771.6777867836063,-954.3752322533983,-0.01302936301955757,-0.014264144505000461
0,0. All Segments,2030,sam_mi_moodys_mi,moodys_mi,Moody's MI,43-0000,Office and Administrative Support Occupations,30520.045693161992,30520.045693161992,47807.97875198579,0.03319530894927029,0.035001476713302386,0.00874011666919513,High school diploma or equivalent,Less than 5 years,Short-term on-the-job training,HS or less,47233.528740615235,51090.0,13969.899999999998,3129.8283371757466,32438.10087165833,51010.14449329415,-1918.055178496339,-3202.1657413083594,-0.059129700166022155,-0.06277507686200182
0,0. All Segments,2030,sam_mi_moodys_mi,moodys_mi,Moody's MI,47-0000,Construction and Extraction Occupations,5603.328521140179,5603.328521140179,7805.896148366083,0.006094493542818654,0.005791781839163417,0.006643416578795605,High school diploma or equivalent,Less than 5 years,Apprenticeship,HS or less,62062.285327048594,6440.0,1579.5,512.3688301942599,5367.613631399147,7588.884664167177,235.71488974103158,217.01148419890615,0.04391428033533573,0.02859596552093884
0,0. All Segments,2030,sam_mi_moodys_mi,moodys_mi,Moody's MI,49-0000,"Installation, Maintenance, and Repair Occupations",54203.57755187406,54203.57755187406,62124.61898168063,0.05895484302611398,0.05611143442290052,0.02135340476214839,High school diploma or equivalent,Less than 5 years,Short-term on-the-job training,HS or less,55558.23420333013,55630.0,3288.9,4912.889958852573,52002.04507862199,59811.185506453934,2201.532473252075,2313.433475226695,0.04233549795827402,0.03867894367312053
0,0. All Segments,2030,sam_mi_moodys_mi,moodys_mi,Moody's MI,51-0000,Production Occupations,152292.82874876368,152292.82874876368,238893.44362368478,0.16564219961853419,0.16658614574621927,0.0900910043304283,High school diploma or equivalent,Less than 5 years,Moderate-term on-the-job training,HS or less,46579.16396869528,235530.0,5083.8,15503.617737536653,154386.00616193243,246100.1950558998,-2093.1774131687416,-7206.751432215009,-0.013558077349142961,-0.02928381032196277
0,0. All Segments,2030,sam_mi_moodys_mi,moodys_mi,Moody's MI,53-0000,Transportation and Material Moving Occupations,77365.51152846939,77365.51152846939,86069.48932620433,0.08414705806883087,0.0863595987739744,0.031176510984967563,No formal educational credential,Less than 5 years,Short-term on-the-job training,HS or less,46859.96354172126,84500.0,13765.8,9057.098342135107,80034.94821695528,89101.11819575714,-2669.43668848589,-3031.6288695528056,-0.033353388088034945,-0.034024588365908603
0,0. All Segments,2030,sam_mi_moodys_mi_detail,moodys_mi_detail,Moody's MI (detail),00-0000,All Occupations,461535.06695795833,461535.06695795833,724614.5651099992,0.5,0.5,0.04313066043848116,High school diploma or equivalent,Less than 5 years,Moderate-term on-the-job training,HS or less,57201.19675615015,684650.0,66882.7,47403.85754861776,463381.8901036561,730335.0,-1846.8231456977664,-5720.434890000848,-0.003985531556454746,-0.007832617757605548
0,0. All Segments,2030,sam_mi_moodys_mi_detail,moodys_mi_detail,Moody's MI (detail),11-0000,Management Occupations,28824.817160012324,28824.817160012324,53960.15737008391,0.031227114929750294,0.030828674196515915,0.011872056584293985,Bachelor's degree,5 years or more,Moderate-term on-the-job training,BA+,125277.93334505829,48080.0,7123.1,2223.2378882265057,28570.898637142713,53626.36264113485,253.91852286961148,333.79472894905484,0.008887313139654367,0.006224452163253991
0,0. All Segments,2030,sam_mi_moodys_mi_detail,moodys_mi_detail,Moody's MI (detail),13-0000,Business and Financial Operations Occupations,18175.464861858953,18175.464861858953,37855.81824280611,0.019690231753846967,0.019204775693436024,0.005000762758333851,Bachelor's degree,Less than 5 years,Moderate-term on-the-job training,BA+,81344.71288079067,31580.0,6576.299999999999,1572.2338177026547,17798.290519682276,37293.95644836752,377.1743421766769,561.8617944385915,0.021191604989230728,0.015065759923232442
0,0. All Segments,2030,sam_mi_moodys_mi_detail,moodys_mi_detail,Moody's MI (detail),15-0000,Computer and Mathematical Occupations,5137.118867048732,5137.118867048732,19005.183094133397,0.005565253037984952,0.005377478458063374,0.003452152253655146,Bachelor's degree,Less than 5 years,Moderate-term on-the-job training,BA+,110658.70878557044,12510.0,2050.0,313.3608585354988,4983.652263778201,18078.37726367835,153.46660327053087,926.8058304550468,0.030794003102091426,0.05126598570974133
0,0. All Segments,2030,sam_mi_moodys_mi_detail,moodys_mi_detail,Moody's MI (detail),17-0000,Architecture and Engineering Occupations,24506.0786657742,24506.0786657742,85873.44575599946,0.0265484471497444,0.025332712129062695,0.014639435869785647,Bachelor's degree,Unreported,Internship/residency,BA+,97064.54581219474,80230.0,805.7,1636.0706181016203,23477.44005563377,83612.77637990972,1028.6386101404278,2260.669376089747,0.04381391700725864,0.027037367660391855
0,0. All Segments,2030,sam_mi_moodys_mi_detail,moodys_mi_detail,Moody's MI (detail),19-0000,"Life, Physical, and Social Science Occupations",963.1386334114479,963.1386334114479,7548.350445242085,0.0010434078603816913,0.00105205063404905,0.0008285984335017111,Bachelor's degree,Unreported,Moderate-term on-the-job training,BA+,79862.3759431635,6660.0,254.1,97.04819704398427,975.0024225807971,7386.304347727839,-11.863789169349161,162.04609751424596,-0.01216795865793454,0.02193872468362264
0,0. All Segments,2030,sam_mi_moodys_mi_detail,moodys_mi_detail,Moody's MI (detail),23-0000,Legal Occupations,172.3984966393849,172.3984966393849,429.44712423588885,0.00018676641167884305,0.00017855070846035676,0.0001931991701841817,Associate's degree,Unreported,Unreported,SC or associate's,106018.97333215132,270.0,143.20000000000002,11.488800179617524,165.47432953141396,417.1842675378095,6.924167107970931,12.26285669807936,0.041844358140495946,0.029394341187537653
0,0. All Segments,2030,sam_mi_moodys_mi_detail,moodys_mi_detail,Moody's MI (detail),27-0000,"Arts, Design, Entertainment, Sports, and Media Occupations",473.38922563464246,473.38922563464246,3911.445878106546,0.0005128420996857471,0.00048687829728455504,0.00036484149266747607,Bachelor's degree,Less than 5 years,Moderate-term on-the-job training,BA+,71168.02718380513,4460.0,188.79999999999998,37.91300291995386,451.2211712923338,3836.447313458106,22.168054342308665,74.99856464844015,0.04912902087199847,0.019548962495939445
0,0. All Segments,2030,sam_mi_moodys_mi_detail,moodys_mi_detail,Moody's MI (detail),29-0000,Healthcare Practitioners and Technical Occupations,104.25924425461062,104.25924425461062,992.879661219897,0.00011294834533570523,0.00010431888174193265,0.00021009372781809497,Bachelor's degree,Unreported,Unreported,BA+,91572.77887035288,430.0,415.0,5.738705453052486,96.67896119015307,958.301441289023,7.5802830644575465,34.578219930873956,0.07840674921556369,0.03608282158520222
0,0. All Segments,2030,sam_mi_moodys_mi_detail,moodys_mi_detail,Moody's MI (detail),33-0000,Protective Service Occupations,140.1035782526109,140.1035782526109,250.52925363975453,0.00015177999277070432,0.00016515206949481947,0.0002866373143206004,High school diploma or equivalent,Unreported,Short-term on-the-job training,HS or less,38370.0,140.0,483.0,17.837004664455446,153.05695623407962,268.38932267716405,-12.95337798146872,-17.860069037409517,-0.0846310961630408,-0.06654537840498505
0,0. All Segments,2030,sam_mi_moodys_mi_detail,moodys_mi_detail,Moody's MI (detail),35-0000,Food Preparation and Serving Related Occupations,1737.170360124582,1737.170360124582,1737.170360124582,0.0018819483983898697,0.00200080525753374,0.0023071279961655593,No formal educational credential,Less than 5 years,Short-term on-the-job training,HS or less,31887.853261846205,2090.0,1236.1999999999998,374.96321185390565,1854.2738439306336,1854.2738439306336,-117.1034838060516,-117.1034838060516,-0.06315328460753088,-0.06315328460753088
0,0. All Segments,2030,sam_mi_moodys_mi_detail,moodys_mi_detail,Moody's MI (detail),37-0000,Building and Grounds Cleaning and Maintenance Occupations,1387.3575221820195,1387.3575221820195,2452.3203507564,0.0015029817033473593,0.0015118531670580142,0.0027301548318133225,No formal educational credential,Unreported,Short-term on-the-job training,HS or less,36031.085722819036,2490.0,3829.4,196.4257762756681,1401.1307562210823,2483.8102690328697,-13.7732340390628,-31.48991827646978,-0.009830084721150423,-0.012678069121894373
0,0. All Segments,2030,sam_mi_moodys_mi_detail,moodys_mi_detail,Moody's MI (detail),41-0000,Sales and Related Occupations,58728.13021856629,58728.13021856629,66204.54937505546,0.06362260900959438,0.06390631301173946,0.02417885121935697,No formal educational credential,Less than 5 years,Short-term on-the-job training,HS or less,43159.67356239633,62520.0,6089.999999999999,7676.461597118698,59226.056225871405,66907.28854568397,-497.92600730511185,-702.7391706285125,-0.00840721194411735,-0.010503178142523077
0,0. All Segments,2030,sam_mi_moodys_mi_detail,moodys_mi_detail,Moody's MI (detail),43-0000,Office and Administrative Support Occupations,30639.421335320396,30639.421335320396,47918.69619275116,0.033192950578239996,0.035001476713302386,0.008759886628372564,High school diploma or equivalent,Less than 5 years,Short-term on-the-job training,HS or less,47236.35292046557,51090.0,13969.899999999998,3141.512592266485,32438.10087165833,51010.14449329415,-1798.6795363379351,-3091.448300542994,-0.055449594396861535,-0.06060457838831252
0,0. All Segments,2030,sam_mi_moodys_mi_detail,moodys_mi_detail,Moody's MI (detail),47-0000,Construction and Extraction Occupations,5621.760180675571,5621.760180675571,7811.604261526092,0.006090284989317683,0.005791781839163417,0.006606907231991133,High school diploma or equivalent,Less than 5 years,Apprenticeship,HS or less,62060.1711375531,6440.0,1579.5,514.0350297663714,5367.613631399147,7588.884664167177,254.14654927642368,222.71959735891505,0.04734814514027841,0.029348133120343955
0,0. All Segments,2030,sam_mi_moodys_mi_detail,moodys_mi_detail,Moody's MI (detail),49-0000,"Installation, Maintenance, and Repair Occupations",54256.13988772201,54256.13988772201,62207.24536008186,0.05877791718550419,0.05611143442290052,0.021401879148847856,High school diploma or equivalent,Less than 5 years,Short-term on-the-job training,HS or less,55569.942717411875,55630.0,3288.9,4919.132553061549,52002.04507862199,59811.185506453934,2254.0948091000246,2396.0598536279285,0.043346272357020856,0.04006039728755053
0,0. All Segments,2030,sam_mi_moodys_mi_detail,moodys_mi_detail,Moody's MI (detail),51-0000,Production Occupations,152885.24948106703,152885.24948106703,239914.15141463882,0.16562690511119224,0.16658614574621927,0.08961281632856118,High school diploma or equivalent,Less than 5 years,Moderate-term on-the-job training,HS or less,46581.63818985097,235530.0,5083.8,15563.56680388635,154386.00616193243,246100.1950558998,-1500.7566808653937,-6186.043641260971,-0.00972080772198537,-0.025136280935721556
0,0. All Segments,2030,sam_mi_moodys_mi_detail,moodys_mi_detail,Moody's MI (detail),53-0000,Transportation and Material Moving Occupations,77783.06923941353,77783.06923941353,86541.57096959763,0.084265611443235,0.0863595987739744,0.031088319886102424,No formal educational credential,Less than 5 years,Short-term on-the-job training,HS or less,46885.67356728251,84500.0,13765.8,9102.831091561393,80034.94821695528,89101.11819575714,-2251.8789775417536,-2559.5472261595132,-0.028136195845812974,-0.028726319915942367
0,0. All Segments,2030,sam_mi_moodys_us,moodys_us,Moody's US,00-0000,All Occupations,471268.4313457275,471268.4313457275,741063.7380000001,0.5000000000000001,0.5,0.043719895987574864,High school diploma or equivalent,Less than 5 years,Moderate-term on-the-job training,HS or less,57195.84516226131,684650.0,66882.7,48384.08115977861,463381.8901036561,730335.0,7886.541242071427,10728.738000000129,0.017019528407351547,0.014690159995070931
0,0. All Segments,2030,sam_mi_moodys_us,moodys_us,Moody's US,11-0000,Management Occupations,29391.68751864597,29391.68751864597,55313.48090997877,0.03118359470282863,0.030828674196515915,0.011790814768700917,Bachelor's degree,5 years or more,Moderate-term on-the-job training,BA+,125372.52513392114,48080.0,7123.1,2265.9611497327214,28570.898637142713,53626.36264113485,820.7888815032566,1687.1182688439148,0.02872814369360491,0.03146061350709226
0,0. All Segments,2030,sam_mi_moodys_us,moodys_us,Moody's US,13-0000,Business and Financial Operations Occupations,18509.07116409745,18509.07116409745,38829.58227504457,0.019637503737778485,0.019204775693436024,0.004979563276174673,Bachelor's degree,Less than 5 years,Moderate-term on-the-job training,BA+,81360.89895764264,31580.0,6576.299999999999,1600.5323947187885,17798.290519682276,37293.95644836752,710.7806444151756,1535.6258266770528,0.03993533219548009,0.041176264813927305
0,0. All Segments,2030,sam_mi_moodys_us,moodys_us,Moody's US,15-0000,Computer and Mathematical Occupations,5268.676373463292,5268.676373463292,19783.87994771889,0.005589888928501277,0.005377478458063374,0.003485214045921862,Bachelor's degree,Less than 5 years,Moderate-term on-the-job training,BA+,110753.95037323583,12510.0,2050.0,321.4895132666667,4983.652263778201,18078.37726367835,285.0241096850914,1705.5026840405408,0.05719181327250333,0.09433936791810968
0,0. All Segments,2030,sam_mi_moodys_us,moodys_us,Moody's US,17-0000,Architecture and Engineering Occupations,25191.777544340966,25191.777544340966,89139.4759276,0.026727631078963587,0.025332712129062695,0.014829911418952032,Bachelor's degree,Unreported,Internship/residency,BA+,97051.24011362286,80230.0,805.7,1682.2204955396019,23477.44005563377,83612.77637990972,1714.337488707195,5526.699547690281,0.07302063106730469,0.06609874455763466
0,0. All Segments,2030,sam_mi_moodys_us,moodys_us,Moody's US,19-0000,"Life, Physical, and Social Science Occupations",981.9199129932778,981.9199129932778,7882.323852646162,0.001041784095520002,0.00105205063404905,0.0008291291879474428,Bachelor's degree,Unreported,Moderate-term on-the-job training,BA+,79856.37776167509,6660.0,254.1,98.9499384624289,975.0024225807971,7386.304347727839,6.917490412480674,496.01950491832304,0.007094844332971318,0.06715394892588032
0,0. All Segments,2030,sam_mi_moodys_us,moodys_us,Moody's US,23-0000,Legal Occupations,176.3396140271775,176.3396140271775,447.1082002007296,0.00018709041630863337,0.00017855070846035676,0.000192440973088892,Associate's degree,Unreported,Unreported,SC or associate's,106294.19816709211,270.0,143.20000000000002,11.718268999856859,165.47432953141396,417.1842675378095,10.865284495763547,29.923932662920095,0.0656614504892184,0.07172833443487435
0,0. All Segments,2030,sam_mi_moodys_us,moodys_us,Moody's US,27-0000,"Arts, Design, Entertainment, Sports, and Media Occupations",485.6681479044698,485.6681479044698,4092.765271032152,0.0005152776163232738,0.00048687829728455504,0.00036888607636653226,Bachelor's degree,Less than 5 years,Moderate-term on-the-job training,BA+,71198.71896570499,4460.0,188.79999999999998,38.90428577771042,451.2211712923338,3836.447313458106,34.446976612135984,256.31795757404643,0.07634166746537417,0.0668112804976868
0,0. All Segments,2030,sam_mi_moodys_us,moodys_us,Moody's US,29-0000,Healthcare Practitioners and Technical Occupations,108.5157353579314,108.5157353579314,1044.5662258679824,0.00011513155575481686,0.00010431888174193265,0.00021724309631919626,Bachelor's degree,Unreported,Unreported,BA+,91555.124890677,430.0,415.0,5.973570949765476,96.67896119015307,958.301441289023,11.83677416777833,86.2647845789594,0.12243381623119805,0.09001842307877944
0,0. All Segments,2030,sam_mi_moodys_us,moodys_us,Moody's US,33-0000,Protective Service Occupations,145.22883225386443,145.22883225386443,259.5442190537554,0.00015408292025752412,0.00016515206949481947,0.00029486139067943894,High school diploma or equivalent,Unreported,Short-term on-the-job training,HS or less,38370.0,140.0,483.0,18.489516046870293,153.05695623407962,268.38932267716405,-7.828123980215196,-8.845103623408647,-0.0511451695684001,-0.03295624257768297
0,0. All Segments,2030,sam_mi_moodys_us,moodys_us,Moody's US,35-0000,Food Preparation and Serving Related Occupations,1766.5879383192946,1766.5879383192946,1766.5879383192946,0.0018742905537664871,0.00200080525753374,0.002288392851635212,No formal educational credential,Less than 5 years,Short-term on-the-job training,HS or less,31887.853261846205,2090.0,1236.1999999999998,381.3129112605095,1854.2738439306336,1854.2738439306336,-87.68590561133897,-87.68590561133897,-0.047288541494747635,-0.047288541494747635
0,0. All Segments,2030,sam_mi_moodys_us,moodys_us,Moody's US,37-0000,Building and Grounds Cleaning and Maintenance Occupations,1416.4365663780472,1416.4365663780472,2499.284515097235,0.0015027916917046099,0.0015118531670580142,0.002722455804022962,No formal educational credential,Unreported,Short-term on-the-job training,HS or less,36030.73692602346,2490.0,3829.4,200.54556264713688,1401.1307562210823,2483.8102690328697,15.30581015696498,15.474246064365161,0.010923898493417912,0.006230043517128394
0,0. All Segments,2030,sam_mi_moodys_us,moodys_us,Moody's US,41-0000,Sales and Related Occupations,59698.99090122511,59698.99090122511,67355.17101004264,0.06333862712886587,0.06390631301173946,0.02390863606126041,No formal educational credential,Less than 5 years,Short-term on-the-job training,HS or less,43157.06012952874,62520.0,6089.999999999999,7803.722156644562,59226.056225871405,66907.28854568397,472.9346753537029,447.8824643586704,0.007985246789859922,0.006694075848744915
0,0. All Segments,2030,sam_mi_moodys_us,moodys_us,Moody's US,43-0000,Office and Administrative Support Occupations,31077.650267310735,31077.650267310735,48715.0658077182,0.03297234463442327,0.035001476713302386,0.00864876607255353,High school diploma or equivalent,Less than 5 years,Short-term on-the-job training,HS or less,47240.18758513004,51090.0,13969.899999999998,3186.404786272163,32438.10087165833,51010.14449329415,-1360.4506043475958,-2295.0786855759507,-0.04193989684322865,-0.04499259330421352
0,0. All Segments,2030,sam_mi_moodys_us,moodys_us,Moody's US,47-0000,Construction and Extraction Occupations,5813.276790846252,5813.276790846252,8076.956821237291,0.0061676917062386165,0.005791781839163417,0.006800126349833659,High school diploma or equivalent,5 years or more,Apprenticeship,HS or less,62077.30582757031,6440.0,1579.5,531.6713765463577,5367.613631399147,7588.884664167177,445.6631594471046,488.07215707011346,0.08302817416665215,0.06431408285524072
0,0. All Segments,2030,sam_mi_moodys_us,moodys_us,Moody's US,49-0000,"Installation, Maintenance, and Repair Occupations",55264.41746601318,55264.41746601318,63328.98266553989,0.058633693443249785,0.05611143442290052,0.021058239477332222,High school diploma or equivalent,Less than 5 years,Short-term on-the-job training,HS or less,55589.87779097497,55630.0,3288.9,5011.57154864639,52002.04507862199,59811.185506453934,3262.372387391195,3517.7971590859524,0.06273546323916315,0.05881503817887649
0,0. All Segments,2030,sam_mi_moodys_us,moodys_us,Moody's US,51-0000,Production Occupations,157871.2080847914,157871.2080847914,245553.67989193727,0.1674960570072382,0.16658614574621927,0.09217427708136464,High school diploma or equivalent,Less than 5 years,Moderate-term on-the-job training,HS or less,46561.46941298666,235530.0,5083.8,16072.985430689134,154386.00616193243,246100.1950558998,3485.201922858978,-546.5151639625255,0.022574597332373627,-0.002220701872415781
0,0. All Segments,2030,sam_mi_moodys_us,moodys_us,Moody's US,53-0000,Transportation and Material Moving Occupations,78100.97848775901,78100.97848775901,86975.28252096522,0.08286251878227688,0.0863595987739744,0.02999044605614893,No formal educational credential,Less than 5 years,Short-term on-the-job training,HS or less,46765.91073834884,84500.0,13765.8,9151.628253577943,80034.94821695528,89101.11819575714,-1933.9697291962657,-2125.835674791917,-0.024164065477417992,-0.023858686825022877
1,1. Materials & Processing,2030,sam_mi_bls_us,bls_us,BLS US,00-0000,All Occupations,21378.24686772597,21378.24686772597,73008.78100000002,0.4999999999999999,0.5000000000000001,0.022910534647908324,High school diploma or equivalent,Less than 5 years,Moderate-term on-the-job training,HS or less,58504.4928971733,70170.0,7143.3,2080.810772115507,21247.668785665093,72604.0,130.57808206087793,404.78100000001723,0.00614552511045228,0.0055751886948379875
1,1. Materials & Processing,2030,sam_mi_bls_us,bls_us,BLS US,11-0000,Management Occupations,1355.1779557667055,1355.1779557667055,4628.06380713871,0.03169525462381512,0.0311411453253447,0.01216918114496178,Bachelor's degree,5 years or more,Unreported,BA+,129561.72823791414,4610.0,770.4,102.26723876485687,1323.353482958374,4521.9434304026545,31.82447280833162,106.12037673605573,0.024048353836034497,0.02346786915169487
1,1. Materials & Processing,2030,sam_mi_bls_us,bls_us,BLS US,13-0000,Business and Financial Operations Occupations,920.7043023669912,920.7043023669912,3144.294253554928,0.02153367177541924,0.020900097533788384,0.005097062279670955,Bachelor's degree,Less than 5 years,Moderate-term on-the-job training,BA+,80296.92200650598,3200.0,742.2,78.95260940004005,888.1566999720628,3034.861362686344,32.54760239492839,109.43289086858431,0.03664623866030869,0.03605861282958853
1,1. Materials & Processing,2030,sam_mi_bls_us,bls_us,BLS US,15-0000,Computer and Mathematical Occupations,160.79245396415325,160.79245396415325,549.1217839589933,0.0037606557487858427,0.003692350564302524,0.0012699820411058655,Bachelor's degree,Unreported,Moderate-term on-the-job training,BA+,97939.08561392046,470.0,227.9,9.612770090643973,156.90768366172725,536.158840741241,3.8847703024260056,12.962943217752354,0.02475831783229348,0.02417743070286979
1,1. Materials & Processing,2030,sam_mi_bls_us,bls_us,BLS US,17-0000,Architecture and Engineering Occupations,1232.5833106829439,1232.5833106829439,4209.391235431937,0.02882797916754656,0.027309460777483533,0.011752440106477408,Bachelor's degree,Unreported,Unreported,BA+,94899.61867896038,3540.0,79.7,85.27856057835712,1160.524754630164,3965.552180576828,72.05855605277998,243.83905485510923,0.06209135631556916,0.061489306848470336
1,1. Materials & Processing,2030,sam_mi_bls_us,bls_us,BLS US,19-0000,"Life, Physical, and Social Science Occupations",309.5100558864514,309.5100558864514,1057.006780178292,0.007238901716344861,0.007106033161487996,0.005731204350130176,Bachelor's degree,Unreported,Moderate-term on-the-job training,BA+,75367.5083746827,900.0,41.9,28.14056876739248,301.973277990499,1031.852863313349,7.536777895952412,25.153916864943085,0.02495842660683884,0.02437742604519424
1,1. Materials & Processing,2030,sam_mi_bls_us,bls_us,BLS US,27-0000,"Arts, Design, Entertainment, Sports, and Media Occupations",32.90208784036131,32.90208784036131,112.36381263826335,0.0007695225909761687,0.000766336909572205,0.00062813801944229,Bachelor's degree,Unreported,Unreported,BA+,72726.56485769009,150.0,22.5,2.5723013969605226,32.56574566564078,111.27824996516074,0.33634217472052796,1.085562673102615,0.01032809683444139,0.009755389516302471
1,1. Materials & Processing,2030,sam_mi_bls_us,bls_us,BLS US,33-0000,Protective Service Occupations,23.673063559940033,23.673063559940033,80.84580198463146,0.0005536717698699248,0.0005573359342343537,0.0007990599294947,High school diploma or equivalent,Unreported,Short-term on-the-job training,HS or less,38370.0,30.0,161.0,3.013888370354535,23.684178665921536,80.92963633830203,-0.011115105981502893,-0.08383435367056791,-0.0004693051060916075,-0.0010358918866275831
1,1. Materials & Processing,2030,sam_mi_bls_us,bls_us,BLS US,37-0000,Building and Grounds Cleaning and Maintenance Occupations,127.32339398755529,127.32339398755529,434.8217066315006,0.002977872665970828,0.002926013654730369,0.003572267920094,No formal educational credential,Unreported,Short-term on-the-job training,HS or less,35930.0,350.0,351.3,18.097065992809586,124.34193799608859,424.88059077608744,2.981455991466703,9.941115855413159,0.02397787938258201,0.023397434646884444
1,1. Materials & Processing,2030,sam_mi_bls_us,bls_us,BLS US,41-0000,Sales and Related Occupations,426.1419703890985,426.1419703890985,1455.3160501675693,0.009966719278380838,0.010032046816218415,0.016662096879488258,High school diploma or equivalent,Unreported,Moderate-term on-the-job training,HS or less,70247.14145513091,1520.0,825.8,38.043324939365164,426.3152159865897,1456.7334540894435,-0.17324559749118862,-1.417403921874211,-0.0004063791086843081,-0.00097300155899844
1,1. Materials & Processing,2030,sam_mi_bls_us,bls_us,BLS US,43-0000,Office and Administrative Support Occupations,1592.7214551630327,1592.7214551630327,5439.297835480943,0.037250983792490276,0.03901351539640506,0.011688433775390326,High school diploma or equivalent,Less than 5 years,Short-term on-the-job training,HS or less,46949.81114468436,6050.0,1450.1999999999998,154.660004579028,1657.8925066145202,5665.074543681185,-65.17105145148753,-225.77670820024196,-0.0393095759776183,-0.0398541460415685
1,1. Materials & Processing,2030,sam_mi_bls_us,bls_us,BLS US,47-0000,Construction and Extraction Occupations,90.84669827600365,90.84669827600365,310.25026233647117,0.002124746216050856,0.002090009753378814,0.0049823736780258,High school diploma or equivalent,Unreported,Apprenticeship,HS or less,62350.0,170.0,81.0,8.58243825560566,88.81566999720523,303.48613626863084,2.0310282787984164,6.764126067840323,0.02286790471616469,0.02228808917272272
1,1. Materials & Processing,2030,sam_mi_bls_us,bls_us,BLS US,49-0000,"Installation, Maintenance, and Repair Occupations",1207.2826728814014,1207.2826728814014,4122.987109974778,0.028236241267846796,0.02654312386791132,0.023717164614117787,High school diploma or equivalent,Less than 5 years,Long-term on-the-job training,HS or less,60618.98309741257,4070.0,286.3,114.292759662302,1127.9590089645228,3854.2739306116673,79.32366391687856,268.7131793631106,0.07032495266800382,0.06971823596369713
1,1. Materials & Processing,2030,sam_mi_bls_us,bls_us,BLS US,51-0000,Production Occupations,12099.607402999212,12099.607402999212,41321.32969262104,0.28298876605418904,0.2861920022293446,0.028948233191491337,High school diploma or equivalent,Less than 5 years,Moderate-term on-the-job training,HS or less,47503.87903483116,39030.0,668.1999999999999,1227.313070923691,12161.825744950878,41557.36825971867,-62.218341951665934,-236.03856709763204,-0.005115871848229415,-0.005679824709362622
1,1. Materials & Processing,2030,sam_mi_bls_us,bls_us,BLS US,53-0000,Transportation and Material Moving Occupations,1798.9800439621258,1798.9800439621258,6143.690867901935,0.04207501333231365,0.04173052807579773,0.02502180484905315,No formal educational credential,Less than 5 years,Short-term on-the-job training,HS or less,43887.115511452255,6080.0,1434.8999999999999,209.9841703941005,1773.3528776108963,6059.606520830435,25.62716635122956,84.0843470714999,0.014451250326305669,0.013876205787034603
1,1. Materials & Processing,2030,sam_mi_dtmb_mi,dtmb_mi,DTMB MI,00-0000,All Occupations,20797.260735944896,20797.260735944896,71156.63800000002,0.5,0.5000000000000001,0.022910534647908324,High school diploma or equivalent,Less than 5 years,Moderate-term on-the-job training,HS or less,58504.49289717328,70170.0,7143.3,2024.261598137876,21247.668785665093,72604.0,-450.4080497201976,-1447.3619999999792,-0.02119799843755419,-0.019935017354415448
1,1. Materials & Processing,2030,sam_mi_dtmb_mi,dtmb_mi,DTMB MI,11-0000,Management Occupations,1318.348949007292,1318.348949007292,4510.655519169277,0.03169525462381512,0.0311411453253447,0.01216918114496178,Bachelor's degree,5 years or more,Unreported,BA+,129561.72823791413,4610.0,770.4,99.48797216617123,1323.353482958374,4521.9434304026545,-5.004533951081839,-11.2879112333776,-0.0037817061091599945,-0.0024962521993275957
1,1. Materials & Processing,2030,sam_mi_dtmb_mi,dtmb_mi,DTMB MI,13-0000,Business and Financial Operations Occupations,895.6827730313028,895.6827730313028,3064.5273746686485,0.02153367177541924,0.020900097533788384,0.005097062279670955,Bachelor's degree,Less than 5 years,Moderate-term on-the-job training,BA+,80296.92200650598,3200.0,742.2,76.80695305070672,888.1566999720628,3034.861362686344,7.526073059239934,29.666011982304553,0.008473812176924037,0.009775079793445763
1,1. Materials & Processing,2030,sam_mi_dtmb_mi,dtmb_mi,DTMB MI,15-0000,Computer and Mathematical Occupations,156.42267629125854,156.42267629125854,535.1912395179465,0.003760655748785843,0.003692350564302524,0.0012699820411058655,Bachelor's degree,Unreported,Moderate-term on-the-job training,BA+,97939.08561392044,470.0,227.9,9.351528551746068,156.90768366172725,536.158840741241,-0.4850073704687077,-0.9676012232944231,-0.0030910364562791014,-0.001804691352205835
1,1. Materials & Processing,2030,sam_mi_dtmb_mi,dtmb_mi,DTMB MI,17-0000,Architecture and Engineering Occupations,1199.085998475707,1199.085998475707,4102.604155793304,0.028827979167546557,0.027309460777483533,0.011752440106477408,Bachelor's degree,Unreported,Unreported,BA+,94899.6186789604,3540.0,79.7,82.96098695593462,1160.524754630164,3965.552180576828,38.561243845543004,137.05197521647597,0.03322742034729945,0.03456062837547643
1,1. Materials & Processing,2030,sam_mi_dtmb_mi,dtmb_mi,DTMB MI,19-0000,"Life, Physical, and Social Science Occupations",301.09865287340625,301.09865287340625,1030.19181789506,0.007238901716344863,0.007106033161487996,0.005731204350130176,Bachelor's degree,Unreported,Moderate-term on-the-job training,BA+,75367.50837468267,900.0,41.9,27.375806329413116,301.973277990499,1031.852863313349,-0.8746251170927621,-1.6610454182889498,-0.0028963659397712683,-0.0016097696457954493
1,1. Materials & Processing,2030,sam_mi_dtmb_mi,dtmb_mi,DTMB MI,27-0000,"Arts, Design, Entertainment, Sports, and Media Occupations",32.00792393346252,32.00792393346252,109.51328087782665,0.0007695225909761688,0.000766336909572205,0.00062813801944229,Bachelor's degree,Unreported,Unreported,BA+,72726.56485769009,150.0,22.5,2.502395223285856,32.56574566564078,111.27824996516074,-0.5578217321782617,-1.7649690873340944,-0.017129094414282182,-0.01586086308768043
1,1. Materials & Processing,2030,sam_mi_dtmb_mi,dtmb_mi,DTMB MI,33-0000,Protective Service Occupations,23.02971232023381,23.02971232023381,78.7948433989071,0.0005536717698699248,0.0005573359342343537,0.0007990599294947,High school diploma or equivalent,Unreported,Short-term on-the-job training,HS or less,38370.0,30.0,161.0,2.9319814040468475,23.684178665921536,80.92963633830203,-0.6544663456877267,-2.134792939394927,-0.027633060657046085,-0.02637838295072854
1,1. Materials & Processing,2030,sam_mi_dtmb_mi,dtmb_mi,DTMB MI,37-0000,Building and Grounds Cleaning and Maintenance Occupations,123.8631885452773,123.8631885452773,423.79081460516227,0.002977872665970828,0.002926013654730369,0.003572267920094,No formal educational credential,Unreported,Short-term on-the-job training,HS or less,35930.0,350.0,351.3,17.605250904659297,124.34193799608859,424.88059077608744,-0.47874945081129283,-1.0897761709251768,-0.0038502653129497853,-0.0025648998673594155
1,1. Materials & Processing,2030,sam_mi_dtmb_mi,dtmb_mi,DTMB MI,41-0000,Sales and Related Occupations,414.5609190289098,414.5609190289098,1418.3964714787332,0.00996671927838084,0.010032046816218415,0.016662096879488258,High school diploma or equivalent,Unreported,Moderate-term on-the-job training,HS or less,70247.14145513088,1520.0,825.8,37.00944015295734,426.3152159865897,1456.7334540894435,-11.754296957679912,-38.336982610710265,-0.027571844768612856,-0.026317088073379534
1,1. Materials & Processing,2030,sam_mi_dtmb_mi,dtmb_mi,DTMB MI,43-0000,Office and Administrative Support Occupations,1549.4368452057554,1549.4368452057554,5301.309537732197,0.037250983792490276,0.03901351539640506,0.011688433775390326,High school diploma or equivalent,Less than 5 years,Short-term on-the-job training,HS or less,46949.811144684354,6050.0,1450.1999999999998,150.4568854758772,1657.8925066145202,5665.074543681185,-108.45566140876485,-363.7650059489879,-0.06541778853336846,-0.06421186572994539
1,1. Materials & Processing,2030,sam_mi_dtmb_mi,dtmb_mi,DTMB MI,47-0000,Construction and Extraction Occupations,88.37780210584391,88.37780210584391,302.3795946748011,0.002124746216050856,0.002090009753378814,0.0049823736780258,High school diploma or equivalent,Unreported,Apprenticeship,HS or less,62350.0,170.0,81.0,8.349197539740326,88.81566999720523,303.48613626863084,-0.4378678913613214,-1.1065415938297178,-0.004930074742160925,-0.003646102610928699
1,1. Materials & Processing,2030,sam_mi_dtmb_mi,dtmb_mi,DTMB MI,49-0000,"Installation, Maintenance, and Repair Occupations",1174.4729437009141,1174.4729437009141,4018.3919967536713,0.028236241267846796,0.02654312386791132,0.023717164614117787,High school diploma or equivalent,Less than 5 years,Long-term on-the-job training,HS or less,60618.983097412594,4070.0,286.3,111.18668137919306,1127.9590089645228,3854.2739306116673,46.51393473639132,164.11806614200395,0.041237256289208206,0.04258079967760846
1,1. Materials & Processing,2030,sam_mi_dtmb_mi,dtmb_mi,DTMB MI,51-0000,Production Occupations,11770.782305944562,11770.782305944562,40273.05836836924,0.282988766054189,0.2861920022293446,0.028948233191491337,High school diploma or equivalent,Less than 5 years,Moderate-term on-the-job training,HS or less,47503.879034831174,39030.0,668.1999999999999,1193.958985438001,12161.825744950878,41557.36825971867,-391.0434390063165,-1284.3098913494323,-0.032153349933389946,-0.03090450490808165
1,1. Materials & Processing,2030,sam_mi_dtmb_mi,dtmb_mi,DTMB MI,53-0000,Transportation and Material Moving Occupations,1750.0900454809694,1750.0900454809694,5987.832985065233,0.04207501333231365,0.04173052807579773,0.02502180484905315,No formal educational credential,Less than 5 years,Short-term on-the-job training,HS or less,43887.11551145225,6080.0,1434.8999999999999,204.27753356614318,1773.3528776108963,6059.606520830435,-23.262832129926892,-71.77353576520272,-0.013117993842977908,-0.011844586858647475
1,1. Materials & Processing,2030,sam_mi_moodys_mi,moodys_mi,Moody's MI,00-0000,All Occupations,19652.47629338272,19652.47629338272,67739.121,0.5,0.5000000000000001,0.022910534647908324,High school diploma or equivalent,Less than 5 years,Moderate-term on-the-job training,HS or less,58504.49289717329,70170.0,7143.3,1912.8361938672494,21247.668785665093,72604.0,-1595.1924922823746,-4864.879000000001,-0.07507611815554013,-0.06700566084513251
1,1. Materials & Processing,2030,sam_mi_moodys_mi,moodys_mi,Moody's MI,11-0000,Management Occupations,1245.7804802145113,1245.7804802145113,4294.017376176843,0.03169525462381512,0.0311411453253447,0.01216918114496178,Bachelor's degree,5 years or more,Unreported,BA+,129561.72823791413,4610.0,770.4,94.01166044397188,1323.353482958374,4521.9434304026545,-77.57300274386262,-227.92605422581164,-0.05861850498964733,-0.05040444617095001
1,1. Materials & Processing,2030,sam_mi_moodys_mi,moodys_mi,Moody's MI,13-0000,Business and Financial Operations Occupations,846.3799481518223,846.3799481518223,2917.3439959388174,0.02153367177541924,0.020900097533788384,0.005097062279670955,Bachelor's degree,Less than 5 years,Moderate-term on-the-job training,BA+,80296.92200650598,3200.0,742.2,72.57911718090472,888.1566999720628,3034.861362686344,-41.77675182024052,-117.51736674752647,-0.047037591251132396,-0.03872248274415559
1,1. Materials & Processing,2030,sam_mi_moodys_mi,moodys_mi,Moody's MI,15-0000,Computer and Mathematical Occupations,147.81239590117443,147.81239590117443,509.48702961269976,0.0037606557487858427,0.003692350564302524,0.0012699820411058655,Bachelor's degree,Unreported,Moderate-term on-the-job training,BA+,97939.08561392044,470.0,227.9,8.836774010937136,156.90768366172725,536.158840741241,-9.095287760552822,-26.671811128541208,-0.057965853222083696,-0.049746099666411095
1,1. Materials & Processing,2030,sam_mi_moodys_mi,moodys_mi,Moody's MI,17-0000,Architecture and Engineering Occupations,1133.0823543526792,1133.0823543526792,3905.563938031831,0.028827979167546557,0.027309460777483533,0.011752440106477408,Bachelor's degree,Unreported,Unreported,BA+,94899.61867896038,3540.0,79.7,78.39440251904229,1160.524754630164,3965.552180576828,-27.442400277484694,-59.988242544996865,-0.023646544520482926,-0.015127336575929507
1,1. Materials & Processing,2030,sam_mi_moodys_mi,moodys_mi,Moody's MI,19-0000,"Life, Physical, and Social Science Occupations",284.5246887411897,284.5246887411897,980.7136785411845,0.007238901716344861,0.007106033161487996,0.005731204350130176,Bachelor's degree,Unreported,Moderate-term on-the-job training,BA+,75367.50837468269,900.0,41.9,25.868906089693475,301.973277990499,1031.852863313349,-17.448589249309293,-51.13918477216441,-0.057781898336906085,-0.049560539676125
1,1. Materials & Processing,2030,sam_mi_moodys_mi,moodys_mi,Moody's MI,27-0000,"Arts, Design, Entertainment, Sports, and Media Occupations",30.246048952763207,30.246048952763207,104.2535678047364,0.0007695225909761687,0.000766336909572205,0.00062813801944229,Bachelor's degree,Unreported,Unreported,BA+,72726.56485769009,150.0,22.5,2.3646509714282855,32.56574566564078,111.27824996516074,-2.319696712877576,-7.024682160424334,-0.07123118680267235,-0.0631271804024923
1,1. Materials & Processing,2030,sam_mi_moodys_mi,moodys_mi,Moody's MI,33-0000,Protective Service Occupations,21.7620426633679,21.7620426633679,75.01047802700597,0.0005536717698699248,0.0005573359342343537,0.0007990599294947,High school diploma or equivalent,Unreported,Short-term on-the-job training,HS or less,38370.0,30.0,161.0,2.77059059687034,23.684178665921536,80.92963633830203,-1.9221360025536356,-5.919158311296059,-0.08115696261485057,-0.0731395639361679
1,1. Materials & Processing,2030,sam_mi_moodys_mi,moodys_mi,Moody's MI,37-0000,Building and Grounds Cleaning and Maintenance Occupations,117.04514394540819,117.04514394540819,403.436953685581,0.002977872665970828,0.002926013654730369,0.003572267920094,No formal educational credential,Unreported,Short-term on-the-job training,HS or less,35930.0,350.0,351.3,16.63617052436555,124.34193799608859,424.88059077608744,-7.296794050680404,-21.443637090506456,-0.05868329035461824,-0.05046979682300262
1,1. Materials & Processing,2030,sam_mi_moodys_mi,moodys_mi,Moody's MI,41-0000,Sales and Related Occupations,391.74142868236,391.74142868236,1350.2736063425448,0.009966719278380842,0.010032046816218415,0.016662096879488258,High school diploma or equivalent,Unreported,Moderate-term on-the-job training,HS or less,70247.1414551309,1520.0,825.8,34.972256898250386,426.3152159865897,1456.7334540894435,-34.57378730422971,-106.45984774689873,-0.08109911635271605,-0.0730812129343479
1,1. Materials & Processing,2030,sam_mi_moodys_mi,moodys_mi,Moody's MI,43-0000,Office and Administrative Support Occupations,1464.1481517741981,1464.1481517741981,5046.697796977074,0.037250983792490276,0.03901351539640506,0.011688433775390326,High school diploma or equivalent,Less than 5 years,Short-term on-the-job training,HS or less,46949.811144684354,6050.0,1450.1999999999998,142.17499181901442,1657.8925066145202,5665.074543681185,-193.7443548403221,-618.3767467041107,-0.11686183155261101,-0.1091559770195517
1,1. Materials & Processing,2030,sam_mi_moodys_mi,moodys_mi,Moody's MI,47-0000,Construction and Extraction Occupations,83.51304928078817,83.51304928078817,287.85688204672215,0.002124746216050856,0.002090009753378814,0.0049823736780258,High school diploma or equivalent,Unreported,Apprenticeship,HS or less,62350.00000000001,170.0,81.0,7.889616272152835,88.81566999720523,303.48613626863084,-5.302620716417067,-15.629254221908695,-0.059703661714018766,-0.051499071470185565
1,1. Materials & Processing,2030,sam_mi_moodys_mi,moodys_mi,Moody's MI,49-0000,"Installation, Maintenance, and Repair Occupations",1109.824124261188,1109.824124261188,3825.396327655735,0.0282362412678468,0.02654312386791132,0.023717164614117787,High school diploma or equivalent,Less than 5 years,Long-term on-the-job training,HS or less,60618.98309741259,4070.0,286.3,105.06641464411166,1127.9590089645228,3854.2739306116673,-18.13488470333482,-28.87760295593216,-0.016077609699649296,-0.007492358736253427
1,1. Materials & Processing,2030,sam_mi_moodys_mi,moodys_mi,Moody's MI,51-0000,Production Occupations,11122.860032347156,11122.860032347156,38338.82053077081,0.28298876605418904,0.2861920022293446,0.028948233191491337,High school diploma or equivalent,Less than 5 years,Moderate-term on-the-job training,HS or less,47503.879034831174,39030.0,668.1999999999999,1128.237557556665,12161.825744950878,41557.36825971867,-1038.9657126037218,-3218.5477289478586,-0.08542843273634802,-0.0774483049271332
1,1. Materials & Processing,2030,sam_mi_moodys_mi,moodys_mi,Moody's MI,53-0000,Transportation and Material Moving Occupations,1653.7564041141118,1653.7564041141118,5700.248838388416,0.04207501333231365,0.04173052807579773,0.02502180484905315,No formal educational credential,Less than 5 years,Short-term on-the-job training,HS or less,43887.115511452255,6080.0,1434.8999999999999,193.03308433984137,1773.3528776108963,6059.606520830435,-119.59647349678448,-359.3576824420197,-0.06744087711291152,-0.05930379822628677
1,1. Materials & Processing,2030,sam_mi_moodys_mi_detail,moodys_mi_detail,Moody's MI (detail),00-0000,All Occupations,19921.054006857757,19921.054006857757,68658.75666000212,0.5,0.5000000000000001,0.022910534647908324,High school diploma or equivalent,Less than 5 years,Moderate-term on-the-job training,HS or less,58504.49289717329,70170.0,7143.3,1938.9776919426931,21247.668785665093,72604.0,-1326.6147788073358,-3945.2433399978763,-0.06243578023497556,-0.054339200870446205
1,1. Materials & Processing,2030,sam_mi_moodys_mi_detail,moodys_mi_detail,Moody's MI (detail),11-0000,Management Occupations,1262.8057582442577,1262.8057582442577,4352.313548986657,0.03169525462381511,0.0311411453253447,0.01216918114496178,Bachelor's degree,5 years or more,Unreported,BA+,129561.72823791415,4610.0,770.4,95.29645714974556,1323.353482958374,4521.9434304026545,-60.54772471411616,-169.62988141599726,-0.04575325148860525,-0.03751260581357884
1,1. Materials & Processing,2030,sam_mi_moodys_mi_detail,moodys_mi_detail,Moody's MI (detail),13-0000,Business and Financial Operations Occupations,857.9468768081505,857.9468768081505,2956.9502608497305,0.02153367177541924,0.020900097533788384,0.005097062279670955,Bachelor's degree,Less than 5 years,Moderate-term on-the-job training,BA+,80296.92200650598,3200.0,742.2,73.57100914645045,888.1566999720628,3034.861362686344,-30.209823163912347,-77.9111018366134,-0.034014068874177954,-0.025672046438276
1,1. Materials & Processing,2030,sam_mi_moodys_mi_detail,moodys_mi_detail,Moody's MI (detail),15-0000,Computer and Mathematical Occupations,149.8324525455258,149.8324525455258,516.4038958758505,0.003760655748785844,0.003692350564302524,0.0012699820411058655,Bachelor's degree,Unreported,Moderate-term on-the-job training,BA+,97939.08561392043,470.0,227.9,8.957540499746097,156.90768366172725,536.158840741241,-7.075231116201451,-19.754944865390485,-0.04509168035043292,-0.03684532150599107
1,1. Materials & Processing,2030,sam_mi_moodys_mi_detail,moodys_mi_detail,Moody's MI (detail),17-0000,Architecture and Engineering Occupations,1148.5674598105309,1148.5674598105309,3958.586413328379,0.028827979167546564,0.027309460777483533,0.011752440106477408,Bachelor's degree,Unreported,Unreported,BA+,94899.61867896037,3540.0,79.7,79.4657682372086,1160.524754630164,3965.552180576828,-11.957294819633034,-6.965767248449083,-0.010303351800060125,-0.0017565693076911787
1,1. Materials & Processing,2030,sam_mi_moodys_mi_detail,moodys_mi_detail,Moody's MI (detail),19-0000,"Life, Physical, and Social Science Occupations",288.4131040832826,288.4131040832826,994.0279828563869,0.007238901716344861,0.007106033161487996,0.005731204350130176,Bachelor's degree,Unreported,Moderate-term on-the-job training,BA+,75367.50837468269,900.0,41.9,26.222439738275447,301.973277990499,1031.852863313349,-13.560173907216438,-37.82488045696209,-0.04490521147252997,-0.036657242327654986
1,1. Materials & Processing,2030,sam_mi_moodys_mi_detail,moodys_mi_detail,Moody's MI (detail),27-0000,"Arts, Design, Entertainment, Sports, and Media Occupations",30.65940218866674,30.65940218866674,105.66892863641422,0.0007695225909761687,0.000766336909572205,0.00062813801944229,Bachelor's degree,Unreported,Unreported,BA+,72726.56485769009,150.0,22.5,2.3969671305520386,32.56574566564078,111.27824996516074,-1.906343476974044,-5.609321328746518,-0.05853830268610659,-0.05040806564178262
1,1. Materials & Processing,2030,sam_mi_moodys_mi_detail,moodys_mi_detail,Moody's MI (detail),33-0000,Protective Service Occupations,22.05945045930258,22.05945045930258,76.0288306340237,0.0005536717698699248,0.0005573359342343537,0.0007990599294947,High school diploma or equivalent,Unreported,Short-term on-the-job training,HS or less,38370.0,30.0,161.0,2.808454470937621,23.684178665921536,80.92963633830203,-1.6247282066189541,-4.900805704278326,-0.06859972767207366,-0.06055637867680488
1,1. Materials & Processing,2030,sam_mi_moodys_mi_detail,moodys_mi_detail,Moody's MI (detail),37-0000,Building and Grounds Cleaning and Maintenance Occupations,118.64472440870071,118.64472440870071,408.91406947472564,0.002977872665970828,0.002926013654730369,0.003572267920094,No formal educational credential,Unreported,Short-term on-the-job training,HS or less,35930.0,350.0,351.3,16.863526333054118,124.34193799608859,424.88059077608744,-5.697213587387878,-15.966521301361809,-0.04581892223335859,-0.037578843675107255
1,1. Materials & Processing,2030,sam_mi_moodys_mi_detail,moodys_mi_detail,Moody's MI (detail),41-0000,Sales and Related Occupations,397.09510603163017,397.09510603163017,1368.6051072658038,0.00996671927838084,0.010032046816218415,0.016662096879488258,High school diploma or equivalent,Unreported,Moderate-term on-the-job training,HS or less,70247.14145513088,1520.0,825.8,35.450200168735655,426.3152159865897,1456.7334540894435,-29.220109954959526,-88.12834682363973,-0.06854109086239765,-0.060497235493727215
1,1. Materials & Processing,2030,sam_mi_moodys_mi_detail,moodys_mi_detail,Moody's MI (detail),43-0000,Office and Administrative Support Occupations,1484.1577198775635,1484.1577198775635,5115.212463108545,0.037250983792490276,0.03901351539640506,0.011688433775390326,High school diploma or equivalent,Less than 5 years,Short-term on-the-job training,HS or less,46949.811144684354,6050.0,1450.1999999999998,144.11800569909937,1657.8925066145202,5665.074543681185,-173.73478673695672,-549.8620805726396,-0.10479255201637275,-0.09706175555729533
1,1. Materials & Processing,2030,sam_mi_moodys_mi_detail,moodys_mi_detail,Moody's MI (detail),47-0000,Construction and Extraction Occupations,84.65436824163152,84.65436824163152,291.764866824192,0.002124746216050856,0.002090009753378814,0.0049823736780258,High school diploma or equivalent,Unreported,Apprenticeship,HS or less,62350.0,170.0,81.0,7.997438567263997,88.81566999720523,303.48613626863084,-4.161301755573717,-11.72126944443886,-0.04685323834977163,-0.03862209189702087
1,1. Materials & Processing,2030,sam_mi_moodys_mi_detail,moodys_mi_detail,Moody's MI (detail),49-0000,"Installation, Maintenance, and Repair Occupations",1124.9913744948838,1124.9913744948838,3877.330436404405,0.028236241267846802,0.02654312386791132,0.023717164614117787,High school diploma or equivalent,Less than 5 years,Long-term on-the-job training,HS or less,60618.98309741258,4070.0,286.3,106.50228954287125,1127.9590089645228,3854.2739306116673,-2.9676344696390515,23.05650579273788,-0.002630977230602882,0.005982062045361381
1,1. Materials & Processing,2030,sam_mi_moodys_mi_detail,moodys_mi_detail,Moody's MI (detail),51-0000,Production Occupations,11274.868983799071,11274.868983799071,38859.313652057666,0.28298876605418904,0.2861920022293446,0.028948233191491337,High school diploma or equivalent,Less than 5 years,Moderate-term on-the-job training,HS or less,47503.87903483117,39030.0,668.1999999999999,1143.6564523026293,12161.825744950878,41557.36825971867,-886.9567611518069,-2698.0546076610044,-0.07292957321971474,-0.0649236157304074
1,1. Materials & Processing,2030,sam_mi_moodys_mi_detail,moodys_mi_detail,Moody's MI (detail),53-0000,Transportation and Material Moving Occupations,1676.3572258645609,1676.3572258645609,5777.636203699336,0.04207501333231365,0.04173052807579773,0.02502180484905315,No formal educational credential,Less than 5 years,Short-term on-the-job training,HS or less,43887.11551145225,6080.0,1434.8999999999999,195.67114295612296,1773.3528776108963,6059.606520830435,-96.9956517463354,-281.97031713109936,-0.054696193279371606,-0.046532776701226616
1,1. Materials & Processing,2030,sam_mi_moodys_us,moodys_us,Moody's US,00-0000,All Occupations,20268.405486602078,20268.405486602078,69797.51500000001,0.5000000000000001,0.5000000000000001,0.022910534647908324,High school diploma or equivalent,Less than 5 years,Moderate-term on-the-job training,HS or less,58504.49289717328,70170.0,7143.3,1972.786483899969,21247.668785665093,72604.0,-979.2632990630154,-2806.484999999986,-0.04608803483061084,-0.038654688446917336
1,1. Materials & Processing,2030,sam_mi_moodys_us,moodys_us,Moody's US,11-0000,Management Occupations,1284.8245454331677,1284.8245454331677,4424.50002006911,0.0316952546238151,0.0311411453253447,0.01216918114496178,Bachelor's degree,5 years or more,Unreported,BA+,129561.72823791418,4610.0,770.4,96.95808436053271,1323.353482958374,4521.9434304026545,-38.528937525206175,-97.4434103335443,-0.029114622828569005,-0.021549011356134434
1,1. Materials & Processing,2030,sam_mi_moodys_us,moodys_us,Moody's US,13-0000,Business and Financial Operations Occupations,872.9063823191912,872.9063823191912,3005.9935574998026,0.02153367177541924,0.020900097533788384,0.005097062279670955,Bachelor's degree,Less than 5 years,Moderate-term on-the-job training,BA+,80296.92200650596,3200.0,742.2,74.8538227407766,888.1566999720628,3034.861362686344,-15.250317652871672,-28.867805186541318,-0.01717075112235417,-0.009512067187473973
1,1. Materials & Processing,2030,sam_mi_moodys_us,moodys_us,Moody's US,15-0000,Computer and Mathematical Occupations,152.44499122382524,152.44499122382524,524.9688520714324,0.0037606557487858436,0.003692350564302524,0.0012699820411058655,Bachelor's degree,Unreported,Moderate-term on-the-job training,BA+,97939.08561392043,470.0,227.9,9.113727765057728,156.90768366172725,536.158840741241,-4.462692437902007,-11.1899886698086,-0.028441516270949464,-0.020870659624559043
1,1. Materials & Processing,2030,sam_mi_moodys_us,moodys_us,Moody's US,17-0000,Architecture and Engineering Occupations,1168.594342254302,1168.594342254302,4024.2426167330373,0.028827979167546564,0.027309460777483533,0.011752440106477408,Bachelor's degree,Unreported,Unreported,BA+,94899.6186789604,3540.0,79.7,80.85136521298664,1160.524754630164,3965.552180576828,8.069587624138194,58.690436156209216,0.006953395515212263,0.014800066543991894
1,1. Materials & Processing,2030,sam_mi_moodys_us,moodys_us,Moody's US,19-0000,"Life, Physical, and Social Science Occupations",293.44199052907476,293.44199052907476,1010.5147022602125,0.007238901716344863,0.007106033161487996,0.005731204350130176,Bachelor's degree,Unreported,Moderate-term on-the-job training,BA+,75367.50837468269,900.0,41.9,26.679664704507687,301.973277990499,1031.852863313349,-8.531287461424256,-21.338161053136446,-0.02825179604697564,-0.020679461008247024
1,1. Materials & Processing,2030,sam_mi_moodys_us,moodys_us,Moody's US,27-0000,"Arts, Design, Entertainment, Sports, and Media Occupations",31.193991810011248,31.193991810011248,107.42152917299603,0.0007695225909761688,0.000766336909572205,0.00062813801944229,Bachelor's degree,Unreported,Unreported,BA+,72726.56485769007,150.0,22.5,2.438761609870709,32.56574566564078,111.27824996516074,-1.3717538556295352,-3.856720792164708,-0.04212259930153649,-0.03465835231388146
1,1. Materials & Processing,2030,sam_mi_moodys_us,moodys_us,Moody's US,33-0000,Protective Service Occupations,22.44408787641653,22.44408787641653,77.28982732514527,0.0005536717698699248,0.0005573359342343537,0.0007990599294947,High school diploma or equivalent,Unreported,Short-term on-the-job training,HS or less,38370.0,30.0,161.0,2.857423808400333,23.684178665921536,80.92963633830203,-1.2400907895050075,-3.639809013156764,-0.0523594593250277,-0.04497498293383694
1,1. Materials & Processing,2030,sam_mi_moodys_us,moodys_us,Moody's US,37-0000,Building and Grounds Cleaning and Maintenance Occupations,120.71346136273095,120.71346136273095,415.6962241423778,0.002977872665970828,0.002926013654730369,0.003572267920094,No formal educational credential,Unreported,Short-term on-the-job training,HS or less,35930.0,350.0,351.3,17.15756553517049,124.34193799608859,424.88059077608744,-3.6284766333576357,-9.184366633709658,-0.02918143863474105,-0.02161634782359317
1,1. Materials & Processing,2030,sam_mi_moodys_us,moodys_us,Moody's US,41-0000,Sales and Related Occupations,404.01901541071373,404.01901541071373,1391.3044766671521,0.00996671927838084,0.010032046816218415,0.016662096879488258,High school diploma or equivalent,Unreported,Moderate-term on-the-job training,HS or less,70247.14145513088,1520.0,825.8,36.06832406326471,426.3152159865897,1456.7334540894435,-22.296200575875957,-65.42897742229138,-0.052299800100443314,-0.044914858815533205
1,1. Materials & Processing,2030,sam_mi_moodys_us,moodys_us,Moody's US,43-0000,Office and Administrative Support Occupations,1510.0360885620698,1510.0360885620698,5200.052200042196,0.037250983792490276,0.03901351539640506,0.011688433775390326,High school diploma or equivalent,Less than 5 years,Short-term on-the-job training,HS or less,46949.81114468435,6050.0,1450.1999999999998,146.63090499248761,1657.8925066145202,5665.074543681185,-147.8564180524504,-465.0223436389888,-0.08918335625653973,-0.08208582959560064
1,1. Materials & Processing,2030,sam_mi_moodys_us,moodys_us,Moody's US,47-0000,Construction and Extraction Occupations,86.13043572608433,86.13043572608433,296.6040117720058,0.002124746216050856,0.002090009753378814,0.0049823736780258,High school diploma or equivalent,Unreported,Apprenticeship,HS or less,62349.99999999999,170.0,81.0,8.136885110581794,88.81566999720523,303.48613626863084,-2.6852342711209047,-6.882124496625067,-0.03023378950139543,-0.022676899120470377
1,1. Materials & Processing,2030,sam_mi_moodys_us,moodys_us,Moody's US,49-0000,"Installation, Maintenance, and Repair Occupations",1144.6071748684922,1144.6071748684922,3941.6389468723128,0.028236241267846806,0.02654312386791132,0.023717164614117787,High school diploma or equivalent,Less than 5 years,Long-term on-the-job training,HS or less,60618.98309741258,4070.0,286.3,108.35930613728132,1127.9590089645228,3854.2739306116673,16.648165903969357,87.36501626064546,0.014759548681873229,0.022667049056054187
1,1. Materials & Processing,2030,sam_mi_moodys_us,moodys_us,Moody's US,51-0000,Production Occupations,11471.462117078952,11471.462117078952,39503.82528699751,0.28298876605418904,0.2861920022293446,0.028948233191491337,High school diploma or equivalent,Less than 5 years,Moderate-term on-the-job training,HS or less,47503.87903483115,39030.0,668.1999999999999,1163.5977044517228,12161.825744950878,41557.36825971867,-690.3636278719259,-2053.5429727211595,-0.056764801794544566,-0.04941465397633583
1,1. Materials & Processing,2030,sam_mi_moodys_us,moodys_us,Moody's US,53-0000,Transportation and Material Moving Occupations,1705.586862147043,1705.586862147043,5873.462748374726,0.04207501333231365,0.04173052807579773,0.02502180484905315,No formal educational credential,Less than 5 years,Short-term on-the-job training,HS or less,43887.11551145225,6080.0,1434.8999999999999,199.08294340732772,1773.3528776108963,6059.606520830435,-67.76601546385336,-186.14377245570904,-0.038213497335707586,-0.030718788722637898
2,2. Equipment Manufacturing,2030,sam_mi_bls_us,bls_us,BLS US,00-0000,All Occupations,6164.576756725937,6164.576756725937,46460.940000000024,0.5,0.5,0.03319123961959542,High school diploma or equivalent,5 years or more,Moderate-term on-the-job training,HS or less,68026.51492030804,46080.0,6175.0,560.1199589061591,6244.586842570625,47550.0,-80.01008584468764,-1089.0599999999758,-0.012812710890533626,-0.022903470031545234
2,2. Equipment Manufacturing,2030,sam_mi_bls_us,bls_us,BLS US,11-0000,Management Occupations,506.6868743614017,506.6868743614017,3818.7777356827896,0.041096647373931615,0.04050042408821026,0.013769768591115339,Bachelor's degree,5 years or more,Unreported,BA+,127290.66720786478,3460.0,739.7,38.30678527739225,505.81683075953634,3851.5903307887943,0.8700436018653477,-32.812595106004665,0.0017200764169094317,-0.008519232911067346
2,2. Equipment Manufacturing,2030,sam_mi_bls_us,bls_us,BLS US,13-0000,Business and Financial Operations Occupations,403.7753777460229,403.7753777460229,3043.158409612991,0.03274964313693384,0.03201865988125521,0.00828526514984312,Bachelor's degree,Less than 5 years,Moderate-term on-the-job training,BA+,84283.33179283483,2750.0,742.2,33.73698547404946,399.88660442246044,3044.9745547073694,3.888773323562475,-1.8161450943784985,0.009724690151046366,-0.0005964401546708607
2,2. Equipment Manufacturing,2030,sam_mi_bls_us,bls_us,BLS US,15-0000,Computer and Mathematical Occupations,79.26316340866448,79.26316340866448,597.3874970933189,0.006428921768407168,0.006573367260390082,0.004267205803815992,Bachelor's degree,Unreported,Moderate-term on-the-job training,BA+,98651.49794208565,660.0,210.0,4.466864378065266,82.09592541123284,625.1272264630968,-2.8327620025683586,-27.739729369777933,-0.034505512769099786,-0.04437453400762332
2,2. Equipment Manufacturing,2030,sam_mi_bls_us,bls_us,BLS US,17-0000,Architecture and Engineering Occupations,774.6050842316306,774.6050842316306,5838.013177938718,0.06282711001906889,0.060220525869380884,0.025238779484042514,Bachelor's degree,Unreported,Unreported,BA+,99871.87453805874,4890.0,94.2,49.66134217838205,752.1046069932396,5726.972010178122,22.500477238391,111.04116776059618,0.029916685829572704,0.01938915845288766
2,2. Equipment Manufacturing,2030,sam_mi_bls_us,bls_us,BLS US,19-0000,"Life, Physical, and Social Science Occupations",4.35278278374497,4.35278278374497,32.805882338630596,0.00035304798330200145,0.0003180661577608016,0.0015050526768436,Bachelor's degree,Unreported,Unreported,BA+,83910.0,30.0,14.9,0.4627646341619696,3.9723834876401884,30.248091603052227,0.3803992961047813,2.5577907355783687,0.09576097002929572,0.08456040034341443
2,2. Equipment Manufacturing,2030,sam_mi_bls_us,bls_us,BLS US,27-0000,"Arts, Design, Entertainment, Sports, and Media Occupations",22.486744639189926,22.486744639189926,169.47721387957932,0.0018238676819666076,0.0018023748939779087,0.0011825413889486002,Bachelor's degree,Less than 5 years,Short-term on-the-job training,BA+,83044.11764705865,160.0,7.0,1.801328278460713,22.510173096628147,171.40585241729912,-0.023428457438221528,-1.9286385377197917,-0.0010407941928145784,-0.011251882654650502
2,2. Equipment Manufacturing,2030,sam_mi_bls_us,bls_us,BLS US,37-0000,Building and Grounds Cleaning and Maintenance Occupations,41.00524022440514,41.00524022440514,309.0466841333504,0.003325876361233224,0.003286683630195066,0.0035476241668457994,No formal educational credential,Unreported,Short-term on-the-job training,HS or less,35930.0,250.0,351.3,5.828265451866615,41.04796270561673,312.56361323155073,-0.042722481211590946,-3.5169290982003076,-0.0010407941928320132,-0.011251882654667566
2,2. Equipment Manufacturing,2030,sam_mi_bls_us,bls_us,BLS US,41-0000,Sales and Related Occupations,242.4155319886234,242.4155319886234,1827.027861159007,0.019661976933301458,0.019826123833757398,0.019590404915509032,High school diploma or equivalent,Unreported,Moderate-term on-the-job training,HS or less,73162.52849628516,1800.0,300.2,21.41095590112261,247.61190406291465,1885.4643765903284,-5.196372074291247,-58.43651543132137,-0.02098595418486392,-0.030993168662776804
2,2. Equipment Manufacturing,2030,sam_mi_bls_us,bls_us,BLS US,43-0000,Office and Administrative Support Occupations,506.3064071578542,506.3064071578542,3815.9102454051,0.04106578822345284,0.04293893129770996,0.010768426277635738,High school diploma or equivalent,Less than 5 years,Short-term on-the-job training,HS or less,47812.95895669044,4060.0,1431.3000000000002,51.25415209631591,536.2717708314473,4083.4923664122166,-29.96536367359306,-267.5821210071167,-0.0558771975394754,-0.06552776324698169
2,2. Equipment Manufacturing,2030,sam_mi_bls_us,bls_us,BLS US,47-0000,Construction and Extraction Occupations,54.232737070988165,54.232737070988165,408.7391628860495,0.0043987397035665805,0.004346904156064472,0.0046226617931627,High school diploma or equivalent,Unreported,Apprenticeship,HS or less,62350.0,340.0,81.0,5.123456616223514,54.28924099775153,413.3905852417312,-0.056503926763362244,-4.651422355681689,-0.0010407941928254705,-0.011251882654661228
2,2. Equipment Manufacturing,2030,sam_mi_bls_us,bls_us,BLS US,49-0000,"Installation, Maintenance, and Repair Occupations",236.70525836413978,236.70525836413978,1783.990895164342,0.019198824810306693,0.017917726887192436,0.016065769402520858,High school diploma or equivalent,Less than 5 years,Long-term on-the-job training,HS or less,62083.86113020388,1400.0,287.8,22.12434072828975,223.7776031370716,1703.9758269720003,12.927655227068186,80.01506819234169,0.057770103199959406,0.04695786578999192
2,2. Equipment Manufacturing,2030,sam_mi_bls_us,bls_us,BLS US,51-0000,Production Occupations,3125.8285363751384,3125.8285363751384,23558.621752962903,0.2535314799158486,0.25689143341815146,0.049931659906899954,High school diploma or equivalent,Less than 5 years,Moderate-term on-the-job training,HS or less,52702.30890327719,25060.0,563.3000000000001,305.54687836863496,3208.3617301841928,24430.3753180662,-82.53319380905441,-871.7535651032958,-0.025724404150748975,-0.03568318348587286
2,2. Equipment Manufacturing,2030,sam_mi_bls_us,bls_us,BLS US,53-0000,Transportation and Material Moving Occupations,166.9130183741339,166.9130183741339,1257.9834817432384,0.013538076088680493,0.013358778625954115,0.01681921962506792,No formal educational credential,Less than 5 years,Short-term on-the-job training,HS or less,43021.66020673191,1220.0,1352.1,20.395839523194102,166.84010648089352,1270.4198473282363,0.07291189324038783,-12.43636558499793,0.0004370165829925173,-0.00978917765741168
2,2. Equipment Manufacturing,2030,sam_mi_dtmb_mi,dtmb_mi,DTMB MI,00-0000,All Occupations,6132.184279404352,6132.184279404352,46694.09999999999,0.49999999999999994,0.5,0.03319123961959542,High school diploma or equivalent,5 years or more,Moderate-term on-the-job training,HS or less,68026.51492030805,46080.0,6175.0,557.1767441840069,6244.586842570625,47550.0,-112.40256316627256,-855.9000000000087,-0.01800000000000021,-0.018000000000000183
2,2. Equipment Manufacturing,2030,sam_mi_dtmb_mi,dtmb_mi,DTMB MI,11-0000,Management Occupations,504.0244299252953,504.0244299252953,3837.9419242861995,0.041096647373931615,0.04050042408821026,0.013769768591115339,Bachelor's degree,5 years or more,Unreported,BA+,127290.66720786477,3460.0,739.7,38.10549786994667,505.81683075953634,3851.5903307887943,-1.7924008342410502,-13.648406502594753,-0.003543576894326697,-0.0035435768943265574
2,2. Equipment Manufacturing,2030,sam_mi_dtmb_mi,dtmb_mi,DTMB MI,13-0000,Business and Financial Operations Occupations,401.65369360081667,401.65369360081667,3058.4302232006044,0.032749643136933834,0.03201865988125521,0.00828526514984312,Bachelor's degree,Less than 5 years,Moderate-term on-the-job training,BA+,84283.33179283486,2750.0,742.2,33.559710605069306,399.88660442246044,3044.9745547073694,1.7670891783562297,13.455668493234953,0.0044189756766380385,0.00441897567663848
2,2. Equipment Manufacturing,2030,sam_mi_dtmb_mi,dtmb_mi,DTMB MI,15-0000,Computer and Mathematical Occupations,78.84666600349374,78.84666600349374,600.3854318923622,0.0064289217684071675,0.006573367260390082,0.004267205803815992,Bachelor's degree,Unreported,Moderate-term on-the-job training,BA+,98651.49794208568,660.0,210.0,4.443392725626646,82.09592541123284,625.1272264630968,-3.2492594077391033,-24.741794570734555,-0.03957881455703185,-0.03957881455703184
2,2. Equipment Manufacturing,2030,sam_mi_dtmb_mi,dtmb_mi,DTMB MI,17-0000,Architecture and Engineering Occupations,770.5348327586838,770.5348327586838,5867.310715882807,0.06282711001906888,0.060220525869380884,0.025238779484042514,Bachelor's degree,Unreported,Unreported,BA+,99871.87453805876,4890.0,94.2,49.40039094624475,752.1046069932396,5726.972010178122,18.43022576544422,140.3387057046848,0.024504870192358606,0.024504870192358412
2,2. Equipment Manufacturing,2030,sam_mi_dtmb_mi,dtmb_mi,DTMB MI,19-0000,"Life, Physical, and Social Science Occupations",4.329910586159888,4.329910586159888,32.970515674203966,0.00035304798330200145,0.0003180661577608016,0.0015050526768436,Bachelor's degree,Unreported,Unreported,BA+,83910.0,30.0,14.9,0.4603329841868164,3.9723834876401884,30.248091603052227,0.3575270985196992,2.722424071151739,0.09000316803050899,0.09000316803050903
2,2. Equipment Manufacturing,2030,sam_mi_dtmb_mi,dtmb_mi,DTMB MI,27-0000,"Arts, Design, Entertainment, Sports, and Media Occupations",22.36858545413858,22.36858545413858,170.3277198570339,0.0018238676819666076,0.0018023748939779087,0.0011825413889486002,Bachelor's degree,Less than 5 years,Short-term on-the-job training,BA+,83044.11764705864,160.0,7.0,1.791862991919329,22.510173096628147,171.40585241729912,-0.14158764248956857,-1.0781325602652032,-0.006289940192009333,-0.006289940192009411
2,2. Equipment Manufacturing,2030,sam_mi_dtmb_mi,dtmb_mi,DTMB MI,37-0000,Building and Grounds Cleaning and Maintenance Occupations,40.78977347519387,40.78977347519387,310.5976067981206,0.0033258763612332245,0.003286683630195066,0.0035476241668457994,No formal educational credential,Unreported,Short-term on-the-job training,HS or less,35930.0,250.0,351.3,5.7976401609627795,41.04796270561673,312.56361323155073,-0.25818923042286457,-1.9660064334301524,-0.006289940192026526,-0.006289940192026486
2,2. Equipment Manufacturing,2030,sam_mi_dtmb_mi,dtmb_mi,DTMB MI,41-0000,Sales and Related Occupations,241.1417317048044,241.1417317048044,1836.196634242543,0.019661976933301458,0.019826123833757398,0.019590404915509032,High school diploma or equivalent,Unreported,Moderate-term on-the-job training,HS or less,73162.52849628514,1800.0,300.2,21.298449571680955,247.61190406291465,1885.4643765903284,-6.470172358110233,-49.267742347785315,-0.026130296047746776,-0.026130296047746627
2,2. Equipment Manufacturing,2030,sam_mi_dtmb_mi,dtmb_mi,DTMB MI,43-0000,Office and Administrative Support Occupations,503.6459619304119,503.6459619304119,3835.0600437694584,0.041065788223452845,0.04293893129770996,0.010768426277635738,High school diploma or equivalent,Less than 5 years,Short-term on-the-job training,HS or less,47812.95895669045,4060.0,1431.3000000000002,50.984831261336375,536.2717708314473,4083.4923664122166,-32.625808901035384,-248.4323226427582,-0.06083819935263724,-0.06083819935263709
2,2. Equipment Manufacturing,2030,sam_mi_dtmb_mi,dtmb_mi,DTMB MI,47-0000,Construction and Extraction Occupations,53.9477649188055,53.9477649188055,410.7903831846165,0.0043987397035665805,0.004346904156064472,0.0046226617931627,High school diploma or equivalent,Unreported,Apprenticeship,HS or less,62350.0,340.0,81.0,5.0965348243798045,54.28924099775153,413.3905852417312,-0.34147607894603027,-2.6002020571147,-0.006289940192020239,-0.0062899401920201575
2,2. Equipment Manufacturing,2030,sam_mi_dtmb_mi,dtmb_mi,DTMB MI,49-0000,"Installation, Maintenance, and Repair Occupations",235.46146336960194,235.46146336960194,1792.943691149883,0.019198824810306693,0.017917726887192436,0.016065769402520858,High school diploma or equivalent,Less than 5 years,Long-term on-the-job training,HS or less,62083.86113020388,1400.0,287.8,22.008085836254512,223.7776031370716,1703.9758269720003,11.68386023253035,88.9678641778828,0.05221192857881125,0.052211928578811184
2,2. Equipment Manufacturing,2030,sam_mi_dtmb_mi,dtmb_mi,DTMB MI,51-0000,Production Occupations,3109.403510948175,3109.403510948175,23676.84855267725,0.2535314799158486,0.25689143341815146,0.049931659906899954,High school diploma or equivalent,Less than 5 years,Moderate-term on-the-job training,HS or less,52702.30890327719,25060.0,563.3000000000001,303.9413471669287,3208.3617301841928,24430.3753180662,-98.95821923601761,-753.5267653889496,-0.03084384728349705,-0.030843847283497053
2,2. Equipment Manufacturing,2030,sam_mi_dtmb_mi,dtmb_mi,DTMB MI,53-0000,Transportation and Material Moving Occupations,166.035954728773,166.035954728773,1264.2965573849112,0.013538076088680493,0.013358778625954115,0.01681921962506792,No formal educational credential,Less than 5 years,Short-term on-the-job training,HS or less,43021.66020673192,1220.0,1352.1,20.28866723947018,166.84010648089352,1270.4198473282363,-0.8041517521205321,-6.123289943325062,-0.004819894742830456,-0.004819894742830634
2,2. Equipment Manufacturing,2030,sam_mi_moodys_mi,moodys_mi,Moody's MI,00-0000,All Occupations,6107.466445385028,6107.466445385028,45438.294,0.5000000000000001,0.5,0.03319123961959542,High school diploma or equivalent,5 years or more,Moderate-term on-the-job training,HS or less,68026.51492030804,46080.0,6175.0,554.9308556629419,6244.586842570625,47550.0,-137.12039718559663,-2111.7059999999983,-0.021958281731437997,-0.044410220820189236
2,2. Equipment Manufacturing,2030,sam_mi_moodys_mi,moodys_mi,Moody's MI,11-0000,Management Occupations,501.99278970821604,501.99278970821604,3734.7230915820646,0.041096647373931615,0.04050042408821026,0.013769768591115339,Bachelor's degree,5 years or more,Unreported,BA+,127290.66720786477,3460.0,739.7,37.951900827089275,505.81683075953634,3851.5903307887943,-3.8240410513203074,-116.86723920672966,-0.007560130107924866,-0.03034259336267354
2,2. Equipment Manufacturing,2030,sam_mi_moodys_mi,moodys_mi,Moody's MI,13-0000,Business and Financial Operations Occupations,400.03469311431496,400.03469311431496,2976.175826502163,0.03274964313693384,0.03201865988125521,0.00828526514984312,Bachelor's degree,Less than 5 years,Moderate-term on-the-job training,BA+,84283.33179283484,2750.0,742.2,33.424436888775624,399.88660442246044,3044.9745547073694,0.14808869185452522,-68.79872820520632,0.0003703267131651073,-0.02259418821705657
2,2. Equipment Manufacturing,2030,sam_mi_moodys_mi,moodys_mi,Moody's MI,15-0000,Computer and Mathematical Occupations,78.5288479611043,78.5288479611043,584.2384748317695,0.006428921768407168,0.006573367260390082,0.004267205803815992,Bachelor's degree,Unreported,Moderate-term on-the-job training,BA+,98651.49794208567,660.0,210.0,4.4254821347392195,82.09592541123284,625.1272264630968,-3.5670774501285365,-40.888751631327295,-0.0434501156087884,-0.06540868786450318
2,2. Equipment Manufacturing,2030,sam_mi_moodys_mi,moodys_mi,Moody's MI,17-0000,Architecture and Engineering Occupations,767.4289326039533,767.4289326039533,5709.513392433593,0.06282711001906888,0.060220525869380884,0.025238779484042514,Bachelor's degree,Unreported,Unreported,BA+,99871.87453805876,4890.0,94.2,49.20126603279421,752.1046069932396,5726.972010178122,15.324325610713686,-17.458617744528965,0.02037525826623667,-0.0030484901468875803
2,2. Equipment Manufacturing,2030,sam_mi_moodys_mi,moodys_mi,Moody's MI,19-0000,"Life, Physical, and Social Science Occupations",4.312457423255655,4.312457423255655,32.08379612276686,0.00035304798330200145,0.0003180661577608016,0.0015050526768436,Bachelor's degree,Unreported,Unreported,BA+,83910.0,30.0,14.9,0.45847745705679094,3.9723834876401884,30.248091603052227,0.3400739356154663,1.8357045197146356,0.08560954315553473,0.06068827560444842
2,2. Equipment Manufacturing,2030,sam_mi_moodys_mi,moodys_mi,Moody's MI,27-0000,"Arts, Design, Entertainment, Sports, and Media Occupations",22.27842133686645,22.27842133686645,165.74687190059439,0.0018238676819666074,0.0018023748939779087,0.0011825413889486002,Bachelor's degree,Less than 5 years,Short-term on-the-job training,BA+,83044.11764705865,160.0,7.0,1.7846402846421863,22.510173096628147,171.40585241729912,-0.23175175976169626,-5.65898051670473,-0.010295423263378232,-0.033015095090963176
2,2. Equipment Manufacturing,2030,sam_mi_moodys_mi,moodys_mi,Moody's MI,37-0000,Building and Grounds Cleaning and Maintenance Occupations,40.62535655546234,40.62535655546234,302.2442958187309,0.0033258763612332245,0.003286683630195066,0.0035476241668457994,No formal educational credential,Unreported,Short-term on-the-job training,HS or less,35930.0,250.0,351.3,5.774270819685191,41.04796270561673,312.56361323155073,-0.42260615015439384,-10.319317412819828,-0.010295423263395413,-0.033015095090979635
2,2. Equipment Manufacturing,2030,sam_mi_moodys_mi,moodys_mi,Moody's MI,41-0000,Sales and Related Occupations,240.16972874014613,240.16972874014613,1786.8133770331397,0.019661976933301458,0.019826123833757398,0.019590404915509032,High school diploma or equivalent,Unreported,Moderate-term on-the-job training,HS or less,73162.52849628514,1800.0,300.2,21.212598997498127,247.61190406291465,1885.4643765903284,-7.44217532276852,-98.6509995571887,-0.03005580588273159,-0.05232185809608827
2,2. Equipment Manufacturing,2030,sam_mi_moodys_mi,moodys_mi,Moody's MI,43-0000,Office and Administrative Support Occupations,501.6158472560517,501.6158472560517,3731.918717277976,0.041065788223452845,0.04293893129770996,0.010768426277635738,High school diploma or equivalent,Less than 5 years,Short-term on-the-job training,HS or less,47812.95895669043,4060.0,1431.3000000000002,50.7793197275663,536.2717708314473,4083.4923664122166,-34.65592357539555,-351.57364913424044,-0.06462380729394773,-0.0860963159931496
2,2. Equipment Manufacturing,2030,sam_mi_moodys_mi,moodys_mi,Moody's MI,47-0000,Construction and Extraction Occupations,53.73031028303154,53.73031028303154,399.7424557602622,0.0043987397035665805,0.004346904156064472,0.0046226617931627,High school diploma or equivalent,Unreported,Apprenticeship,HS or less,62350.0,340.0,81.0,5.0759915242891935,54.28924099775153,413.3905852417312,-0.5589307147199847,-13.64812948146897,-0.010295423263389033,-0.03301509509097357
2,2. Equipment Manufacturing,2030,sam_mi_moodys_mi,moodys_mi,Moody's MI,49-0000,"Installation, Maintenance, and Repair Occupations",234.5123566395474,234.5123566395474,1744.7236923704193,0.019198824810306693,0.017917726887192436,0.016065769402520858,High school diploma or equivalent,Less than 5 years,Long-term on-the-job training,HS or less,62083.86113020388,1400.0,287.8,21.91937483410627,223.7776031370716,1703.9758269720003,10.734753502475797,40.74786539841898,0.0479706340222993,0.02391340578512124
2,2. Equipment Manufacturing,2030,sam_mi_moodys_mi,moodys_mi,Moody's MI,51-0000,Production Occupations,3096.870012869706,3096.870012869706,23040.075845342843,0.25353147991584857,0.25689143341815146,0.049931659906899954,High school diploma or equivalent,Less than 5 years,Moderate-term on-the-job training,HS or less,52702.3089032772,25060.0,563.3000000000001,302.71620920163383,3208.3617301841928,24430.3753180662,-111.49171731448678,-1390.2994727233563,-0.03475035756273218,-0.056908641583383025
2,2. Equipment Manufacturing,2030,sam_mi_moodys_mi,moodys_mi,Moody's MI,53-0000,Transportation and Material Moving Occupations,165.36669089337096,165.36669089337096,1230.2941630236683,0.013538076088680491,0.013358778625954115,0.01681921962506792,No formal educational credential,Less than 5 years,Short-term on-the-job training,HS or less,43021.66020673192,1220.0,1352.1,20.20688693306568,166.84010648089352,1270.4198473282363,-1.4734155875225667,-40.12568430456804,-0.008831303327484401,-0.031584585512383634
2,2. Equipment Manufacturing,2030,sam_mi_moodys_mi_detail,moodys_mi_detail,Moody's MI (detail),00-0000,All Occupations,6121.928858063344,6121.928858063344,45546.329468511365,0.5,0.5,0.03319123961959542,High school diploma or equivalent,5 years or more,Moderate-term on-the-job training,HS or less,68026.51492030805,46080.0,6175.0,556.2449257629248,6244.586842570625,47550.0,-122.65798450728107,-2003.6705314886349,-0.01964228981028761,-0.04213818152447182
2,2. Equipment Manufacturing,2030,sam_mi_moodys_mi_detail,moodys_mi_detail,Moody's MI (detail),11-0000,Management Occupations,503.1815030562501,503.1815030562501,3743.602882688643,0.04109664737393161,0.04050042408821026,0.013769768591115339,Bachelor's degree,5 years or more,Unreported,BA+,127290.66720786481,3460.0,739.7,38.04177050653755,505.81683075953634,3851.5903307887943,-2.6353277032862366,-107.98744810015114,-0.0052100435237179025,-0.02803710644845129
2,2. Equipment Manufacturing,2030,sam_mi_moodys_mi_detail,moodys_mi_detail,Moody's MI (detail),13-0000,Business and Financial Operations Occupations,400.9819708225428,400.9819708225428,2983.252072581921,0.03274964313693384,0.03201865988125521,0.00828526514984312,Bachelor's degree,Less than 5 years,Moderate-term on-the-job training,BA+,84283.33179283484,2750.0,742.2,33.50358558392582,399.88660442246044,3044.9745547073694,1.095366400082355,-61.72248212544855,0.002739192531003501,-0.020270278459315484
2,2. Equipment Manufacturing,2030,sam_mi_moodys_mi_detail,moodys_mi_detail,Moody's MI (detail),15-0000,Computer and Mathematical Occupations,78.71480340048694,78.71480340048694,585.6275779823152,0.006428921768407168,0.006573367260390082,0.004267205803815992,Bachelor's degree,Unreported,Moderate-term on-the-job training,BA+,98651.49794208565,660.0,210.0,4.435961627259637,82.09592541123284,625.1272264630968,-3.381122010745898,-39.499648480781616,-0.04118501611144849,-0.06318657516209367
2,2. Equipment Manufacturing,2030,sam_mi_moodys_mi_detail,moodys_mi_detail,Moody's MI (detail),17-0000,Architecture and Engineering Occupations,769.2461957889168,769.2461957889168,5723.088504965845,0.06282711001906888,0.060220525869380884,0.025238779484042514,Bachelor's degree,Unreported,Unreported,BA+,99871.87453805875,4890.0,94.2,49.31777408405,752.1046069932396,5726.972010178122,17.141588795677194,-3.8835052122776688,0.022791495539703926,-0.0006781079434954114
2,2. Equipment Manufacturing,2030,sam_mi_moodys_mi_detail,moodys_mi_detail,Moody's MI (detail),19-0000,"Life, Physical, and Social Science Occupations",4.322669274515176,4.322669274515176,32.16007953133291,0.00035304798330200145,0.0003180661577608016,0.0015050526768436,Bachelor's degree,Unreported,Unreported,BA+,83910.0,30.0,14.9,0.4595631265806359,3.9723834876401884,30.248091603052227,0.3502857868749878,1.9119879282806842,0.08818025449075577,0.06321020027880873
2,2. Equipment Manufacturing,2030,sam_mi_moodys_mi_detail,moodys_mi_detail,Moody's MI (detail),27-0000,"Arts, Design, Entertainment, Sports, and Media Occupations",22.33117639104094,22.33117639104094,166.1409566996424,0.0018238676819666074,0.0018023748939779087,0.0011825413889486002,Bachelor's degree,Less than 5 years,Short-term on-the-job training,BA+,83044.11764705865,160.0,7.0,1.7888662930058254,22.510173096628147,171.40585241729912,-0.17899670558720615,-5.264895717656714,-0.007951813822969602,-0.03071596239805727
2,2. Equipment Manufacturing,2030,sam_mi_moodys_mi_detail,moodys_mi_detail,Moody's MI (detail),37-0000,Building and Grounds Cleaning and Maintenance Occupations,40.721556948368764,40.721556948368764,302.96292104052435,0.0033258763612332245,0.003286683630195066,0.0035476241668457994,No formal educational credential,Unreported,Short-term on-the-job training,HS or less,35930.0,250.0,351.3,5.787944228824222,41.04796270561673,312.56361323155073,-0.3264057572479686,-9.600692191026383,-0.007951813822986771,-0.03071596239807376
2,2. Equipment Manufacturing,2030,sam_mi_moodys_mi_detail,moodys_mi_detail,Moody's MI (detail),41-0000,Sales and Related Occupations,240.738447989108,240.738447989108,1791.061758812838,0.019661976933301458,0.019826123833757398,0.019590404915509032,High school diploma or equivalent,Unreported,Moderate-term on-the-job training,HS or less,73162.52849628514,1800.0,300.2,21.262830196216093,247.61190406291465,1885.4643765903284,-6.873456073806636,-94.40261777749038,-0.02775898880879406,-0.05006862974956226
2,2. Equipment Manufacturing,2030,sam_mi_moodys_mi_detail,moodys_mi_detail,Moody's MI (detail),43-0000,Office and Administrative Support Occupations,502.8036680085476,502.8036680085476,3740.7918406189947,0.041065788223452845,0.04293893129770996,0.010768426277635738,High school diploma or equivalent,Less than 5 years,Short-term on-the-job training,HS or less,47812.95895669044,4060.0,1431.3000000000002,50.89956459243645,536.2717708314473,4083.4923664122166,-33.46810282289965,-342.7005257932219,-0.06240884686324247,-0.08392339082399727
2,2. Equipment Manufacturing,2030,sam_mi_moodys_mi_detail,moodys_mi_detail,Moody's MI (detail),47-0000,Construction and Extraction Occupations,53.857543060746494,53.857543060746494,400.692895569731,0.0043987397035665805,0.004346904156064472,0.0046226617931627,High school diploma or equivalent,Unreported,Apprenticeship,HS or less,62350.0,340.0,81.0,5.088011415815798,54.28924099775153,413.3905852417312,-0.43169793700503334,-12.697689672000195,-0.007951813822980372,-0.03071596239806765
2,2. Equipment Manufacturing,2030,sam_mi_moodys_mi_detail,moodys_mi_detail,Moody's MI (detail),49-0000,"Installation, Maintenance, and Repair Occupations",235.06767929423808,235.06767929423808,1748.872000436918,0.019198824810306693,0.017917726887192436,0.016065769402520858,High school diploma or equivalent,Less than 5 years,Long-term on-the-job training,HS or less,62083.861130203884,1400.0,287.8,21.971279670151844,223.7776031370716,1703.9758269720003,11.290076157166482,44.89617346491764,0.05045221683892519,0.026347893411550943
2,2. Equipment Manufacturing,2030,sam_mi_moodys_mi_detail,moodys_mi_detail,Moody's MI (detail),51-0000,Production Occupations,3104.203366648682,3104.203366648682,23094.856629773025,0.2535314799158486,0.25689143341815146,0.049931659906899954,High school diploma or equivalent,Less than 5 years,Moderate-term on-the-job training,HS or less,52702.308903277175,25060.0,563.3000000000001,303.43303782133063,3208.3617301841928,24430.3753180662,-104.15836353551094,-1335.518688293174,-0.032464657135008027,-0.05466631891265139
2,2. Equipment Manufacturing,2030,sam_mi_moodys_mi_detail,moodys_mi_detail,Moody's MI (detail),53-0000,Transportation and Material Moving Occupations,165.75827737990085,165.75827737990085,1233.2193478096347,0.013538076088680491,0.013358778625954115,0.01681921962506792,No formal educational credential,Less than 5 years,Short-term on-the-job training,HS or less,43021.66020673192,1220.0,1352.1,20.254736616790247,166.84010648089352,1270.4198473282363,-1.0818291009926781,-37.200499518601646,-0.006484226867336415,-0.029282051596435908
2,2. Equipment Manufacturing,2030,sam_mi_moodys_us,moodys_us,Moody's US,00-0000,All Occupations,6031.3795966515945,6031.3795966515945,44690.98799999999,0.5000000000000001,0.5,0.03319123961959542,High school diploma or equivalent,5 years or more,Moderate-term on-the-job training,HS or less,68026.51492030804,46080.0,6175.0,548.0175241776341,6244.586842570625,47550.0,-213.20724591903036,-2859.0120000000097,-0.034142730543124646,-0.060126435331230486
2,2. Equipment Manufacturing,2030,sam_mi_moodys_us,moodys_us,Moody's US,11-0000,Management Occupations,495.7389609238328,495.7389609238328,3673.299549257218,0.04109664737393161,0.04050042408821026,0.013769768591115339,Bachelor's degree,5 years or more,Unreported,BA+,127290.66720786477,3460.0,739.7,37.47909584924792,505.81683075953634,3851.5903307887943,-10.077869835703552,-178.29078153157616,-0.019923951167403003,-0.04629017268694377
2,2. Equipment Manufacturing,2030,sam_mi_moodys_us,moodys_us,Moody's US,13-0000,Business and Financial Operations Occupations,395.05105882744726,395.05105882744726,2927.2278168739854,0.032749643136933834,0.03201865988125521,0.00828526514984312,Bachelor's degree,Less than 5 years,Moderate-term on-the-job training,BA+,84283.33179283484,2750.0,742.2,33.00803508021912,399.88660442246044,3044.9745547073694,-4.835545595013173,-117.74673783338403,-0.012092292018626005,-0.038669202555848554
2,2. Equipment Manufacturing,2030,sam_mi_moodys_us,moodys_us,Moody's US,15-0000,Computer and Mathematical Occupations,77.55053516488056,77.55053516488056,574.629731209647,0.006428921768407168,0.006573367260390082,0.004267205803815992,Bachelor's degree,Unreported,Moderate-term on-the-job training,BA+,98651.49794208565,660.0,210.0,4.370349455293579,82.09592541123284,625.1272264630968,-4.545390246352284,-50.497495253449756,-0.05536681904228047,-0.08077954873147855
2,2. Equipment Manufacturing,2030,sam_mi_moodys_us,moodys_us,Moody's US,17-0000,Architecture and Engineering Occupations,757.8682989711938,757.8682989711938,5615.611239873773,0.06282711001906886,0.060220525869380884,0.025238779484042514,Bachelor's degree,Unreported,Unreported,BA+,99871.87453805878,4890.0,94.2,48.58831640472718,752.1046069932396,5726.972010178122,5.763691977954181,-111.36077030434899,0.007663417993138273,-0.019444965001825704
2,2. Equipment Manufacturing,2030,sam_mi_moodys_us,moodys_us,Moody's US,19-0000,"Life, Physical, and Social Science Occupations",4.258732806253368,4.258732806253368,31.556126370347894,0.00035304798330200145,0.0003180661577608016,0.0015050526768436,Bachelor's degree,Unreported,Unreported,BA+,83910.0,30.0,14.9,0.4527657425128447,3.9723834876401884,30.248091603052227,0.2863493186131798,1.3080347672956663,0.07208501382208868,0.043243546880943624
2,2. Equipment Manufacturing,2030,sam_mi_moodys_us,moodys_us,Moody's US,27-0000,"Arts, Design, Entertainment, Sports, and Media Occupations",22.000876648011268,22.000876648011268,163.0208973767149,0.0018238676819666074,0.0018023748939779087,0.0011825413889486002,Bachelor's degree,Less than 5 years,Short-term on-the-job training,BA+,83044.11764705864,160.0,7.0,1.7624072266965682,22.510173096628147,171.40585241729912,-0.5092964486168796,-8.384955040584202,-0.02262516802650302,-0.048918720815730746
2,2. Equipment Manufacturing,2030,sam_mi_moodys_us,moodys_us,Moody's US,37-0000,Building and Grounds Cleaning and Maintenance Occupations,40.11924565225583,40.11924565225583,297.2734010987154,0.003325876361233224,0.003286683630195066,0.0035476241668457994,No formal educational credential,Unreported,Short-term on-the-job training,HS or less,35930.0,250.0,351.3,5.702334923789235,41.04796270561673,312.56361323155073,-0.9287170533609057,-15.290212132835336,-0.022625168026520016,-0.04891872081574694
2,2. Equipment Manufacturing,2030,sam_mi_moodys_us,moodys_us,Moody's US,41-0000,Sales and Related Occupations,237.1776930106974,237.1776930106974,1757.4263503649047,0.01966197693330146,0.019826123833757398,0.019590404915509032,High school diploma or equivalent,Unreported,Moderate-term on-the-job training,HS or less,73162.52849628514,1800.0,300.2,20.948332328888725,247.61190406291465,1885.4643765903284,-10.43421105221725,-128.03802622542366,-0.0421393756964369,-0.06790795297706313
2,2. Equipment Manufacturing,2030,sam_mi_moodys_us,moodys_us,Moody's US,43-0000,Office and Administrative Support Occupations,495.36671442269756,495.36671442269756,3670.5412974097453,0.041065788223452845,0.04293893129770996,0.010768426277635738,High school diploma or equivalent,Less than 5 years,Short-term on-the-job training,HS or less,47812.95895669044,4060.0,1431.3000000000002,50.14671069836444,536.2717708314473,4083.4923664122166,-40.905056408749715,-412.9510690024713,-0.07627672876632988,-0.10112693546315915
2,2. Equipment Manufacturing,2030,sam_mi_moodys_us,moodys_us,Moody's US,47-0000,Construction and Extraction Occupations,53.0609377981455,53.0609377981455,393.1680466144352,0.0043987397035665805,0.004346904156064472,0.0046226617931627,High school diploma or equivalent,Unreported,Apprenticeship,HS or less,62350.00000000001,340.0,81.0,5.012754795486103,54.28924099775153,413.3905852417312,-1.2283031996060245,-20.22253862729599,-0.0226251680265137,-0.048918720815740904
2,2. Equipment Manufacturing,2030,sam_mi_moodys_us,moodys_us,Moody's US,49-0000,"Installation, Maintenance, and Repair Occupations",231.59080048114436,231.59080048114436,1716.0288984230372,0.01919882481030669,0.017917726887192436,0.016065769402520858,High school diploma or equivalent,Less than 5 years,Long-term on-the-job training,HS or less,62083.86113020389,1400.0,287.8,21.6463031484494,223.7776031370716,1703.9758269720003,7.813197344072762,12.053071451036885,0.03491501041454495,0.007073499083878108
2,2. Equipment Manufacturing,2030,sam_mi_moodys_us,moodys_us,Moody's US,51-0000,Production Occupations,3058.2891901466646,3058.2891901466646,22661.14465308287,0.25353147991584857,0.25689143341815146,0.049931659906899954,High school diploma or equivalent,Less than 5 years,Moderate-term on-the-job training,HS or less,52702.30890327721,25060.0,563.3000000000001,298.9449690933747,3208.3617301841928,24430.3753180662,-150.07254003752814,-1769.23066498333,-0.04677544262719791,-0.07241929941514196
2,2. Equipment Manufacturing,2030,sam_mi_moodys_us,moodys_us,Moody's US,53-0000,Transportation and Material Moving Occupations,163.30655179836867,163.30655179836867,1210.0599920446134,0.013538076088680493,0.013358778625954115,0.01681921962506792,No formal educational credential,Less than 5 years,Short-term on-the-job training,HS or less,43021.66020673191,1220.0,1352.1,19.955149430584342,166.84010648089352,1270.4198473282363,-3.5335546825248514,-60.35985528362289,-0.02117928810438342,-0.04751173827342436
3,3. Forging & Foundries,2030,sam_mi_bls_us,bls_us,BLS US,00-0000,All Occupations,8292.53447698301,8292.53447698301,15080.936999999996,0.4999999999999999,0.5,0.025870322210742175,High school diploma or equivalent,Less than 5 years,Moderate-term on-the-job training,HS or less,58267.75985782384,14030.0,4992.900000000001,784.2128110485995,9023.139594640334,16337.0,-730.6051176573237,-1256.0630000000037,-0.080970166757843,-0.07688455652812656
3,3. Forging & Foundries,2030,sam_mi_bls_us,bls_us,BLS US,11-0000,Management Occupations,517.6727965358907,517.6727965358907,941.4481004379161,0.031213183253730067,0.03015075376884414,0.012203481957424702,Bachelor's degree,5 years or more,Unreported,BA+,133310.6846124746,760.0,600.3,38.900373689173364,544.1089202798177,985.1457286432131,-26.43612374392694,-43.697628205297065,-0.0485860877456883,-0.04435651186904033
3,3. Forging & Foundries,2030,sam_mi_bls_us,bls_us,BLS US,13-0000,Business and Financial Operations Occupations,248.29293478694336,248.29293478694336,451.54953741347845,0.014970871419112703,0.014447236180904394,0.0068231071380197485,Bachelor's degree,Unreported,Moderate-term on-the-job training,BA+,79793.26502707096,350.0,456.9,20.948705705603448,260.71885763407766,472.0489949748701,-12.425922847134302,-20.499457561391637,-0.047660238158047805,-0.0434265463534838
3,3. Forging & Foundries,2030,sam_mi_bls_us,bls_us,BLS US,15-0000,Computer and Mathematical Occupations,43.354836746950866,43.354836746950866,78.84580563889652,0.0026140884229838147,0.0028266331658291085,0.0018172377985461654,"Some college, no degree",Unreported,Moderate-term on-the-job training,SC or associate's,73010.80571598542,40.0,55.099999999999994,2.275698285284445,51.01021127623237,92.35741206030028,-7.655374529281502,-13.511606421403755,-0.15007533467810666,-0.14629693621755024
3,3. Forging & Foundries,2030,sam_mi_bls_us,bls_us,BLS US,17-0000,Architecture and Engineering Occupations,354.4051063663123,354.4051063663123,644.5268447690777,0.021368925709625262,0.02010050251256281,0.019981503115264792,Bachelor's degree,Unreported,Unreported,BA+,95151.3085033928,740.0,52.89999999999999,24.598886729454158,362.739280186546,656.7638190954772,-8.33417382023373,-12.23697432639949,-0.02297565848382263,-0.018632229685327014
3,3. Forging & Foundries,2030,sam_mi_bls_us,bls_us,BLS US,19-0000,"Life, Physical, and Social Science Occupations",28.014483509978184,28.014483509978184,50.94759172532594,0.001689138802361085,0.0015703517587939545,0.0019470404984423,Bachelor's degree,Unreported,Unreported,BA+,83910.0,0.0,14.9,2.978350369594541,28.339006264573637,51.30967336683367,-0.32452275459545277,-0.3620816415077286,-0.01145145145760231,-0.007056791005451546
3,3. Forging & Foundries,2030,sam_mi_bls_us,bls_us,BLS US,37-0000,Building and Grounds Cleaning and Maintenance Occupations,42.33182494836924,42.33182494836924,76.98533987568642,0.0025524057250450164,0.0025125628140703574,0.0038940809968847,No formal educational credential,Unreported,Short-term on-the-job training,HS or less,35930.0,120.0,351.3,6.016819106798072,45.342410023318365,82.09547738693486,-3.0105850749491267,-5.110137511248439,-0.0663966708739316,-0.062246273167560574
3,3. Forging & Foundries,2030,sam_mi_bls_us,bls_us,BLS US,41-0000,Sales and Related Occupations,99.82068168612045,99.82068168612045,181.53550232246084,0.006018707667914164,0.005967336683417067,0.020638629283489,High school diploma or equivalent,Unreported,Moderate-term on-the-job training,HS or less,66780.0,150.0,114.8,8.729652058784662,107.68822380538053,194.97675879396925,-7.867542119260079,-13.44125647150841,-0.07305851876133354,-0.06893773675718809
3,3. Forging & Foundries,2030,sam_mi_bls_us,bls_us,BLS US,43-0000,Office and Administrative Support Occupations,489.59401436788016,489.59401436788016,890.3835741356329,0.029520167551115455,0.030464824120602987,0.013956466583164713,High school diploma or equivalent,Less than 5 years,Short-term on-the-job training,HS or less,47098.970612050354,940.0,1244.8000000000002,47.716998156626545,549.7767215327334,995.4076633165821,-60.18270716485324,-105.0240891809492,-0.10946754347304608,-0.10550862028831605
3,3. Forging & Foundries,2030,sam_mi_bls_us,bls_us,BLS US,47-0000,Construction and Extraction Occupations,43.12065692156391,43.12065692156391,78.41992242995308,0.0025999685042763948,0.0025125628140703574,0.0029205607476634997,High school diploma or equivalent,Unreported,Apprenticeship,HS or less,62350.0,130.0,81.0,4.073679975095261,45.342410023318365,82.09547738693486,-2.2217531017544516,-3.6755549569817845,-0.04899944887384382,-0.04477171062247496
3,3. Forging & Foundries,2030,sam_mi_bls_us,bls_us,BLS US,49-0000,"Installation, Maintenance, and Repair Occupations",566.0425201208736,566.0425201208736,1029.4140601957263,0.034129645266594726,0.031721105527638196,0.017853011936707654,High school diploma or equivalent,Less than 5 years,Long-term on-the-job training,HS or less,61948.98390631136,760.0,257.9,53.805668283869025,572.4479265443931,1036.4554020100504,-6.40540642351948,-7.0413418143241415,-0.011189500610450273,-0.006793675637821474
3,3. Forging & Foundries,2030,sam_mi_bls_us,bls_us,BLS US,51-0000,Production Occupations,5325.279848071001,5325.279848071001,9684.639855166062,0.3210887975715986,0.3263190954773872,0.03181546628527907,High school diploma or equivalent,Less than 5 years,Moderate-term on-the-job training,HS or less,49365.281787458414,9330.0,531.1,510.5833297175875,5888.845501778464,10662.150125628152,-563.5656537074628,-977.5102704620895,-0.09570053307346287,-0.09168040769867702
3,3. Forging & Foundries,2030,sam_mi_bls_us,bls_us,BLS US,53-0000,Transportation and Material Moving Occupations,534.6047729211276,534.6047729211276,972.2408658897816,0.0322341001056427,0.031407035175879394,0.01735397196261678,No formal educational credential,Less than 5 years,Short-term on-the-job training,HS or less,43473.53303829282,710.0,1231.8999999999999,63.584648970728324,566.7801252914782,1026.1934673366832,-32.17535237035054,-53.952601446901554,-0.0567686673095739,-0.05257546765224172
3,3. Forging & Foundries,2030,sam_mi_dtmb_mi,dtmb_mi,DTMB MI,00-0000,All Occupations,8644.081920123073,8644.081920123073,15697.211,0.5,0.5,0.025870322210742175,High school diploma or equivalent,Less than 5 years,Moderate-term on-the-job training,HS or less,58267.759857823825,14030.0,4992.900000000001,817.4581366323546,9023.139594640334,16337.0,-379.05767451726024,-639.7890000000007,-0.04200951016455705,-0.03916196364081537
3,3. Forging & Foundries,2030,sam_mi_dtmb_mi,dtmb_mi,DTMB MI,11-0000,Management Occupations,539.6186260661126,539.6186260661126,979.9198470309346,0.03121318325373006,0.03015075376884414,0.012203481957424702,Bachelor's degree,5 years or more,Unreported,BA+,133310.6846124746,760.0,600.3,40.54948674930949,544.1089202798177,985.1457286432131,-4.490294213705056,-5.225881612278499,-0.008252564966947873,-0.0053046787498899454
3,3. Forging & Foundries,2030,sam_mi_dtmb_mi,dtmb_mi,DTMB MI,13-0000,Business and Financial Operations Occupations,258.81887792487873,258.81887792487873,470.00185503936314,0.014970871419112703,0.014447236180904394,0.0068231071380197485,Bachelor's degree,Unreported,Moderate-term on-the-job training,BA+,79793.26502707097,350.0,456.9,21.83678931241142,260.71885763407766,472.0489949748701,-1.8999797091989308,-2.047139935506948,-0.007287465611197089,-0.004336710717106662
3,3. Forging & Foundries,2030,sam_mi_dtmb_mi,dtmb_mi,DTMB MI,15-0000,Computer and Mathematical Occupations,45.19278894943486,45.19278894943486,82.06779509646839,0.0026140884229838147,0.0028266331658291085,0.0018172377985461654,"Some college, no degree",Unreported,Moderate-term on-the-job training,SC or associate's,73010.80571598544,40.0,55.099999999999994,2.3721725195213383,51.01021127623237,92.35741206030028,-5.817422326797505,-10.28961696383189,-0.11404427037745024,-0.11141084114736546
3,3. Forging & Foundries,2030,sam_mi_dtmb_mi,dtmb_mi,DTMB MI,17-0000,Architecture and Engineering Occupations,369.42948875804973,369.42948875804973,670.8650714146249,0.021368925709625265,0.02010050251256281,0.019981503115264792,Bachelor's degree,Unreported,Unreported,BA+,95151.30850339278,740.0,52.89999999999999,25.641713353550124,362.739280186546,656.7638190954772,6.690208571503717,14.101252319147761,0.01844357348909978,0.0214708117425966
3,3. Forging & Foundries,2030,sam_mi_dtmb_mi,dtmb_mi,DTMB MI,19-0000,"Life, Physical, and Social Science Occupations",29.202108364135594,29.202108364135594,53.02953637789851,0.001689138802361085,0.0015703517587939545,0.0019470404984423,Bachelor's degree,Unreported,Unreported,BA+,83910.0,0.0,14.9,3.1046123055698915,28.339006264573637,51.30967336683367,0.8631020995619565,1.719863011064838,0.03045632904358095,0.03351927420720143
3,3. Forging & Foundries,2030,sam_mi_dtmb_mi,dtmb_mi,DTMB MI,37-0000,Building and Grounds Cleaning and Maintenance Occupations,44.126408361360504,44.126408361360504,80.13130244727923,0.0025524057250450164,0.0025125628140703574,0.0038940809968847,No formal educational credential,Unreported,Short-term on-the-job training,HS or less,35930.0,120.0,351.3,6.271891591416874,45.342410023318365,82.09547738693486,-1.2160016619578613,-1.964174939655635,-0.02681819650372587,-0.023925495072012637
3,3. Forging & Foundries,2030,sam_mi_dtmb_mi,dtmb_mi,DTMB MI,41-0000,Sales and Related Occupations,104.05240426944586,104.05240426944586,188.95384842113313,0.006018707667914164,0.005967336683417067,0.020638629283489,High school diploma or equivalent,Unreported,Moderate-term on-the-job training,HS or less,66780.0,150.0,114.8,9.099730334526079,107.68822380538053,194.97675879396925,-3.6358195359346723,-6.022910372836122,-0.03376246173867167,-0.030890401553964157
3,3. Forging & Foundries,2030,sam_mi_dtmb_mi,dtmb_mi,DTMB MI,43-0000,Office and Administrative Support Occupations,510.34949321520196,510.34949321520196,926.7685976104254,0.029520167551115462,0.030464824120602987,0.013956466583164713,High school diploma or equivalent,Less than 5 years,Short-term on-the-job training,HS or less,47098.97061205035,940.0,1244.8000000000002,49.7398765351056,549.7767215327334,995.4076633165821,-39.427228317531444,-68.63906570615666,-0.07171498314372332,-0.06895573365133568
3,3. Forging & Foundries,2030,sam_mi_dtmb_mi,dtmb_mi,DTMB MI,47-0000,Construction and Extraction Occupations,44.94868148141003,44.94868148141003,81.62450840996195,0.0025999685042763948,0.0025125628140703574,0.0029205607476634997,High school diploma or equivalent,Unreported,Apprenticeship,HS or less,62350.0,130.0,81.0,4.246376487047133,45.342410023318365,82.09547738693486,-0.39372854190833806,-0.4709689769729124,-0.008683449814552296,-0.005736844366628473
3,3. Forging & Foundries,2030,sam_mi_dtmb_mi,dtmb_mi,DTMB MI,49-0000,"Installation, Maintenance, and Repair Occupations",590.038899178371,590.038899178371,1071.4804862097774,0.034129645266594726,0.031721105527638196,0.017853011936707654,High school diploma or equivalent,Less than 5 years,Long-term on-the-job training,HS or less,61948.98390631135,760.0,257.9,56.086665144857434,572.4479265443931,1036.4554020100504,17.590972633977913,35.02508419972696,0.030729384837091797,0.03379314163619683
3,3. Forging & Foundries,2030,sam_mi_dtmb_mi,dtmb_mi,DTMB MI,51-0000,Production Occupations,5551.035739685425,5551.035739685425,10080.397210435343,0.3210887975715986,0.3263190954773872,0.03181546628527907,High school diploma or equivalent,Less than 5 years,Moderate-term on-the-job training,HS or less,49365.2817874584,9330.0,531.1,532.2286137462963,5888.845501778464,10662.150125628152,-337.80976209303844,-581.7529151928084,-0.05736434450369229,-0.05456243893944748
3,3. Forging & Foundries,2030,sam_mi_dtmb_mi,dtmb_mi,DTMB MI,53-0000,Transportation and Material Moving Occupations,557.2684038692466,557.2684038692466,1011.9709415067914,0.0322341001056427,0.031407035175879394,0.01735397196261678,No formal educational credential,Less than 5 years,Short-term on-the-job training,HS or less,43473.533038292815,710.0,1231.8999999999999,66.2802085527429,566.7801252914782,1026.1934673366832,-9.511721422231517,-14.222525829891765,-0.016782030628438006,-0.013859497533933828
3,3. Forging & Foundries,2030,sam_mi_moodys_mi,moodys_mi,Moody's MI,00-0000,All Occupations,7469.677278379074,7469.677278379074,13902.583,0.5000000000000001,0.5,0.025870322210742175,High school diploma or equivalent,Less than 5 years,Moderate-term on-the-job training,HS or less,58267.75985782384,14030.0,4992.900000000001,706.3964138301292,9023.139594640334,16337.0,-1553.4623162612597,-2434.4169999999995,-0.1721642782944423,-0.14901248699271588
3,3. Forging & Foundries,2030,sam_mi_moodys_mi,moodys_mi,Moody's MI,11-0000,Management Occupations,466.30481147253926,466.30481147253926,867.8877417583844,0.031213183253730063,0.03015075376884414,0.012203481957424702,Bachelor's degree,5 years or more,Unreported,BA+,133310.6846124746,760.0,600.3,35.040341197615334,544.1089202798177,985.1457286432131,-77.8041088072784,-117.25798688482871,-0.14299362849494593,-0.11902603186060774
3,3. Forging & Foundries,2030,sam_mi_moodys_mi,moodys_mi,Moody's MI,13-0000,Business and Financial Operations Occupations,223.65515615376165,223.65515615376165,416.2675649730843,0.014970871419112703,0.014447236180904394,0.0068231071380197485,Bachelor's degree,Unreported,Moderate-term on-the-job training,BA+,79793.26502707096,350.0,456.9,18.86999342057926,260.71885763407766,472.0489949748701,-37.06370148031601,-55.78143000178579,-0.14215964973402653,-0.11816872950816337
3,3. Forging & Foundries,2030,sam_mi_moodys_mi,moodys_mi,Moody's MI,15-0000,Computer and Mathematical Occupations,39.05279379367197,39.05279379367197,72.68516253974317,0.0026140884229838147,0.0028266331658291085,0.0018172377985461654,"Some college, no degree",Unreported,Moderate-term on-the-job training,SC or associate's,73010.80571598544,40.0,55.099999999999994,2.0498837624634048,51.01021127623237,92.35741206030028,-11.957417482560402,-19.672249520557102,-0.23441223204915101,-0.21300130743933215
3,3. Forging & Foundries,2030,sam_mi_moodys_mi,moodys_mi,Moody's MI,17-0000,Architecture and Engineering Occupations,319.2379576731165,319.2379576731165,594.1665265977981,0.021368925709625265,0.02010050251256281,0.019981503115264792,Bachelor's degree,Unreported,Unreported,BA+,95151.30850339278,740.0,52.89999999999999,22.157971822298,362.739280186546,656.7638190954772,-43.5013225134295,-62.597292497679064,-0.11992448816422105,-0.09531172497274697
3,3. Forging & Foundries,2030,sam_mi_moodys_mi,moodys_mi,Moody's MI,19-0000,"Life, Physical, and Social Science Occupations",25.234643464050073,25.234643464050073,46.96678479669116,0.001689138802361085,0.0015703517587939545,0.0019470404984423,Bachelor's degree,Unreported,Unreported,BA+,83910.0,0.0,14.9,2.682812612303575,28.339006264573637,51.30967336683367,-3.104362800523564,-4.342888570142513,-0.10954381291782636,-0.08464073702230457
3,3. Forging & Foundries,2030,sam_mi_moodys_mi,moodys_mi,Moody's MI,37-0000,Building and Grounds Cleaning and Maintenance Occupations,38.13129409914684,38.13129409914684,70.97006488422703,0.0025524057250450164,0.0025125628140703574,0.0038940809968847,No formal educational credential,Unreported,Short-term on-the-job training,HS or less,35930.0,120.0,351.3,5.419778126327191,45.342410023318365,82.09547738693486,-7.211115924171523,-11.125412502707832,-0.15903689107974284,-0.13551797074364041
3,3. Forging & Foundries,2030,sam_mi_moodys_mi,moodys_mi,Moody's MI,41-0000,Sales and Related Occupations,89.91560782444866,89.91560782444866,167.35116581182618,0.006018707667914164,0.005967336683417067,0.020638629283489,High school diploma or equivalent,Unreported,Moderate-term on-the-job training,HS or less,66780.0,150.0,114.8,7.863420262243243,107.68822380538053,194.97675879396925,-17.772615980931874,-27.625592982143075,-0.16503769263621082,-0.14168659461271932
3,3. Forging & Foundries,2030,sam_mi_moodys_mi,moodys_mi,Moody's MI,43-0000,Office and Administrative Support Occupations,441.01224962102066,441.01224962102066,820.8131591065787,0.029520167551115455,0.030464824120602987,0.013956466583164713,High school diploma or equivalent,Less than 5 years,Short-term on-the-job training,HS or less,47098.970612050354,940.0,1244.8000000000002,42.9821037117576,549.7767215327334,995.4076633165821,-108.76447191171275,-174.59450421000338,-0.19783389811137533,-0.1754000000645714
3,3. Forging & Foundries,2030,sam_mi_moodys_mi,moodys_mi,Moody's MI,47-0000,Construction and Extraction Occupations,38.84185132178922,38.84185132178922,72.29255585617686,0.0025999685042763948,0.0025125628140703574,0.0029205607476634997,High school diploma or equivalent,Unreported,Apprenticeship,HS or less,62350.0,130.0,81.0,3.6694541136749783,45.342410023318365,82.09547738693486,-6.500558701529144,-9.802921530757999,-0.14336597234655335,-0.11940878892212997
3,3. Forging & Foundries,2030,sam_mi_moodys_mi,moodys_mi,Moody's MI,49-0000,"Installation, Maintenance, and Repair Occupations",509.874871534041,509.874871534041,948.9804521587805,0.034129645266594726,0.031721105527638196,0.017853011936707654,High school diploma or equivalent,Less than 5 years,Long-term on-the-job training,HS or less,61948.983906311354,760.0,257.9,48.46660317705922,572.4479265443931,1036.4554020100504,-62.57305501035211,-87.47494985126991,-0.10930785510583833,-0.08439818026094062
3,3. Forging & Foundries,2030,sam_mi_moodys_mi,moodys_mi,Moody's MI,51-0000,Production Occupations,4796.859391125256,4796.859391125256,8927.927317218695,0.3210887975715986,0.3263190954773872,0.03181546628527907,High school diploma or equivalent,Less than 5 years,Moderate-term on-the-job training,HS or less,49365.28178745841,9330.0,531.1,459.9188230445759,5888.845501778464,10662.150125628152,-1091.986110653208,-1734.2228084094568,-0.18543296989595368,-0.16265225943883307
3,3. Forging & Foundries,2030,sam_mi_moodys_mi,moodys_mi,Moody's MI,53-0000,Transportation and Material Moving Occupations,481.55665029623145,481.55665029623145,896.2745042980126,0.0322341001056427,0.031407035175879394,0.01735397196261678,No formal educational credential,Less than 5 years,Short-term on-the-job training,HS or less,43473.53303829282,710.0,1231.8999999999999,57.27522857923134,566.7801252914782,1026.1934673366832,-85.2234749952467,-129.91896303867054,-0.15036426154043211,-0.1266027968155497
3,3. Forging & Foundries,2030,sam_mi_moodys_mi_detail,moodys_mi_detail,Moody's MI (detail),00-0000,All Occupations,7561.026618857612,7561.026618857612,14056.733093705212,0.49999999999999994,0.5,0.025870322210742175,High school diploma or equivalent,Less than 5 years,Moderate-term on-the-job training,HS or less,58267.759857823854,14030.0,4992.900000000001,715.0351868473472,9023.139594640334,16337.0,-1462.1129757827212,-2280.266906294788,-0.16204038078400157,-0.1395768443591105
3,3. Forging & Foundries,2030,sam_mi_moodys_mi_detail,moodys_mi_detail,Moody's MI (detail),11-0000,Management Occupations,472.0074188814673,472.0074188814673,877.5107720051852,0.031213183253730056,0.03015075376884414,0.012203481957424702,Bachelor's degree,5 years or more,Unreported,BA+,133310.68461247464,760.0,600.3,35.468861994331704,544.1089202798177,985.1457286432131,-72.10150139835036,-107.63495663802792,-0.13251299273180614,-0.10925790317973322
3,3. Forging & Foundries,2030,sam_mi_moodys_mi_detail,moodys_mi_detail,Moody's MI (detail),13-0000,Business and Financial Operations Occupations,226.39031461481162,226.39031461481162,420.88308743729414,0.014970871419112703,0.014447236180904394,0.0068231071380197485,Bachelor's degree,Unreported,Moderate-term on-the-job training,BA+,79793.26502707096,350.0,456.9,19.10076128237079,260.71885763407766,472.0489949748701,-34.32854301926605,-51.16590753757595,-0.1316688149479644,-0.10839109516650873
3,3. Forging & Foundries,2030,sam_mi_moodys_mi_detail,moodys_mi_detail,Moody's MI (detail),15-0000,Computer and Mathematical Occupations,39.53038430045629,39.53038430045629,73.49108649045652,0.002614088422983815,0.0028266331658291085,0.0018172377985461654,"Some college, no degree",Unreported,Moderate-term on-the-job training,SC or associate's,73010.80571598542,40.0,55.099999999999994,2.0749525201593646,51.01021127623237,92.35741206030028,-11.479826975776078,-18.866325569843752,-0.22504958690741542,-0.2042751648078435
3,3. Forging & Foundries,2030,sam_mi_moodys_mi_detail,moodys_mi_detail,Moody's MI (detail),17-0000,Architecture and Engineering Occupations,323.1420322137348,323.1420322137348,600.7545703988351,0.02136892570962526,0.02010050251256281,0.019981503115264792,Bachelor's degree,Unreported,Unreported,BA+,95151.3085033928,740.0,52.89999999999999,22.428949541531974,362.739280186546,656.7638190954772,-39.5972479728112,-56.00924869664209,-0.10916173167804578,-0.0852806550363575
3,3. Forging & Foundries,2030,sam_mi_moodys_mi_detail,moodys_mi_detail,Moody's MI (detail),19-0000,"Life, Physical, and Social Science Occupations",25.543246895194866,25.543246895194866,47.487546606021304,0.001689138802361085,0.0015703517587939545,0.0019470404984423,Bachelor's degree,Unreported,Unreported,BA+,83910.0,0.0,14.9,2.7156216820435497,28.339006264573637,51.30967336683367,-2.7957593693787715,-3.822126760812367,-0.09865410746154948,-0.0744913485121301
3,3. Forging & Foundries,2030,sam_mi_moodys_mi_detail,moodys_mi_detail,Moody's MI (detail),37-0000,Building and Grounds Cleaning and Maintenance Occupations,38.59761525837987,38.59761525837987,71.75697204760586,0.002552405725045016,0.0025125628140703574,0.0038940809968847,No formal educational credential,Unreported,Short-term on-the-job training,HS or less,35930.0,120.0,351.3,5.48605852090502,45.342410023318365,82.09547738693486,-6.744794764938497,-10.338505339329004,-0.14875245408150634,-0.12593270260919795
3,3. Forging & Foundries,2030,sam_mi_moodys_mi_detail,moodys_mi_detail,Moody's MI (detail),41-0000,Sales and Related Occupations,91.01521777644284,91.01521777644284,169.2067345138127,0.006018707667914164,0.005967336683417067,0.020638629283489,High school diploma or equivalent,Unreported,Moderate-term on-the-job training,HS or less,66780.0,150.0,114.8,7.959584825729898,107.68822380538053,194.97675879396925,-16.673006028937692,-25.770024280156548,-0.1548266415747554,-0.13216972340476527
3,3. Forging & Foundries,2030,sam_mi_moodys_mi_detail,moodys_mi_detail,Moody's MI (detail),43-0000,Office and Administrative Support Occupations,446.4055452942415,446.4055452942415,829.9142322949749,0.02952016755111546,0.030464824120602987,0.013956466583164713,High school diploma or equivalent,Less than 5 years,Short-term on-the-job training,HS or less,47098.97061205035,940.0,1244.8000000000002,43.50774714722625,549.7767215327334,995.4076633165821,-103.3711762384919,-165.4934310216072,-0.1880239235126241,-0.16625693886081047
3,3. Forging & Foundries,2030,sam_mi_moodys_mi_detail,moodys_mi_detail,Moody's MI (detail),47-0000,Construction and Extraction Occupations,39.31686213805047,39.31686213805047,73.09412663330647,0.0025999685042763948,0.0025125628140703574,0.0029205607476634997,High school diploma or equivalent,Unreported,Apprenticeship,HS or less,62350.0,130.0,81.0,3.7143291732937804,45.342410023318365,82.09547738693486,-6.025547885267898,-9.001350753628387,-0.13288989010882135,-0.10964490420346727
3,3. Forging & Foundries,2030,sam_mi_moodys_mi_detail,moodys_mi_detail,Moody's MI (detail),49-0000,"Installation, Maintenance, and Repair Occupations",516.1103127057809,516.1103127057809,959.502628190723,0.03412964526659472,0.031721105527638196,0.017853011936707654,High school diploma or equivalent,Less than 5 years,Long-term on-the-job training,HS or less,61948.98390631137,760.0,257.9,49.059318507382066,572.4479265443931,1036.4554020100504,-56.33761383861224,-76.95277381932738,-0.0984152640375461,-0.07424610231186886
3,3. Forging & Foundries,2030,sam_mi_moodys_mi_detail,moodys_mi_detail,Moody's MI (detail),51-0000,Production Occupations,4855.521890911683,4855.521890911683,9026.919053685408,0.3210887975715987,0.3263190954773872,0.03181546628527907,High school diploma or equivalent,Less than 5 years,Moderate-term on-the-job training,HS or less,49365.28178745839,9330.0,531.1,465.54333392945654,5888.845501778464,10662.150125628152,-1033.3236108667807,-1635.2310719427442,-0.17547133993491784,-0.1533678528885285
3,3. Forging & Foundries,2030,sam_mi_moodys_mi_detail,moodys_mi_detail,Moody's MI (detail),53-0000,Transportation and Material Moving Occupations,487.44577786737085,487.44577786737085,906.2122834015888,0.0322341001056427,0.031407035175879394,0.01735397196261678,No formal educational credential,Less than 5 years,Short-term on-the-job training,HS or less,43473.53303829282,710.0,1231.8999999999999,57.97566772291625,566.7801252914782,1026.1934673366832,-79.3343474241073,-119.98118393509435,-0.13997376387061564,-0.11691867835261692
3,3. Forging & Foundries,2030,sam_mi_moodys_us,moodys_us,Moody's US,00-0000,All Occupations,7833.076114639625,7833.076114639625,14495.817000000001,0.5,0.5,0.025870322210742175,High school diploma or equivalent,Less than 5 years,Moderate-term on-the-job training,HS or less,58267.75985782384,14030.0,4992.900000000001,740.7625082620161,9023.139594640334,16337.0,-1190.0634800007083,-1841.182999999999,-0.13189017719592808,-0.11270018975332062
3,3. Forging & Foundries,2030,sam_mi_moodys_us,moodys_us,Moody's US,11-0000,Management Occupations,488.990480413325,488.990480413325,904.921184867071,0.03121318325373006,0.03015075376884414,0.012203481957424702,Bachelor's degree,5 years or more,Unreported,BA+,133310.6846124746,760.0,600.3,36.745049277875175,544.1089202798177,985.1457286432131,-55.11843986649268,-80.22454377614213,-0.10130037904570108,-0.08143418932205183
3,3. Forging & Foundries,2030,sam_mi_moodys_us,moodys_us,Moody's US,13-0000,Business and Financial Operations Occupations,234.5359506567855,234.5359506567855,434.0300248439761,0.014970871419112703,0.014447236180904394,0.0068231071380197485,Bachelor's degree,Unreported,Moderate-term on-the-job training,BA+,79793.26502707096,350.0,456.9,19.788016166907443,260.71885763407766,472.0489949748701,-26.182906977292163,-38.01897013089399,-0.1004258273256176,-0.08054030521327127
3,3. Forging & Foundries,2030,sam_mi_moodys_us,moodys_us,Moody's US,15-0000,Computer and Mathematical Occupations,40.95270717526097,40.95270717526097,75.78669480278394,0.0026140884229838147,0.0028266331658291085,0.0018172377985461654,"Some college, no degree",Unreported,Moderate-term on-the-job training,SC or associate's,73010.80571598544,40.0,55.099999999999994,2.149610343142437,51.01021127623237,92.35741206030028,-10.0575041009714,-16.570717257516336,-0.19716648587294874,-0.17941946280063903
3,3. Forging & Foundries,2030,sam_mi_moodys_us,moodys_us,Moody's US,17-0000,Architecture and Engineering Occupations,334.7688431431485,334.7688431431485,619.5200731466459,0.021368925709625262,0.02010050251256281,0.019981503115264792,Bachelor's degree,Unreported,Unreported,BA+,95151.30850339278,740.0,52.89999999999999,23.235954293833167,362.739280186546,656.7638190954772,-27.97043704339751,-37.24374594883125,-0.0771089280130157,-0.05670797456553697
3,3. Forging & Foundries,2030,sam_mi_moodys_us,moodys_us,Moody's US,19-0000,"Life, Physical, and Social Science Occupations",26.462305614171196,26.462305614171196,48.97089393325091,0.001689138802361085,0.0015703517587939545,0.0019470404984423,Bachelor's degree,Unreported,Unreported,BA+,83910.0,0.0,14.9,2.813331099901183,28.339006264573637,51.30967336683367,-1.8767006504024408,-2.338779433582758,-0.06622323425463543,-0.04558164728241154
3,3. Forging & Foundries,2030,sam_mi_moodys_us,moodys_us,Moody's US,37-0000,Building and Grounds Cleaning and Maintenance Occupations,39.98637663943911,39.98637663943911,73.99841260000974,0.0025524057250450164,0.0025125628140703574,0.0038940809968847,No formal educational credential,Unreported,Short-term on-the-job training,HS or less,35930.0,120.0,351.3,5.683449633207218,45.342410023318365,82.09547738693486,-5.356033383879257,-8.097064786925117,-0.1181241442862167,-0.09862985202901968
3,3. Forging & Foundries,2030,sam_mi_moodys_us,moodys_us,Moody's US,41-0000,Sales and Related Occupations,94.2899905490736,94.2899905490736,174.49216986116096,0.006018707667914164,0.005967336683417067,0.020638629283489,High school diploma or equivalent,Unreported,Moderate-term on-the-job training,HS or less,66780.0,150.0,114.8,8.245974643889424,107.68822380538053,194.97675879396925,-13.398233256306938,-20.484588932808293,-0.1244168840645091,-0.10506169586321944
3,3. Forging & Foundries,2030,sam_mi_moodys_us,moodys_us,Moody's US,43-0000,Office and Administrative Support Occupations,462.4674386896044,462.4674386896044,855.8378932606155,0.02952016755111546,0.030464824120602987,0.013956466583164713,High school diploma or equivalent,Less than 5 years,Short-term on-the-job training,HS or less,47098.970612050354,940.0,1244.8000000000002,45.07317751411504,549.7767215327334,995.4076633165821,-87.30928284312898,-139.56977005596661,-0.1588086207064528,-0.140213678475145
3,3. Forging & Foundries,2030,sam_mi_moodys_us,moodys_us,Moody's US,47-0000,Construction and Extraction Occupations,40.731502379325484,40.731502379325484,75.37733528750867,0.0025999685042763948,0.0025125628140703574,0.0029205607476634997,High school diploma or equivalent,Unreported,Apprenticeship,HS or less,62349.99999999999,130.0,81.0,3.847972583071336,45.342410023318365,82.09547738693486,-4.610907643992881,-6.7181420994261885,-0.10169083737766954,-0.08183327892427059
3,3. Forging & Foundries,2030,sam_mi_moodys_us,moodys_us,Moody's US,49-0000,"Installation, Maintenance, and Repair Occupations",534.680218277773,534.680218277773,989.4741841189466,0.034129645266594726,0.031721105527638196,0.017853011936707654,High school diploma or equivalent,Less than 5 years,Long-term on-the-job training,HS or less,61948.98390631136,760.0,257.9,50.824497171090954,572.4479265443931,1036.4554020100504,-37.76770826662016,-46.981217891103825,-0.06597579712552473,-0.04532874043590373
3,3. Forging & Foundries,2030,sam_mi_moodys_us,moodys_us,Moody's US,51-0000,Production Occupations,5030.2259818728935,5030.2259818728935,9308.888900695874,0.3210887975715986,0.3263190954773872,0.03181546628527907,High school diploma or equivalent,Less than 5 years,Moderate-term on-the-job training,HS or less,49365.281787458414,9330.0,531.1,482.2938144719151,5888.845501778464,10662.150125628152,-858.6195199055701,-1353.2612249322774,-0.14580438893264602,-0.12692198186925746
3,3. Forging & Foundries,2030,sam_mi_moodys_us,moodys_us,Moody's US,53-0000,Transportation and Material Moving Occupations,504.98431922882486,504.98431922882486,934.5192325821544,0.0322341001056427,0.031407035175879394,0.01735397196261678,No formal educational credential,Less than 5 years,Short-term on-the-job training,HS or less,43473.53303829282,710.0,1231.8999999999999,60.061661063067696,566.7801252914782,1026.1934673366832,-61.7958060626533,-91.67423475452881,-0.10902959243829087,-0.08933426071445792
4,4. Parts & Machining,2030,sam_mi_bls_us,bls_us,BLS US,00-0000,All Occupations,14727.460957369985,14727.460957369985,49873.700999999994,0.5,0.5,0.03189975275258648,High school diploma or equivalent,5 years or more,Moderate-term on-the-job training,HS or less,60599.317636187756,45610.0,5975.7,1413.716817029383,14936.444494648236,50442.99999999999,-208.98353727825088,-569.2989999999991,-0.013991518353188416,-0.011285986162599352
4,4. Parts & Machining,2030,sam_mi_bls_us,bls_us,BLS US,11-0000,Management Occupations,1026.6047878442198,1026.6047878442198,3476.5381746599724,0.034853420790447974,0.034088708115436704,0.015150150641865347,Bachelor's degree,5 years or more,Unreported,BA+,125417.10109641968,3400.0,620.8999999999999,77.3045702121431,1018.3281933209705,3439.0734069339483,8.276594523249287,37.46476772602409,0.008127629753878922,0.010893855202534108
4,4. Parts & Machining,2030,sam_mi_bls_us,bls_us,BLS US,13-0000,Business and Financial Operations Occupations,691.5865590365054,691.5865590365054,2342.018176849749,0.023479490491890197,0.022467557621537758,0.0073803420801888744,Bachelor's degree,Less than 5 years,Moderate-term on-the-job training,BA+,79544.54872982802,1450.0,634.0,60.65088274255057,671.1708546888193,2266.662018206458,20.415704347686074,75.35615864329111,0.03041804363979956,0.033245432286776566
4,4. Parts & Machining,2030,sam_mi_bls_us,bls_us,BLS US,15-0000,Computer and Mathematical Occupations,123.09161484210331,123.09161484210331,416.8426867341378,0.004178982894553362,0.004067402672864519,0.006978583940780789,Bachelor's degree,Unreported,Moderate-term on-the-job training,BA+,97024.64023247796,320.0,235.8,7.150575280004878,121.50506852124953,410.34398605460984,1.5865463208537847,6.498700679527985,0.01305744970281894,0.015837202202015746
4,4. Parts & Machining,2030,sam_mi_bls_us,bls_us,BLS US,17-0000,Architecture and Engineering Occupations,1014.5542140764537,1014.5542140764537,3435.7295984422726,0.034444301601381795,0.03215184969978685,0.020524971559402597,Bachelor's degree,Unreported,Unreported,BA+,94745.98731600544,3200.0,114.79999999999998,70.33656643969414,960.4686368822777,3243.6715088126966,54.08557719417604,192.058089629576,0.056311653621236545,0.05921009236224303
4,4. Parts & Machining,2030,sam_mi_bls_us,bls_us,BLS US,19-0000,"Life, Physical, and Social Science Occupations",39.44942311113371,39.44942311113371,133.59320649786494,0.0013393151482568434,0.0012589579701723058,0.0009584414568309658,Bachelor's degree,Unreported,Unreported,BA+,73440.05613187622,0.0,25.5,4.52115980371533,37.60871168514731,127.01123377880324,1.8407114259863988,6.581972719061696,0.048943751155223564,0.051821972932918264
4,4. Parts & Machining,2030,sam_mi_bls_us,bls_us,BLS US,37-0000,Building and Grounds Cleaning and Maintenance Occupations,52.10680137974876,52.10680137974876,176.4566913198635,0.0017690354613934057,0.001743172574084808,0.0034751652822512,No formal educational credential,Unreported,Short-term on-the-job training,HS or less,35930.0,270.0,351.3,7.4061819569128255,52.07360079482165,175.86170830911993,0.03320058492710842,0.5949830107435616,0.0006375703700215405,0.0033832436660841117
4,4. Parts & Machining,2030,sam_mi_bls_us,bls_us,BLS US,41-0000,Sales and Related Occupations,322.96415363491946,322.96415363491946,1093.6995642854165,0.010964692236148833,0.011040092969203953,0.012983913419758877,High school diploma or equivalent,Unreported,Moderate-term on-the-job training,HS or less,76974.26055925702,930.0,147.0,28.27800982792045,329.79947170054214,1113.7908192911098,-6.835318065622687,-20.091255005693256,-0.020725679244959962,-0.01803862507906167
4,4. Parts & Machining,2030,sam_mi_bls_us,bls_us,BLS US,43-0000,Office and Administrative Support Occupations,1088.9804438749911,1088.9804438749911,3687.769752700636,0.036971085750189626,0.03883401123377878,0.011915244944090008,High school diploma or equivalent,Less than 5 years,Short-term on-the-job training,HS or less,47337.24937792137,4100.0,1435.9,107.30580828074662,1160.0841065957657,3917.8080573310067,-71.10366272077454,-230.03830463037048,-0.06129181696094971,-0.05871607318789458
4,4. Parts & Machining,2030,sam_mi_bls_us,bls_us,BLS US,47-0000,Construction and Extraction Occupations,33.418420641472096,33.418420641472096,113.16956288591953,0.0011345615085385336,0.0011621150493898555,0.0012714019325309,High school diploma or equivalent,Unreported,Apprenticeship,HS or less,62350.0,0.0,81.0,3.157093622532353,34.71573386321394,117.24113887274497,-1.2973132217418453,-4.071575986825437,-0.03736960384745102,-0.03472821934325269
4,4. Parts & Machining,2030,sam_mi_bls_us,bls_us,BLS US,49-0000,"Installation, Maintenance, and Repair Occupations",521.4023091172626,521.4023091172626,1765.6989851065096,0.017701704001338397,0.01656013945380593,0.013853076495272771,High school diploma or equivalent,Less than 5 years,Long-term on-the-job training,HS or less,59723.212739071416,1590.0,262.7,49.52785286826371,494.6992075508132,1670.6862289366645,26.70310156644939,95.01275616984503,0.05397846036312191,0.056870496999497894
4,4. Parts & Machining,2030,sam_mi_bls_us,bls_us,BLS US,51-0000,Production Occupations,9094.580536858803,9094.580536858803,30798.27485054255,0.3087626768518999,0.31212473368196847,0.043180801744033714,High school diploma or equivalent,Less than 5 years,Moderate-term on-the-job training,HS or less,50169.94281654901,28380.0,640.7,906.9088254623191,9324.06752009517,31489.01588223907,-229.48698323636745,-690.7410316965179,-0.024612325333528376,-0.02193593582853507
4,4. Parts & Machining,2030,sam_mi_bls_us,bls_us,BLS US,53-0000,Transportation and Material Moving Occupations,718.7216929523735,718.7216929523735,2433.9097499751033,0.02440073326396114,0.02450125895797011,0.010501545448515094,No formal educational credential,Less than 5 years,Short-term on-the-job training,HS or less,41690.42240576991,1970.0,1426.1,91.16929053257974,731.9233889494469,2471.834011233773,-13.201695997073443,-37.9242612586695,-0.01803699157096518,-0.015342559850829251
4,4. Parts & Machining,2030,sam_mi_dtmb_mi,dtmb_mi,DTMB MI,00-0000,All Occupations,14662.5035156598,14662.5035156598,49643.00000000001,0.5,0.5,0.03189975275258648,High school diploma or equivalent,5 years or more,Moderate-term on-the-job training,HS or less,60599.31763618775,45610.0,5975.7,1407.4814294087528,14936.444494648236,50442.99999999999,-273.94097898843575,-799.9999999999854,-0.018340440998966617,-0.015859484963225534
4,4. Parts & Machining,2030,sam_mi_dtmb_mi,dtmb_mi,DTMB MI,11-0000,Management Occupations,1022.0768097454277,1022.0768097454277,3460.4567366004185,0.034853420790447974,0.034088708115436704,0.015150150641865347,Bachelor's degree,5 years or more,Unreported,BA+,125417.10109641966,3400.0,620.8999999999999,76.96360803760251,1018.3281933209705,3439.0734069339483,3.7486164244571683,21.383329666470217,0.003681147638888584,0.006217759011295484
4,4. Parts & Machining,2030,sam_mi_dtmb_mi,dtmb_mi,DTMB MI,13-0000,Business and Financial Operations Occupations,688.5362237664816,688.5362237664816,2331.18469297781,0.023479490491890194,0.022467557621537758,0.0073803420801888744,Bachelor's degree,Less than 5 years,Moderate-term on-the-job training,BA+,79544.54872982803,1450.0,634.0,60.38337389008615,671.1708546888193,2266.662018206458,17.365369077662308,64.52267477135183,0.02587324666491003,0.028465944306247607
4,4. Parts & Machining,2030,sam_mi_dtmb_mi,dtmb_mi,DTMB MI,15-0000,Computer and Mathematical Occupations,122.54870276654168,122.54870276654168,414.9144956686252,0.004178982894553362,0.004067402672864519,0.006978583940780789,Bachelor's degree,Unreported,Moderate-term on-the-job training,BA+,97024.64023247796,320.0,235.8,7.119036708740643,121.50506852124953,410.34398605460984,1.0436342452921537,4.57050961401535,0.008589223955786146,0.011138239548628581
4,4. Parts & Machining,2030,sam_mi_dtmb_mi,dtmb_mi,DTMB MI,17-0000,Architecture and Engineering Occupations,1010.0793866494139,1010.0793866494139,3419.8369287947926,0.03444430160138179,0.03215184969978685,0.020524971559402597,Bachelor's degree,Unreported,Unreported,BA+,94745.98731600544,3200.0,114.79999999999998,70.02633758029835,960.4686368822777,3243.6715088126966,49.61074976713621,176.16541998209595,0.051652649406830016,0.05431049953840085
4,4. Parts & Machining,2030,sam_mi_dtmb_mi,dtmb_mi,DTMB MI,19-0000,"Life, Physical, and Social Science Occupations",39.275426139784784,39.275426139784784,132.97524380982895,0.0013393151482568432,0.0012589579701723058,0.0009584414568309658,Bachelor's degree,Unreported,Unreported,BA+,73440.0561318762,0.0,25.5,4.501218622050521,37.60871168514731,127.01123377880324,1.6667144546374715,5.964010031025708,0.04431724406278191,0.046956555365900515
4,4. Parts & Machining,2030,sam_mi_dtmb_mi,dtmb_mi,DTMB MI,37-0000,Building and Grounds Cleaning and Maintenance Occupations,51.87697734401533,51.87697734401533,175.64045481990567,0.0017690354613934054,0.001743172574084808,0.0034751652822512,No formal educational credential,Unreported,Short-term on-the-job training,HS or less,35930.0,270.0,351.3,7.373515998119673,52.07360079482165,175.86170830911993,-0.19662345080632093,-0.2212534892142628,-0.003775875833535094,-0.0012581106560466007
4,4. Parts & Machining,2030,sam_mi_dtmb_mi,dtmb_mi,DTMB MI,41-0000,Sales and Related Occupations,321.53967692131994,321.53967692131994,1088.640433358273,0.010964692236148831,0.011040092969203953,0.012983913419758877,High school diploma or equivalent,Unreported,Moderate-term on-the-job training,HS or less,76974.26055925699,930.0,147.0,28.153285873099293,329.79947170054214,1113.7908192911098,-8.259794779222204,-25.150385932836798,-0.025044899970980233,-0.0225808881678915
4,4. Parts & Machining,2030,sam_mi_dtmb_mi,dtmb_mi,DTMB MI,43-0000,Office and Administrative Support Occupations,1084.1773495798307,1084.1773495798307,3670.711219793328,0.036971085750189626,0.03883401123377878,0.011915244944090008,High school diploma or equivalent,Less than 5 years,Short-term on-the-job training,HS or less,47337.24937792136,4100.0,1435.9,106.83252162212044,1160.0841065957657,3917.8080573310067,-75.906757015935,-247.09683753767877,-0.0654321152960894,-0.0630701744245257
4,4. Parts & Machining,2030,sam_mi_dtmb_mi,dtmb_mi,DTMB MI,47-0000,Construction and Extraction Occupations,33.271024215357066,33.271024215357066,112.64607393675685,0.0011345615085385334,0.0011621150493898555,0.0012714019325309,High school diploma or equivalent,Unreported,Apprenticeship,HS or less,62350.0,0.0,81.0,3.1431688376999323,34.71573386321394,117.24113887274497,-1.4447096478568753,-4.59506493598812,-0.04161541431183001,-0.03919328130184459
4,4. Parts & Machining,2030,sam_mi_dtmb_mi,dtmb_mi,DTMB MI,49-0000,"Installation, Maintenance, and Repair Occupations",519.1025943055868,519.1025943055868,1757.531383476884,0.017701704001338397,0.01656013945380593,0.013853076495272771,High school diploma or equivalent,Less than 5 years,Long-term on-the-job training,HS or less,59723.21273907141,1590.0,262.7,49.30940363081311,494.6992075508132,1670.6862289366645,24.403386754773578,86.84515454021948,0.0493297470104942,0.05198172645230547
4,4. Parts & Machining,2030,sam_mi_dtmb_mi,dtmb_mi,DTMB MI,51-0000,Production Occupations,9054.467669691026,9054.467669691026,30655.81113391773,0.3087626768518999,0.31212473368196847,0.043180801744033714,High school diploma or equivalent,Less than 5 years,Moderate-term on-the-job training,HS or less,50169.942816548995,28380.0,640.7,902.9087824585088,9324.06752009517,31489.01588223907,-269.5998504041436,-833.2047483213391,-0.028914403485721624,-0.02646017110973914
4,4. Parts & Machining,2030,sam_mi_dtmb_mi,dtmb_mi,DTMB MI,53-0000,Transportation and Material Moving Occupations,715.5516745350143,715.5516745350143,2422.651202845645,0.02440073326396113,0.02450125895797011,0.010501545448515094,No formal educational credential,Less than 5 years,Short-term on-the-job training,HS or less,41690.42240576991,1970.0,1426.1,90.7671761496137,731.9233889494469,2471.834011233773,-16.37171441443263,-49.182808388127796,-0.022368071114562245,-0.01989729414054751
4,4. Parts & Machining,2030,sam_mi_moodys_mi,moodys_mi,Moody's MI,00-0000,All Occupations,14209.03585349492,14209.03585349492,48323.567999999985,0.5,0.5,0.03189975275258648,High school diploma or equivalent,5 years or more,Moderate-term on-the-job training,HS or less,60599.31763618775,45610.0,5975.7,1363.9522113149392,14936.444494648236,50442.99999999999,-727.4086411533171,-2119.432000000008,-0.048700254027251894,-0.04201637491822469
4,4. Parts & Machining,2030,sam_mi_moodys_mi,moodys_mi,Moody's MI,11-0000,Management Occupations,990.4670112568411,990.4670112568411,3368.483299199653,0.03485342079044798,0.034088708115436704,0.015150150641865347,Bachelor's degree,5 years or more,Unreported,BA+,125417.1010964197,3400.0,620.8999999999999,74.58335234857157,1018.3281933209705,3439.0734069339483,-27.861182064129366,-70.59010773429509,-0.027359727685893207,-0.02052590898233504
4,4. Parts & Machining,2030,sam_mi_moodys_mi,moodys_mi,Moody's MI,13-0000,Business and Financial Operations Occupations,667.2418444421216,667.2418444421216,2269.225510780418,0.023479490491890194,0.022467557621537758,0.0073803420801888744,Bachelor's degree,Less than 5 years,Moderate-term on-the-job training,BA+,79544.54872982806,1450.0,634.0,58.515895572872395,671.1708546888193,2266.662018206458,-3.9290102466976577,2.5634925739600476,-0.005853964335980141,0.0011309549255113308
4,4. Parts & Machining,2030,sam_mi_moodys_mi,moodys_mi,Moody's MI,15-0000,Computer and Mathematical Occupations,118.75863555970142,118.75863555970142,403.8867281515724,0.004178982894553363,0.004067402672864519,0.006978583940780789,Bachelor's degree,Unreported,Moderate-term on-the-job training,BA+,97024.64023247796,320.0,235.8,6.898866058501363,121.50506852124953,410.34398605460984,-2.746432961548109,-6.45725790303743,-0.022603443584477273,-0.015736206993364046
4,4. Parts & Machining,2030,sam_mi_moodys_mi,moodys_mi,Moody's MI,17-0000,Architecture and Engineering Occupations,978.8406328052528,978.8406328052528,3328.943101293763,0.034444301601381795,0.03215184969978685,0.020524971559402597,Bachelor's degree,Unreported,Unreported,BA+,94745.98731600544,3200.0,114.79999999999998,67.86063105149226,960.4686368822777,3243.6715088126966,18.37199592297509,85.27159248106636,0.019128158086047842,0.026288602976408948
4,4. Parts & Machining,2030,sam_mi_moodys_mi,moodys_mi,Moody's MI,19-0000,"Life, Physical, and Social Science Occupations",38.06075392142071,38.06075392142071,129.4409732804393,0.0013393151482568439,0.0012589579701723058,0.0009584414568309658,Bachelor's degree,Unreported,Unreported,BA+,73440.0561318762,0.0,25.5,4.362009306038814,37.60871168514731,127.01123377880324,0.45204223627339957,2.4297395016360497,0.01201961503116107,0.019130114946112317
4,4. Parts & Machining,2030,sam_mi_moodys_mi,moodys_mi,Moody's MI,37-0000,Building and Grounds Cleaning and Maintenance Occupations,50.27257659408566,50.27257659408566,170.9722108261112,0.0017690354613934059,0.001743172574084808,0.0034751652822512,No formal educational credential,Unreported,Short-term on-the-job training,HS or less,35930.0,270.0,351.3,7.145475059678869,52.07360079482165,175.86170830911993,-1.8010242007359878,-4.889497483008739,-0.034586127581849244,-0.027803081921700955
4,4. Parts & Machining,2030,sam_mi_moodys_mi,moodys_mi,Moody's MI,41-0000,Sales and Related Occupations,311.59541021195236,311.59541021195236,1059.7061017452202,0.010964692236148835,0.011040092969203953,0.012983913419758877,High school diploma or equivalent,Unreported,Moderate-term on-the-job training,HS or less,76974.260559257,930.0,147.0,27.28258840226842,329.79947170054214,1113.7908192911098,-18.204061488589787,-54.08471754588959,-0.05519736400645017,-0.04855913391377448
4,4. Parts & Machining,2030,sam_mi_moodys_mi,moodys_mi,Moody's MI,43-0000,Office and Administrative Support Occupations,1050.6469659341592,1050.6469659341592,3573.1495525662394,0.03697108575018963,0.03883401123377878,0.011915244944090008,High school diploma or equivalent,Less than 5 years,Short-term on-the-job training,HS or less,47337.24937792137,4100.0,1435.9,103.52850919535979,1160.0841065957657,3917.8080573310067,-109.43714066160646,-344.65850476476726,-0.0943355227775223,-0.08797227932589548
4,4. Parts & Machining,2030,sam_mi_moodys_mi,moodys_mi,Moody's MI,47-0000,Construction and Extraction Occupations,32.242050305638614,32.242050305638614,109.6521204160888,0.0011345615085385336,0.0011621150493898555,0.0012714019325309,High school diploma or equivalent,Unreported,Apprenticeship,HS or less,62350.0,0.0,81.0,3.0459599658930805,34.71573386321394,117.24113887274497,-2.4736835575753275,-7.589018456656163,-0.0712554015802193,-0.06472999605448546
4,4. Parts & Machining,2030,sam_mi_moodys_mi,moodys_mi,Moody's MI,49-0000,"Installation, Maintenance, and Repair Occupations",503.04829364594355,503.04829364594355,1710.8189940490959,0.017701704001338397,0.01656013945380593,0.013853076495272771,High school diploma or equivalent,Less than 5 years,Long-term on-the-job training,HS or less,59723.21273907141,1590.0,262.7,47.78441030594685,494.6992075508132,1670.6862289366645,8.34908609513036,40.13276511243134,0.016877096158017964,0.024021724975834928
4,4. Parts & Machining,2030,sam_mi_moodys_mi,moodys_mi,Moody's MI,51-0000,Production Occupations,8774.439891219425,8774.439891219425,29841.028421429615,0.30876267685189995,0.31212473368196847,0.043180801744033714,High school diploma or equivalent,Less than 5 years,Moderate-term on-the-job training,HS or less,50169.942816549,28380.0,640.7,874.9844969303034,9324.06752009517,31489.01588223907,-549.6276288757454,-1647.9874608094542,-0.05894719527622375,-0.0523353116836839
4,4. Parts & Machining,2030,sam_mi_moodys_mi,moodys_mi,Moody's MI,53-0000,Transportation and Material Moving Occupations,693.4217875983799,693.4217875983799,2358.2609862617755,0.02440073326396114,0.02450125895797011,0.010501545448515094,No formal educational credential,Less than 5 years,Short-term on-the-job training,HS or less,41690.42240576991,1970.0,1426.1,87.96001711801219,731.9233889494469,2471.834011233773,-38.50160135106705,-113.57302497199726,-0.05260332151200911,-0.045946865548350174
4,4. Parts & Machining,2030,sam_mi_moodys_mi_detail,moodys_mi_detail,Moody's MI (detail),00-0000,All Occupations,14280.440492451875,14280.440492451875,48545.34973127543,0.5,0.5,0.03189975275258648,High school diploma or equivalent,5 years or more,Moderate-term on-the-job training,HS or less,60599.317636187734,45610.0,5975.7,1370.8064775866033,14936.444494648236,50442.99999999999,-656.0040021963614,-1897.6502687245593,-0.043919689349858945,-0.037619694877873235
4,4. Parts & Machining,2030,sam_mi_moodys_mi_detail,moodys_mi_detail,Moody's MI (detail),11-0000,Management Occupations,995.4444031127547,995.4444031127547,3383.9430032072064,0.03485342079044798,0.034088708115436704,0.015150150641865347,Bachelor's degree,5 years or more,Unreported,BA+,125417.10109641966,3400.0,620.8999999999999,74.95815591734004,1018.3281933209705,3439.0734069339483,-22.883790208215828,-55.13040372674186,-0.022471920504908385,-0.016030598130178472
4,4. Parts & Machining,2030,sam_mi_moodys_mi_detail,moodys_mi_detail,Moody's MI (detail),13-0000,Business and Financial Operations Occupations,670.5949335250551,670.5949335250551,2279.6401548819313,0.023479490491890197,0.022467557621537758,0.0073803420801888744,Bachelor's degree,Less than 5 years,Moderate-term on-the-job training,BA+,79544.54872982803,1450.0,634.0,58.809955383805736,671.1708546888193,2266.662018206458,-0.5759211637641783,12.978136675473252,-0.0008580842862004155,0.005725660275431122
4,4. Parts & Machining,2030,sam_mi_moodys_mi_detail,moodys_mi_detail,Moody's MI (detail),15-0000,Computer and Mathematical Occupations,119.35543308928716,119.35543308928716,405.7403722742214,0.004178982894553362,0.004067402672864519,0.006978583940780789,Bachelor's degree,Unreported,Moderate-term on-the-job training,BA+,97024.64023247798,320.0,235.8,6.933534916064877,121.50506852124953,410.34398605460984,-2.1496354319623663,-4.603613780388457,-0.01769173465867743,-0.011218913732966941
4,4. Parts & Machining,2030,sam_mi_moodys_mi_detail,moodys_mi_detail,Moody's MI (detail),17-0000,Architecture and Engineering Occupations,983.759598645195,983.759598645195,3344.2213349772187,0.03444430160138179,0.03215184969978685,0.020524971559402597,Bachelor's degree,Unreported,Unreported,BA+,94745.98731600546,3200.0,114.79999999999998,68.20165094260831,960.4686368822777,3243.6715088126966,23.290961762917277,100.54982616452207,0.024249580744792186,0.03099876972478234
4,4. Parts & Machining,2030,sam_mi_moodys_mi_detail,moodys_mi_detail,Moody's MI (detail),19-0000,"Life, Physical, and Social Science Occupations",38.25202055064243,38.25202055064243,130.0350445450469,0.0013393151482568434,0.0012589579701723058,0.0009584414568309658,Bachelor's degree,Unreported,Unreported,BA+,73440.0561318762,0.0,25.5,4.383929702527078,37.60871168514731,127.01123377880324,0.6433088654951149,3.023810766243656,0.017105315142958613,0.0238074277076135
4,4. Parts & Machining,2030,sam_mi_moodys_mi_detail,moodys_mi_detail,Moody's MI (detail),37-0000,Building and Grounds Cleaning and Maintenance Occupations,50.52521127093135,50.52521127093135,171.75689032074212,0.0017690354613934057,0.001743172574084808,0.0034751652822512,No formal educational credential,Unreported,Short-term on-the-job training,HS or less,35930.0,270.0,351.3,7.181383200954112,52.07360079482165,175.86170830911993,-1.5483895238903003,-4.1048179883778175,-0.029734635213554822,-0.02334116976256478
4,4. Parts & Machining,2030,sam_mi_moodys_mi_detail,moodys_mi_detail,Moody's MI (detail),41-0000,Sales and Related Occupations,313.16126999274496,313.16126999274496,1064.569638599291,0.010964692236148833,0.011040092969203953,0.012983913419758877,High school diploma or equivalent,Unreported,Moderate-term on-the-job training,HS or less,76974.26055925702,930.0,147.0,27.419691538241995,329.79947170054214,1113.7908192911098,-16.63820170779718,-49.221180691818745,-0.05044944924261329,-0.04419248196276781
4,4. Parts & Machining,2030,sam_mi_moodys_mi_detail,moodys_mi_detail,Moody's MI (detail),43-0000,Office and Administrative Support Occupations,1055.926779993837,1055.926779993837,3589.5485753758576,0.03697108575018963,0.03883401123377878,0.011915244944090008,High school diploma or equivalent,Less than 5 years,Short-term on-the-job training,HS or less,47337.24937792137,4100.0,1435.9,104.04877080192249,1160.0841065957657,3917.8080573310067,-104.15732660192862,-328.2594819551491,-0.0897842889233052,-0.08378651458968482
4,4. Parts & Machining,2030,sam_mi_moodys_mi_detail,moodys_mi_detail,Moody's MI (detail),47-0000,Construction and Extraction Occupations,32.40407621542192,32.40407621542192,110.1553704472931,0.0011345615085385336,0.0011621150493898555,0.0012714019325309,High school diploma or equivalent,Unreported,Apprenticeship,HS or less,62350.0,0.0,81.0,3.0612668223106776,34.71573386321394,117.24113887274497,-2.3116576477920248,-7.0857684254518745,-0.06658818323992112,-0.060437560514853564
4,4. Parts & Machining,2030,sam_mi_moodys_mi_detail,moodys_mi_detail,Moody's MI (detail),49-0000,"Installation, Maintenance, and Repair Occupations",505.5762612122205,505.5762612122205,1718.67082316898,0.0177017040013384,0.01656013945380593,0.013853076495272771,High school diploma or equivalent,Less than 5 years,Long-term on-the-job training,HS or less,59723.2127390714,1590.0,262.7,48.02454120580856,494.6992075508132,1670.6862289366645,10.87705366140733,47.98459423231543,0.02198720655983685,0.02872148785403948
4,4. Parts & Machining,2030,sam_mi_moodys_mi_detail,moodys_mi_detail,Moody's MI (detail),51-0000,Production Occupations,8818.53406614741,8818.53406614741,29977.984263480514,0.3087626768518999,0.31212473368196847,0.043180801744033714,High school diploma or equivalent,Less than 5 years,Moderate-term on-the-job training,HS or less,50169.942816548995,28380.0,640.7,879.3815547419966,9324.06752009517,31489.01588223907,-505.5334539477608,-1511.0316187585559,-0.05421812453183531,-0.04798599055649852
4,4. Parts & Machining,2030,sam_mi_moodys_mi_detail,moodys_mi_detail,Moody's MI (detail),53-0000,Transportation and Material Moving Occupations,696.906438696376,696.906438696376,2369.084259997118,0.024400733263961135,0.02450125895797011,0.010501545448515094,No formal educational credential,Less than 5 years,Short-term on-the-job training,HS or less,41690.4224057699,1970.0,1426.1,88.40204241302293,731.9233889494469,2471.834011233773,-35.016950253070945,-102.7497512366549,-0.04784237091170415,-0.04156822455297844
4,4. Parts & Machining,2030,sam_mi_moodys_us,moodys_us,Moody's US,00-0000,All Occupations,14227.766703790268,14227.766703790268,48367.49800000002,0.5,0.5,0.03189975275258648,High school diploma or equivalent,5 years or more,Moderate-term on-the-job training,HS or less,60599.31763618774,45610.0,5975.7,1365.75022104224,14936.444494648236,50442.99999999999,-708.6777908579679,-2075.5019999999713,-0.04744621727827455,-0.04114549095018083
4,4. Parts & Machining,2030,sam_mi_moodys_us,moodys_us,Moody's US,11-0000,Management Occupations,991.7726796710547,991.7726796710547,3371.5455207503032,0.03485342079044799,0.034088708115436704,0.015150150641865347,Bachelor's degree,5 years or more,Unreported,BA+,125417.10109641963,3400.0,620.8999999999999,74.6816707441172,1018.3281933209705,3439.0734069339483,-26.555513649915838,-67.52788618364502,-0.026077559105294957,-0.019635488456714405
4,4. Parts & Machining,2030,sam_mi_moodys_us,moodys_us,Moody's US,13-0000,Business and Financial Operations Occupations,668.1214260849512,668.1214260849512,2271.288418815037,0.0234794904918902,0.022467557621537758,0.0073803420801888744,Bachelor's degree,Less than 5 years,Moderate-term on-the-job training,BA+,79544.548729828,1450.0,634.0,58.59303328236759,671.1708546888193,2266.662018206458,-3.0494286038681366,4.626400608578933,-0.004543446102530733,0.0020410632778148662
4,4. Parts & Machining,2030,sam_mi_moodys_us,moodys_us,Moody's US,15-0000,Computer and Mathematical Occupations,118.91518736567083,118.91518736567083,404.25389358868813,0.004178982894553363,0.004067402672864519,0.006978583940780789,Bachelor's degree,Unreported,Moderate-term on-the-job training,BA+,97024.64023247796,320.0,235.8,6.907960386130753,121.50506852124953,410.34398605460984,-2.589881155578695,-6.090092465921714,-0.02131500510306499,-0.014841432244388312
4,4. Parts & Machining,2030,sam_mi_moodys_us,moodys_us,Moody's US,17-0000,Architecture and Engineering Occupations,980.1309749188991,980.1309749188991,3331.969377632462,0.03444430160138178,0.03215184969978685,0.020524971559402597,Bachelor's degree,Unreported,Unreported,BA+,94745.98731600547,3200.0,114.79999999999998,67.95008731962187,960.4686368822777,3243.6715088126966,19.662338036621463,88.29786881976543,0.02047160863101814,0.027221581649026383
4,4. Parts & Machining,2030,sam_mi_moodys_us,moodys_us,Moody's US,19-0000,"Life, Physical, and Social Science Occupations",38.11092694450129,38.11092694450129,129.5586455093652,0.0013393151482568434,0.0012589579701723058,0.0009584414568309658,Bachelor's degree,Unreported,Unreported,BA+,73440.0561318762,0.0,25.5,4.367759459964861,37.60871168514731,127.01123377880324,0.5022152593539744,2.5474117305619473,0.013353694844918409,0.02005658597883081
4,4. Parts & Machining,2030,sam_mi_moodys_us,moodys_us,Moody's US,37-0000,Building and Grounds Cleaning and Maintenance Occupations,50.338847670874706,50.338847670874706,171.1276382817493,0.0017690354613934057,0.001743172574084808,0.0034751652822512,No formal educational credential,Unreported,Short-term on-the-job training,HS or less,35930.0,270.0,351.3,7.154894475958199,52.07360079482165,175.86170830911993,-1.7347531239469447,-4.73407002737062,-0.03331348509549302,-0.026919276930082673
4,4. Parts & Machining,2030,sam_mi_moodys_us,moodys_us,Moody's US,41-0000,Sales and Related Occupations,312.00616622957205,312.00616622957205,1060.6694596050888,0.010964692236148833,0.011040092969203953,0.012983913419758877,High school diploma or equivalent,Unreported,Moderate-term on-the-job training,HS or less,76974.26055925702,930.0,147.0,27.318553268871725,329.79947170054214,1113.7908192911098,-17.793305470970097,-53.121359686020924,-0.05395189197612304,-0.047694197838541064
4,4. Parts & Machining,2030,sam_mi_moodys_us,moodys_us,Moody's US,43-0000,Office and Administrative Support Occupations,1052.031965679046,1052.031965679046,3576.3978321602517,0.03697108575018963,0.03883401123377878,0.011915244944090008,High school diploma or equivalent,Less than 5 years,Short-term on-the-job training,HS or less,47337.249377921355,4100.0,1435.9,103.66498411364651,1160.0841065957657,3917.8080573310067,-108.05214091671974,-341.410225170755,-0.0931416440432028,-0.08714317296170439
4,4. Parts & Machining,2030,sam_mi_moodys_us,moodys_us,Moody's US,47-0000,Construction and Extraction Occupations,32.284552909173215,32.284552909173215,109.75180299022905,0.0011345615085385336,0.0011621150493898555,0.0012714019325309,High school diploma or equivalent,Unreported,Apprenticeship,HS or less,62350.0,0.0,81.0,3.0499752573396663,34.71573386321394,117.24113887274497,-2.4311809540407268,-7.489335882515917,-0.07003109781921951,-0.06387976059022199
4,4. Parts & Machining,2030,sam_mi_moodys_us,moodys_us,Moody's US,49-0000,"Installation, Maintenance, and Repair Occupations",503.71142958118685,503.71142958118685,1712.3742657626544,0.017701704001338397,0.01656013945380593,0.013853076495272771,High school diploma or equivalent,Less than 5 years,Long-term on-the-job training,HS or less,59723.21273907141,1590.0,262.7,47.847401394513355,494.6992075508132,1670.6862289366645,9.012222030373664,41.68803682598991,0.018217579274064172,0.02495264287449292
4,4. Parts & Machining,2030,sam_mi_moodys_us,moodys_us,Moody's US,51-0000,Production Occupations,8786.00666617323,8786.00666617323,29868.156310217837,0.3087626768518999,0.31212473368196847,0.043180801744033714,High school diploma or equivalent,Less than 5 years,Moderate-term on-the-job training,HS or less,50169.94281654901,28380.0,640.7,876.1379322366631,9324.06752009517,31489.01588223907,-538.0608539219393,-1620.8595720212325,-0.057706666405226474,-0.05147380845698182
4,4. Parts & Machining,2030,sam_mi_moodys_us,moodys_us,Moody's US,53-0000,Transportation and Material Moving Occupations,694.3358805621077,694.3358805621077,2360.404834686348,0.024400733263961135,0.02450125895797011,0.010501545448515094,No formal educational credential,Less than 5 years,Short-term on-the-job training,HS or less,41690.42240576991,1970.0,1426.1,88.07596910304491,731.9233889494469,2471.834011233773,-37.5875083873392,-111.42917654742496,-0.05135442992372433,-0.04507955471160745
5,5. Component Systems,2030,sam_mi_bls_us,bls_us,BLS US,00-0000,All Occupations,6259.005122717293,6259.005122717293,19054.246,0.49999999999999994,0.49999999999999994,0.029629458908769373,High school diploma or equivalent,5 years or more,Moderate-term on-the-job training,HS or less,75487.9128865685,14730.0,5486.5,560.1820668654499,5987.0248807060025,18283.0,271.9802420112901,771.2459999999992,0.04542827989370534,0.04218377727943987
5,5. Component Systems,2030,sam_mi_bls_us,bls_us,BLS US,11-0000,Management Occupations,697.0671275933995,697.0671275933995,2122.0766347466606,0.05568513796732393,0.05569383945239571,0.013040746105095364,Bachelor's degree,5 years or more,Unreported,BA+,137464.99500338055,1510.0,748.7,52.36192167825939,666.8808050070775,2036.5009334163015,30.186322586322035,85.57570133035915,0.04526494443936151,0.042020948739170436
5,5. Component Systems,2030,sam_mi_bls_us,bls_us,BLS US,13-0000,Business and Financial Operations Occupations,576.3890964636362,576.3890964636362,1754.6973393381445,0.046044785486083914,0.045737398879900325,0.009825219525395848,Bachelor's degree,Less than 5 years,Moderate-term on-the-job training,BA+,81901.46197157679,1110.0,742.2,49.96778753105216,547.6618901454763,1672.4337274424352,28.727206318159915,82.26361189570935,0.05245427303793051,0.04918796514676295
5,5. Component Systems,2030,sam_mi_bls_us,bls_us,BLS US,15-0000,Computer and Mathematical Occupations,308.43217855220416,308.43217855220416,938.9579476647237,0.024639073822829927,0.024891101431238294,0.03865397805212631,Bachelor's degree,Unreported,Moderate-term on-the-job training,BA+,118582.55282467732,670.0,193.70000000000002,19.220636827444483,298.04728715400097,910.1680149346594,10.384891398203195,28.78993273006438,0.03484309988984172,0.03163144854319144
5,5. Component Systems,2030,sam_mi_bls_us,bls_us,BLS US,17-0000,Architecture and Engineering Occupations,1072.9924467787207,1072.9924467787207,3266.503483574016,0.08571589459834875,0.08494088363410092,0.02425219956084152,Bachelor's degree,Unreported,Unreported,BA+,99439.04289462327,1580.0,97.30000000000001,71.51125301466686,1017.0863674130311,3105.948350964534,55.90607936568961,160.55513260948237,0.05496689480548958,0.05169278895433755
5,5. Component Systems,2030,sam_mi_bls_us,bls_us,BLS US,19-0000,"Life, Physical, and Social Science Occupations",27.0941221897331,27.0941221897331,82.48244876545238,0.0021644112489534453,0.0021779713752333577,0.0019204389574759,Bachelor's degree,Unreported,Unreported,BA+,84150.0,90.0,6.3,1.9200559032094322,26.079137625975168,79.63970130678295,1.0149845637579311,2.8427474586694217,0.03891940670411559,0.035695104477084516
5,5. Component Systems,2030,sam_mi_bls_us,bls_us,BLS US,27-0000,"Arts, Design, Entertainment, Sports, and Media Occupations",14.809016818740384,14.809016818740384,45.08298746365508,0.0011830168316199728,0.0012445550715619045,0.0017832647462277,Bachelor's degree,Less than 5 years,Short-term on-the-job training,BA+,91670.0,80.0,4.5,1.1763561462371002,14.902364357699925,45.5084007467326,-0.09334753895954151,-0.4254132830775177,-0.006263941527594554,-0.00934801654413359
5,5. Component Systems,2030,sam_mi_bls_us,bls_us,BLS US,37-0000,Building and Grounds Cleaning and Maintenance Occupations,15.393715665222064,15.393715665222064,46.862982117492564,0.0012297254406574934,0.0012445550715619045,0.0021947873799725,No formal educational credential,Unreported,Short-term on-the-job training,HS or less,35930.0,70.0,351.3,2.1879803824213107,14.902364357699925,45.5084007467326,0.4913513075221392,1.3545813707599663,0.032971365867072104,0.029765523475513964
5,5. Component Systems,2030,sam_mi_bls_us,bls_us,BLS US,41-0000,Sales and Related Occupations,309.4462530138443,309.4462530138443,942.0450875336904,0.024720083060061536,0.025513378967019346,0.01231891331258986,High school diploma or equivalent,Unreported,Moderate-term on-the-job training,HS or less,84339.50960210565,540.0,147.0,27.127074840905685,305.4984693328521,932.9222153080294,3.9477836809921882,9.122872225661013,0.012922433587354341,0.00977881336296494
5,5. Component Systems,2030,sam_mi_bls_us,bls_us,BLS US,43-0000,Office and Administrative Support Occupations,470.1727802493016,470.1727802493016,1431.343742611406,0.03755970565855521,0.03982576228998119,0.009878686556927287,High school diploma or equivalent,Less than 5 years,Short-term on-the-job training,HS or less,46690.979294964374,1620.0,1302.8000000000002,48.82735571739627,476.8756594464006,1456.2688238954524,-6.702879197099037,-24.925081284046428,-0.014055821605322299,-0.017115714403177964
5,5. Component Systems,2030,sam_mi_bls_us,bls_us,BLS US,47-0000,Construction and Extraction Occupations,57.88092035005848,57.88092035005848,176.20648544502478,0.004623811549536644,0.004667081518357167,0.0041152263374485,High school diploma or equivalent,Unreported,Apprenticeship,HS or less,62350.0,0.0,81.0,5.46810654111819,55.883866341375025,170.65650280024818,1.997054008683456,5.549982644776605,0.0357357881518818,0.032521366333592386
5,5. Component Systems,2030,sam_mi_bls_us,bls_us,BLS US,49-0000,"Installation, Maintenance, and Repair Occupations",208.60064235053358,208.60064235053358,635.0414925654336,0.016664041509840737,0.015245799626633506,0.01051762268693483,High school diploma or equivalent,Less than 5 years,Long-term on-the-job training,HS or less,63058.68969148883,500.0,257.9,19.726811524448085,182.5539633818262,557.4779091474808,26.04667896870737,77.56358341795283,0.1426793397754321,0.13913301701329547
5,5. Component Systems,2030,sam_mi_bls_us,bls_us,BLS US,51-0000,Production Occupations,2320.912352885807,2320.912352885807,7065.537421564826,0.18540585183913405,0.18481642812694488,0.05165740625274237,High school diploma or equivalent,Less than 5 years,Moderate-term on-the-job training,HS or less,47443.47453207244,6550.0,546.8000000000001,238.03595784056407,2213.0011071184636,6757.997510889867,107.91124576734364,307.5399106749592,0.04876240026280614,0.04550755015511444
5,5. Component Systems,2030,sam_mi_bls_us,bls_us,BLS US,53-0000,Transportation and Material Moving Occupations,179.81446980609212,179.81446980609212,547.4079466094738,0.014364460987054378,0.0140012445550715,0.012382258802011848,No formal educational credential,Unreported,Short-term on-the-job training,HS or less,39266.53370569527,410.0,1007.0,22.650768917726943,167.65159902412506,511.96950840074453,12.162870781967058,35.43843820872928,0.07254849254504767,0.06921982193711
5,5. Component Systems,2030,sam_mi_dtmb_mi,dtmb_mi,DTMB MI,00-0000,All Occupations,6066.881475693045,6066.881475693045,18615.509999999995,0.5,0.49999999999999994,0.029629458908769373,High school diploma or equivalent,5 years or more,Moderate-term on-the-job training,HS or less,75487.91288656852,14730.0,5486.5,542.9869664343695,5987.0248807060025,18283.0,79.85659498704263,332.50999999999476,0.013338276786587493,0.018186840234096963
5,5. Component Systems,2030,sam_mi_dtmb_mi,dtmb_mi,DTMB MI,11-0000,Management Occupations,675.670264010738,675.670264010738,2073.2144853641958,0.05568513796732393,0.05569383945239571,0.013040746105095364,Bachelor's degree,5 years or more,Unreported,BA+,137464.99500338055,1510.0,748.7,50.75464333916485,666.8808050070775,2036.5009334163015,8.789459003660568,36.7135519478943,0.013179955004953677,0.01802776092339228
5,5. Component Systems,2030,sam_mi_dtmb_mi,dtmb_mi,DTMB MI,13-0000,Business and Financial Operations Occupations,558.6965122355649,558.6965122355649,1714.2943293280994,0.04604478548608391,0.045737398879900325,0.009825219525395848,Bachelor's degree,Less than 5 years,Moderate-term on-the-job training,BA+,81901.4619715768,1110.0,742.2,48.433998472571474,547.6618901454763,1672.4337274424352,11.034622090088646,41.86060188566421,0.02014860315943748,0.025029752269872856
5,5. Component Systems,2030,sam_mi_dtmb_mi,dtmb_mi,DTMB MI,15-0000,Computer and Mathematical Occupations,298.9646811079207,298.9646811079207,917.3378502792572,0.024639073822829934,0.024891101431238294,0.03865397805212631,Bachelor's degree,Unreported,Moderate-term on-the-job training,BA+,118582.5528246773,670.0,193.70000000000002,18.63064867868674,298.04728715400097,910.1680149346594,0.9173939539197136,7.1698353445978,0.0030780147763790795,0.007877485504819152
5,5. Component Systems,2030,sam_mi_dtmb_mi,dtmb_mi,DTMB MI,17-0000,Architecture and Engineering Occupations,1040.0563462223593,1040.0563462223593,3191.2901861090127,0.08571589459834876,0.08494088363410092,0.02425219956084152,Bachelor's degree,Unreported,Unreported,BA+,99439.04289462326,1580.0,97.30000000000001,69.31617528856222,1017.0863674130311,3105.948350964534,22.969978809328154,85.34183514447886,0.022584098602906767,0.02747690093364768
5,5. Component Systems,2030,sam_mi_dtmb_mi,dtmb_mi,DTMB MI,19-0000,"Life, Physical, and Social Science Occupations",26.262453024114613,26.262453024114613,80.58323849801067,0.0021644112489534457,0.0021779713752333577,0.0019204389574759,Bachelor's degree,Unreported,Unreported,BA+,84150.0,90.0,6.3,1.8611187182443427,26.079137625975168,79.63970130678295,0.1833153981394453,0.9435371912277191,0.007029197083451898,0.011847573204639299
5,5. Component Systems,2030,sam_mi_dtmb_mi,dtmb_mi,DTMB MI,27-0000,"Arts, Design, Entertainment, Sports, and Media Occupations",14.354445802376585,14.354445802376585,44.04492331837983,0.001183016831619973,0.0012445550715619045,0.0017832647462277,Bachelor's degree,Less than 5 years,Short-term on-the-job training,BA+,91670.0,80.0,4.5,1.1402472393767809,14.902364357699925,45.5084007467326,-0.5479185553233403,-1.4634774283527676,-0.03676722311786958,-0.03215840162121808
5,5. Component Systems,2030,sam_mi_dtmb_mi,dtmb_mi,DTMB MI,37-0000,Building and Grounds Cleaning and Maintenance Occupations,14.92119699222683,14.92119699222683,45.783932475627935,0.0012297254406574937,0.0012445550715619045,0.0021947873799725,No formal educational credential,Unreported,Short-term on-the-job training,HS or less,35930.0,70.0,351.3,2.120819106396377,14.902364357699925,45.5084007467326,0.018832634526905423,0.27553172889533784,0.0012637346715506095,0.006054524535563259
5,5. Component Systems,2030,sam_mi_dtmb_mi,dtmb_mi,DTMB MI,41-0000,Sales and Related Occupations,299.94762798936154,299.94762798936154,920.3539068108118,0.024720083060061536,0.025513378967019346,0.01231891331258986,High school diploma or equivalent,Unreported,Moderate-term on-the-job training,HS or less,84339.50960210567,540.0,147.0,26.294394175312643,305.4984693328521,932.9222153080294,-5.550841343490561,-12.568308497217572,-0.018169784469337914,-0.01347197900423864
5,5. Component Systems,2030,sam_mi_dtmb_mi,dtmb_mi,DTMB MI,43-0000,Office and Administrative Support Occupations,455.74056498474374,455.74056498474374,1398.3861525677817,0.037559705658555216,0.03982576228998119,0.009878686556927287,High school diploma or equivalent,Less than 5 years,Short-term on-the-job training,HS or less,46690.97929496439,1620.0,1302.8000000000002,47.32857284838597,476.8756594464006,1456.2688238954524,-21.135094461656877,-57.88267132767078,-0.044319927098381076,-0.03974724335087891
5,5. Component Systems,2030,sam_mi_dtmb_mi,dtmb_mi,DTMB MI,47-0000,Construction and Extraction Occupations,56.10423327395885,56.10423327395885,172.14922027702974,0.004623811549536645,0.004667081518357167,0.0041152263374485,High school diploma or equivalent,Unreported,Apprenticeship,HS or less,62349.99999999999,0.0,81.0,5.3002599663991905,55.883866341375025,170.65650280024818,0.220366932583822,1.4927174767815643,0.0039433014751999685,0.008746912378304014
5,5. Component Systems,2030,sam_mi_dtmb_mi,dtmb_mi,DTMB MI,49-0000,"Installation, Maintenance, and Repair Occupations",202.1975294924655,202.1975294924655,620.4192627337104,0.01666404150984074,0.015245799626633506,0.01051762268693483,High school diploma or equivalent,Less than 5 years,Long-term on-the-job training,HS or less,63058.68969148883,500.0,257.9,19.121286061546478,182.5539633818262,557.4779091474808,19.643566110639284,62.94135358622964,0.10760416123945332,0.11290376273829804
5,5. Component Systems,2030,sam_mi_dtmb_mi,dtmb_mi,DTMB MI,51-0000,Production Occupations,2249.6706560158636,2249.6706560158636,6902.848977939835,0.18540585183913408,0.18481642812694488,0.05165740625274237,High school diploma or equivalent,Less than 5 years,Moderate-term on-the-job training,HS or less,47443.47453207244,6550.0,546.8000000000001,230.72931158503505,2213.0011071184636,6757.997510889867,36.66954889740009,144.85146704996805,0.01657005447464385,0.021434081148528652
5,5. Component Systems,2030,sam_mi_dtmb_mi,dtmb_mi,DTMB MI,53-0000,Transportation and Material Moving Occupations,174.2949645413513,174.2949645413513,534.8035342982412,0.01436446098705438,0.0140012445550715,0.012382258802011848,No formal educational credential,Unreported,Short-term on-the-job training,HS or less,39266.53370569527,410.0,1007.0,21.955490954687363,167.65159902412506,511.96950840074453,6.643365517226243,22.834025897496645,0.03962601941106606,0.044600362956817526
5,5. Component Systems,2030,sam_mi_moodys_mi,moodys_mi,Moody's MI,00-0000,All Occupations,5868.690563094323,5868.690563094323,17913.306999999997,0.49999999999999994,0.49999999999999994,0.029629458908769373,High school diploma or equivalent,5 years or more,Moderate-term on-the-job training,HS or less,75487.9128865685,14730.0,5486.5,525.2488446599456,5987.0248807060025,18283.0,-118.33431761167958,-369.69300000000294,-0.01976512875251745,-0.020220587430946943
5,5. Component Systems,2030,sam_mi_moodys_mi,moodys_mi,Moody's MI,11-0000,Management Occupations,653.5976873868788,653.5976873868788,1995.0099434920592,0.05568513796732393,0.05569383945239571,0.013040746105095364,Bachelor's degree,5 years or more,Unreported,BA+,137464.99500338055,1510.0,748.7,49.09660714341692,666.8808050070775,2036.5009334163015,-13.28311762019871,-41.490989924242285,-0.019918278529635798,-0.02037366604818575
5,5. Component Systems,2030,sam_mi_moodys_mi,moodys_mi,Moody's MI,13-0000,Business and Financial Operations Occupations,540.4451961237662,540.4451961237662,1649.6287563227306,0.04604478548608391,0.045737398879900325,0.009825219525395848,Bachelor's degree,Less than 5 years,Moderate-term on-the-job training,BA+,81901.4619715768,1110.0,742.2,46.8517723492257,547.6618901454763,1672.4337274424352,-7.216694021710055,-22.804971119704533,-0.01317727990858205,-0.01363579958087725
5,5. Component Systems,2030,sam_mi_moodys_mi,moodys_mi,Moody's MI,15-0000,Computer and Mathematical Occupations,289.1982000548528,289.1982000548528,882.7345871680324,0.02463907382282993,0.024891101431238294,0.03865397805212631,Bachelor's degree,Unreported,Moderate-term on-the-job training,BA+,118582.55282467729,670.0,193.70000000000002,18.02202870173008,298.04728715400097,910.1680149346594,-8.849087099148164,-27.433427766627005,-0.029690211857475633,-0.030141058921518398
5,5. Component Systems,2030,sam_mi_moodys_mi,moodys_mi,Moody's MI,17-0000,Architecture and Engineering Occupations,1006.0801234730341,1006.0801234730341,3070.910269439725,0.08571589459834875,0.08494088363410092,0.02425219956084152,Bachelor's degree,Unreported,Unreported,BA+,99439.04289462326,1580.0,97.30000000000001,67.0517769987104,1017.0863674130311,3105.948350964534,-11.006243939997034,-35.038081524808604,-0.01082134643883933,-0.011280960777705056
5,5. Component Systems,2030,sam_mi_moodys_mi,moodys_mi,Moody's MI,19-0000,"Life, Physical, and Social Science Occupations",25.404519742776568,25.404519742776568,77.54352635351299,0.0021644112489534453,0.0021779713752333577,0.0019204389574759,Bachelor's degree,Unreported,Unreported,BA+,84150.0,90.0,6.3,1.8003202967321976,26.079137625975168,79.63970130678295,-0.6746178831986,-2.0961749532699656,-0.025868105490063124,-0.026320728466763265
5,5. Component Systems,2030,sam_mi_moodys_mi,moodys_mi,Moody's MI,27-0000,"Arts, Design, Entertainment, Sports, and Media Occupations",13.885519431419763,13.885519431419763,42.38348738195176,0.0011830168316199728,0.0012445550715619045,0.0017832647462277,Bachelor's degree,Less than 5 years,Short-term on-the-job training,BA+,91670.0,80.0,4.5,1.1029980130871833,14.902364357699925,45.5084007467326,-1.0168449262801627,-3.124913364780838,-0.06823379846801071,-0.06866673654765158
5,5. Component Systems,2030,sam_mi_moodys_mi,moodys_mi,Moody's MI,37-0000,Building and Grounds Cleaning and Maintenance Occupations,14.43375617756728,14.43375617756728,44.05689868841593,0.0012297254406574934,0.0012445550715619045,0.0021947873799725,No formal educational credential,Unreported,Short-term on-the-job training,HS or less,35930.0,70.0,351.3,2.051536876994411,14.902364357699925,45.5084007467326,-0.4686081801326445,-1.4515020583166702,-0.031445223649394845,-0.03189525526055505
5,5. Component Systems,2030,sam_mi_moodys_mi,moodys_mi,Moody's MI,41-0000,Sales and Related Occupations,290.149036346982,290.149036346982,885.6368738407634,0.024720083060061536,0.025513378967019346,0.01231891331258986,High school diploma or equivalent,Unreported,Moderate-term on-the-job training,HS or less,84339.50960210567,540.0,147.0,25.43541745082662,305.4984693328521,932.9222153080294,-15.349432985870124,-47.285341467265994,-0.050243894901962134,-0.0506851918534853
5,5. Component Systems,2030,sam_mi_moodys_mi,moodys_mi,Moody's MI,43-0000,Office and Administrative Support Occupations,440.8525803019269,440.8525803019269,1345.6370765826732,0.03755970565855521,0.03982576228998119,0.009878686556927287,High school diploma or equivalent,Less than 5 years,Short-term on-the-job training,HS or less,46690.97929496438,1620.0,1302.8000000000002,45.782458410120114,476.8756594464006,1456.2688238954524,-36.02307914447374,-110.63174731277923,-0.075539773169158,-0.07596931658321461
5,5. Component Systems,2030,sam_mi_moodys_mi,moodys_mi,Moody's MI,47-0000,Construction and Extraction Occupations,54.27143841258449,54.27143841258449,165.65551159399124,0.004623811549536644,0.004667081518357167,0.0041152263374485,High school diploma or equivalent,Unreported,Apprenticeship,HS or less,62350.0,0.0,81.0,5.127112796150388,55.883866341375025,170.65650280024818,-1.612427928790538,-5.000991206256941,-0.028853192063354724,-0.029304428042279493
5,5. Component Systems,2030,sam_mi_moodys_mi,moodys_mi,Moody's MI,49-0000,"Installation, Maintenance, and Repair Occupations",195.59220630362884,195.59220630362884,597.0161828530413,0.016664041509840737,0.015245799626633506,0.01051762268693483,High school diploma or equivalent,Less than 5 years,Long-term on-the-job training,HS or less,63058.68969148883,500.0,257.9,18.49663810200047,182.5539633818262,557.4779091474808,13.038242921802635,39.53827370556053,0.07142130841899119,0.07092348065598537
5,5. Component Systems,2030,sam_mi_moodys_mi,moodys_mi,Moody's MI,51-0000,Production Occupations,2176.179146061581,2176.179146061581,6642.463887181846,0.18540585183913405,0.18481642812694488,0.05165740625274237,High school diploma or equivalent,Less than 5 years,Moderate-term on-the-job training,HS or less,47443.47453207244,6550.0,546.8000000000001,223.19192141027656,2213.0011071184636,6757.997510889867,-36.82196105688263,-115.53362370802097,-0.0166389257277997,-0.017095836972690442
5,5. Component Systems,2030,sam_mi_moodys_mi,moodys_mi,Moody's MI,53-0000,Transportation and Material Moving Occupations,168.60115327732518,168.60115327732518,514.6299991012562,0.014364460987054377,0.0140012445550715,0.012382258802011848,No formal educational credential,Unreported,Short-term on-the-job training,HS or less,39266.533705695285,410.0,1007.0,21.238256110674623,167.65159902412506,511.96950840074453,0.9495542532001195,2.660490700511673,0.005663854438176153,0.0051965803760898426
5,5. Component Systems,2030,sam_mi_moodys_mi_detail,moodys_mi_detail,Moody's MI (detail),00-0000,All Occupations,5873.196339146475,5873.196339146475,17902.450386394048,0.49999999999999994,0.49999999999999994,0.029629458908769373,High school diploma or equivalent,5 years or more,Moderate-term on-the-job training,HS or less,75487.9128865685,14730.0,5486.5,525.6521124145232,5987.0248807060025,18283.0,-113.82854155952737,-380.5496136059519,-0.01901253858596032,-0.02081439663107542
5,5. Component Systems,2030,sam_mi_moodys_mi_detail,moodys_mi_detail,Moody's MI (detail),11-0000,Management Occupations,654.0994969091066,654.0994969091066,1993.8008394390486,0.055685137967323925,0.05569383945239571,0.013040746105095364,Bachelor's degree,5 years or more,Unreported,BA+,137464.99500338055,1510.0,748.7,49.13430180704425,666.8808050070775,2036.5009334163015,-12.78130809797085,-42.70009397725289,-0.019165805946139362,-0.02096738247284866
5,5. Component Systems,2030,sam_mi_moodys_mi_detail,moodys_mi_detail,Moody's MI (detail),13-0000,Business and Financial Operations Occupations,540.8601311073056,540.8601311073056,1648.6289754335478,0.04604478548608391,0.045737398879900325,0.009825219525395848,Bachelor's degree,Less than 5 years,Moderate-term on-the-job training,BA+,81901.46197157679,1110.0,742.2,46.8877435069452,547.6618901454763,1672.4337274424352,-6.801759038170644,-23.804752008887363,-0.012419631821312019,-0.014233599585013582
5,5. Component Systems,2030,sam_mi_moodys_mi_detail,moodys_mi_detail,Moody's MI (detail),15-0000,Computer and Mathematical Occupations,289.420236352409,289.420236352409,882.1995933598265,0.024639073822829927,0.024891101431238294,0.03865397805212631,Bachelor's degree,Unreported,Moderate-term on-the-job training,BA+,118582.5528246773,670.0,193.70000000000002,18.035865387181875,298.04728715400097,910.1680149346594,-8.627050801591963,-27.96842157483286,-0.02894524182377264,-0.030728855679289832
5,5. Component Systems,2030,sam_mi_moodys_mi_detail,moodys_mi_detail,Moody's MI (detail),17-0000,Architecture and Engineering Occupations,1006.8525567233739,1006.8525567233739,3069.049100744641,0.08571589459834873,0.08494088363410092,0.02425219956084152,Bachelor's degree,Unreported,Unreported,BA+,99439.04289462327,1580.0,97.30000000000001,67.1032570158977,1017.0863674130311,3105.948350964534,-10.233810689657162,-36.89925021989302,-0.010061889547971188,-0.011880187965274496
5,5. Component Systems,2030,sam_mi_moodys_mi_detail,moodys_mi_detail,Moody's MI (detail),19-0000,"Life, Physical, and Social Science Occupations",25.424024447521653,25.424024447521653,77.49653000028448,0.0021644112489534453,0.0021779713752333577,0.0019204389574759,Bachelor's degree,Unreported,Unreported,BA+,84150.0,90.0,6.3,1.8017025199031091,26.079137625975168,79.63970130678295,-0.6551131784535151,-2.1431713064984734,-0.02512020097631655,-0.02691084058995508
5,5. Component Systems,2030,sam_mi_moodys_mi_detail,moodys_mi_detail,Moody's MI (detail),27-0000,"Arts, Design, Entertainment, Sports, and Media Occupations",13.896180249238174,13.896180249238174,42.3578002686913,0.0011830168316199728,0.0012445550715619045,0.0017832647462277,Bachelor's degree,Less than 5 years,Short-term on-the-job training,BA+,91670.0,80.0,4.5,1.1038448565149477,14.902364357699925,45.5084007467326,-1.0061841084617509,-3.150600478041298,-0.06751842085661153,-0.06923118427244455
5,5. Component Systems,2030,sam_mi_moodys_mi_detail,moodys_mi_detail,Moody's MI (detail),37-0000,Building and Grounds Cleaning and Maintenance Occupations,14.444837912449755,14.444837912449755,44.03019738051468,0.0012297254406574934,0.0012445550715619045,0.0021947873799725,No formal educational credential,Unreported,Short-term on-the-job training,HS or less,35930.0,70.0,351.3,2.0531119754991094,14.902364357699925,45.5084007467326,-0.4575264452501706,-1.4782033662179188,-0.030701601052571942,-0.032481988862771684
5,5. Component Systems,2030,sam_mi_moodys_mi_detail,moodys_mi_detail,Moody's MI (detail),41-0000,Sales and Related Occupations,290.37180266350043,290.37180266350043,885.1001210605832,0.024720083060061532,0.025513378967019346,0.01231891331258986,High school diploma or equivalent,Unreported,Moderate-term on-the-job training,HS or less,84339.50960210565,540.0,147.0,25.45494587775496,305.4984693328521,932.9222153080294,-15.126666669351664,-47.822094247446216,-0.04951470526967057,-0.05126053754830617
5,5. Component Systems,2030,sam_mi_moodys_mi_detail,moodys_mi_detail,Moody's MI (detail),43-0000,Office and Administrative Support Occupations,441.1910515464913,441.1910515464913,1344.8215341596972,0.03755970565855521,0.03982576228998119,0.009878686556927287,High school diploma or equivalent,Less than 5 years,Short-term on-the-job training,HS or less,46690.979294964374,1620.0,1302.8000000000002,45.817608585869735,476.8756594464006,1456.2688238954524,-35.68460789990934,-111.44728973575525,-0.07483000483047338,-0.0765293384758721
5,5. Component Systems,2030,sam_mi_moodys_mi_detail,moodys_mi_detail,Moody's MI (detail),47-0000,Construction and Extraction Occupations,54.313106131283625,54.313106131283625,165.55511372323113,0.004623811549536644,0.004667081518357167,0.0041152263374485,High school diploma or equivalent,Unreported,Apprenticeship,HS or less,62350.0,0.0,81.0,5.1310492146419096,55.883866341375025,170.65650280024818,-1.5707602100914002,-5.101389077017046,-0.028107579395029232,-0.02989273185205356
5,5. Component Systems,2030,sam_mi_moodys_mi_detail,moodys_mi_detail,Moody's MI (detail),49-0000,"Installation, Maintenance, and Repair Occupations",195.74237518196304,195.74237518196304,596.6543527334696,0.016664041509840737,0.015245799626633506,0.01051762268693483,High school diploma or equivalent,Less than 5 years,Long-term on-the-job training,HS or less,63058.689691488835,500.0,257.9,18.510839176006556,182.5539633818262,557.4779091474808,13.188411800136834,39.176443585988864,0.07224390835356566,0.07027443230154029
5,5. Component Systems,2030,sam_mi_moodys_mi_detail,moodys_mi_detail,Moody's MI (detail),51-0000,Production Occupations,2177.8499405558723,2177.8499405558723,6638.438127794447,0.18540585183913408,0.18481642812694488,0.05165740625274237,High school diploma or equivalent,Less than 5 years,Moderate-term on-the-job training,HS or less,47443.47453207245,6550.0,546.8000000000001,223.36328038783938,2213.0011071184636,6757.997510889867,-35.15116656259124,-119.55938309542034,-0.015883935371528747,-0.01769153997212367
5,5. Component Systems,2030,sam_mi_moodys_mi_detail,moodys_mi_detail,Moody's MI (detail),53-0000,Transportation and Material Moving Occupations,168.73059936596027,168.73059936596027,514.3181002960678,0.014364460987054377,0.0140012445550715,0.012382258802011848,No formal educational credential,Unreported,Short-term on-the-job training,HS or less,39266.533705695285,410.0,1007.0,21.254562103424476,167.65159902412506,511.96950840074453,1.0790003418352114,2.3485918953232385,0.006435968091660989,0.004587366741155367
5,5. Component Systems,2030,sam_mi_moodys_us,moodys_us,Moody's US,00-0000,All Occupations,5815.379561455988,5815.379561455988,17973.42,0.5,0.49999999999999994,0.029629458908769373,High school diploma or equivalent,5 years or more,Moderate-term on-the-job training,HS or less,75487.9128865685,14730.0,5486.5,520.4775005726821,5987.0248807060025,18283.0,-171.64531925001484,-309.58000000000175,-0.028669551683869747,-0.016932669693157675
5,5. Component Systems,2030,sam_mi_moodys_us,moodys_us,Moody's US,11-0000,Management Occupations,647.6604264240648,647.6604264240648,2001.7047448893186,0.055685137967323925,0.05569383945239571,0.013040746105095364,Bachelor's degree,5 years or more,Unreported,BA+,137464.99500338052,1510.0,748.7,48.65061509873167,666.8808050070775,2036.5009334163015,-19.22037858301269,-34.79618852698286,-0.028821310253199905,-0.01708626200755579
5,5. Component Systems,2030,sam_mi_moodys_us,moodys_us,Moody's US,13-0000,Business and Financial Operations Occupations,535.5358088547953,535.5358088547953,1655.1645367025803,0.04604478548608391,0.045737398879900325,0.009825219525395848,Bachelor's degree,Less than 5 years,Moderate-term on-the-job training,BA+,81901.46197157679,1110.0,742.2,46.426172313644415,547.6618901454763,1672.4337274424352,-12.126081290680986,-17.26919073985482,-0.0221415466529174,-0.0103257847868589
5,5. Component Systems,2030,sam_mi_moodys_us,moodys_us,Moody's US,15-0000,Computer and Mathematical Occupations,286.5711326449809,286.5711326449809,885.696844457456,0.024639073822829934,0.024891101431238294,0.03865397805212631,Bachelor's degree,Unreported,Moderate-term on-the-job training,BA+,118582.5528246773,670.0,193.70000000000002,17.85831715631551,298.04728715400097,910.1680149346594,-11.476154509020091,-24.471170477203373,-0.03850447564412947,-0.02688643203855076
5,5. Component Systems,2030,sam_mi_moodys_us,moodys_us,Moody's US,17-0000,Architecture and Engineering Occupations,996.9409230783058,996.9409230783058,3081.2155485837065,0.08571589459834873,0.08494088363410092,0.02425219956084152,Bachelor's degree,Unreported,Unreported,BA+,99439.0428946233,1580.0,97.30000000000001,66.4426807522818,1017.0863674130311,3105.948350964534,-20.145444334725312,-24.732802380827252,-0.01980701440917495,-0.007963043678156022
5,5. Component Systems,2030,sam_mi_moodys_us,moodys_us,Moody's US,19-0000,"Life, Physical, and Social Science Occupations",25.173745879498586,25.173745879498586,77.80374486032967,0.0021644112489534453,0.0021779713752333577,0.0019204389574759,Bachelor's degree,Unreported,Unreported,BA+,84150.0,90.0,6.3,1.7839662434290335,26.079137625975168,79.63970130678295,-0.9053917464765817,-1.835956446453281,-0.034717089171491605,-0.023053281420292213
5,5. Component Systems,2030,sam_mi_moodys_us,moodys_us,Moody's US,27-0000,"Arts, Design, Entertainment, Sports, and Media Occupations",13.759383806922418,13.759383806922418,42.52571676355011,0.0011830168316199728,0.0012445550715619045,0.0017832647462277,Bachelor's degree,Less than 5 years,Short-term on-the-job training,BA+,91670.0,80.0,4.5,1.0929784136125487,14.902364357699925,45.5084007467326,-1.1429805507775068,-2.98268398318249,-0.07669793351864589,-0.0655413931107355
5,5. Component Systems,2030,sam_mi_moodys_us,moodys_us,Moody's US,37-0000,Building and Grounds Cleaning and Maintenance Occupations,14.302640387604091,14.302640387604091,44.204743659244414,0.0012297254406574934,0.0012445550715619045,0.0021947873799725,No formal educational credential,Unreported,Short-term on-the-job training,HS or less,35930.0,70.0,351.3,2.032900780128385,14.902364357699925,45.5084007467326,-0.5997239700958339,-1.3036570874881832,-0.040243544963787015,-0.028646515063084983
5,5. Component Systems,2030,sam_mi_moodys_us,moodys_us,Moody's US,41-0000,Sales and Related Occupations,287.51333156995247,287.51333156995247,888.6088705467424,0.024720083060061536,0.025513378967019346,0.01231891331258986,High school diploma or equivalent,Unreported,Moderate-term on-the-job training,HS or less,84339.50960210565,540.0,147.0,25.20436291373448,305.4984693328521,932.9222153080294,-17.985137762899626,-44.313344761287,-0.05887144967428344,-0.04749950642632703
5,5. Component Systems,2030,sam_mi_moodys_us,moodys_us,Moody's US,43-0000,Office and Administrative Support Occupations,436.84788924212955,436.84788924212955,1350.1527297551788,0.03755970565855521,0.03982576228998119,0.009878686556927287,High school diploma or equivalent,Less than 5 years,Short-term on-the-job training,HS or less,46690.97929496438,1620.0,1302.8000000000002,45.36657198893826,476.8756594464006,1456.2688238954524,-40.027770204271064,-106.11609414027362,-0.08393754097396969,-0.0728684789504852
5,5. Component Systems,2030,sam_mi_moodys_us,moodys_us,Moody's US,47-0000,Construction and Extraction Occupations,53.77843836239908,53.77843836239908,166.21141396134584,0.004623811549536644,0.004667081518357167,0.0041152263374485,High school diploma or equivalent,Unreported,Apprenticeship,HS or less,62350.0,0.0,81.0,5.080538263767582,55.883866341375025,170.65650280024818,-2.1054279789759462,-4.445088838902336,-0.03767505931165575,-0.026046993615621378
5,5. Component Systems,2030,sam_mi_moodys_us,moodys_us,Moody's US,49-0000,"Installation, Maintenance, and Repair Occupations",193.81545281516398,193.81545281516398,599.0196339076034,0.016664041509840737,0.015245799626633506,0.01051762268693483,High school diploma or equivalent,Less than 5 years,Long-term on-the-job training,HS or less,63058.68969148883,500.0,257.9,18.32861521962864,182.5539633818262,557.4779091474808,11.261489433337772,41.541724760122634,0.06168855074257395,0.07451725723742135
5,5. Component Systems,2030,sam_mi_moodys_us,moodys_us,Moody's US,51-0000,Production Occupations,2156.4108027192747,2156.4108027192747,6664.754491125057,0.18540585183913408,0.18481642812694488,0.05165740625274237,High school diploma or equivalent,Less than 5 years,Moderate-term on-the-job training,HS or less,47443.47453207244,6550.0,546.8000000000001,221.16445297246327,2213.0011071184636,6757.997510889867,-56.59030439918888,-93.24301976481001,-0.02557174698971335,-0.013797433280281296
5,5. Component Systems,2030,sam_mi_moodys_us,moodys_us,Moody's US,53-0000,Transportation and Material Moving Occupations,167.06958567089586,167.06958567089586,516.3569807878858,0.014364460987054378,0.0140012445550715,0.012382258802011848,No formal educational credential,Unreported,Short-term on-the-job training,HS or less,39266.53370569528,410.0,1007.0,21.045328456006356,167.65159902412506,511.96950840074453,-0.5820133532292004,4.387472387141315,-0.003471564581650359,0.008569792370734347
6,6. Engineering & Design,2030,sam_mi_bls_us,bls_us,BLS US,00-0000,All Occupations,1057.5355010306757,1057.5355010306757,123629.48300000004,0.5,0.5,0.017455226873078027,Bachelor's degree,5 years or more,Moderate-term on-the-job training,BA+,94596.1277929343,115720.0,8545.199999999999,81.91154941809533,1032.0255054257461,120207.00000000001,25.5099956049296,3422.483000000022,0.024718377085463452,0.02847157819428171
6,6. Engineering & Design,2030,sam_mi_bls_us,bls_us,BLS US,11-0000,Management Occupations,127.04631313678256,127.04631313678256,14852.144438507074,0.060067162290515556,0.05991064175467111,0.01852365491624498,Bachelor's degree,5 years or more,Moderate-term on-the-job training,BA+,145174.42257439543,14220.0,879.3,9.4729738231645,123.65862067449052,14403.357026807502,3.387692462292037,448.78741169957175,0.02739552199283816,0.031158528589153866
6,6. Engineering & Design,2030,sam_mi_bls_us,bls_us,BLS US,13-0000,Business and Financial Operations Occupations,104.67131895492702,104.67131895492702,12236.431812184022,0.04948832396307934,0.04939073923639327,0.0205980834822299,Bachelor's degree,Less than 5 years,Moderate-term on-the-job training,BA+,86917.79605913747,11950.0,787.1000000000001,8.538420799088508,101.94500524757999,11874.22518277825,2.726313707347032,362.2066294057731,0.026742984619266084,0.030503601189162097
6,6. Engineering & Design,2030,sam_mi_bls_us,bls_us,BLS US,15-0000,Computer and Mathematical Occupations,104.61660927521314,104.61660927521314,12230.036065269118,0.04946245737058171,0.0471161657189277,0.02367111250165529,Bachelor's degree,Less than 5 years,Moderate-term on-the-job training,BA+,120627.24947098244,7840.0,335.8,6.659642136902601,97.25016947959914,11327.385865150283,7.366439795613999,902.6502001188346,0.07574732090476521,0.07968742398861142
6,6. Engineering & Design,2030,sam_mi_bls_us,bls_us,BLS US,17-0000,Architecture and Engineering Occupations,423.466430546683,423.466430546683,49504.66043486824,0.2002138132166589,0.20008123476848202,0.022750642288691114,Bachelor's degree,Unreported,Internship/residency,BA+,98014.18628123999,51120.0,177.1,28.203530663575815,412.97787487630006,48102.329975629844,10.488555670382937,1402.3304592383938,0.02539737915384593,0.029153067220420686
6,6. Engineering & Design,2030,sam_mi_bls_us,bls_us,BLS US,19-0000,"Life, Physical, and Social Science Occupations",49.236273535157984,49.236273535157984,5755.887188719163,0.023278780469862353,0.023030056864337595,0.011044099262402303,Doctoral or professional degree,Unreported,Moderate-term on-the-job training,BA+,86815.08902992282,5220.0,95.29999999999998,3.949440019546316,47.53521215080336,5536.748090982858,1.7010613843546238,219.1390977363044,0.035785290680055905,0.03957902619647697
6,6. Engineering & Design,2030,sam_mi_bls_us,bls_us,BLS US,23-0000,Legal Occupations,2.225854072541419,2.225854072541419,260.20988227208284,0.0010523779439896336,0.001056051990251759,0.001717418069747543,Doctoral or professional degree,Unreported,Unreported,BA+,130979.32038601431,170.0,70.8,0.11365782167425209,2.179745177990873,253.88968318438637,0.0461088945505459,6.320199087696466,0.021153341691548387,0.02489348526661655
6,6. Engineering & Design,2030,sam_mi_bls_us,bls_us,BLS US,27-0000,"Arts, Design, Entertainment, Sports, and Media Occupations",27.629796004028787,27.629796004028787,3230.01676259988,0.0130632947910972,0.01311941510966681,0.006863181713977434,Bachelor's degree,Less than 5 years,Short-term on-the-job training,BA+,73419.37729817638,3940.0,89.5,2.2616159183707607,27.07914201888812,3154.0910641754367,0.5506539851406664,75.92569842444345,0.020334986417094632,0.024072132630163123
6,6. Engineering & Design,2030,sam_mi_bls_us,bls_us,BLS US,29-0000,Healthcare Practitioners and Technical Occupations,7.6948062027798905,7.6948062027798905,899.5489151028294,0.0036380841093658417,0.003614947197400481,0.0034891139872691734,Bachelor's degree,Unreported,Unreported,BA+,65544.23699572352,320.0,225.89999999999998,0.483859134946517,7.461435416969231,869.0839155158392,0.23337078581065906,30.46499958699019,0.03127692900482843,0.035054151898448016
6,6. Engineering & Design,2030,sam_mi_bls_us,bls_us,BLS US,33-0000,Protective Service Occupations,0.48887043589444307,0.48887043589444307,57.150610248744286,0.00023113665471182252,0.00024370430544270205,0.001053454310667,High school diploma or equivalent,Unreported,Short-term on-the-job training,HS or less,38370.0,50.0,161.0,0.06223955415072381,0.50301811799787,58.58992688870177,-0.014147682103426928,-1.4393166399574824,-0.028125591499045838,-0.024565940194662267
6,6. Engineering & Design,2030,sam_mi_bls_us,bls_us,BLS US,37-0000,Building and Grounds Cleaning and Maintenance Occupations,2.8443607541329374,2.8443607541329374,332.515408850322,0.001344806274286215,0.0013403736799350112,0.0017856205031248045,No formal educational credential,Unreported,Short-term on-the-job training,HS or less,36698.66024577567,230.0,509.5,0.39234355599963666,2.7665996489885947,322.2445978878958,0.07776110514434276,10.270810962426197,0.028107104391764972,0.0318727172767044
6,6. Engineering & Design,2030,sam_mi_bls_us,bls_us,BLS US,41-0000,Sales and Related Occupations,30.56946236252835,30.56946236252835,3573.6737194959805,0.01445316130415258,0.014744110479285026,0.004098202200130814,High school diploma or equivalent,Less than 5 years,Moderate-term on-the-job training,HS or less,75014.09253729868,3000.0,975.6999999999999,2.870678071921461,30.432596138874338,3544.69057676683,0.13686622365401035,28.983142729150586,0.004497356158161565,0.008176494422141236
6,6. Engineering & Design,2030,sam_mi_bls_us,bls_us,BLS US,43-0000,Office and Administrative Support Occupations,57.06002380283988,57.06002380283988,6670.510101871434,0.026977828993555816,0.028675873273761095,0.009543903283594836,High school diploma or equivalent,Less than 5 years,Short-term on-the-job training,HS or less,47187.18703291743,5660.0,1492.6,6.22438713054403,59.188465217755876,6894.081397237998,-2.128441414915997,-223.5712953665643,-0.03596040895950599,-0.03242945397426472
6,6. Engineering & Design,2030,sam_mi_bls_us,bls_us,BLS US,47-0000,Construction and Extraction Occupations,12.236657297490362,12.236657297490362,1430.5066958627137,0.005785459346548885,0.0059301380991063505,0.010037375981707317,High school diploma or equivalent,5 years or more,Moderate-term on-the-job training,HS or less,68913.17528369662,1180.0,345.3,1.1769563661658886,12.24010753794941,1425.688220958554,-0.0034502404590472935,4.818474904159757,-0.0002818799139100794,0.003379753604838006
6,6. Engineering & Design,2030,sam_mi_bls_us,bls_us,BLS US,49-0000,"Installation, Maintenance, and Repair Occupations",14.09351330637777,14.09351330637777,1647.579454328469,0.006663375977753092,0.006661251015434406,0.001063193168377752,High school diploma or equivalent,Less than 5 years,Long-term on-the-job training,SC or associate's,57368.736748617965,2540.0,428.0,1.2885483049650879,13.749161891942915,1601.4580016246473,0.34435141443485406,46.12145270382166,0.025045265823558736,0.028799664216627826
6,6. Engineering & Design,2030,sam_mi_bls_us,bls_us,BLS US,51-0000,Production Occupations,83.6690799585566,83.6690799585566,9781.198917937763,0.039558520672361625,0.04033306255077158,0.004034735753638177,High school diploma or equivalent,Less than 5 years,Moderate-term on-the-job training,HS or less,48875.403109009814,7120.0,563.9999999999999,8.963545470847556,83.24949852865655,9696.6329000812,0.4195814299000489,84.56601785656312,0.005040047535609101,0.008721173496818155
6,6. Engineering & Design,2030,sam_mi_bls_us,bls_us,BLS US,53-0000,Transportation and Material Moving Occupations,9.98613138474165,9.98613138474165,1167.4125918822215,0.004721416621479445,0.004752233956133091,0.0017506785470836868,No formal educational credential,Less than 5 years,Short-term on-the-job training,HS or less,42350.020082837145,1160.0,1408.3,1.249710646231677,9.808853300959292,1142.5035743297808,0.1772780837823582,24.909017552440673,0.018073273026218126,0.021802135338659996
6,6. Engineering & Design,2030,sam_mi_dtmb_mi,dtmb_mi,DTMB MI,00-0000,All Occupations,1083.9748552040082,1083.9748552040082,124033.20400000001,0.5,0.5,0.017455226873078027,Bachelor's degree,5 years or more,Moderate-term on-the-job training,BA+,94596.1277929343,115720.0,8545.199999999999,83.9594130253603,1032.0255054257461,120207.00000000001,51.9493497782621,3826.203999999998,0.05033727316344881,0.03183012636535308
6,6. Engineering & Design,2030,sam_mi_dtmb_mi,dtmb_mi,DTMB MI,11-0000,Management Occupations,130.22258709275454,130.22258709275454,14900.645188161247,0.06006716229051556,0.05991064175467111,0.01852365491624498,Bachelor's degree,5 years or more,Moderate-term on-the-job training,BA+,145174.42257439537,14220.0,879.3,9.709806827580197,123.65862067449052,14403.357026807502,6.563966418264016,497.2881613537447,0.053081349140570624,0.03452585119067679
6,6. Engineering & Design,2030,sam_mi_dtmb_mi,dtmb_mi,DTMB MI,13-0000,Business and Financial Operations Occupations,107.28819760433596,107.28819760433596,12276.390763461417,0.04948832396307934,0.04939073923639327,0.0205980834822299,Bachelor's degree,Less than 5 years,Moderate-term on-the-job training,BA+,86917.79605913744,11950.0,787.1000000000001,8.751889123667718,101.94500524757999,11874.22518277825,5.343192356755978,402.1655806831677,0.05241249773620289,0.03386878507798955
6,6. Engineering & Design,2030,sam_mi_dtmb_mi,dtmb_mi,DTMB MI,15-0000,Computer and Mathematical Occupations,107.23212013262147,107.23212013262147,12269.97413077333,0.049462457370581706,0.0471161657189277,0.02367111250165529,Bachelor's degree,Less than 5 years,Moderate-term on-the-job training,BA+,120627.24947098244,7840.0,335.8,6.826139277616658,97.25016947959914,11327.385865150283,9.981950653022338,942.588265623046,0.10264198722158857,0.08321322120075411
6,6. Engineering & Design,2030,sam_mi_dtmb_mi,dtmb_mi,DTMB MI,17-0000,Architecture and Engineering Occupations,434.05347838274037,434.05347838274037,49666.32147663951,0.2002138132166589,0.20008123476848202,0.022750642288691114,Bachelor's degree,Unreported,Internship/residency,BA+,98014.18628123999,51120.0,177.1,28.908644709795517,412.97787487630006,48102.329975629844,21.075603506440302,1563.9915010096665,0.05103325090418733,0.032513840843095
6,6. Engineering & Design,2030,sam_mi_dtmb_mi,dtmb_mi,DTMB MI,19-0000,"Life, Physical, and Social Science Occupations",50.46722537828987,50.46722537828987,5774.683453779306,0.02327878046986235,0.023030056864337595,0.011044099262402303,Doctoral or professional degree,Unreported,Moderate-term on-the-job training,BA+,86815.08902992283,5220.0,95.29999999999998,4.048179630047665,47.53521215080336,5536.748090982858,2.9320132274865074,237.9353627964474,0.06168086971369403,0.04297384654070657
6,6. Engineering & Design,2030,sam_mi_dtmb_mi,dtmb_mi,DTMB MI,23-0000,Legal Occupations,2.28150245891211,2.28150245891211,261.0596164239336,0.0010523779439896336,0.001056051990251759,0.001717418069747543,Doctoral or professional degree,Unreported,Unreported,BA+,130979.32038601433,170.0,70.8,0.11649937110581851,2.179745177990873,253.88968318438637,0.10175728092123659,7.169933239547248,0.04668310862604081,0.02824034891697475
6,6. Engineering & Design,2030,sam_mi_dtmb_mi,dtmb_mi,DTMB MI,27-0000,"Arts, Design, Entertainment, Sports, and Media Occupations",28.320566159333723,28.320566159333723,3240.564615472593,0.0130632947910972,0.01311941510966681,0.006863181713977434,Bachelor's degree,Less than 5 years,Short-term on-the-job training,BA+,73419.37729817638,3940.0,89.5,2.3181583835755446,27.07914201888812,3154.0910641754367,1.2414241404456021,86.47355129715606,0.04584429372170247,0.027416314094204045
6,6. Engineering & Design,2030,sam_mi_dtmb_mi,dtmb_mi,DTMB MI,29-0000,Healthcare Practitioners and Technical Occupations,7.887183391339683,7.887183391339683,902.4864570122636,0.0036380841093658417,0.003614947197400481,0.0034891139872691734,Bachelor's degree,Unreported,Unreported,BA+,65544.23699572352,320.0,225.89999999999998,0.49595605559493516,7.461435416969231,869.0839155158392,0.4257479743704513,33.40254149642442,0.05705979487568712,0.03843419593906367
6,6. Engineering & Design,2030,sam_mi_dtmb_mi,dtmb_mi,DTMB MI,33-0000,Protective Service Occupations,0.5010926436471733,0.5010926436471733,57.33723969149809,0.00023113665471182252,0.00024370430544270205,0.001053454310667,High school diploma or equivalent,Unreported,Short-term on-the-job training,HS or less,38370.0,50.0,161.0,0.06379559989498253,0.50301811799787,58.58992688870177,-0.0019254743506966765,-1.2526871972036773,-0.0038278429380645684,-0.021380589868004087
6,6. Engineering & Design,2030,sam_mi_dtmb_mi,dtmb_mi,DTMB MI,37-0000,Building and Grounds Cleaning and Maintenance Occupations,2.9154723728936833,2.9154723728936833,333.6012619180441,0.0013448062742862149,0.0013403736799350112,0.0017856205031248045,No formal educational credential,Unreported,Short-term on-the-job training,HS or less,36698.66024577566,230.0,509.5,0.4021525035239413,2.7665996489885947,322.2445978878958,0.14887272390508866,11.356664030148295,0.05381072174989725,0.035242372112934885
6,6. Engineering & Design,2030,sam_mi_dtmb_mi,dtmb_mi,DTMB MI,41-0000,Sales and Related Occupations,31.333726863817937,31.333726863817937,3585.343808965727,0.01445316130415258,0.014744110479285026,0.004098202200130814,High school diploma or equivalent,Less than 5 years,Moderate-term on-the-job training,HS or less,75014.09253729868,3000.0,975.6999999999999,2.9424476476824446,30.432596138874338,3544.69057676683,0.9011307249435987,40.65323219889706,0.02961070822980173,0.011468767532306736
6,6. Engineering & Design,2030,sam_mi_dtmb_mi,dtmb_mi,DTMB MI,43-0000,Office and Administrative Support Occupations,58.486576554016324,58.486576554016324,6692.293134069646,0.026977828993555816,0.028675873273761095,0.009543903283594836,High school diploma or equivalent,Less than 5 years,Short-term on-the-job training,HS or less,47187.18703291744,5660.0,1492.6,6.380002498251306,59.188465217755876,6894.081397237998,-0.7018886637395525,-201.7882631683524,-0.011858537996504659,-0.029269782519422468
6,6. Engineering & Design,2030,sam_mi_dtmb_mi,dtmb_mi,DTMB MI,47-0000,Construction and Extraction Occupations,12.542584914928007,12.542584914928007,1435.1781187284093,0.005785459346548885,0.0059301380991063505,0.010037375981707317,High school diploma or equivalent,5 years or more,Moderate-term on-the-job training,HS or less,68913.17528369662,1180.0,345.3,1.2063813511250607,12.24010753794941,1425.688220958554,0.30247737697859733,9.48989776985536,0.024711986887434773,0.006656362611647922
6,6. Engineering & Design,2030,sam_mi_dtmb_mi,dtmb_mi,DTMB MI,49-0000,"Installation, Maintenance, and Repair Occupations",14.445864021309548,14.445864021309548,1652.9597439546974,0.006663375977753091,0.006661251015434406,0.001063193168377752,High school diploma or equivalent,Less than 5 years,Long-term on-the-job training,SC or associate's,57368.73674861798,2540.0,428.0,1.3207631903956156,13.749161891942915,1601.4580016246473,0.6967021293666331,51.50174233005009,0.050672334418791334,0.032159283776285484
6,6. Engineering & Design,2030,sam_mi_dtmb_mi,dtmb_mi,DTMB MI,51-0000,Production Occupations,85.7608834358159,85.7608834358159,9813.140128986495,0.03955852067236162,0.04033306255077158,0.004034735753638177,High school diploma or equivalent,Less than 5 years,Moderate-term on-the-job training,HS or less,48875.40310900983,7120.0,563.9999999999999,9.187642300808857,83.24949852865655,9696.6329000812,2.5113849071593535,116.50722890529505,0.030166967387735943,0.012015225295815769
6,6. Engineering & Design,2030,sam_mi_dtmb_mi,dtmb_mi,DTMB MI,53-0000,Transportation and Material Moving Occupations,10.23579379725196,10.23579379725196,1171.2248619619018,0.004721416621479446,0.004752233956133091,0.0017506785470836868,No formal educational credential,Less than 5 years,Short-term on-the-job training,HS or less,42350.020082837145,1160.0,1408.3,1.2809545546940417,9.808853300959292,1142.5035743297808,0.4269404962926675,28.721287632120948,0.04352603542871961,0.02513890396270272
6,6. Engineering & Design,2030,sam_mi_moodys_mi,moodys_mi,Moody's MI,00-0000,All Occupations,1047.841623193173,1047.841623193173,124630.66500000004,0.5,0.5,0.017455226873078027,Bachelor's degree,5 years or more,Moderate-term on-the-job training,BA+,94596.12779293429,115720.0,8545.199999999999,81.16070885268101,1032.0255054257461,120207.00000000001,15.816117767426931,4423.665000000023,0.015325316752614788,0.036800394319798535
6,6. Engineering & Design,2030,sam_mi_moodys_mi,moodys_mi,Moody's MI,11-0000,Management Occupations,125.88174567020316,125.88174567020316,14972.420761859757,0.06006716229051556,0.05991064175467111,0.01852365491624498,Bachelor's degree,5 years or more,Moderate-term on-the-job training,BA+,145174.4225743954,14220.0,879.3,9.386139999704085,123.65862067449052,14403.357026807502,2.223124995712638,569.0637350522557,0.017977921665199726,0.039509104300692904
6,6. Engineering & Design,2030,sam_mi_moodys_mi,moodys_mi,Moody's MI,13-0000,Business and Financial Operations Occupations,103.71185142116532,103.71185142116532,12335.525450508028,0.04948832396307934,0.04939073923639327,0.0205980834822299,Bachelor's degree,Less than 5 years,Moderate-term on-the-job training,BA+,86917.79605913746,11950.0,787.1000000000001,8.460153537071406,101.94500524757999,11874.22518277825,1.7668461735853356,461.3002677297791,0.017331365762299353,0.038848873137324755
6,6. Engineering & Design,2030,sam_mi_moodys_mi,moodys_mi,Moody's MI,15-0000,Computer and Mathematical Occupations,103.65764323662692,103.65764323662692,12329.077909259504,0.049462457370581706,0.0471161657189277,0.02367111250165529,Bachelor's degree,Less than 5 years,Moderate-term on-the-job training,BA+,120627.24947098242,7840.0,335.8,6.598596661593544,97.25016947959914,11327.385865150283,6.4074737570277875,1001.6920441092207,0.065886504787757,0.08843099864647641
6,6. Engineering & Design,2030,sam_mi_moodys_mi,moodys_mi,Moody's MI,17-0000,Architecture and Engineering Occupations,419.58473405327726,419.58473405327726,49905.56136675599,0.2002138132166589,0.20008123476848202,0.022750642288691114,Bachelor's degree,Unreported,Internship/residency,BA+,98014.18628124,51120.0,177.1,27.94500356867214,412.97787487630006,48102.329975629844,6.606859176977196,1803.2313911261444,0.015998094762234318,0.03748740221190363
6,6. Engineering & Design,2030,sam_mi_moodys_mi,moodys_mi,Moody's MI,19-0000,"Life, Physical, and Social Science Occupations",48.7849502269962,48.7849502269962,5802.499780695916,0.02327878046986235,0.023030056864337595,0.011044099262402303,Doctoral or professional degree,Unreported,Moderate-term on-the-job training,BA+,86815.08902992283,5220.0,95.29999999999998,3.913237557275581,47.53521215080336,5536.748090982858,1.2497380761928412,265.7516897130581,0.02629078570698501,0.04799779317138539
6,6. Engineering & Design,2030,sam_mi_moodys_mi,moodys_mi,Moody's MI,23-0000,Legal Occupations,2.2054508260855834,2.2054508260855834,262.31712598152166,0.0010523779439896334,0.001056051990251759,0.001717418069747543,Doctoral or professional degree,Unreported,Unreported,BA+,130979.32038601433,170.0,70.8,0.11261597954459018,2.179745177990873,253.88968318438637,0.02570564809471021,8.427442797135285,0.011792960183723751,0.033193325114415494
6,6. Engineering & Design,2030,sam_mi_moodys_mi,moodys_mi,Moody's MI,27-0000,"Arts, Design, Entertainment, Sports, and Media Occupations",27.37652803630842,27.37652803630842,3256.1742338109607,0.013063294791097198,0.01311941510966681,0.006863181713977434,Bachelor's degree,Less than 5 years,Short-term on-the-job training,BA+,73419.37729817639,3940.0,89.5,2.240884861676521,27.07914201888812,3154.0910641754367,0.29738601742030113,102.08316963552397,0.010982106346385339,0.03236532096203482
6,6. Engineering & Design,2030,sam_mi_moodys_mi,moodys_mi,Moody's MI,29-0000,Healthcare Practitioners and Technical Occupations,7.624271916942386,7.624271916942386,906.8336837523955,0.003638084109365842,0.003614947197400481,0.0034891139872691734,Bachelor's degree,Unreported,Unreported,BA+,65544.23699572352,320.0,225.89999999999998,0.4794238499464769,7.461435416969231,869.0839155158392,0.16283649997315486,37.74976823655629,0.021823749838110588,0.043436275326934524
6,6. Engineering & Design,2030,sam_mi_moodys_mi,moodys_mi,Moody's MI,33-0000,Protective Service Occupations,0.4843892149053522,0.4843892149053522,57.613429965219666,0.00023113665471182252,0.00024370430544270205,0.001053454310667,High school diploma or equivalent,Unreported,Short-term on-the-job training,HS or less,38370.0,50.0,161.0,0.061669036533102725,0.50301811799787,58.58992688870177,-0.0186289030925178,-0.9764969234821024,-0.037034258659837546,-0.016666634954794694
6,6. Engineering & Design,2030,sam_mi_moodys_mi,moodys_mi,Moody's MI,37-0000,Building and Grounds Cleaning and Maintenance Occupations,2.818287978656862,2.818287978656862,335.2082005209268,0.0013448062742862149,0.0013403736799350112,0.0017856205031248045,No formal educational credential,Unreported,Short-term on-the-job training,HS or less,36698.66024577567,230.0,509.5,0.3887471467079532,2.7665996489885947,322.2445978878958,0.05168832966826731,12.96360263303103,0.018682981358420753,0.04022907666412108
6,6. Engineering & Design,2030,sam_mi_moodys_mi,moodys_mi,Moody's MI,41-0000,Sales and Related Occupations,30.289248002431993,30.289248002431993,3602.6142093776075,0.014453161304152579,0.014744110479285026,0.004098202200130814,High school diploma or equivalent,Less than 5 years,Moderate-term on-the-job training,HS or less,75014.0925372987,3000.0,975.6999999999999,2.8443640592827526,30.432596138874338,3544.69057676683,-0.143348136442345,57.92363261077753,-0.0047103485942572385,0.01634095596112951
6,6. Engineering & Design,2030,sam_mi_moodys_mi,moodys_mi,Moody's MI,43-0000,Office and Administrative Support Occupations,56.53698424567074,56.53698424567074,6724.529535446287,0.026977828993555813,0.028675873273761095,0.009543903283594836,High school diploma or equivalent,Less than 5 years,Short-term on-the-job training,HS or less,47187.18703291745,5660.0,1492.6,6.16733141147076,59.188465217755876,6894.081397237998,-2.651480972085139,-169.55186179171142,-0.04479725842409112,-0.024593829405559327
6,6. Engineering & Design,2030,sam_mi_moodys_mi,moodys_mi,Moody's MI,47-0000,Construction and Extraction Occupations,12.124490225211796,12.124490225211796,1442.0912913817067,0.005785459346548885,0.0059301380991063505,0.010037375981707317,High school diploma or equivalent,5 years or more,Moderate-term on-the-job training,HS or less,68913.17528369663,1180.0,345.3,1.1661678193770917,12.24010753794941,1425.688220958554,-0.11561731273761389,16.403070423152712,-0.009445775895281333,0.011505369955377898
6,6. Engineering & Design,2030,sam_mi_moodys_mi,moodys_mi,Moody's MI,49-0000,"Installation, Maintenance, and Repair Occupations",13.964325400950392,13.964325400950392,1660.9219585047865,0.006663375977753091,0.006661251015434406,0.001063193168377752,High school diploma or equivalent,Less than 5 years,Long-term on-the-job training,SC or associate's,57368.736748617965,2540.0,428.0,1.27673685292033,13.749161891942915,1601.4580016246473,0.2151635090074766,59.46395688013922,0.015649209071686297,0.03713113726355247
6,6. Engineering & Design,2030,sam_mi_moodys_mi,moodys_mi,Moody's MI,51-0000,Production Occupations,82.90212902489618,82.90212902489618,9860.409475625354,0.03955852067236162,0.04033306255077158,0.004034735753638177,High school diploma or equivalent,Less than 5 years,Moderate-term on-the-job training,HS or less,48875.403109009814,7120.0,563.9999999999999,8.881381312102425,83.24949852865655,9696.6329000812,-0.3473695037603619,163.77657554415418,-0.004172631786373929,0.016890045981093366
6,6. Engineering & Design,2030,sam_mi_moodys_mi,moodys_mi,Moody's MI,53-0000,Transportation and Material Moving Occupations,9.894593712844499,9.894593712844499,1176.8665865540736,0.004721416621479445,0.004752233956133091,0.0017506785470836868,No formal educational credential,Less than 5 years,Short-term on-the-job training,HS or less,42350.02008283714,1160.0,1408.3,1.2382551988022625,9.808853300959292,1142.5035743297808,0.08574041188520631,34.36301222429279,0.008741124905683014,0.030076940673424965
6,6. Engineering & Design,2030,sam_mi_moodys_mi_detail,moodys_mi_detail,Moody's MI (detail),00-0000,All Occupations,1035.3588055080313,1035.3588055080313,123162.8839330377,0.5,0.5,0.017455226873078027,Bachelor's degree,5 years or more,Moderate-term on-the-job training,BA+,94596.12779293429,115720.0,8545.199999999999,80.19385058958056,1032.0255054257461,120207.00000000001,3.3333000822851773,2955.8839330376795,0.003229862115578312,0.02458994844757526
6,6. Engineering & Design,2030,sam_mi_moodys_mi_detail,moodys_mi_detail,Moody's MI (detail),11-0000,Management Occupations,124.38213079873046,124.38213079873046,14796.08987474741,0.060067162290515536,0.05991064175467111,0.01852365491624498,Bachelor's degree,5 years or more,Moderate-term on-the-job training,BA+,145174.42257439543,14220.0,879.3,9.274323984964688,123.65862067449052,14403.357026807502,0.7235101242399367,392.7328479399075,0.005850866848534962,0.02726675782659236
6,6. Engineering & Design,2030,sam_mi_moodys_mi_detail,moodys_mi_detail,Moody's MI (detail),13-0000,Business and Financial Operations Occupations,102.47634397001659,102.47634397001659,12190.249400610619,0.049488323963079325,0.04939073923639327,0.0205980834822299,Bachelor's degree,Less than 5 years,Moderate-term on-the-job training,BA+,86917.79605913746,11950.0,787.1000000000001,8.359368693394604,101.94500524757999,11874.22518277825,0.5313387224366011,316.0242178323697,0.005212013292325709,0.02661430223596522
6,6. Engineering & Design,2030,sam_mi_moodys_mi_detail,moodys_mi_detail,Moody's MI (detail),15-0000,Computer and Mathematical Occupations,102.42278156139476,102.42278156139476,12183.87779235156,0.04946245737058169,0.0471161657189277,0.02367111250165529,Bachelor's degree,Less than 5 years,Moderate-term on-the-job training,BA+,120627.24947098247,7840.0,335.8,6.519988332547168,97.25016947959914,11327.385865150283,5.17261208179562,856.4919272012776,0.05318872048732744,0.07561249677530203
6,6. Engineering & Design,2030,sam_mi_moodys_mi_detail,moodys_mi_detail,Moody's MI (detail),17-0000,Architecture and Engineering Occupations,414.58626899641604,414.58626899641604,49317.8212779885,0.20021381321665888,0.20008123476848202,0.022750642288691114,Bachelor's degree,Unreported,Internship/residency,BA+,98014.18628124002,51120.0,177.1,27.612097930036263,412.97787487630006,48102.329975629844,1.6083941201159746,1215.491302358656,0.00389462539754155,0.02526886541617552
6,6. Engineering & Design,2030,sam_mi_moodys_mi_detail,moodys_mi_detail,Moody's MI (detail),19-0000,"Life, Physical, and Social Science Occupations",48.20378068192074,48.20378068192074,5734.163474224642,0.02327878046986235,0.023030056864337595,0.011044099262402303,Doctoral or professional degree,Unreported,Moderate-term on-the-job training,BA+,86815.08902992282,5220.0,95.29999999999998,3.866619604805567,47.53521215080336,5536.748090982858,0.6685685311173799,197.41538324178418,0.014064700689593554,0.03565547501850313
6,6. Engineering & Design,2030,sam_mi_moodys_mi_detail,moodys_mi_detail,Moody's MI (detail),23-0000,Legal Occupations,2.179177542064209,2.179177542064209,259.22780513856816,0.0010523779439896334,0.001056051990251759,0.001717418069747543,Doctoral or professional degree,Unreported,Unreported,BA+,130979.32038601433,170.0,70.8,0.11127439823118054,2.179745177990873,253.88968318438637,-0.0005676359266639786,5.338121954181787,-0.0002604138925941715,0.021025359861924744
6,6. Engineering & Design,2030,sam_mi_moodys_mi_detail,moodys_mi_detail,Moody's MI (detail),27-0000,"Arts, Design, Entertainment, Sports, and Media Occupations",27.05039458181936,27.05039458181936,3217.8261202779204,0.013063294791097196,0.01311941510966681,0.006863181713977434,Bachelor's degree,Less than 5 years,Short-term on-the-job training,BA+,73419.37729817639,3940.0,89.5,2.2141894560326225,27.07914201888812,3154.0910641754367,-0.02874743706875904,63.73505610248367,-0.001061608120697002,0.02020710715248347
6,6. Engineering & Design,2030,sam_mi_moodys_mi_detail,moodys_mi_detail,Moody's MI (detail),29-0000,Healthcare Practitioners and Technical Occupations,7.533444835621533,7.533444835621533,896.153861800908,0.0036380841093658404,0.003614947197400481,0.0034891139872691734,Bachelor's degree,Unreported,Unreported,BA+,65544.23699572352,320.0,225.89999999999998,0.4737125283303786,7.461435416969231,869.0839155158392,0.0720094186523017,27.069946285068795,0.009650880109279468,0.03114767837925248
6,6. Engineering & Design,2030,sam_mi_moodys_mi_detail,moodys_mi_detail,Moody's MI (detail),33-0000,Protective Service Occupations,0.47861874146310956,0.47861874146310956,56.93491395388561,0.00023113665471182247,0.00024370430544270205,0.001053454310667,High school diploma or equivalent,Unreported,Short-term on-the-job training,HS or less,38370.0,50.0,161.0,0.06093438033809951,0.50301811799787,58.58992688870177,-0.02439937653476043,-1.6550129348161562,-0.04850595964987438,-0.028247397167093954
6,6. Engineering & Design,2030,sam_mi_moodys_mi_detail,moodys_mi_detail,Moody's MI (detail),37-0000,Building and Grounds Cleaning and Maintenance Occupations,2.784714035569362,2.784714035569362,331.2604381446679,0.0013448062742862144,0.0013403736799350112,0.0017856205031248045,No formal educational credential,Unreported,Short-term on-the-job training,HS or less,36698.66024577567,230.0,509.5,0.3841160463101787,2.7665996489885947,322.2445978878958,0.01811438658076714,9.015840256772094,0.00654752724608685,0.02797825104242267
6,6. Engineering & Design,2030,sam_mi_moodys_mi_detail,moodys_mi_detail,Moody's MI (detail),41-0000,Sales and Related Occupations,29.928415647364623,29.928415647364623,3560.1860563376317,0.014453161304152577,0.014744110479285026,0.004098202200130814,High school diploma or equivalent,Less than 5 years,Moderate-term on-the-job training,HS or less,75014.0925372987,3000.0,975.6999999999999,2.8104794748223663,30.432596138874338,3544.69057676683,-0.5041804915097146,15.495479570801763,-0.016567120636338965,0.004371461834317691
6,6. Engineering & Design,2030,sam_mi_moodys_mi_detail,moodys_mi_detail,Moody's MI (detail),43-0000,Office and Administrative Support Occupations,55.86346560393575,55.86346560393575,6645.334442197307,0.026977828993555806,0.028675873273761095,0.009543903283594836,High school diploma or equivalent,Less than 5 years,Short-term on-the-job training,HS or less,47187.18703291744,5660.0,1492.6,6.093860696136286,59.188465217755876,6894.081397237998,-3.3249996138201254,-248.74695504069132,-0.05617647968379256,-0.036081232684654366
6,6. Engineering & Design,2030,sam_mi_moodys_mi_detail,moodys_mi_detail,Moody's MI (detail),47-0000,Construction and Extraction Occupations,11.980052556716256,11.980052556716256,1425.107715996617,0.005785459346548884,0.0059301380991063505,0.010037375981707317,High school diploma or equivalent,5 years or more,Moderate-term on-the-job training,HS or less,68913.1752836966,1180.0,345.3,1.1522753952193234,12.24010753794941,1425.688220958554,-0.2600549812331536,-0.5805049619370948,-0.021246135332297966,-0.00040717525290823777
6,6. Engineering & Design,2030,sam_mi_moodys_mi_detail,moodys_mi_detail,Moody's MI (detail),49-0000,"Installation, Maintenance, and Repair Occupations",13.7979699859547,13.7979699859547,1641.3612043003911,0.00666337597775309,0.006661251015434406,0.001063193168377752,High school diploma or equivalent,Less than 5 years,Long-term on-the-job training,SC or associate's,57368.73674861797,2540.0,428.0,1.261527232483284,13.749161891942915,1601.4580016246473,0.04880809401178432,39.90320267574384,0.0035498959424127615,0.024916796216487
6,6. Engineering & Design,2030,sam_mi_moodys_mi_detail,moodys_mi_detail,Moody's MI (detail),51-0000,Production Occupations,81.91452542200217,81.91452542200217,9744.282980265492,0.03955852067236162,0.04033306255077158,0.004034735753638177,High school diploma or equivalent,Less than 5 years,Moderate-term on-the-job training,HS or less,48875.40310900981,7120.0,563.9999999999999,8.775578430009086,83.24949852865655,9696.6329000812,-1.334973106654374,47.650080184292165,-0.016035809587427643,0.004914085195892395
6,6. Engineering & Design,2030,sam_mi_moodys_mi_detail,moodys_mi_detail,Moody's MI (detail),53-0000,Transportation and Material Moving Occupations,9.776720547041444,9.776720547041444,1163.0065747015758,0.004721416621479444,0.004752233956133091,0.0017506785470836868,No formal educational credential,Less than 5 years,Short-term on-the-job training,HS or less,42350.02008283715,1160.0,1408.3,1.2235040059194824,9.808853300959292,1142.5035743297808,-0.03213275391784798,20.503000371794997,-0.003275893005220645,0.017945677223655546
6,6. Engineering & Design,2030,sam_mi_moodys_us,moodys_us,Moody's US,00-0000,All Occupations,1087.012882587911,1087.012882587911,129733.089,0.5,0.5,0.017455226873078027,Bachelor's degree,5 years or more,Moderate-term on-the-job training,BA+,94596.12779293432,115720.0,8545.199999999999,84.19472383047989,1032.0255054257461,120207.00000000001,54.987377162164876,9526.088999999993,0.05328102539431008,0.07924737328109005
6,6. Engineering & Design,2030,sam_mi_moodys_us,moodys_us,Moody's US,11-0000,Management Occupations,130.58755846057835,130.58755846057835,15585.397022825799,0.06006716229051555,0.05991064175467111,0.01852365491624498,Bachelor's degree,5 years or more,Moderate-term on-the-job training,BA+,145174.42257439543,14220.0,879.3,9.737020243918199,123.65862067449052,14403.357026807502,6.928937786087829,1182.0399960182967,0.056032792119904314,0.08206697881738861
6,6. Engineering & Design,2030,sam_mi_moodys_us,moodys_us,Moody's US,13-0000,Business and Financial Operations Occupations,107.58889137110252,107.58889137110252,12840.546274326007,0.04948832396307933,0.04939073923639327,0.0205980834822299,Bachelor's degree,Less than 5 years,Moderate-term on-the-job training,BA+,86917.79605913749,11950.0,787.1000000000001,8.776417809633939,101.94500524757999,11874.22518277825,5.643886123522535,966.3210915477575,0.055362066143564315,0.08137971755405639
6,6. Engineering & Design,2030,sam_mi_moodys_us,moodys_us,Moody's US,15-0000,Computer and Mathematical Occupations,107.53265673255535,107.53265673255535,12833.834768432765,0.0494624573705817,0.0471161657189277,0.02367111250165529,Bachelor's degree,Less than 5 years,Moderate-term on-the-job training,BA+,120627.24947098248,7840.0,335.8,6.84527071590803,97.25016947959914,11327.385865150283,10.282487252956216,1506.4489032824822,0.10573233247797317,0.13299175301489527
6,6. Engineering & Design,2030,sam_mi_moodys_us,moodys_us,Moody's US,17-0000,Architecture and Engineering Occupations,435.269988477116,435.269988477116,51948.712898132384,0.2002138132166589,0.20008123476848202,0.022750642288691114,Bachelor's degree,Unreported,Internship/residency,BA+,98014.18628124,51120.0,177.1,28.989666196445548,412.97787487630006,48102.329975629844,22.292113600815924,3846.38292250254,0.05397895373327958,0.07996250752201066
6,6. Engineering & Design,2030,sam_mi_moodys_us,moodys_us,Moody's US,19-0000,"Life, Physical, and Social Science Occupations",50.60866852335247,50.60866852335247,6040.056197016228,0.023278780469862346,0.023030056864337595,0.011044099262402303,Doctoral or professional degree,Unreported,Moderate-term on-the-job training,BA+,86815.08902992282,5220.0,95.29999999999998,4.059525355007981,47.53521215080336,5536.748090982858,3.07345637254911,503.30810603336977,0.06465641433972578,0.09090319764647714
6,6. Engineering & Design,2030,sam_mi_moodys_us,moodys_us,Moody's US,23-0000,Legal Occupations,2.2878967649362214,2.2878967649362214,273.05648293848833,0.0010523779439896336,0.001056051990251759,0.001717418069747543,Doctoral or professional degree,Unreported,Unreported,BA+,130979.32038601431,170.0,70.8,0.11682588078261384,2.179745177990873,253.88968318438637,0.10815158694534821,19.16679975410196,0.04961661942752147,0.07549262937234888
6,6. Engineering & Design,2030,sam_mi_moodys_us,moodys_us,Moody's US,27-0000,"Arts, Design, Entertainment, Sports, and Media Occupations",28.39993945393242,28.39993945393242,3389.4831715332984,0.0130632947910972,0.01311941510966681,0.006863181713977434,Bachelor's degree,Less than 5 years,Short-term on-the-job training,BA+,73419.37729817638,3940.0,89.5,2.3246554241809756,27.07914201888812,3154.0910641754367,1.3207974350442981,235.39210735786173,0.04877545359904762,0.07463072643382904
6,6. Engineering & Design,2030,sam_mi_moodys_us,moodys_us,Moody's US,29-0000,Healthcare Practitioners and Technical Occupations,7.909288589638074,7.909288589638074,943.9597790996891,0.003638084109365842,0.003614947197400481,0.0034891139872691734,Bachelor's degree,Unreported,Unreported,BA+,65544.23699572352,320.0,225.89999999999998,0.4973460583896276,7.461435416969231,869.0839155158392,0.44785317266884217,74.87586358384988,0.060022388138656055,0.08615492963002058
6,6. Engineering & Design,2030,sam_mi_moodys_us,moodys_us,Moody's US,33-0000,Protective Service Occupations,0.5024970426200497,0.5024970426200497,59.97214439378229,0.0002311366547118225,0.00024370430544270205,0.001053454310667,High school diploma or equivalent,Unreported,Short-term on-the-job training,HS or less,38370.0,50.0,161.0,0.06397439811942748,0.50301811799787,58.58992688870177,-0.0005210753778203125,1.3822175050805185,-0.0010358978318600425,0.023591384705193404
6,6. Engineering & Design,2030,sam_mi_moodys_us,moodys_us,Moody's US,37-0000,Building and Grounds Cleaning and Maintenance Occupations,2.9236434894683345,2.9236434894683345,348.9317441394639,0.0013448062742862149,0.0013403736799350112,0.0017856205031248045,No formal educational credential,Unreported,Short-term on-the-job training,HS or less,36698.66024577567,230.0,509.5,0.40327960560785525,2.7665996489885947,322.2445978878958,0.15704384047973985,26.687146251568095,0.05676420892236846,0.08281642710687788
6,6. Engineering & Design,2030,sam_mi_moodys_us,moodys_us,Moody's US,41-0000,Sales and Related Occupations,31.421545063469893,31.421545063469893,3750.106523605966,0.014453161304152579,0.014744110479285026,0.004098202200130814,High school diploma or equivalent,Less than 5 years,Moderate-term on-the-job training,HS or less,75014.09253729871,3000.0,975.6999999999999,2.9506943671394903,30.432596138874338,3544.69057676683,0.9889489245955545,205.4159468391358,0.03249637067053506,0.05795031819857716
6,6. Engineering & Design,2030,sam_mi_moodys_us,moodys_us,Moody's US,43-0000,Office and Administrative Support Occupations,58.650495320497654,58.650495320497654,6999.834179695514,0.026977828993555813,0.028675873273761095,0.009543903283594836,High school diploma or equivalent,Less than 5 years,Short-term on-the-job training,HS or less,47187.18703291744,5660.0,1492.6,6.397883560903269,59.188465217755876,6894.081397237998,-0.5379698972582219,105.75278245751542,-0.009089100304916116,0.015339648078405856
6,6. Engineering & Design,2030,sam_mi_moodys_us,moodys_us,Moody's US,47-0000,Construction and Extraction Occupations,12.57773768277455,12.57773768277455,1501.1310246234168,0.005785459346548885,0.0059301380991063505,0.010037375981707317,High school diploma or equivalent,5 years or more,Moderate-term on-the-job training,HS or less,68913.17528369662,1180.0,345.3,1.209762443926755,12.24010753794941,1425.688220958554,0.3376301448251411,75.44280366486282,0.027583919812660763,0.05291676157227367
6,6. Engineering & Design,2030,sam_mi_moodys_us,moodys_us,Moody's US,49-0000,"Installation, Maintenance, and Repair Occupations",14.486351058688856,14.486351058688856,1728.9206975246077,0.006663375977753091,0.006661251015434406,0.001063193168377752,High school diploma or equivalent,Less than 5 years,Long-term on-the-job training,SC or associate's,57368.73674861798,2540.0,428.0,1.3244648581241696,13.749161891942915,1601.4580016246473,0.7371891667459405,127.46269589996041,0.0536170257168866,0.07959165695925341
6,6. Engineering & Design,2030,sam_mi_moodys_us,moodys_us,Moody's US,51-0000,Production Occupations,86.00124317395455,86.00124317395455,10264.098166191661,0.039558520672361625,0.04033306255077158,0.004034735753638177,High school diploma or equivalent,Less than 5 years,Moderate-term on-the-job training,HS or less,48875.40310900982,7120.0,563.9999999999999,9.213392260569785,83.24949852865655,9696.6329000812,2.751744645298004,567.465266110461,0.03305418884115902,0.058521888160343684
6,6. Engineering & Design,2030,sam_mi_moodys_us,moodys_us,Moody's US,53-0000,Transportation and Material Moving Occupations,10.264481383225696,10.264481383225696,1225.0479255209445,0.004721416621479446,0.004752233956133091,0.0017506785470836868,No formal educational credential,Less than 5 years,Short-term on-the-job training,HS or less,42350.020082837145,1160.0,1408.3,1.2845446518222294,9.808853300959292,1142.5035743297808,0.4556280822664043,82.54435119116374,0.04645069798544591,0.07224865903775066
7,7. Core Automotive,2030,sam_mi_bls_us,bls_us,BLS US,00-0000,All Occupations,158280.593,158280.593,158280.593,0.5,0.5000000000000001,0.14652642873524738,High school diploma or equivalent,Less than 5 years,Moderate-term on-the-job training,HS or less,58266.25532512931,168160.0,6966.0,15315.542953649066,173082.00000000003,173082.00000000003,-14801.407000000036,-14801.407000000036,-0.08551673195364067,-0.08551673195364067
7,7. Core Automotive,2030,sam_mi_bls_us,bls_us,BLS US,11-0000,Management Occupations,8194.523040539409,8194.523040539409,8194.523040539409,0.025886063746739338,0.025801832760595434,0.007477900835163462,Bachelor's degree,5 years or more,Unreported,BA+,133494.38562820357,7780.0,761.9,606.221047628683,8931.665635738758,8931.665635738758,-737.1425951993497,-737.1425951993497,-0.0825313693170265,-0.0825313693170265
7,7. Core Automotive,2030,sam_mi_bls_us,bls_us,BLS US,13-0000,Business and Financial Operations Occupations,5608.143406643497,5608.143406643497,5608.143406643497,0.017715827633535266,0.01723940435280622,0.004434028778412723,Bachelor's degree,Less than 5 years,Moderate-term on-the-job training,BA+,82697.59450439614,5340.0,784.0000000000001,482.52641207274525,5967.661168384812,5967.661168384812,-359.51776174131555,-359.51776174131555,-0.06024433217588683,-0.06024433217588683
7,7. Core Automotive,2030,sam_mi_bls_us,bls_us,BLS US,15-0000,Computer and Mathematical Occupations,2316.3617946290797,2316.3617946290797,2316.3617946290797,0.0073172640774383495,0.007044673539518701,0.005265258871901423,Bachelor's degree,5 years or more,Moderate-term on-the-job training,BA+,118067.84309307828,1450.0,305.8,143.89735889148582,2438.6123711339515,2438.6123711339515,-122.25057650487179,-122.25057650487179,-0.05013120492291501,-0.05013120492291501
7,7. Core Automotive,2030,sam_mi_bls_us,bls_us,BLS US,17-0000,Architecture and Engineering Occupations,12531.377274226092,12531.377274226092,12531.377274226092,0.03958595629669549,0.038573883161511884,0.01701325732032277,Bachelor's degree,Unreported,Unreported,BA+,96289.15374747862,12260.0,98.5,849.8562529994608,13352.889690721599,13352.889690721599,-821.5124164955068,-821.5124164955068,-0.06152319352015195,-0.06152319352015195
7,7. Core Automotive,2030,sam_mi_bls_us,bls_us,BLS US,19-0000,"Life, Physical, and Social Science Occupations",287.25643762638106,287.25643762638106,287.25643762638106,0.0009074278538569193,0.0009163802978235566,0.0011320240043643836,Bachelor's degree,Unreported,Unreported,BA+,80202.06517098683,230.0,25.5,31.3831150494295,317.21786941579364,317.21786941579364,-29.961431789412586,-29.961431789412586,-0.09445064316392784,-0.09445064316392784
7,7. Core Automotive,2030,sam_mi_bls_us,bls_us,BLS US,23-0000,Legal Occupations,38.79448233351958,38.79448233351958,38.79448233351958,0.00012254971250177078,0.00011454753722790081,0.0003273322422258,Doctoral or professional degree,Unreported,Unreported,BA+,151160.0,70.0,31.5,1.3843400662768244,39.65223367695906,39.65223367695906,-0.8577513434394746,-0.8577513434394746,-0.02163185434715858,-0.02163185434715858
7,7. Core Automotive,2030,sam_mi_bls_us,bls_us,BLS US,27-0000,"Arts, Design, Entertainment, Sports, and Media Occupations",174.57517050090144,174.57517050090144,174.57517050090144,0.0005514737062581685,0.0005154639175257036,0.0005819239861792991,Bachelor's degree,Unreported,Unreported,BA+,77301.11111111188,50.0,30.1,14.225180872531226,178.43505154636767,178.43505154636767,-3.8598810454662384,-3.8598810454662384,-0.021631854347088413,-0.021631854347088413
7,7. Core Automotive,2030,sam_mi_bls_us,bls_us,BLS US,29-0000,Healthcare Practitioners and Technical Occupations,87.28758525044448,87.28758525044448,87.28758525044448,0.0002757368531290645,0.00025773195876285186,0.0003273322422258,Bachelor's degree,Unreported,Unreported,BA+,93600.0,110.0,189.1,4.751250664457636,89.21752577318385,89.21752577318385,-1.929940522739372,-1.929940522739372,-0.021631854347158492,-0.021631854347158492
7,7. Core Automotive,2030,sam_mi_bls_us,bls_us,BLS US,33-0000,Protective Service Occupations,106.09381835576966,106.09381835576966,106.09381835576966,0.00033514474625379265,0.0003722794959908027,0.0006546644844517,High school diploma or equivalent,Unreported,Short-term on-the-job training,HS or less,38370.0,60.0,161.0,13.50712063520395,128.86975945016022,128.86975945016022,-22.77594109439056,-22.77594109439056,-0.17673611863300676,-0.17673611863300676
7,7. Core Automotive,2030,sam_mi_bls_us,bls_us,BLS US,37-0000,Building and Grounds Cleaning and Maintenance Occupations,408.5698861002492,408.5698861002492,408.5698861002492,0.0012906506045888052,0.0013172966781214094,0.0020731042007637,No formal educational credential,Unreported,Short-term on-the-job training,HS or less,35930.0,280.0,351.3,58.07193760601131,456.00068728521956,456.00068728521956,-47.430801184970335,-47.430801184970335,-0.10401475810781682,-0.10401475810781682
7,7. Core Automotive,2030,sam_mi_bls_us,bls_us,BLS US,41-0000,Sales and Related Occupations,1001.1689172768748,1001.1689172768748,1001.1689172768748,0.003162639519795313,0.003235967926689523,0.006011712507664368,High school diploma or equivalent,Less than 5 years,Moderate-term on-the-job training,HS or less,76838.40269455184,1280.0,171.8,86.8798877604525,1120.1756013745521,1120.1756013745521,-119.0066840976773,-119.0066840976773,-0.10623931100770792,-0.10623931100770792
7,7. Core Automotive,2030,sam_mi_bls_us,bls_us,BLS US,43-0000,Office and Administrative Support Occupations,4846.404200640162,4846.404200640162,4846.404200640162,0.015309533875198972,0.016294387170675665,0.007180215862861787,High school diploma or equivalent,Less than 5 years,Short-term on-the-job training,HS or less,49466.27454472247,6000.0,1316.8000000000002,463.7502068343938,5640.530240549771,5640.530240549771,-794.1260399096091,-794.1260399096091,-0.1407892531451453,-0.1407892531451453
7,7. Core Automotive,2030,sam_mi_bls_us,bls_us,BLS US,47-0000,Construction and Extraction Occupations,4229.510124206684,4229.510124206684,4229.510124206684,0.013360798200341226,0.012743413516609388,0.008286777371166523,High school diploma or equivalent,Unreported,Apprenticeship,HS or less,62404.02647337872,4520.0,209.7,389.45212213283094,4411.310996563572,4411.310996563572,-181.80087235688825,-181.80087235688825,-0.04121243605325306,-0.04121243605325306
7,7. Core Automotive,2030,sam_mi_bls_us,bls_us,BLS US,49-0000,"Installation, Maintenance, and Repair Occupations",8281.292638696938,8281.292638696938,8281.292638696938,0.02616016430610965,0.024713631156929972,0.013500906200790403,High school diploma or equivalent,Less than 5 years,Long-term on-the-job training,HS or less,62612.83123963231,8690.0,450.50000000000006,763.6208592458753,8554.969415807507,8554.969415807507,-273.6767771105697,-273.6767771105697,-0.0319903863834839,-0.0319903863834839
7,7. Core Automotive,2030,sam_mi_bls_us,bls_us,BLS US,51-0000,Production Occupations,102586.72943842123,102586.72943842123,102586.72943842123,0.32406603833743924,0.32623138602520185,0.21857714873082187,High school diploma or equivalent,Less than 5 years,Moderate-term on-the-job training,HS or less,45767.79451060899,112020.0,647.7000000000002,10507.454154726183,112929.56151202798,112929.56151202798,-10342.832073606754,-10342.832073606754,-0.09158657782006134,-0.09158657782006134
7,7. Core Automotive,2030,sam_mi_bls_us,bls_us,BLS US,53-0000,Transportation and Material Moving Occupations,7582.504784552757,7582.504784552757,7582.504784552757,0.023952730530118614,0.02462772050400913,0.016794173993580304,No formal educational credential,Less than 5 years,Short-term on-the-job training,HS or less,42332.830113728756,8020.0,1430.8,898.561706463043,8525.230240549816,8525.230240549816,-942.7254559970588,-942.7254559970588,-0.1105806446743261,-0.1105806446743261
7,7. Core Automotive,2030,sam_mi_dtmb_mi,dtmb_mi,DTMB MI,00-0000,All Occupations,167716.4579999999,167716.4579999999,167716.4579999999,0.4999999999999999,0.5000000000000001,0.14652642873524738,High school diploma or equivalent,Less than 5 years,Moderate-term on-the-job training,HS or less,58266.25532512933,168160.0,6966.0,16228.575897064517,173082.00000000003,173082.00000000003,-5365.542000000132,-5365.542000000132,-0.03100000000000076,-0.03100000000000076
7,7. Core Automotive,2030,sam_mi_dtmb_mi,dtmb_mi,DTMB MI,11-0000,Management Occupations,8683.03784633066,8683.03784633066,8683.03784633066,0.025886063746739345,0.025801832760595434,0.007477900835163462,Bachelor's degree,5 years or more,Unreported,BA+,133494.38562820357,7780.0,761.9,642.3607907087636,8931.665635738758,8931.665635738758,-248.62778940809767,-248.62778940809767,-0.027836665583768586,-0.027836665583768586
7,7. Core Automotive,2030,sam_mi_dtmb_mi,dtmb_mi,DTMB MI,13-0000,Business and Financial Operations Occupations,5942.471722470111,5942.471722470111,5942.471722470111,0.017715827633535266,0.01723940435280622,0.004434028778412723,Bachelor's degree,Less than 5 years,Moderate-term on-the-job training,BA+,82697.59450439615,5340.0,784.0000000000001,511.29212489296935,5967.661168384812,5967.661168384812,-25.189445914701537,-25.189445914701537,-0.0042209913069711415,-0.0042209913069711415
7,7. Core Automotive,2030,sam_mi_dtmb_mi,dtmb_mi,DTMB MI,15-0000,Computer and Mathematical Occupations,2454.451226637194,2454.451226637194,2454.451226637194,0.007317264077438349,0.007044673539518701,0.005265258871901423,Bachelor's degree,5 years or more,Moderate-term on-the-job training,BA+,118067.84309307834,1450.0,305.8,152.47577034813617,2438.6123711339515,2438.6123711339515,15.838855503242485,15.838855503242485,0.006495027947339346,0.006495027947339346
7,7. Core Automotive,2030,sam_mi_dtmb_mi,dtmb_mi,DTMB MI,17-0000,Architecture and Engineering Occupations,13278.432753249126,13278.432753249126,13278.432753249126,0.0395859562966955,0.038573883161511884,0.01701325732032277,Bachelor's degree,Unreported,Unreported,BA+,96289.15374747863,12260.0,98.5,900.5202587421531,13352.889690721599,13352.889690721599,-74.45693747247242,-74.45693747247242,-0.005576091707266154,-0.005576091707266154
7,7. Core Automotive,2030,sam_mi_dtmb_mi,dtmb_mi,DTMB MI,19-0000,"Life, Physical, and Social Science Occupations",304.3811710788482,304.3811710788482,304.3811710788482,0.0009074278538569193,0.0009163802978235566,0.0011320240043643836,Bachelor's degree,Unreported,Unreported,BA+,80202.06517098683,230.0,25.5,33.25401299890764,317.21786941579364,317.21786941579364,-12.83669833694546,-12.83669833694546,-0.040466504489757305,-0.040466504489757305
7,7. Core Automotive,2030,sam_mi_dtmb_mi,dtmb_mi,DTMB MI,23-0000,Legal Occupations,41.107207419430615,41.107207419430615,41.107207419430615,0.0001225497125017708,0.00011454753722790081,0.0003273322422258,Doctoral or professional degree,Unreported,Unreported,BA+,151160.0,70.0,31.5,1.4668672146270907,39.65223367695906,39.65223367695906,1.4549737424715588,1.4549737424715588,0.036693361446545905,0.036693361446545905
7,7. Core Automotive,2030,sam_mi_dtmb_mi,dtmb_mi,DTMB MI,27-0000,"Arts, Design, Entertainment, Sports, and Media Occupations",184.98243338750484,184.98243338750484,184.98243338750484,0.0005514737062581685,0.0005154639175257036,0.0005819239861792991,Bachelor's degree,Unreported,Unreported,BA+,77301.11111111188,50.0,30.1,15.073212104722696,178.43505154636767,178.43505154636767,6.547381841137167,6.547381841137167,0.03669336144662015,0.03669336144662015
7,7. Core Automotive,2030,sam_mi_dtmb_mi,dtmb_mi,DTMB MI,29-0000,Healthcare Practitioners and Technical Occupations,92.49121669374581,92.49121669374581,92.49121669374581,0.0002757368531290646,0.00025773195876285186,0.0003273322422258,Bachelor's degree,Unreported,Unreported,BA+,93600.0,110.0,189.1,5.034495495685823,89.21752577318385,89.21752577318385,3.273690920561961,3.273690920561961,0.03669336144654592,0.03669336144654592
7,7. Core Automotive,2030,sam_mi_dtmb_mi,dtmb_mi,DTMB MI,33-0000,Protective Service Occupations,112.41857951798971,112.41857951798971,112.41857951798971,0.0003351447462537927,0.0003722794959908027,0.0006546644844517,High school diploma or equivalent,Unreported,Short-term on-the-job training,HS or less,38370.0,60.0,161.0,14.312344854022097,128.86975945016022,128.86975945016022,-16.451179932170504,-16.451179932170504,-0.12765741165624603,-0.12765741165624603
7,7. Core Automotive,2030,sam_mi_dtmb_mi,dtmb_mi,DTMB MI,37-0000,Building and Grounds Cleaning and Maintenance Occupations,432.9266958343858,432.9266958343858,432.9266958343858,0.0012906506045888054,0.0013172966781214094,0.0020731042007637,No formal educational credential,Unreported,Short-term on-the-job training,HS or less,35930.0,280.0,351.3,61.53388422342601,456.00068728521956,456.00068728521956,-23.073991450833773,-23.073991450833773,-0.0506007821790879,-0.0506007821790879
7,7. Core Automotive,2030,sam_mi_dtmb_mi,dtmb_mi,DTMB MI,41-0000,Sales and Related Occupations,1060.8533963817813,1060.8533963817813,1060.8533963817813,0.0031626395197953136,0.003235967926689523,0.006011712507664368,High school diploma or equivalent,Less than 5 years,Moderate-term on-the-job training,HS or less,76838.40269455184,1280.0,171.8,92.0592144017343,1120.1756013745521,1120.1756013745521,-59.32220499277082,-59.32220499277082,-0.05295795134260857,-0.05295795134260857
7,7. Core Automotive,2030,sam_mi_dtmb_mi,dtmb_mi,DTMB MI,43-0000,Office and Administrative Support Occupations,5135.321590358771,5135.321590358771,5135.321590358771,0.015309533875198978,0.016294387170675665,0.007180215862861787,High school diploma or equivalent,Less than 5 years,Short-term on-the-job training,HS or less,49466.274544722466,6000.0,1316.8000000000002,491.3965800408133,5640.530240549771,5640.530240549771,-505.20865019100074,-505.20865019100074,-0.08956758117509163,-0.08956758117509163
7,7. Core Automotive,2030,sam_mi_dtmb_mi,dtmb_mi,DTMB MI,47-0000,Construction and Extraction Occupations,4481.651500428007,4481.651500428007,4481.651500428007,0.013360798200341225,0.012743413516609388,0.008286777371166523,High school diploma or equivalent,Unreported,Apprenticeship,HS or less,62404.02647337874,4520.0,209.7,412.66923029977403,4411.310996563572,4411.310996563572,70.34050386443505,70.34050386443505,0.015945487388948673,0.015945487388948673
7,7. Core Automotive,2030,sam_mi_dtmb_mi,dtmb_mi,DTMB MI,49-0000,"Installation, Maintenance, and Repair Occupations",8774.980196237473,8774.980196237473,8774.980196237473,0.02616016430610965,0.024713631156929972,0.013500906200790403,High school diploma or equivalent,Less than 5 years,Long-term on-the-job training,HS or less,62612.831239632316,8690.0,450.50000000000006,809.1439597249595,8554.969415807507,8554.969415807507,220.01078042996596,220.01078042996596,0.02571730765319154,0.02571730765319154
7,7. Core Automotive,2030,sam_mi_dtmb_mi,dtmb_mi,DTMB MI,51-0000,Production Occupations,108702.41621609499,108702.41621609499,108702.41621609499,0.32406603833743924,0.32623138602520185,0.21857714873082187,High school diploma or equivalent,Less than 5 years,Moderate-term on-the-job training,HS or less,45767.794510609,112020.0,647.7000000000002,11133.853873216527,112929.56151202798,112929.56151202798,-4227.145295932991,-4227.145295932991,-0.037431698479434575,-0.037431698479434575
7,7. Core Automotive,2030,sam_mi_dtmb_mi,dtmb_mi,DTMB MI,53-0000,Transportation and Material Moving Occupations,8034.53424787991,8034.53424787991,8034.53424787991,0.023952730530118618,0.02462772050400913,0.016794173993580304,No formal educational credential,Less than 5 years,Short-term on-the-job training,HS or less,42332.83011372876,8020.0,1430.8,952.129277797293,8525.230240549816,8525.230240549816,-490.69599266990554,-490.69599266990554,-0.057558092722931456,-0.057558092722931456
7,7. Core Automotive,2030,sam_mi_moodys_mi,moodys_mi,Moody's MI,00-0000,All Occupations,174973.01200000002,174973.01200000002,174973.01200000002,0.5000000000000001,0.5000000000000001,0.14652642873524738,High school diploma or equivalent,Less than 5 years,Moderate-term on-the-job training,HS or less,58266.25532512931,168160.0,6966.0,16930.73440162909,173082.00000000003,173082.00000000003,1891.011999999988,1891.011999999988,0.010925526628996589,0.010925526628996589
7,7. Core Automotive,2030,sam_mi_moodys_mi,moodys_mi,Moody's MI,11-0000,Management Occupations,9058.725085181974,9058.725085181974,9058.725085181974,0.025886063746739338,0.025801832760595434,0.007477900835163462,Bachelor's degree,5 years or more,Unreported,BA+,133494.3856282036,7780.0,761.9,670.1536848638551,8931.665635738758,8931.665635738758,127.05944944321527,127.05944944321527,0.01422572839435518,0.01422572839435518
7,7. Core Automotive,2030,sam_mi_moodys_mi,moodys_mi,Moody's MI,13-0000,Business and Financial Operations Occupations,6199.5834422249945,6199.5834422249945,6199.5834422249945,0.017715827633535266,0.01723940435280622,0.004434028778412723,Bachelor's degree,Less than 5 years,Moderate-term on-the-job training,BA+,82697.59450439614,5340.0,784.0000000000001,533.4140976457005,5967.661168384812,5967.661168384812,231.92227384018224,231.92227384018224,0.038863177264293905,0.038863177264293905
7,7. Core Automotive,2030,sam_mi_moodys_mi,moodys_mi,Moody's MI,15-0000,Computer and Mathematical Occupations,2560.6474704575785,2560.6474704575785,2560.6474704575785,0.0073172640774383495,0.007044673539518701,0.005265258871901423,Bachelor's degree,5 years or more,Moderate-term on-the-job training,BA+,118067.84309307828,1450.0,305.8,159.0729086040779,2438.6123711339515,2438.6123711339515,122.03509932362704,122.03509932362704,0.050042844352044716,0.050042844352044716
7,7. Core Automotive,2030,sam_mi_moodys_mi,moodys_mi,Moody's MI,17-0000,Architecture and Engineering Occupations,13852.948012266354,13852.948012266354,13852.948012266354,0.0395859562966955,0.038573883161511884,0.01701325732032277,Bachelor's degree,Unreported,Unreported,BA+,96289.15374747857,12260.0,98.5,939.4828862837892,13352.889690721599,13352.889690721599,500.058321544755,500.058321544755,0.03744944600959491,0.03744944600959491
7,7. Core Automotive,2030,sam_mi_moodys_mi,moodys_mi,Moody's MI,19-0000,"Life, Physical, and Social Science Occupations",317.55076952408194,317.55076952408194,317.55076952408194,0.0009074278538569192,0.0009163802978235566,0.0011320240043643836,Bachelor's degree,Unreported,Unreported,BA+,80202.06517098683,230.0,25.5,34.69280764029743,317.21786941579364,317.21786941579364,0.33290010828829963,0.33290010828829963,0.0010494368078992123,0.0010494368078992123
7,7. Core Automotive,2030,sam_mi_moodys_mi,moodys_mi,Moody's MI,23-0000,Legal Occupations,42.885784632337774,42.885784632337774,42.885784632337774,0.00012254971250177078,0.00011454753722790081,0.0003273322422258,Doctoral or professional degree,Unreported,Unreported,BA+,151160.0,70.0,31.5,1.5303338611369468,39.65223367695906,39.65223367695906,3.2335509553787176,3.2335509553787176,0.08154776302697053,0.08154776302697053
7,7. Core Automotive,2030,sam_mi_moodys_mi,moodys_mi,Moody's MI,27-0000,"Arts, Design, Entertainment, Sports, and Media Occupations",192.98603084558994,192.98603084558994,192.98603084558994,0.0005514737062581684,0.0005154639175257036,0.0005819239861792991,Bachelor's degree,Unreported,Unreported,BA+,77301.1111111119,50.0,30.1,15.725381718222252,178.43505154636767,178.43505154636767,14.550979299222263,14.550979299222263,0.08154776302704787,0.08154776302704787
7,7. Core Automotive,2030,sam_mi_moodys_mi,moodys_mi,Moody's MI,29-0000,Healthcare Practitioners and Technical Occupations,96.49301542278808,96.49301542278808,96.49301542278808,0.0002757368531290645,0.00025773195876285186,0.0003273322422258,Bachelor's degree,Unreported,Unreported,BA+,93600.0,110.0,189.1,5.252321992040766,89.21752577318385,89.21752577318385,7.275489649604225,7.275489649604225,0.08154776302697045,0.08154776302697045
7,7. Core Automotive,2030,sam_mi_moodys_mi,moodys_mi,Moody's MI,33-0000,Protective Service Occupations,117.28257141600362,117.28257141600362,117.28257141600362,0.00033514474625379265,0.0003722794959908027,0.0006546644844517,High school diploma or equivalent,Unreported,Short-term on-the-job training,HS or less,38370.0,60.0,161.0,14.931594178377814,128.86975945016022,128.86975945016022,-11.587188034156597,-11.587188034156597,-0.08991394166944099,-0.08991394166944099
7,7. Core Automotive,2030,sam_mi_moodys_mi,moodys_mi,Moody's MI,37-0000,Building and Grounds Cleaning and Maintenance Occupations,451.6580474490485,451.6580474490485,451.6580474490485,0.0012906506045888052,0.0013172966781214094,0.0020731042007637,No formal educational credential,Unreported,Short-term on-the-job training,HS or less,35930.0,280.0,351.3,64.19625832207912,456.00068728521956,456.00068728521956,-4.342639836171031,-4.342639836171031,-0.009523318620471276,-0.009523318620471276
7,7. Core Automotive,2030,sam_mi_moodys_mi,moodys_mi,Moody's MI,41-0000,Sales and Related Occupations,1106.7531252976391,1106.7531252976391,1106.7531252976391,0.003162639519795313,0.003235967926689523,0.006011712507664368,High school diploma or equivalent,Less than 5 years,Moderate-term on-the-job training,HS or less,76838.40269455184,1280.0,171.8,96.04232177515478,1120.1756013745521,1120.1756013745521,-13.422476076912972,-13.422476076912972,-0.011982474944501947,-0.011982474944501947
7,7. Core Automotive,2030,sam_mi_moodys_mi,moodys_mi,Moody's MI,43-0000,Office and Administrative Support Occupations,5357.510508919192,5357.510508919192,5357.510508919192,0.015309533875198972,0.016294387170675665,0.007180215862861787,High school diploma or equivalent,Less than 5 years,Short-term on-the-job training,HS or less,49466.27454472247,6000.0,1316.8000000000002,512.6577362863234,5640.530240549771,5640.530240549771,-283.0197316305794,-283.0197316305794,-0.050176086211886704,-0.050176086211886704
7,7. Core Automotive,2030,sam_mi_moodys_mi,moodys_mi,Moody's MI,47-0000,Construction and Extraction Occupations,4675.558207675766,4675.558207675766,4675.558207675766,0.013360798200341225,0.012743413516609388,0.008286777371166523,High school diploma or equivalent,Unreported,Apprenticeship,HS or less,62404.02647337873,4520.0,209.7,430.524106258392,4411.310996563572,4411.310996563572,264.24721111219424,264.24721111219424,0.059902194907147516,0.059902194907147516
7,7. Core Automotive,2030,sam_mi_moodys_mi,moodys_mi,Moody's MI,49-0000,"Installation, Maintenance, and Repair Occupations",9154.64548610979,9154.64548610979,9154.64548610979,0.026160164306109648,0.024713631156929972,0.013500906200790403,High school diploma or equivalent,Less than 5 years,Long-term on-the-job training,HS or less,62612.83123963231,8690.0,450.50000000000006,844.1530274547229,8554.969415807507,8554.969415807507,599.6760703022828,599.6760703022828,0.07009681053847218,0.07009681053847218
7,7. Core Automotive,2030,sam_mi_moodys_mi,moodys_mi,Moody's MI,51-0000,Production Occupations,113405.62162961843,113405.62162961843,113405.62162961843,0.32406603833743924,0.32623138602520185,0.21857714873082187,High school diploma or equivalent,Less than 5 years,Moderate-term on-the-job training,HS or less,45767.79451060898,112020.0,647.7000000000002,11615.580072437271,112929.56151202798,112929.56151202798,476.06011759044486,476.06011759044486,0.004215549154857387,0.004215549154857387
7,7. Core Automotive,2030,sam_mi_moodys_mi,moodys_mi,Moody's MI,53-0000,Transportation and Material Moving Occupations,8382.16281295842,8382.16281295842,8382.16281295842,0.023952730530118614,0.02462772050400913,0.016794173993580304,No formal educational credential,Less than 5 years,Short-term on-the-job training,HS or less,42332.83011372876,8020.0,1430.8,993.324862307652,8525.230240549816,8525.230240549816,-143.06742759139524,-143.06742759139524,-0.016781649709693754,-0.016781649709693754
7,7. Core Automotive,2030,sam_mi_moodys_mi_detail,moodys_mi_detail,Moody's MI (detail),00-0000,All Occupations,175395.12459314702,175395.12459314702,175395.12459314702,0.5,0.5000000000000001,0.14652642873524738,High school diploma or equivalent,Less than 5 years,Moderate-term on-the-job training,HS or less,58266.255325129314,168160.0,6966.0,16971.578850269867,173082.00000000003,173082.00000000003,2313.1245931469894,2313.1245931469894,0.0133643278512323,0.0133643278512323
7,7. Core Automotive,2030,sam_mi_moodys_mi_detail,moodys_mi_detail,Moody's MI (detail),11-0000,Management Occupations,9080.578752170984,9080.578752170984,9080.578752170984,0.025886063746739338,0.025801832760595434,0.007477900835163462,Bachelor's degree,5 years or more,Unreported,BA+,133494.38562820363,7780.0,761.9,671.770393100694,8931.665635738758,8931.665635738758,148.91311643222616,148.91311643222616,0.016672491168542185,0.016672491168542185
7,7. Core Automotive,2030,sam_mi_moodys_mi_detail,moodys_mi_detail,Moody's MI (detail),13-0000,Business and Financial Operations Occupations,6214.53959010927,6214.53959010927,6214.53959010927,0.017715827633535266,0.01723940435280622,0.004434028778412723,Bachelor's degree,Less than 5 years,Moderate-term on-the-job training,BA+,82697.59450439614,5340.0,784.0000000000001,534.7009292856475,5967.661168384812,5967.661168384812,246.87842172445744,246.87842172445744,0.04136937650420872,0.04136937650420872
7,7. Core Automotive,2030,sam_mi_moodys_mi_detail,moodys_mi_detail,Moody's MI (detail),15-0000,Computer and Mathematical Occupations,2566.824889086517,2566.824889086517,2566.824889086517,0.00731726407743835,0.007044673539518701,0.005265258871901423,Bachelor's degree,5 years or more,Moderate-term on-the-job training,BA+,118067.84309307826,1450.0,305.8,159.45666308817124,2438.6123711339515,2438.6123711339515,128.21251795256558,128.21251795256558,0.0525760139127593,0.0525760139127593
7,7. Core Automotive,2030,sam_mi_moodys_mi_detail,moodys_mi_detail,Moody's MI (detail),17-0000,Architecture and Engineering Occupations,13886.367473595556,13886.367473595556,13886.367473595556,0.039585956296695486,0.038573883161511884,0.01701325732032277,Bachelor's degree,Unreported,Unreported,BA+,96289.15374747863,12260.0,98.5,941.7493361369043,13352.889690721599,13352.889690721599,533.477782873957,533.477782873957,0.03995223470202483,0.03995223470202483
7,7. Core Automotive,2030,sam_mi_moodys_mi_detail,moodys_mi_detail,Moody's MI (detail),19-0000,"Life, Physical, and Social Science Occupations",318.3168429730527,318.3168429730527,318.3168429730527,0.0009074278538569192,0.0009163802978235566,0.0011320240043643836,Bachelor's degree,Unreported,Unreported,BA+,80202.06517098683,230.0,25.5,34.77650209596924,317.21786941579364,317.21786941579364,1.0989735572590575,1.0989735572590575,0.0034644125164921807,0.0034644125164921807
7,7. Core Automotive,2030,sam_mi_moodys_mi_detail,moodys_mi_detail,Moody's MI (detail),23-0000,Legal Occupations,42.989244186204864,42.989244186204864,42.989244186204864,0.00012254971250177078,0.00011454753722790081,0.0003273322422258,Doctoral or professional degree,Unreported,Unreported,BA+,151160.0,70.0,31.5,1.5340257058798676,39.65223367695906,39.65223367695906,3.3370105092458076,3.3370105092458076,0.08415693643974621,0.08415693643974621
7,7. Core Automotive,2030,sam_mi_moodys_mi_detail,moodys_mi_detail,Moody's MI (detail),27-0000,"Arts, Design, Entertainment, Sports, and Media Occupations",193.45159883799204,193.45159883799204,193.45159883799204,0.0005514737062581685,0.0005154639175257036,0.0005819239861792991,Bachelor's degree,Unreported,Unreported,BA+,77301.1111111119,50.0,30.1,15.763318321012777,178.43505154636767,178.43505154636767,15.016547291624363,15.016547291624363,0.08415693643982389,0.08415693643982389
7,7. Core Automotive,2030,sam_mi_moodys_mi_detail,moodys_mi_detail,Moody's MI (detail),29-0000,Healthcare Practitioners and Technical Occupations,96.7257994189891,96.7257994189891,96.7257994189891,0.0002757368531290645,0.00025773195876285186,0.0003273322422258,Bachelor's degree,Unreported,Unreported,BA+,93600.00000000001,110.0,189.1,5.264992924722107,89.21752577318385,89.21752577318385,7.508273645805247,7.508273645805247,0.08415693643974614,0.08415693643974614
7,7. Core Automotive,2030,sam_mi_moodys_mi_detail,moodys_mi_detail,Moody's MI (detail),33-0000,Protective Service Occupations,117.56550905184521,117.56550905184521,117.56550905184521,0.00033514474625379265,0.0003722794959908027,0.0006546644844517,High school diploma or equivalent,Unreported,Short-term on-the-job training,HS or less,38370.0,60.0,161.0,14.967615813179725,128.86975945016022,128.86975945016022,-11.304250398315006,-11.304250398315006,-0.08771841001757183,-0.08771841001757183
7,7. Core Automotive,2030,sam_mi_moodys_mi_detail,moodys_mi_detail,Moody's MI (detail),37-0000,Building and Grounds Cleaning and Maintenance Occupations,452.747647196148,452.747647196148,452.747647196148,0.0012906506045888052,0.0013172966781214094,0.0020731042007637,No formal educational credential,Unreported,Short-term on-the-job training,HS or less,35930.0,280.0,351.3,64.3511282003588,456.00068728521956,456.00068728521956,-3.2530400890715327,-3.2530400890715327,-0.007133849092286169,-0.007133849092286169
7,7. Core Automotive,2030,sam_mi_moodys_mi_detail,moodys_mi_detail,Moody's MI (detail),41-0000,Sales and Related Occupations,1109.4231052354191,1109.4231052354191,1109.4231052354191,0.0031626395197953128,0.003235967926689523,0.006011712507664368,High school diploma or equivalent,Less than 5 years,Moderate-term on-the-job training,HS or less,76838.40269455186,1280.0,171.8,96.27401849816924,1120.1756013745521,1120.1756013745521,-10.752496139132973,-10.752496139132973,-0.0095989379932385,-0.0095989379932385
7,7. Core Automotive,2030,sam_mi_moodys_mi_detail,moodys_mi_detail,Moody's MI (detail),43-0000,Office and Administrative Support Occupations,5370.435203007058,5370.435203007058,5370.435203007058,0.015309533875198974,0.016294387170675665,0.007180215862861787,High school diploma or equivalent,Less than 5 years,Short-term on-the-job training,HS or less,49466.274544722466,6000.0,1316.8000000000002,513.8944943668249,5640.530240549771,5640.530240549771,-270.0950375427137,-270.0950375427137,-0.047884689209003885,-0.047884689209003885
7,7. Core Automotive,2030,sam_mi_moodys_mi_detail,moodys_mi_detail,Moody's MI (detail),47-0000,Construction and Extraction Occupations,4686.837730025487,4686.837730025487,4686.837730025487,0.013360798200341225,0.012743413516609388,0.008286777371166523,High school diploma or equivalent,Unreported,Apprenticeship,HS or less,62404.02647337872,4520.0,209.7,431.56272155584736,4411.310996563572,4411.310996563572,275.5267334619148,275.5267334619148,0.06245914959896302,0.06245914959896302
7,7. Core Automotive,2030,sam_mi_moodys_mi_detail,moodys_mi_detail,Moody's MI (detail),49-0000,"Installation, Maintenance, and Repair Occupations",9176.7305556946,9176.7305556946,9176.7305556946,0.02616016430610965,0.024713631156929972,0.013500906200790403,High school diploma or equivalent,Less than 5 years,Long-term on-the-job training,HS or less,62612.8312396323,8690.0,450.50000000000006,846.1894993617839,8554.969415807507,8554.969415807507,621.7611398870922,621.7611398870922,0.07267835916961066,0.07267835916961066
7,7. Core Automotive,2030,sam_mi_moodys_mi_detail,moodys_mi_detail,Moody's MI (detail),51-0000,Production Occupations,113679.20634120543,113679.20634120543,113679.20634120543,0.32406603833743924,0.32623138602520185,0.21857714873082187,High school diploma or equivalent,Less than 5 years,Moderate-term on-the-job training,HS or less,45767.79451060899,112020.0,647.7000000000002,11643.60200890187,112929.56151202798,112929.56151202798,749.6448291774432,749.6448291774432,0.006638162932188481,0.006638162932188481
7,7. Core Automotive,2030,sam_mi_moodys_mi_detail,moodys_mi_detail,Moody's MI (detail),53-0000,Transportation and Material Moving Occupations,8402.384311352464,8402.384311352464,8402.384311352464,0.02395273053011862,0.02462772050400913,0.016794173993580304,No formal educational credential,Less than 5 years,Short-term on-the-job training,HS or less,42332.830113728756,8020.0,1430.8,995.7212029128314,8525.230240549816,8525.230240549816,-122.84592919735223,-122.84592919735223,-0.014409690498802242,-0.014409690498802242
7,7. Core Automotive,2030,sam_mi_moodys_us,moodys_us,Moody's US,00-0000,All Occupations,182431.99199999997,182431.99199999997,182431.99199999997,0.5,0.5000000000000001,0.14652642873524738,High school diploma or equivalent,Less than 5 years,Moderate-term on-the-job training,HS or less,58266.25532512932,168160.0,6966.0,17652.480045963446,173082.00000000003,173082.00000000003,9349.99199999994,9349.99199999994,0.05402059139598536,0.05402059139598536
7,7. Core Automotive,2030,sam_mi_moodys_us,moodys_us,Moody's US,11-0000,Management Occupations,9444.89234871328,9444.89234871328,9444.89234871328,0.025886063746739338,0.025801832760595434,0.007477900835163462,Bachelor's degree,5 years or more,Unreported,BA+,133494.38562820363,7780.0,761.9,698.7218787538121,8931.665635738758,8931.665635738758,513.2267129745214,513.2267129745214,0.05746147850865795,0.05746147850865795
7,7. Core Automotive,2030,sam_mi_moodys_us,moodys_us,Moody's US,13-0000,Business and Financial Operations Occupations,6463.867450228969,6463.867450228969,6463.867450228969,0.01771582763353527,0.01723940435280622,0.004434028778412723,Bachelor's degree,Less than 5 years,Moderate-term on-the-job training,BA+,82697.59450439613,5340.0,784.0000000000001,556.1531763217727,5967.661168384812,5967.661168384812,496.20628184415636,496.20628184415636,0.08314920499724986,0.08314920499724986
7,7. Core Automotive,2030,sam_mi_moodys_us,moodys_us,Moody's US,15-0000,Computer and Mathematical Occupations,2669.8061232742402,2669.8061232742402,2669.8061232742402,0.0073172640774383495,0.007044673539518701,0.005265258871901423,Bachelor's degree,5 years or more,Moderate-term on-the-job training,BA+,118067.84309307829,1450.0,305.8,165.85407805562537,2438.6123711339515,2438.6123711339515,231.19375214028878,231.19375214028878,0.09480545365755853,0.09480545365755853
7,7. Core Automotive,2030,sam_mi_moodys_us,moodys_us,Moody's US,17-0000,Architecture and Engineering Occupations,14443.489724862202,14443.489724862202,14443.489724862202,0.03958595629669549,0.038573883161511884,0.01701325732032277,Bachelor's degree,Unreported,Unreported,BA+,96289.1537474786,12260.0,98.5,979.5324000861407,13352.889690721599,13352.889690721599,1090.6000341406034,1090.6000341406034,0.08167520734470073,0.08167520734470073
7,7. Core Automotive,2030,sam_mi_moodys_us,moodys_us,Moody's US,19-0000,"Life, Physical, and Social Science Occupations",331.08774195080525,331.08774195080525,331.08774195080525,0.0009074278538569192,0.0009163802978235566,0.0011320240043643836,Bachelor's degree,Unreported,Unreported,BA+,80202.06517098683,230.0,25.5,36.17173833580849,317.21786941579364,317.21786941579364,13.86987253501161,13.86987253501161,0.04372349061090143,0.04372349061090143
7,7. Core Automotive,2030,sam_mi_moodys_us,moodys_us,Moody's US,23-0000,Legal Occupations,44.71397634145069,44.71397634145069,44.71397634145069,0.00012254971250177078,0.00011454753722790081,0.0003273322422258,Doctoral or professional degree,Unreported,Unreported,BA+,151160.0,70.0,31.5,1.5955709484629812,39.65223367695906,39.65223367695906,5.061742664491632,5.061742664491632,0.1276534054986387,0.1276534054986387
7,7. Core Automotive,2030,sam_mi_moodys_us,moodys_us,Moody's US,27-0000,"Arts, Design, Entertainment, Sports, and Media Occupations",201.21289353660106,201.21289353660106,201.21289353660106,0.0005514737062581685,0.0005154639175257036,0.0005819239861792991,Bachelor's degree,Unreported,Unreported,BA+,77301.1111111119,50.0,30.1,16.395744000884363,178.43505154636767,178.43505154636767,22.777841990233384,22.777841990233384,0.12765340549871948,0.12765340549871948
7,7. Core Automotive,2030,sam_mi_moodys_us,moodys_us,Moody's US,29-0000,Healthcare Practitioners and Technical Occupations,100.60644676829332,100.60644676829332,100.60644676829332,0.0002757368531290645,0.00025773195876285186,0.0003273322422258,Bachelor's degree,Unreported,Unreported,BA+,93600.0,110.0,189.1,5.476224891375848,89.21752577318385,89.21752577318385,11.388920995109473,11.388920995109473,0.12765340549863854,0.12765340549863854
7,7. Core Automotive,2030,sam_mi_moodys_us,moodys_us,Moody's US,33-0000,Protective Service Occupations,122.28224733482784,122.28224733482784,122.28224733482784,0.00033514474625379265,0.0003722794959908027,0.0006546644844517,High school diploma or equivalent,Unreported,Short-term on-the-job training,HS or less,38369.99999999999,60.0,161.0,15.568117840350531,128.86975945016022,128.86975945016022,-6.587512115332373,-6.587512115332373,-0.05111759456554323,-0.05111759456554323
7,7. Core Automotive,2030,sam_mi_moodys_us,moodys_us,Moody's US,37-0000,Building and Grounds Cleaning and Maintenance Occupations,470.9119215422801,470.9119215422801,470.9119215422801,0.0012906506045888052,0.0013172966781214094,0.0020731042007637,No formal educational credential,Unreported,Short-term on-the-job training,HS or less,35930.0,280.0,351.3,66.93290097014201,456.00068728521956,456.00068728521956,14.911234257060528,14.911234257060528,0.03270002583950897,0.03270002583950897
7,7. Core Automotive,2030,sam_mi_moodys_us,moodys_us,Moody's US,41-0000,Sales and Related Occupations,1153.9332551483647,1153.9332551483647,1153.9332551483647,0.003162639519795313,0.003235967926689523,0.006011712507664368,High school diploma or equivalent,Less than 5 years,Moderate-term on-the-job training,HS or less,76838.40269455186,1280.0,171.8,100.13654035827228,1120.1756013745521,1120.1756013745521,33.757653773812535,33.757653773812535,0.030136037360918216,0.030136037360918216
7,7. Core Automotive,2030,sam_mi_moodys_us,moodys_us,Moody's US,43-0000,Office and Administrative Support Occupations,5585.897522888055,5585.897522888055,5585.897522888055,0.015309533875198974,0.016294387170675665,0.007180215862861787,High school diploma or equivalent,Less than 5 years,Short-term on-the-job training,HS or less,49466.274544722466,6000.0,1316.8000000000002,534.511985453646,5640.530240549771,5640.530240549771,-54.632717661716015,-54.632717661716015,-0.009685741469651454,-0.009685741469651454
7,7. Core Automotive,2030,sam_mi_moodys_us,moodys_us,Moody's US,47-0000,Construction and Extraction Occupations,4874.874060796529,4874.874060796529,4874.874060796529,0.013360798200341226,0.012743413516609388,0.008286777371166523,High school diploma or equivalent,Unreported,Apprenticeship,HS or less,62404.02647337871,4520.0,209.7,448.87705487254283,4411.310996563572,4411.310996563572,463.563064232957,463.563064232957,0.10508510159317136,0.10508510159317136
7,7. Core Automotive,2030,sam_mi_moodys_us,moodys_us,Moody's US,49-0000,"Installation, Maintenance, and Repair Occupations",9544.901770821762,9544.901770821762,9544.901770821762,0.02616016430610965,0.024713631156929972,0.013500906200790403,High school diploma or equivalent,Less than 5 years,Long-term on-the-job training,HS or less,62612.83123963229,8690.0,450.50000000000006,880.1386944827569,8554.969415807507,8554.969415807507,989.9323550142544,989.9323550142544,0.11571430672622858,0.11571430672622858
7,7. Core Automotive,2030,sam_mi_moodys_us,moodys_us,Moody's US,51-0000,Production Occupations,118240.02582689482,118240.02582689482,118240.02582689482,0.3240660383374393,0.32623138602520185,0.21857714873082187,High school diploma or equivalent,Less than 5 years,Moderate-term on-the-job training,HS or less,45767.79451060899,112020.0,647.7000000000002,12110.744317816485,112929.56151202798,112929.56151202798,5310.46431486684,5310.46431486684,0.047024572164846574,0.047024572164846574
7,7. Core Automotive,2030,sam_mi_moodys_us,moodys_us,Moody's US,53-0000,Transportation and Material Moving Occupations,8739.488688897509,8739.488688897509,8739.488688897509,0.023952730530118618,0.02462772050400913,0.016794173993580304,No formal educational credential,Less than 5 years,Short-term on-the-job training,HS or less,42332.830113728756,8020.0,1430.8,1035.6696227753723,8525.230240549816,8525.230240549816,214.25844834769305,214.25844834769305,0.02513227705318548,0.02513227705318548
8,"8. Motor Vehicle Parts, Materials, & Products Sales",2030,sam_mi_bls_us,bls_us,BLS US,00-0000,All Occupations,114862.51000000002,114862.51000000002,114862.51000000002,0.5,0.5,0.03936850305048077,High school diploma or equivalent,Less than 5 years,Short-term on-the-job training,HS or less,56774.19599872167,100620.0,9805.3,13036.332572128878,115340.0,115340.0,-477.48999999997613,-477.48999999997613,-0.00413984740766409,-0.00413984740766409
8,"8. Motor Vehicle Parts, Materials, & Products Sales",2030,sam_mi_bls_us,bls_us,BLS US,11-0000,Management Occupations,8912.395323586556,8912.395323586556,8912.395323586556,0.03879592794718901,0.03793352601156049,0.0244507329026644,Bachelor's degree,5 years or more,Moderate-term on-the-job training,BA+,122878.69407780434,7550.0,808.6999999999999,699.1117744485723,8750.505780346773,8750.505780346773,161.88954323978214,161.88954323978214,0.01850059268612547,0.01850059268612547
8,"8. Motor Vehicle Parts, Materials, & Products Sales",2030,sam_mi_bls_us,bls_us,BLS US,13-0000,Business and Financial Operations Occupations,5219.167353387775,5219.167353387775,5219.167353387775,0.022719194249663243,0.02185693641618484,0.006454277968854027,Bachelor's degree,Less than 5 years,Moderate-term on-the-job training,BA+,81415.64188149829,3620.0,742.2,451.42748109572346,5041.958092485519,5041.958092485519,177.20926090225566,177.20926090225566,0.03514691269774068,0.03514691269774068
8,"8. Motor Vehicle Parts, Materials, & Products Sales",2030,sam_mi_bls_us,bls_us,BLS US,15-0000,Computer and Mathematical Occupations,1436.3895481712066,1436.3895481712066,1436.3895481712066,0.0062526473963141075,0.006096459537572038,0.002736448182077442,Bachelor's degree,Less than 5 years,Moderate-term on-the-job training,BA+,104647.8131831885,970.0,260.5,87.11891715826101,1406.331286127118,1406.331286127118,30.05826204408868,30.05826204408868,0.021373528656157423,0.021373528656157423
8,"8. Motor Vehicle Parts, Materials, & Products Sales",2030,sam_mi_bls_us,bls_us,BLS US,17-0000,Architecture and Engineering Occupations,5821.2672514682135,5821.2672514682135,5821.2672514682135,0.025340153421112826,0.023663294797687803,0.0025509143467835225,Bachelor's degree,Unreported,Unreported,BA+,98940.99766867327,2900.0,91.2,370.4991771365915,5458.648843930622,5458.648843930622,362.61840753759134,362.61840753759134,0.06643006683618795,0.06643006683618795
8,"8. Motor Vehicle Parts, Materials, & Products Sales",2030,sam_mi_bls_us,bls_us,BLS US,19-0000,"Life, Physical, and Social Science Occupations",69.87371404269861,69.87371404269861,69.87371404269861,0.0003041624026964873,0.00027095375722540173,0.0004799565952296,Bachelor's degree,Unreported,Unreported,BA+,83910.0,30.0,14.9,7.428600351310804,62.50361271675567,62.50361271675567,7.37010132594294,7.37010132594294,0.1179148053303997,0.1179148053303997
8,"8. Motor Vehicle Parts, Materials, & Products Sales",2030,sam_mi_bls_us,bls_us,BLS US,23-0000,Legal Occupations,74.00689897640177,74.00689897640177,74.00689897640177,0.0003221542824390733,0.00031611271676295195,0.00014607374637422833,Associate's degree,Unreported,Unreported,SC or associate's,104911.99184538663,30.0,36.2,4.986589279167399,72.92088150287776,72.92088150287776,1.0860174735240093,1.0860174735240093,0.014893093050186873,0.014893093050186873
8,"8. Motor Vehicle Parts, Materials, & Products Sales",2030,sam_mi_bls_us,bls_us,BLS US,27-0000,"Arts, Design, Entertainment, Sports, and Media Occupations",128.8201332008215,128.8201332008215,128.8201332008215,0.0005607579583661434,0.0005419075144508534,0.0012381488978387314,Bachelor's degree,Unreported,Unreported,BA+,68870.68326278908,80.0,22.5,9.908293281652362,125.00722543352288,125.00722543352288,3.8129077672986114,3.8129077672986114,0.030501499045959255,0.030501499045959255
8,"8. Motor Vehicle Parts, Materials, & Products Sales",2030,sam_mi_bls_us,bls_us,BLS US,35-0000,Food Preparation and Serving Related Occupations,1692.8829493353846,1692.8829493353846,1692.8829493353846,0.007369170973781542,0.008038294797687851,0.0064886755331633175,No formal educational credential,Less than 5 years,Short-term on-the-job training,HS or less,31887.8532618462,2090.0,1236.1999999999998,365.4039019696293,1854.2738439306336,1854.2738439306336,-161.39089459524894,-161.39089459524894,-0.08703724917627992,-0.08703724917627992
8,"8. Motor Vehicle Parts, Materials, & Products Sales",2030,sam_mi_bls_us,bls_us,BLS US,37-0000,Building and Grounds Cleaning and Maintenance Occupations,245.50984807355132,245.50984807355132,245.50984807355132,0.0010687118367583614,0.0010838150289017069,0.0024049998956616114,No formal educational credential,Unreported,Short-term on-the-job training,HS or less,36478.16855702299,240.0,509.5,34.160570799076176,250.01445086704572,250.01445086704572,-4.504602793494399,-4.504602793494399,-0.01801736970752097,-0.01801736970752097
8,"8. Motor Vehicle Parts, Materials, & Products Sales",2030,sam_mi_bls_us,bls_us,BLS US,41-0000,Sales and Related Occupations,40426.758217528775,40426.758217528775,40426.758217528775,0.17597890825095486,0.1830292630057814,0.07683594905018158,No formal educational credential,Less than 5 years,Short-term on-the-job training,HS or less,42805.77069934422,39410.0,1594.3999999999999,5478.135265776334,42221.19039017365,42221.19039017365,-1794.4321726448761,-1794.4321726448761,-0.04250074799081229,-0.04250074799081229
8,"8. Motor Vehicle Parts, Materials, & Products Sales",2030,sam_mi_bls_us,bls_us,BLS US,43-0000,Office and Administrative Support Occupations,9129.085691739085,9129.085691739085,9129.085691739085,0.0397391877111996,0.04123013005780325,0.014751117055034464,High school diploma or equivalent,Less than 5 years,Short-term on-the-job training,HS or less,46855.8695688807,10940.0,1538.1,951.3277293611366,9510.966401734055,9510.966401734055,-381.88070999496995,-381.88070999496995,-0.04015162012614668,-0.04015162012614668
8,"8. Motor Vehicle Parts, Materials, & Products Sales",2030,sam_mi_bls_us,bls_us,BLS US,47-0000,Construction and Extraction Occupations,396.72930654481223,396.72930654481223,396.72930654481223,0.0017269747393854277,0.0016708815028901106,0.0008786984434403561,High school diploma or equivalent,5 years or more,Apprenticeship,HS or less,61553.51023798181,50.0,370.70000000000005,34.06936264009718,385.4389450866907,385.4389450866907,11.290361458121538,11.290361458121538,0.029292217618492534,0.029292217618492534
8,"8. Motor Vehicle Parts, Materials, & Products Sales",2030,sam_mi_bls_us,bls_us,BLS US,49-0000,"Installation, Maintenance, and Repair Occupations",12985.440944698903,12985.440944698903,12985.440944698903,0.05652601943270655,0.05373916184971109,0.012721743191130879,High school diploma or equivalent,Less than 5 years,Long-term on-the-job training,HS or less,54761.3102425817,10970.0,421.5,1294.0610898177579,12396.549855491354,12396.549855491354,588.8910892075492,588.8910892075492,0.047504434384756294,0.047504434384756294
8,"8. Motor Vehicle Parts, Materials, & Products Sales",2030,sam_mi_bls_us,bls_us,BLS US,51-0000,Production Occupations,7640.19927417024,7640.19927417024,7640.19927417024,0.033258019845510245,0.032740245664739556,0.005763940508408605,High school diploma or equivalent,Less than 5 years,Moderate-term on-the-job training,HS or less,48300.29652166987,7080.0,607.1000000000001,774.2829031337095,7552.519869942121,7552.519869942121,87.67940422811898,87.67940422811898,0.011609291433587571,0.011609291433587571
8,"8. Motor Vehicle Parts, Materials, & Products Sales",2030,sam_mi_bls_us,bls_us,BLS US,53-0000,Transportation and Material Moving Occupations,20683.9835450756,20683.9835450756,20683.9835450756,0.09003800955192254,0.0877890173410407,0.033463940952886906,No formal educational credential,Less than 5 years,Short-term on-the-job training,HS or less,44800.5269210065,14660.0,1551.6,2474.4109158798597,20251.17052023127,20251.17052023127,432.81302484433036,432.81302484433036,0.021372247318343533,0.021372247318343533
8,"8. Motor Vehicle Parts, Materials, & Products Sales",2030,sam_mi_dtmb_mi,dtmb_mi,DTMB MI,00-0000,All Occupations,113556.85400000002,113556.85400000002,113556.85400000002,0.5,0.5,0.03936850305048077,High school diploma or equivalent,Less than 5 years,Short-term on-the-job training,HS or less,56774.195998721676,100620.0,9805.3,12888.147008007083,115340.0,115340.0,-1783.1459999999788,-1783.1459999999788,-0.015459909831801446,-0.015459909831801446
8,"8. Motor Vehicle Parts, Materials, & Products Sales",2030,sam_mi_dtmb_mi,dtmb_mi,DTMB MI,11-0000,Management Occupations,8811.087051386925,8811.087051386925,8811.087051386925,0.03879592794718901,0.03793352601156049,0.0244507329026644,Bachelor's degree,5 years or more,Moderate-term on-the-job training,BA+,122878.69407780436,7550.0,808.6999999999999,691.164886617378,8750.505780346773,8750.505780346773,60.58127104015148,60.58127104015148,0.006923173649712246,0.006923173649712246
8,"8. Motor Vehicle Parts, Materials, & Products Sales",2030,sam_mi_dtmb_mi,dtmb_mi,DTMB MI,13-0000,Business and Financial Operations Occupations,5159.840448813297,5159.840448813297,5159.840448813297,0.02271919424966324,0.02185693641618484,0.006454277968854027,Bachelor's degree,Less than 5 years,Moderate-term on-the-job training,BA+,81415.64188149832,3620.0,742.2,446.29605049005835,5041.958092485519,5041.958092485519,117.88235632777833,117.88235632777833,0.023380272934729256,0.023380272934729256
8,"8. Motor Vehicle Parts, Materials, & Products Sales",2030,sam_mi_dtmb_mi,dtmb_mi,DTMB MI,15-0000,Computer and Mathematical Occupations,1420.0619349934427,1420.0619349934427,1420.0619349934427,0.0062526473963141075,0.006096459537572038,0.002736448182077442,Bachelor's degree,Less than 5 years,Moderate-term on-the-job training,BA+,104647.81318318851,970.0,260.5,86.12862592310356,1406.331286127118,1406.331286127118,13.730648866324827,13.730648866324827,0.009763452610186558,0.009763452610186558
8,"8. Motor Vehicle Parts, Materials, & Products Sales",2030,sam_mi_dtmb_mi,dtmb_mi,DTMB MI,17-0000,Architecture and Engineering Occupations,5755.0962047578205,5755.0962047578205,5755.0962047578205,0.025340153421112826,0.023663294797687803,0.0025509143467835225,Bachelor's degree,Unreported,Unreported,BA+,98940.99766867327,2900.0,91.2,366.28766831945484,5458.648843930622,5458.648843930622,296.4473608271983,296.4473608271983,0.05430782768831393,0.05430782768831393
8,"8. Motor Vehicle Parts, Materials, & Products Sales",2030,sam_mi_dtmb_mi,dtmb_mi,DTMB MI,19-0000,"Life, Physical, and Social Science Occupations",69.07945111058844,69.07945111058844,69.07945111058844,0.0003041624026964873,0.00027095375722540173,0.0004799565952296,Bachelor's degree,Unreported,Unreported,BA+,83910.0,30.0,14.9,7.344158555460347,62.50361271675567,62.50361271675567,6.575838393832768,6.575838393832768,0.10520733295261106,0.10520733295261106
8,"8. Motor Vehicle Parts, Materials, & Products Sales",2030,sam_mi_dtmb_mi,dtmb_mi,DTMB MI,23-0000,Legal Occupations,73.16565363281723,73.16565363281723,73.16565363281723,0.0003221542824390733,0.00031611271676295195,0.00014607374637422833,Associate's degree,Unreported,Unreported,SC or associate's,104911.99184538663,30.0,36.2,4.929906117604235,72.92088150287776,72.92088150287776,0.24477212993946296,0.24477212993946296,0.0033566808970871154,0.0033566808970871154
8,"8. Motor Vehicle Parts, Materials, & Products Sales",2030,sam_mi_dtmb_mi,dtmb_mi,DTMB MI,27-0000,"Arts, Design, Entertainment, Sports, and Media Occupations",127.35581921504448,127.35581921504448,127.35581921504448,0.0005607579583661434,0.0005419075144508534,0.0012381488978387314,Bachelor's degree,Unreported,Unreported,BA+,68870.68326278907,80.0,22.5,9.795664517289218,125.00722543352288,125.00722543352288,2.3485937815216005,2.3485937815216005,0.018787664260019515,0.018787664260019515
8,"8. Motor Vehicle Parts, Materials, & Products Sales",2030,sam_mi_dtmb_mi,dtmb_mi,DTMB MI,35-0000,Food Preparation and Serving Related Occupations,1673.639744741497,1673.639744741497,1673.639744741497,0.007369170973781542,0.008038294797687851,0.0064886755331633175,No formal educational credential,Less than 5 years,Short-term on-the-job training,HS or less,31887.853261846198,2090.0,1236.1999999999998,361.2503117596464,1854.2738439306336,1854.2738439306336,-180.63409918913658,-180.63409918913658,-0.09741500683967687,-0.09741500683967687
8,"8. Motor Vehicle Parts, Materials, & Products Sales",2030,sam_mi_dtmb_mi,dtmb_mi,DTMB MI,37-0000,Building and Grounds Cleaning and Maintenance Occupations,242.7191080296822,242.7191080296822,242.7191080296822,0.0010687118367583614,0.0010838150289017069,0.0024049998956616114,No formal educational credential,Unreported,Short-term on-the-job training,HS or less,36478.16855702299,240.0,509.5,33.772263472105536,250.01445086704572,250.01445086704572,-7.295342837363535,-7.295342837363535,-0.029179684662480165,-0.029179684662480165
8,"8. Motor Vehicle Parts, Materials, & Products Sales",2030,sam_mi_dtmb_mi,dtmb_mi,DTMB MI,41-0000,Sales and Related Occupations,39967.22238266615,39967.22238266615,39967.22238266615,0.17597890825095483,0.1830292630057814,0.07683594905018158,No formal educational credential,Less than 5 years,Short-term on-the-job training,HS or less,42805.770699344226,39410.0,1594.3999999999999,5415.864641718298,42221.19039017365,42221.19039017365,-2253.968007507501,-2253.968007507501,-0.05338475743289508,-0.05338475743289508
8,"8. Motor Vehicle Parts, Materials, & Products Sales",2030,sam_mi_dtmb_mi,dtmb_mi,DTMB MI,43-0000,Office and Administrative Support Occupations,9025.314273998574,9025.314273998574,9025.314273998574,0.039739187711199594,0.04123013005780325,0.014751117055034464,High school diploma or equivalent,Less than 5 years,Short-term on-the-job training,HS or less,46855.86956888072,10940.0,1538.1,940.5138723610871,9510.966401734055,9510.966401734055,-485.65212773548046,-485.65212773548046,-0.051062332387898625,-0.051062332387898625
8,"8. Motor Vehicle Parts, Materials, & Products Sales",2030,sam_mi_dtmb_mi,dtmb_mi,DTMB MI,47-0000,Construction and Extraction Occupations,392.21963668415816,392.21963668415816,392.21963668415816,0.0017269747393854275,0.0016708815028901106,0.0008786984434403561,High school diploma or equivalent,5 years or more,Apprenticeship,HS or less,61553.51023798183,50.0,370.70000000000005,33.68209208726651,385.4389450866907,385.4389450866907,6.780691597467467,6.780691597467467,0.01759212888034029,0.01759212888034029
8,"8. Motor Vehicle Parts, Materials, & Products Sales",2030,sam_mi_dtmb_mi,dtmb_mi,DTMB MI,49-0000,"Installation, Maintenance, and Repair Occupations",12837.833871842044,12837.833871842044,12837.833871842044,0.05652601943270655,0.05373916184971109,0.012721743191130879,High school diploma or equivalent,Less than 5 years,Long-term on-the-job training,HS or less,54761.3102425817,10970.0,421.5,1279.3513413864632,12396.549855491354,12396.549855491354,441.28401635068985,441.28401635068985,0.03559732518279772,0.03559732518279772
8,"8. Motor Vehicle Parts, Materials, & Products Sales",2030,sam_mi_dtmb_mi,dtmb_mi,DTMB MI,51-0000,Production Occupations,7553.352207851421,7553.352207851421,7553.352207851421,0.033258019845510245,0.032740245664739556,0.005763940508408605,High school diploma or equivalent,Less than 5 years,Moderate-term on-the-job training,HS or less,48300.29652166988,7080.0,607.1000000000001,765.4815360194617,7552.519869942121,7552.519869942121,0.8323379092998948,0.8323379092998948,0.00011020664938763988,0.00011020664938763988
8,"8. Motor Vehicle Parts, Materials, & Products Sales",2030,sam_mi_dtmb_mi,dtmb_mi,DTMB MI,53-0000,Transportation and Material Moving Occupations,20448.86621027655,20448.86621027655,20448.86621027655,0.09003800955192254,0.0877890173410407,0.033463940952886906,No formal educational credential,Less than 5 years,Short-term on-the-job training,HS or less,44800.5269210065,14660.0,1551.6,2446.283988662406,20251.17052023127,20251.17052023127,197.69569004527875,197.69569004527875,0.009762185837494051,0.009762185837494051
8,"8. Motor Vehicle Parts, Materials, & Products Sales",2030,sam_mi_moodys_mi,moodys_mi,Moody's MI,00-0000,All Occupations,116956.14599999998,116956.14599999998,116956.14599999998,0.5,0.5,0.03936850305048077,High school diploma or equivalent,Less than 5 years,Short-term on-the-job training,HS or less,56774.19599872168,100620.0,9805.3,13273.95000867089,115340.0,115340.0,1616.1459999999788,1616.1459999999788,0.014012016646436438,0.014012016646436438
8,"8. Motor Vehicle Parts, Materials, & Products Sales",2030,sam_mi_moodys_mi,moodys_mi,Moody's MI,11-0000,Management Occupations,9074.844426393835,9074.844426393835,9074.844426393835,0.03879592794718901,0.03793352601156049,0.0244507329026644,Bachelor's degree,5 years or more,Moderate-term on-the-job training,BA+,122878.69407780429,7550.0,808.6999999999999,711.854710146298,8750.505780346773,8750.505780346773,324.33864604706105,324.33864604706105,0.037065131340808945,0.037065131340808945
8,"8. Motor Vehicle Parts, Materials, & Products Sales",2030,sam_mi_moodys_mi,moodys_mi,Moody's MI,13-0000,Business and Financial Operations Occupations,5314.298799331948,5314.298799331948,5314.298799331948,0.022719194249663243,0.02185693641618484,0.006454277968854027,Bachelor's degree,Less than 5 years,Moderate-term on-the-job training,BA+,81415.6418814983,3620.0,742.2,459.6557953282028,5041.958092485519,5041.958092485519,272.3407068464294,272.3407068464294,0.05401486919384021,0.05401486919384021
8,"8. Motor Vehicle Parts, Materials, & Products Sales",2030,sam_mi_moodys_mi,moodys_mi,Moody's MI,15-0000,Computer and Mathematical Occupations,1462.571083539665,1462.571083539665,1462.571083539665,0.006252647396314108,0.006096459537572038,0.002736448182077442,Bachelor's degree,Less than 5 years,Moderate-term on-the-job training,BA+,104647.81318318848,970.0,260.5,88.70686174734885,1406.331286127118,1406.331286127118,56.239797412547205,56.239797412547205,0.03999043324096518,0.03999043324096518
8,"8. Motor Vehicle Parts, Materials, & Products Sales",2030,sam_mi_moodys_mi,moodys_mi,Moody's MI,17-0000,Architecture and Engineering Occupations,5927.373366364141,5927.373366364141,5927.373366364141,0.025340153421112822,0.023663294797687803,0.0025509143467835225,Bachelor's degree,Unreported,Unreported,BA+,98940.99766867328,2900.0,91.2,377.25238508253955,5458.648843930622,5458.648843930622,468.72452243351836,468.72452243351836,0.08586823146806469,0.08586823146806469
8,"8. Motor Vehicle Parts, Materials, & Products Sales",2030,sam_mi_moodys_mi,moodys_mi,Moody's MI,19-0000,"Life, Physical, and Social Science Occupations",71.14732475496231,71.14732475496231,71.14732475496231,0.0003041624026964873,0.00027095375722540173,0.0004799565952296,Bachelor's degree,Unreported,Unreported,BA+,83910.0,30.0,14.9,7.564003844801558,62.50361271675567,62.50361271675567,8.643712038206644,8.643712038206644,0.13829139888884343,0.13829139888884343
8,"8. Motor Vehicle Parts, Materials, & Products Sales",2030,sam_mi_moodys_mi,moodys_mi,Moody's MI,23-0000,Legal Occupations,75.35584658293897,75.35584658293897,75.35584658293897,0.0003221542824390733,0.00031611271676295195,0.00014607374637422833,Associate's degree,Unreported,Unreported,SC or associate's,104911.99184538663,30.0,36.2,5.07748144957251,72.92088150287776,72.92088150287776,2.434965080061204,2.434965080061204,0.03339187664599351,0.03339187664599351
8,"8. Motor Vehicle Parts, Materials, & Products Sales",2030,sam_mi_moodys_mi,moodys_mi,Moody's MI,27-0000,"Arts, Design, Entertainment, Sports, and Media Occupations",131.16817929866517,131.16817929866517,131.16817929866517,0.0005607579583661434,0.0005419075144508534,0.0012381488978387314,Bachelor's degree,Unreported,Unreported,BA+,68870.6832627891,80.0,22.5,10.088894937606293,125.00722543352288,125.00722543352288,6.1609538651422895,6.1609538651422895,0.04928478208980488,0.04928478208980488
8,"8. Motor Vehicle Parts, Materials, & Products Sales",2030,sam_mi_moodys_mi,moodys_mi,Moody's MI,35-0000,Food Preparation and Serving Related Occupations,1723.739672617112,1723.739672617112,1723.739672617112,0.007369170973781542,0.008038294797687851,0.0064886755331633175,No formal educational credential,Less than 5 years,Short-term on-the-job training,HS or less,31887.8532618462,2090.0,1236.1999999999998,372.0642366924564,1854.2738439306336,1854.2738439306336,-130.53417131352148,-130.53417131352148,-0.07039638278929669,-0.07039638278929669
8,"8. Motor Vehicle Parts, Materials, & Products Sales",2030,sam_mi_moodys_mi,moodys_mi,Moody's MI,37-0000,Building and Grounds Cleaning and Maintenance Occupations,249.9848352236781,249.9848352236781,249.9848352236781,0.0010687118367583614,0.0010838150289017069,0.0024049998956616114,No formal educational credential,Unreported,Short-term on-the-job training,HS or less,36478.168557023,240.0,509.5,34.78322653596973,250.01445086704572,250.01445086704572,-0.029615643367634448,-0.029615643367634448,-0.00011845572631873045,-0.00011845572631873045
8,"8. Motor Vehicle Parts, Materials, & Products Sales",2030,sam_mi_moodys_mi,moodys_mi,Moody's MI,41-0000,Sales and Related Occupations,41163.62977263855,41163.62977263855,41163.62977263855,0.17597890825095486,0.1830292630057814,0.07683594905018158,No formal educational credential,Less than 5 years,Short-term on-the-job training,HS or less,42805.77069934422,39410.0,1594.3999999999999,5577.987003347615,42221.19039017365,42221.19039017365,-1057.5606175350986,-1057.5606175350986,-0.025048100438713115,-0.025048100438713115
8,"8. Motor Vehicle Parts, Materials, & Products Sales",2030,sam_mi_moodys_mi,moodys_mi,Moody's MI,43-0000,Office and Administrative Support Occupations,9295.48447974493,9295.48447974493,9295.48447974493,0.039739187711199594,0.04123013005780325,0.014751117055034464,High school diploma or equivalent,Less than 5 years,Short-term on-the-job training,HS or less,46855.86956888071,10940.0,1538.1,968.6678865803084,9510.966401734055,9510.966401734055,-215.4819219891251,-215.4819219891251,-0.022656154263129148,-0.022656154263129148
8,"8. Motor Vehicle Parts, Materials, & Products Sales",2030,sam_mi_moodys_mi,moodys_mi,Moody's MI,47-0000,Construction and Extraction Occupations,403.96061951574796,403.96061951574796,403.96061951574796,0.0017269747393854275,0.0016708815028901106,0.0008786984434403561,High school diploma or equivalent,5 years or more,Apprenticeship,HS or less,61553.51023798182,50.0,370.70000000000005,34.69035589647266,385.4389450866907,385.4389450866907,18.52167442905727,18.52167442905727,0.04805345869990248,0.04805345869990248
8,"8. Motor Vehicle Parts, Materials, & Products Sales",2030,sam_mi_moodys_mi,moodys_mi,Moody's MI,49-0000,"Installation, Maintenance, and Repair Occupations",13222.130763140925,13222.130763140925,13222.130763140925,0.05652601943270655,0.05373916184971109,0.012721743191130879,High school diploma or equivalent,Less than 5 years,Long-term on-the-job training,HS or less,54761.31024258169,10970.0,421.5,1317.648358490901,12396.549855491354,12396.549855491354,825.5809076495716,825.5809076495716,0.06659763541255476,0.06659763541255476
8,"8. Motor Vehicle Parts, Materials, & Products Sales",2030,sam_mi_moodys_mi,moodys_mi,Moody's MI,51-0000,Production Occupations,7779.459649444785,7779.459649444785,7779.459649444785,0.033258019845510245,0.032740245664739556,0.005763940508408605,High school diploma or equivalent,Less than 5 years,Moderate-term on-the-job training,HS or less,48300.29652166988,7080.0,607.1000000000001,788.3960072282065,7552.519869942121,7552.519869942121,226.93977950266435,226.93977950266435,0.03004822011867193,0.03004822011867193
8,"8. Motor Vehicle Parts, Materials, & Products Sales",2030,sam_mi_moodys_mi,moodys_mi,Moody's MI,53-0000,Transportation and Material Moving Occupations,21060.99718140809,21060.99718140809,21060.99718140809,0.09003800955192254,0.0877890173410407,0.033463940952886906,No formal educational credential,Less than 5 years,Short-term on-the-job training,HS or less,44800.5269210065,14660.0,1551.6,2519.512801362591,20251.17052023127,20251.17052023127,809.8266611768195,809.8266611768195,0.03998912854779375,0.03998912854779375
8,"8. Motor Vehicle Parts, Materials, & Products Sales",2030,sam_mi_moodys_mi_detail,moodys_mi_detail,Moody's MI (detail),00-0000,All Occupations,117867.42133580468,117867.42133580468,117867.42133580468,0.5,0.5,0.03936850305048077,High school diploma or equivalent,Less than 5 years,Short-term on-the-job training,HS or less,56774.195998721676,100620.0,9805.3,13377.37529810892,115340.0,115340.0,2527.4213358046836,2527.4213358046836,0.021912791189567224,0.021912791189567224
8,"8. Motor Vehicle Parts, Materials, & Products Sales",2030,sam_mi_moodys_mi_detail,moodys_mi_detail,Moody's MI (detail),11-0000,Management Occupations,9145.551970929693,9145.551970929693,9145.551970929693,0.03879592794718901,0.03793352601156049,0.0244507329026644,Bachelor's degree,5 years or more,Moderate-term on-the-job training,BA+,122878.69407780436,7550.0,808.6999999999999,717.4011962628354,8750.505780346773,8750.505780346773,395.04619058291973,395.04619058291973,0.04514552649861394,0.04514552649861394
8,"8. Motor Vehicle Parts, Materials, & Products Sales",2030,sam_mi_moodys_mi_detail,moodys_mi_detail,Moody's MI (detail),13-0000,Business and Financial Operations Occupations,5355.705682070097,5355.705682070097,5355.705682070097,0.022719194249663247,0.02185693641618484,0.006454277968854027,Bachelor's degree,Less than 5 years,Moderate-term on-the-job training,BA+,81415.6418814983,3620.0,742.2,463.23724874957577,5041.958092485519,5041.958092485519,313.74758958457824,313.74758958457824,0.06222732990426563,0.06222732990426563
8,"8. Motor Vehicle Parts, Materials, & Products Sales",2030,sam_mi_moodys_mi_detail,moodys_mi_detail,Moody's MI (detail),15-0000,Computer and Mathematical Occupations,1473.966850251154,1473.966850251154,1473.966850251154,0.0062526473963141075,0.006096459537572038,0.002736448182077442,Bachelor's degree,Less than 5 years,Moderate-term on-the-job training,BA+,104647.81318318851,970.0,260.5,89.3980300013626,1406.331286127118,1406.331286127118,67.63556412403614,67.63556412403614,0.04809362117676914,0.04809362117676914
8,"8. Motor Vehicle Parts, Materials, & Products Sales",2030,sam_mi_moodys_mi_detail,moodys_mi_detail,Moody's MI (detail),17-0000,Architecture and Engineering Occupations,5973.557080000475,5973.557080000475,5973.557080000475,0.025340153421112822,0.023663294797687803,0.0025509143467835225,Bachelor's degree,Unreported,Unreported,BA+,98940.99766867327,2900.0,91.2,380.1917842133832,5458.648843930622,5458.648843930622,514.908236069853,514.908236069853,0.09432888078931304,0.09432888078931304
8,"8. Motor Vehicle Parts, Materials, & Products Sales",2030,sam_mi_moodys_mi_detail,moodys_mi_detail,Moody's MI (detail),19-0000,"Life, Physical, and Social Science Occupations",71.70167614627512,71.70167614627512,71.70167614627512,0.0003041624026964873,0.00027095375722540173,0.0004799565952296,Bachelor's degree,Unreported,Unreported,BA+,83910.0,30.0,14.9,7.622939526075627,62.50361271675567,62.50361271675567,9.19806342951945,9.19806342951945,0.1471605084845548,0.1471605084845548
8,"8. Motor Vehicle Parts, Materials, & Products Sales",2030,sam_mi_moodys_mi_detail,moodys_mi_detail,Moody's MI (detail),23-0000,Legal Occupations,75.94298908676014,75.94298908676014,75.94298908676014,0.0003221542824390732,0.00031611271676295195,0.00014607374637422833,Associate's degree,Unreported,Unreported,SC or associate's,104911.99184538663,30.0,36.2,5.117043146595266,72.92088150287776,72.92088150287776,3.0221075838823737,3.0221075838823737,0.04144365127790054,0.04144365127790054
8,"8. Motor Vehicle Parts, Materials, & Products Sales",2030,sam_mi_moodys_mi_detail,moodys_mi_detail,Moody's MI (detail),27-0000,"Arts, Design, Entertainment, Sports, and Media Occupations",132.19018909229567,132.19018909229567,132.19018909229567,0.0005607579583661433,0.0005419075144508534,0.0012381488978387314,Bachelor's degree,Unreported,Unreported,BA+,68870.68326278908,80.0,22.5,10.167503556619486,125.00722543352288,125.00722543352288,7.182963658772792,7.182963658772792,0.057460387860480855,0.057460387860480855
8,"8. Motor Vehicle Parts, Materials, & Products Sales",2030,sam_mi_moodys_mi_detail,moodys_mi_detail,Moody's MI (detail),35-0000,Food Preparation and Serving Related Occupations,1737.170360124582,1737.170360124582,1737.170360124582,0.007369170973781541,0.008038294797687851,0.0064886755331633175,No formal educational credential,Less than 5 years,Short-term on-the-job training,HS or less,31887.853261846205,2090.0,1236.1999999999998,374.96321185390565,1854.2738439306336,1854.2738439306336,-117.1034838060516,-117.1034838060516,-0.06315328460753088,-0.06315328460753088
8,"8. Motor Vehicle Parts, Materials, & Products Sales",2030,sam_mi_moodys_mi_detail,moodys_mi_detail,Moody's MI (detail),37-0000,Building and Grounds Cleaning and Maintenance Occupations,251.93261669951897,251.93261669951897,251.93261669951897,0.0010687118367583614,0.0010838150289017069,0.0024049998956616114,No formal educational credential,Unreported,Short-term on-the-job training,HS or less,36478.16855702299,240.0,509.5,35.054243472881595,250.01445086704572,250.01445086704572,1.9181658324732496,1.9181658324732496,0.007672219848977066,0.007672219848977066
8,"8. Motor Vehicle Parts, Materials, & Products Sales",2030,sam_mi_moodys_mi_detail,moodys_mi_detail,Moody's MI (detail),41-0000,Sales and Related Occupations,41484.360250060425,41484.360250060425,41484.360250060425,0.17597890825095486,0.1830292630057814,0.07683594905018158,No formal educational credential,Less than 5 years,Short-term on-the-job training,HS or less,42805.77069934421,39410.0,1594.3999999999999,5621.4484387098055,42221.19039017365,42221.19039017365,-736.8301401132267,-736.8301401132267,-0.017451666646630427,-0.017451666646630427
8,"8. Motor Vehicle Parts, Materials, & Products Sales",2030,sam_mi_moodys_mi_detail,moodys_mi_detail,Moody's MI (detail),43-0000,Office and Administrative Support Occupations,9367.911162997189,9367.911162997189,9367.911162997189,0.039739187711199594,0.04123013005780325,0.014751117055034464,High school diploma or equivalent,Less than 5 years,Short-term on-the-job training,HS or less,46855.86956888072,10940.0,1538.1,976.2153578660559,9510.966401734055,9510.966401734055,-143.05523873686616,-143.05523873686616,-0.01504108338672967,-0.01504108338672967
8,"8. Motor Vehicle Parts, Materials, & Products Sales",2030,sam_mi_moodys_mi_detail,moodys_mi_detail,Moody's MI (detail),47-0000,Construction and Extraction Occupations,407.1081184868674,407.1081184868674,407.1081184868674,0.0017269747393854277,0.0016708815028901106,0.0008786984434403561,High school diploma or equivalent,5 years or more,Apprenticeship,HS or less,61553.51023798181,50.0,370.70000000000005,34.9606492226459,385.4389450866907,385.4389450866907,21.669173400176703,21.669173400176703,0.05621947049305824,0.05621947049305824
8,"8. Motor Vehicle Parts, Materials, & Products Sales",2030,sam_mi_moodys_mi_detail,moodys_mi_detail,Moody's MI (detail),49-0000,"Installation, Maintenance, and Repair Occupations",13325.152297821413,13325.152297821413,13325.152297821413,0.05652601943270655,0.05373916184971109,0.012721743191130879,High school diploma or equivalent,Less than 5 years,Long-term on-the-job training,HS or less,54761.3102425817,10970.0,421.5,1327.914945510247,12396.549855491354,12396.549855491354,928.6024423300587,928.6024423300587,0.07490813598581315,0.07490813598581315
8,"8. Motor Vehicle Parts, Materials, & Products Sales",2030,sam_mi_moodys_mi_detail,moodys_mi_detail,Moody's MI (detail),51-0000,Production Occupations,7840.07407585062,7840.07407585062,7840.07407585062,0.033258019845510245,0.032740245664739556,0.005763940508408605,High school diploma or equivalent,Less than 5 years,Moderate-term on-the-job training,HS or less,48300.29652166987,7080.0,607.1000000000001,794.538872402936,7552.519869942121,7552.519869942121,287.55420590849917,287.55420590849917,0.03807394232128023,0.03807394232128023
8,"8. Motor Vehicle Parts, Materials, & Products Sales",2030,sam_mi_moodys_mi_detail,moodys_mi_detail,Moody's MI (detail),53-0000,Transportation and Material Moving Occupations,21225.096016187323,21225.096016187323,21225.096016187323,0.09003800955192255,0.0877890173410407,0.033463940952886906,No formal educational credential,Less than 5 years,Short-term on-the-job training,HS or less,44800.526921006494,14660.0,1551.6,2539.143833613994,20251.17052023127,20251.17052023127,973.925495956053,973.925495956053,0.04809230631795257,0.04809230631795257
8,"8. Motor Vehicle Parts, Materials, & Products Sales",2030,sam_mi_moodys_us,moodys_us,Moody's US,00-0000,All Occupations,119863.41100000002,119863.41100000002,119863.41100000002,0.5,0.5,0.03936850305048077,High school diploma or equivalent,Less than 5 years,Short-term on-the-job training,HS or less,56774.195998721676,100620.0,9805.3,13603.910353567679,115340.0,115340.0,4523.411000000022,4523.411000000022,0.03921805964973142,0.03921805964973142
8,"8. Motor Vehicle Parts, Materials, & Products Sales",2030,sam_mi_moodys_us,moodys_us,Moody's US,11-0000,Management Occupations,9300.424513320608,9300.424513320608,9300.424513320608,0.038795927947189016,0.03793352601156049,0.0244507329026644,Bachelor's degree,5 years or more,Moderate-term on-the-job training,BA+,122878.69407780432,7550.0,808.6999999999999,729.5498065963254,8750.505780346773,8750.505780346773,549.9187329738343,549.9187329738343,0.06284422258298783,0.06284422258298783
8,"8. Motor Vehicle Parts, Materials, & Products Sales",2030,sam_mi_moodys_us,moodys_us,Moody's US,13-0000,Business and Financial Operations Occupations,5446.400235872445,5446.400235872445,5446.400235872445,0.022719194249663243,0.02185693641618484,0.006454277968854027,Bachelor's degree,Less than 5 years,Moderate-term on-the-job training,BA+,81415.64188149832,3620.0,742.2,471.08179773601876,5041.958092485519,5041.958092485519,404.44214338692564,404.44214338692564,0.0802152925447163,0.0802152925447163
8,"8. Motor Vehicle Parts, Materials, & Products Sales",2030,sam_mi_moodys_us,moodys_us,Moody's US,15-0000,Computer and Mathematical Occupations,1498.927289404956,1498.927289404956,1498.927289404956,0.006252647396314108,0.006096459537572038,0.002736448182077442,Bachelor's degree,Less than 5 years,Moderate-term on-the-job training,BA+,104647.8131831885,970.0,260.5,90.91191349741175,1406.331286127118,1406.331286127118,92.59600327783801,92.59600327783801,0.06584224086547719,0.06584224086547719
8,"8. Motor Vehicle Parts, Materials, & Products Sales",2030,sam_mi_moodys_us,moodys_us,Moody's US,17-0000,Architecture and Engineering Occupations,6074.714448635806,6074.714448635806,6074.714448635806,0.025340153421112822,0.023663294797687803,0.0025509143467835225,Bachelor's degree,Unreported,Unreported,BA+,98940.99766867328,2900.0,91.2,386.6300252735647,5458.648843930622,5458.648843930622,616.0656047051834,616.0656047051834,0.11286045728883554,0.11286045728883554
8,"8. Motor Vehicle Parts, Materials, & Products Sales",2030,sam_mi_moodys_us,moodys_us,Moody's US,19-0000,"Life, Physical, and Social Science Occupations",72.91588617031314,72.91588617031314,72.91588617031314,0.0003041624026964873,0.00027095375722540173,0.0004799565952296,Bachelor's degree,Unreported,Unreported,BA+,83910.0,30.0,14.9,7.752027855423944,62.50361271675567,62.50361271675567,10.412273453557475,10.412273453557475,0.16658674596526488,0.16658674596526488
8,"8. Motor Vehicle Parts, Materials, & Products Sales",2030,sam_mi_moodys_us,moodys_us,Moody's US,23-0000,Legal Occupations,77.22902232280944,77.22902232280944,77.22902232280944,0.0003221542824390732,0.00031611271676295195,0.00014607374637422833,Associate's degree,Unreported,Unreported,SC or associate's,104911.99184538664,30.0,36.2,5.203696142954178,72.92088150287776,72.92088150287776,4.30814081993168,4.30814081993168,0.059079659092734126,0.059079659092734126
8,"8. Motor Vehicle Parts, Materials, & Products Sales",2030,sam_mi_moodys_us,moodys_us,Moody's US,27-0000,"Arts, Design, Entertainment, Sports, and Media Occupations",134.42872327032387,134.42872327032387,134.42872327032387,0.0005607579583661433,0.0005419075144508534,0.0012381488978387314,Bachelor's degree,Unreported,Unreported,BA+,68870.6832627891,80.0,22.5,10.339682024424118,125.00722543352288,125.00722543352288,9.421497836800995,9.421497836800995,0.0753676261842258,0.0753676261842258
8,"8. Motor Vehicle Parts, Materials, & Products Sales",2030,sam_mi_moodys_us,moodys_us,Moody's US,35-0000,Food Preparation and Serving Related Occupations,1766.5879383192946,1766.5879383192946,1766.5879383192946,0.007369170973781542,0.008038294797687851,0.0064886755331633175,No formal educational credential,Less than 5 years,Short-term on-the-job training,HS or less,31887.853261846205,2090.0,1236.1999999999998,381.3129112605095,1854.2738439306336,1854.2738439306336,-87.68590561133897,-87.68590561133897,-0.047288541494747635,-0.047288541494747635
8,"8. Motor Vehicle Parts, Materials, & Products Sales",2030,sam_mi_moodys_us,moodys_us,Moody's US,37-0000,Building and Grounds Cleaning and Maintenance Occupations,256.1988922598648,256.1988922598648,256.1988922598648,0.0010687118367583614,0.0010838150289017069,0.0024049998956616114,No formal educational credential,Unreported,Short-term on-the-job training,HS or less,36478.16855702299,240.0,509.5,35.64785879817763,250.01445086704572,250.01445086704572,6.184441392819082,6.184441392819082,0.02473633572528127,0.02473633572528127
8,"8. Motor Vehicle Parts, Materials, & Products Sales",2030,sam_mi_moodys_us,moodys_us,Moody's US,41-0000,Sales and Related Occupations,42186.86441403099,42186.86441403099,42186.86441403099,0.17597890825095486,0.1830292630057814,0.07683594905018158,No formal educational credential,Less than 5 years,Short-term on-the-job training,HS or less,42805.77069934422,39410.0,1594.3999999999999,5716.643131647942,42221.19039017365,42221.19039017365,-34.32597614265978,-34.32597614265978,-0.0008130035137675474,-0.0008130035137675474
8,"8. Motor Vehicle Parts, Materials, & Products Sales",2030,sam_mi_moodys_us,moodys_us,Moody's US,43-0000,Office and Administrative Support Occupations,9526.549178867335,9526.549178867335,9526.549178867335,0.0397391877111996,0.04123013005780325,0.014751117055034464,High school diploma or equivalent,Less than 5 years,Short-term on-the-job training,HS or less,46855.86956888071,10940.0,1538.1,992.7467771695976,9510.966401734055,9510.966401734055,15.582777133280615,15.582777133280615,0.0016384010283581212,0.0016384010283581212
8,"8. Motor Vehicle Parts, Materials, & Products Sales",2030,sam_mi_moodys_us,moodys_us,Moody's US,47-0000,Construction and Extraction Occupations,414.0021659471468,414.0021659471468,414.0021659471468,0.0017269747393854273,0.0016708815028901106,0.0008786984434403561,High school diploma or equivalent,5 years or more,Apprenticeship,HS or less,61553.51023798183,50.0,370.70000000000005,35.55267960484247,385.4389450866907,385.4389450866907,28.563220860456113,28.563220860456113,0.0741056948825756,0.0741056948825756
8,"8. Motor Vehicle Parts, Materials, & Products Sales",2030,sam_mi_moodys_us,moodys_us,Moody's US,49-0000,"Installation, Maintenance, and Repair Occupations",13550.802998912986,13550.802998912986,13550.802998912986,0.05652601943270655,0.05373916184971109,0.012721743191130879,High school diploma or equivalent,Less than 5 years,Long-term on-the-job training,HS or less,54761.310242581705,10970.0,421.5,1350.4021135175772,12396.549855491354,12396.549855491354,1154.2531434216326,1154.2531434216326,0.09311083784415451,0.09311083784415451
8,"8. Motor Vehicle Parts, Materials, & Products Sales",2030,sam_mi_moodys_us,moodys_us,Moody's US,51-0000,Production Occupations,7972.8394035771025,7972.8394035771025,7972.8394035771025,0.03325801984551024,0.032740245664739556,0.005763940508408605,High school diploma or equivalent,Less than 5 years,Moderate-term on-the-job training,HS or less,48300.29652166987,7080.0,607.1000000000001,807.9937470336404,7552.519869942121,7552.519869942121,420.3195336349818,420.3195336349818,0.05565288683420609,0.05565288683420609
8,"8. Motor Vehicle Parts, Materials, & Products Sales",2030,sam_mi_moodys_us,moodys_us,Moody's US,53-0000,Transportation and Material Moving Occupations,21584.52588908804,21584.52588908804,21584.52588908804,0.09003800955192255,0.0877890173410407,0.033463940952886906,No formal educational credential,Less than 5 years,Short-term on-the-job training,HS or less,44800.526921006494,14660.0,1551.6,2582.1421854092696,20251.17052023127,20251.17052023127,1333.35536885677,1333.35536885677,0.06584090374058749,0.06584090374058749
9,"9. Dealers, Maintenance, & Repair",2030,sam_mi_bls_us,bls_us,BLS US,00-0000,All Occupations,70494.23399999995,70494.23399999995,70494.23399999995,0.4999999999999999,0.5000000000000001,0.08537790494882162,No formal educational credential,Less than 5 years,Short-term on-the-job training,HS or less,50150.85172080636,64460.0,6510.3,7466.821319985037,69600.00000000001,69600.00000000001,894.2339999999385,894.2339999999385,0.012848189655171528,0.012848189655171528
9,"9. Dealers, Maintenance, & Repair",2030,sam_mi_bls_us,bls_us,BLS US,11-0000,Management Occupations,4265.909434846449,4265.909434846449,4265.909434846449,0.030257151491613135,0.03046203177379395,0.03198286015388779,Bachelor's degree,5 years or more,Unreported,BA+,114870.57292114718,2970.0,539.0,342.59472430865213,4240.314822912118,4240.314822912118,25.594611934330715,25.594611934330715,0.006036016900451066,0.006036016900451066
9,"9. Dealers, Maintenance, & Repair",2030,sam_mi_bls_us,bls_us,BLS US,13-0000,Business and Financial Operations Occupations,1614.5058321750805,1614.5058321750805,1614.5058321750805,0.01145133254568793,0.011441480833697636,0.006737187715013419,Bachelor's degree,Unreported,Moderate-term on-the-job training,BA+,77935.69347764525,1370.0,362.29999999999995,131.85567665784302,1592.6541320507108,1592.6541320507108,21.8517001243697,21.8517001243697,0.013720304794760003,0.013720304794760003
9,"9. Dealers, Maintenance, & Repair",2030,sam_mi_bls_us,bls_us,BLS US,15-0000,Computer and Mathematical Occupations,151.93739237777757,151.93739237777757,151.93739237777757,0.00107765829739903,0.0010931351114997036,0.0005530988980135788,"Some college, no degree",Unreported,Moderate-term on-the-job training,SC or associate's,70062.6666666665,90.0,55.099999999999994,8.1340445205884,152.16440752075874,152.16440752075874,-0.2270151429811733,-0.2270151429811733,-0.0014919069884999434,-0.0014919069884999434
9,"9. Dealers, Maintenance, & Repair",2030,sam_mi_bls_us,bls_us,BLS US,23-0000,Legal Occupations,50.64579745926183,50.64579745926183,50.64579745926183,0.00035921943246636207,0.0003643783704999012,0.0001684565171615,Associate's degree,Unreported,Unreported,SC or associate's,68760.0,0.0,4.7,4.667357805069227,50.72146917358625,50.72146917358625,-0.07567171432442166,-0.07567171432442166,-0.001491906988447971,-0.001491906988447971
9,"9. Dealers, Maintenance, & Repair",2030,sam_mi_bls_us,bls_us,BLS US,27-0000,"Arts, Design, Entertainment, Sports, and Media Occupations",53.13744611834102,53.13744611834102,53.13744611834102,0.0003768921449543025,0.0003643783704999012,0.0005474836807749,High school diploma or equivalent,Unreported,Moderate-term on-the-job training,HS or less,42520.0,0.0,12.7,4.422316944318027,50.72146917358625,50.72146917358625,2.4159769447547674,2.4159769447547674,0.04763223510909091,0.04763223510909091
9,"9. Dealers, Maintenance, & Repair",2030,sam_mi_bls_us,bls_us,BLS US,37-0000,Building and Grounds Cleaning and Maintenance Occupations,341.13109121141525,341.13109121141525,341.13109121141525,0.0024195673309352892,0.0024048972452995077,0.0050536955148452,No formal educational credential,Unreported,Short-term on-the-job training,HS or less,35930.0,500.0,351.3,48.486548123713455,334.76169654569145,334.76169654569145,6.369394665723803,6.369394665723803,0.01902665308321631,0.01902665308321631
9,"9. Dealers, Maintenance, & Repair",2030,sam_mi_bls_us,bls_us,BLS US,41-0000,Sales and Related Occupations,14144.21729531643,14144.21729531643,14144.21729531643,0.10032180288189553,0.10005830053928007,0.06511006955579417,No formal educational credential,Less than 5 years,Short-term on-the-job training,HS or less,37802.55837140327,13470.0,1575.5,1772.805795927101,13928.115435067786,13928.115435067786,216.1018602486438,216.1018602486438,0.015515513297983523,0.015515513297983523
9,"9. Dealers, Maintenance, & Repair",2030,sam_mi_bls_us,bls_us,BLS US,43-0000,Office and Administrative Support Occupations,7686.27905022425,7686.27905022425,7686.27905022425,0.05451707617834569,0.05749890686488833,0.0184827117229136,High school diploma or equivalent,Less than 5 years,Short-term on-the-job training,HS or less,45655.368279089154,6780.0,1455.2,843.5324790857576,8003.847835592455,8003.847835592455,-317.5687853682057,-317.5687853682057,-0.03967701434252702,-0.03967701434252702
9,"9. Dealers, Maintenance, & Repair",2030,sam_mi_bls_us,bls_us,BLS US,49-0000,"Installation, Maintenance, and Repair Occupations",26589.75519277193,26589.75519277193,26589.75519277193,0.18859524874596084,0.18641597434776302,0.15250955264686,Postsecondary nondegree award,Less than 5 years,Short-term on-the-job training,SC or associate's,52658.26837833306,23140.0,376.1000000000001,2284.0034575482114,25949.103629208614,25949.103629208614,640.651563563315,640.651563563315,0.024688774329845835,0.024688774329845835
9,"9. Dealers, Maintenance, & Repair",2030,sam_mi_bls_us,bls_us,BLS US,51-0000,Production Occupations,1039.9087345651974,1039.9087345651974,1039.9087345651974,0.007375842501992418,0.007360443084098374,0.010734933253274887,High school diploma or equivalent,Less than 5 years,Moderate-term on-the-job training,HS or less,48879.925304903496,960.0,314.90000000000003,100.00638189162638,1024.5736773064937,1024.5736773064937,15.335057258703728,15.335057258703728,0.014967256721857357,0.014967256721857357
9,"9. Dealers, Maintenance, & Repair",2030,sam_mi_bls_us,bls_us,BLS US,53-0000,Transportation and Material Moving Occupations,14556.806732933832,14556.806732933832,14556.806732933832,0.10324820844874943,0.10253607345867963,0.054008482390262735,No formal educational credential,Less than 5 years,Short-term on-the-job training,HS or less,38074.17237866982,15180.0,1463.5,1926.312537172157,14273.021425448203,14273.021425448203,283.78530748562844,283.78530748562844,0.01988263725153884,0.01988263725153884
9,"9. Dealers, Maintenance, & Repair",2030,sam_mi_dtmb_mi,dtmb_mi,DTMB MI,00-0000,All Occupations,69272.772,69272.772,69272.772,0.5,0.5000000000000001,0.08537790494882162,No formal educational credential,Less than 5 years,Short-term on-the-job training,HS or less,50150.85172080634,64460.0,6510.3,7337.442816444571,69600.00000000001,69600.00000000001,-327.22800000001735,-327.22800000001735,-0.004701551724138179,-0.004701551724138179
9,"9. Dealers, Maintenance, & Repair",2030,sam_mi_dtmb_mi,dtmb_mi,DTMB MI,11-0000,Management Occupations,4191.993513295953,4191.993513295953,4191.993513295953,0.03025715149161313,0.03046203177379395,0.03198286015388779,Bachelor's degree,5 years or more,Unreported,BA+,114870.57292114716,2970.0,539.0,336.6585446610587,4240.314822912118,4240.314822912118,-48.32130961616531,-48.32130961616531,-0.011395689149085331,-0.011395689149085331
9,"9. Dealers, Maintenance, & Repair",2030,sam_mi_dtmb_mi,dtmb_mi,DTMB MI,13-0000,Business and Financial Operations Occupations,1586.5310970672392,1586.5310970672392,1586.5310970672392,0.01145133254568793,0.011441480833697636,0.006737187715013419,Bachelor's degree,Unreported,Moderate-term on-the-job training,BA+,77935.69347764525,1370.0,362.29999999999995,129.57099762264932,1592.6541320507108,1592.6541320507108,-6.123034983471598,-6.123034983471598,-0.0038445478275861075,-0.0038445478275861075
9,"9. Dealers, Maintenance, & Repair",2030,sam_mi_dtmb_mi,dtmb_mi,DTMB MI,15-0000,Computer and Mathematical Occupations,149.3047550592624,149.3047550592624,149.3047550592624,0.00107765829739903,0.0010931351114997036,0.0005530988980135788,"Some college, no degree",Unreported,Moderate-term on-the-job training,SC or associate's,70062.66666666651,90.0,55.099999999999994,7.9931049610748275,152.16440752075874,152.16440752075874,-2.8596524614963528,-2.8596524614963528,-0.018793175802996047,-0.018793175802996047
9,"9. Dealers, Maintenance, & Repair",2030,sam_mi_dtmb_mi,dtmb_mi,DTMB MI,23-0000,Legal Occupations,49.7682516864234,49.7682516864234,49.7682516864234,0.0003592194324663621,0.0003643783704999012,0.0001684565171615,Associate's degree,Unreported,Unreported,SC or associate's,68760.0,0.0,4.7,4.586485939729215,50.72146917358625,50.72146917358625,-0.9532174871628527,-0.9532174871628527,-0.01879317580294482,-0.01879317580294482
9,"9. Dealers, Maintenance, & Repair",2030,sam_mi_dtmb_mi,dtmb_mi,DTMB MI,27-0000,"Arts, Design, Entertainment, Sports, and Media Occupations",52.216727252020696,52.216727252020696,52.216727252020696,0.0003768921449543025,0.0003643783704999012,0.0005474836807749,High school diploma or equivalent,Unreported,Moderate-term on-the-job training,HS or less,42520.0,0.0,12.7,4.345690931197004,50.72146917358625,50.72146917358625,1.4952580784344462,1.4952580784344462,0.029479786425688118,0.029479786425688118
9,"9. Dealers, Maintenance, & Repair",2030,sam_mi_dtmb_mi,dtmb_mi,DTMB MI,37-0000,Building and Grounds Cleaning and Maintenance Occupations,335.22027210905765,335.22027210905765,335.22027210905765,0.0024195673309352892,0.0024048972452995077,0.0050536955148452,No formal educational credential,Unreported,Short-term on-the-job training,HS or less,35930.0,500.0,351.3,47.64641592163455,334.76169654569145,334.76169654569145,0.4585755633661961,0.4585755633661961,0.0013698567312153808,0.0013698567312153808
9,"9. Dealers, Maintenance, & Repair",2030,sam_mi_dtmb_mi,dtmb_mi,DTMB MI,41-0000,Sales and Related Occupations,13899.138755332982,13899.138755332982,13899.138755332982,0.10032180288189552,0.10005830053928007,0.06511006955579417,No formal educational credential,Less than 5 years,Short-term on-the-job training,HS or less,37802.55837140327,13470.0,1575.5,1742.0881784677117,13928.115435067786,13928.115435067786,-28.976679734803838,-28.976679734803838,-0.0020804451162033904,-0.0020804451162033904
9,"9. Dealers, Maintenance, & Repair",2030,sam_mi_dtmb_mi,dtmb_mi,DTMB MI,43-0000,Office and Administrative Support Occupations,7553.097976418343,7553.097976418343,7553.097976418343,0.05451707617834568,0.05749890686488833,0.0184827117229136,High school diploma or equivalent,Less than 5 years,Short-term on-the-job training,HS or less,45655.36827908914,6780.0,1455.2,828.9164912168912,8003.847835592455,8003.847835592455,-450.7498591741123,-450.7498591741123,-0.05631664524776004,-0.05631664524776004
9,"9. Dealers, Maintenance, & Repair",2030,sam_mi_dtmb_mi,dtmb_mi,DTMB MI,49-0000,"Installation, Maintenance, and Repair Occupations",26129.031333324463,26129.031333324463,26129.031333324463,0.18859524874596084,0.18641597434776302,0.15250955264686,Postsecondary nondegree award,Less than 5 years,Short-term on-the-job training,SC or associate's,52658.26837833305,23140.0,376.1000000000001,2244.428257238017,25949.103629208614,25949.103629208614,179.92770411584934,179.92770411584934,0.006933869727712699,0.006933869727712699
9,"9. Dealers, Maintenance, & Repair",2030,sam_mi_dtmb_mi,dtmb_mi,DTMB MI,51-0000,Production Occupations,1021.8901118968605,1021.8901118968605,1021.8901118968605,0.007375842501992418,0.007360443084098374,0.010734933253274887,High school diploma or equivalent,Less than 5 years,Moderate-term on-the-job training,HS or less,48879.925304903496,960.0,314.90000000000003,98.27355938534726,1024.5736773064937,1024.5736773064937,-2.683565409633161,-2.683565409633161,-0.0026192019852471693,-0.0026192019852471693
9,"9. Dealers, Maintenance, & Repair",2030,sam_mi_dtmb_mi,dtmb_mi,DTMB MI,53-0000,Transportation and Material Moving Occupations,14304.579206557384,14304.579206557384,14304.579206557384,0.10324820844874942,0.10253607345867963,0.054008482390262735,No formal educational credential,Less than 5 years,Short-term on-the-job training,HS or less,38074.172378669835,15180.0,1463.5,1892.9350900992613,14273.021425448203,14273.021425448203,31.557781109180723,31.557781109180723,0.002211009159764485,0.002211009159764485
9,"9. Dealers, Maintenance, & Repair",2030,sam_mi_moodys_mi,moodys_mi,Moody's MI,00-0000,All Occupations,71696.004,71696.004,71696.004,0.5,0.5000000000000001,0.08537790494882162,No formal educational credential,Less than 5 years,Short-term on-the-job training,HS or less,50150.85172080636,64460.0,6510.3,7594.114026757604,69600.00000000001,69600.00000000001,2096.0039999999863,2096.0039999999863,0.030114999999999795,0.030114999999999795
9,"9. Dealers, Maintenance, & Repair",2030,sam_mi_moodys_mi,moodys_mi,Moody's MI,11-0000,Management Occupations,4338.633708742603,4338.633708742603,4338.633708742603,0.030257151491613135,0.03046203177379395,0.03198286015388779,Bachelor's degree,5 years or more,Unreported,BA+,114870.57292114716,2970.0,539.0,348.43520286229415,4240.314822912118,4240.314822912118,98.31888583048476,98.31888583048476,0.023186694841436883,0.023186694841436883
9,"9. Dealers, Maintenance, & Repair",2030,sam_mi_moodys_mi,moodys_mi,Moody's MI,13-0000,Business and Financial Operations Occupations,1642.029568001944,1642.029568001944,1642.029568001944,0.011451332545687929,0.011441480833697636,0.006737187715013419,Bachelor's degree,Unreported,Moderate-term on-the-job training,BA+,77935.69347764525,1370.0,362.29999999999995,134.10352286519526,1592.6541320507108,1592.6541320507108,49.37543595123316,49.37543595123316,0.031001982764240883,0.031001982764240883
9,"9. Dealers, Maintenance, & Repair",2030,sam_mi_moodys_mi,moodys_mi,Moody's MI,15-0000,Computer and Mathematical Occupations,154.5275872019081,154.5275872019081,154.5275872019081,0.00107765829739903,0.0010931351114997036,0.0005530988980135788,"Some college, no degree",Unreported,Moderate-term on-the-job training,SC or associate's,70062.66666666653,90.0,55.099999999999994,8.272711899873743,152.16440752075874,152.16440752075874,2.3631796811493473,2.3631796811493473,0.015530436582726844,0.015530436582726844
9,"9. Dealers, Maintenance, & Repair",2030,sam_mi_moodys_mi,moodys_mi,Moody's MI,23-0000,Legal Occupations,51.50919573397206,51.50919573397206,51.50919573397206,0.0003592194324663621,0.0003643783704999012,0.0001684565171615,Associate's degree,Unreported,Unreported,SC or associate's,68760.0,0.0,4.7,4.746925881366052,50.72146917358625,50.72146917358625,0.7877265603858064,0.7877265603858064,0.01553043658277989,0.01553043658277989
9,"9. Dealers, Maintenance, & Repair",2030,sam_mi_moodys_mi,moodys_mi,Moody's MI,27-0000,"Arts, Design, Entertainment, Sports, and Media Occupations",54.04332146442451,54.04332146442451,54.04332146442451,0.0003768921449543025,0.0003643783704999012,0.0005474836807749,High school diploma or equivalent,Unreported,Moderate-term on-the-job training,HS or less,42520.0,0.0,12.7,4.497707618598894,50.72146917358625,50.72146917358625,3.321852290838258,3.321852290838258,0.0654920361133417,0.0654920361133417
9,"9. Dealers, Maintenance, & Repair",2030,sam_mi_moodys_mi,moodys_mi,Moody's MI,37-0000,Building and Grounds Cleaning and Maintenance Occupations,346.9466180740116,346.9466180740116,346.9466180740116,0.002419567330935289,0.0024048972452995077,0.0050536955148452,No formal educational credential,Unreported,Short-term on-the-job training,HS or less,35930.0,500.0,351.3,49.313135996682426,334.76169654569145,334.76169654569145,12.18492152832016,12.18492152832016,0.036398792496432,0.036398792496432
9,"9. Dealers, Maintenance, & Repair",2030,sam_mi_moodys_mi,moodys_mi,Moody's MI,41-0000,Sales and Related Occupations,14385.344761415188,14385.344761415188,14385.344761415188,0.10032180288189554,0.10005830053928007,0.06511006955579417,No formal educational credential,Less than 5 years,Short-term on-the-job training,HS or less,37802.55837140327,13470.0,1575.5,1803.0281942777428,13928.115435067786,13928.115435067786,457.2293263474021,457.2293263474021,0.03282779558217934,0.03282779558217934
9,"9. Dealers, Maintenance, & Repair",2030,sam_mi_moodys_mi,moodys_mi,Moody's MI,43-0000,Office and Administrative Support Occupations,7817.3130235019535,7817.3130235019535,7817.3130235019535,0.05451707617834568,0.05749890686488833,0.0184827117229136,High school diploma or equivalent,Less than 5 years,Short-term on-the-job training,HS or less,45655.36827908915,6780.0,1455.2,857.9128329086095,8003.847835592455,8003.847835592455,-186.53481209050187,-186.53481209050187,-0.023305641976474972,-0.023305641976474972
9,"9. Dealers, Maintenance, & Repair",2030,sam_mi_moodys_mi,moodys_mi,Moody's MI,49-0000,"Installation, Maintenance, and Repair Occupations",27043.051416942806,27043.051416942806,27043.051416942806,0.18859524874596084,0.18641597434776302,0.15250955264686,Postsecondary nondegree award,Less than 5 years,Short-term on-the-job training,SC or associate's,52658.268378333065,23140.0,376.1000000000001,2322.940639774743,25949.103629208614,25949.103629208614,1093.9477877341924,1093.9477877341924,0.04215744032494564,0.04215744032494564
9,"9. Dealers, Maintenance, & Repair",2030,sam_mi_moodys_mi,moodys_mi,Moody's MI,51-0000,Production Occupations,1057.6368670524369,1057.6368670524369,1057.6368670524369,0.007375842501992418,0.007360443084098374,0.010734933253274887,High school diploma or equivalent,Less than 5 years,Moderate-term on-the-job training,HS or less,48879.92530490349,960.0,314.90000000000003,101.71126841562072,1024.5736773064937,1024.5736773064937,33.06318974594319,33.06318974594319,0.03227019245005704,0.03227019245005704
9,"9. Dealers, Maintenance, & Repair",2030,sam_mi_moodys_mi,moodys_mi,Moody's MI,53-0000,Transportation and Material Moving Occupations,14804.967931868747,14804.967931868747,14804.967931868747,0.10324820844874943,0.10253607345867963,0.054008482390262735,No formal educational credential,Less than 5 years,Short-term on-the-job training,HS or less,38074.17237866982,15180.0,1463.5,1959.1518842568767,14273.021425448203,14273.021425448203,531.9465064205433,531.9465064205433,0.0372693692922022,0.0372693692922022
9,"9. Dealers, Maintenance, & Repair",2030,sam_mi_moodys_mi_detail,moodys_mi_detail,Moody's MI (detail),00-0000,All Occupations,71386.84768836701,71386.84768836701,71386.84768836701,0.5,0.5000000000000001,0.08537790494882162,No formal educational credential,Less than 5 years,Short-term on-the-job training,HS or less,50150.851720806364,64460.0,6510.3,7561.367874229596,69600.00000000001,69600.00000000001,1786.8476883669937,1786.8476883669937,0.025673098970790134,0.025673098970790134
9,"9. Dealers, Maintenance, & Repair",2030,sam_mi_moodys_mi_detail,moodys_mi_detail,Moody's MI (detail),11-0000,Management Occupations,4319.925330031267,4319.925330031267,4319.925330031267,0.03025715149161313,0.03046203177379395,0.03198286015388779,Bachelor's degree,5 years or more,Unreported,BA+,114870.5729211472,2970.0,539.0,346.93273499588423,4240.314822912118,4240.314822912118,79.61050711914868,79.61050711914868,0.01877466896773354,0.01877466896773354
9,"9. Dealers, Maintenance, & Repair",2030,sam_mi_moodys_mi_detail,moodys_mi_detail,Moody's MI (detail),13-0000,Business and Financial Operations Occupations,1634.949064535729,1634.949064535729,1634.949064535729,0.011451332545687932,0.011441480833697636,0.006737187715013419,Bachelor's degree,Unreported,Moderate-term on-the-job training,BA+,77935.69347764525,1370.0,362.29999999999995,133.5252625969383,1592.6541320507108,1592.6541320507108,42.29493248501808,42.29493248501808,0.026556257026476224,0.026556257026476224
9,"9. Dealers, Maintenance, & Repair",2030,sam_mi_moodys_mi_detail,moodys_mi_detail,Moody's MI (detail),15-0000,Computer and Mathematical Occupations,153.861257473059,153.861257473059,153.861257473059,0.0010776582973990303,0.0010931351114997036,0.0005530988980135788,"Some college, no degree",Unreported,Moderate-term on-the-job training,SC or associate's,70062.66666666651,90.0,55.099999999999994,8.237039603574395,152.16440752075874,152.16440752075874,1.696849952300255,1.696849952300255,0.011151424830203906,0.011151424830203906
9,"9. Dealers, Maintenance, & Repair",2030,sam_mi_moodys_mi_detail,moodys_mi_detail,Moody's MI (detail),23-0000,Legal Occupations,51.28708582435567,51.28708582435567,51.28708582435567,0.0003592194324663622,0.0003643783704999012,0.0001684565171615,Associate's degree,Unreported,Unreported,SC or associate's,68760.0,0.0,4.7,4.726456928911209,50.72146917358625,50.72146917358625,0.5656166507694209,0.5656166507694209,0.01115142483025653,0.01115142483025653
9,"9. Dealers, Maintenance, & Repair",2030,sam_mi_moodys_mi_detail,moodys_mi_detail,Moody's MI (detail),27-0000,"Arts, Design, Entertainment, Sports, and Media Occupations",53.81028429358948,53.81028429358948,53.81028429358948,0.0003768921449543026,0.0003643783704999012,0.0005474836807749,High school diploma or equivalent,Unreported,Moderate-term on-the-job training,HS or less,42520.0,0.0,12.7,4.478313306216163,50.72146917358625,50.72146917358625,3.0888151200032326,3.0888151200032326,0.060897587753861164,0.060897587753861164
9,"9. Dealers, Maintenance, & Repair",2030,sam_mi_moodys_mi_detail,moodys_mi_detail,Moody's MI (detail),37-0000,Building and Grounds Cleaning and Maintenance Occupations,345.45056905045243,345.45056905045243,345.45056905045243,0.0024195673309352897,0.0024048972452995077,0.0050536955148452,No formal educational credential,Unreported,Short-term on-the-job training,HS or less,35930.0,500.0,351.3,49.10049559290498,334.76169654569145,334.76169654569145,10.68887250476098,10.68887250476098,0.03192979547856384,0.03192979547856384
9,"9. Dealers, Maintenance, & Repair",2030,sam_mi_moodys_mi_detail,moodys_mi_detail,Moody's MI (detail),41-0000,Sales and Related Occupations,14323.314524304511,14323.314524304511,14323.314524304511,0.10032180288189554,0.10005830053928007,0.06511006955579417,No formal educational credential,Less than 5 years,Short-term on-the-job training,HS or less,37802.55837140328,13470.0,1575.5,1795.253457678571,13928.115435067786,13928.115435067786,395.19908923672483,395.19908923672483,0.028374196859519456,0.028374196859519456
9,"9. Dealers, Maintenance, & Repair",2030,sam_mi_moodys_mi_detail,moodys_mi_detail,Moody's MI (detail),43-0000,Office and Administrative Support Occupations,7783.6044271173305,7783.6044271173305,7783.6044271173305,0.05451707617834569,0.05749890686488833,0.0184827117229136,High school diploma or equivalent,Less than 5 years,Short-term on-the-job training,HS or less,45655.36827908915,6780.0,1455.2,854.213475171397,8003.847835592455,8003.847835592455,-220.24340847512485,-220.24340847512485,-0.027517190856093048,-0.027517190856093048
9,"9. Dealers, Maintenance, & Repair",2030,sam_mi_moodys_mi_detail,moodys_mi_detail,Moody's MI (detail),49-0000,"Installation, Maintenance, and Repair Occupations",26926.440593955198,26926.440593955198,26926.440593955198,0.1885952487459609,0.18641597434776302,0.15250955264686,Postsecondary nondegree award,Less than 5 years,Short-term on-the-job training,SC or associate's,52658.268378333065,23140.0,376.1000000000001,2312.9240179231947,25949.103629208614,25949.103629208614,977.3369647465843,977.3369647465843,0.0376636117652435,0.0376636117652435
9,"9. Dealers, Maintenance, & Repair",2030,sam_mi_moodys_mi_detail,moodys_mi_detail,Moody's MI (detail),51-0000,Production Occupations,1053.0762905262334,1053.0762905262334,1053.0762905262334,0.0073758425019924195,0.007360443084098374,0.010734933253274887,High school diploma or equivalent,Less than 5 years,Moderate-term on-the-job training,HS or less,48879.92530490349,960.0,314.90000000000003,101.27268496827983,1024.5736773064937,1024.5736773064937,28.502613219739715,28.502613219739715,0.027818998136542372,0.027818998136542372
9,"9. Dealers, Maintenance, & Repair",2030,sam_mi_moodys_mi_detail,moodys_mi_detail,Moody's MI (detail),53-0000,Transportation and Material Moving Occupations,14741.12826125529,14741.12826125529,14741.12826125529,0.10324820844874945,0.10253607345867963,0.054008482390262735,No formal educational credential,Less than 5 years,Short-term on-the-job training,HS or less,38074.17237866983,15180.0,1463.5,1950.7039354637243,14273.021425448203,14273.021425448203,468.1068358070861,468.1068358070861,0.03279661830903379,0.03279661830903379
9,"9. Dealers, Maintenance, & Repair",2030,sam_mi_moodys_us,moodys_us,Moody's US,00-0000,All Occupations,72530.48400000003,72530.48400000003,72530.48400000003,0.5,0.5000000000000001,0.08537790494882162,No formal educational credential,Less than 5 years,Short-term on-the-job training,HS or less,50150.851720806364,64460.0,6510.3,7682.503001309784,69600.00000000001,69600.00000000001,2930.4840000000113,2930.4840000000113,0.04210465517241395,0.04210465517241395
9,"9. Dealers, Maintenance, & Repair",2030,sam_mi_moodys_us,moodys_us,Moody's US,11-0000,Management Occupations,4389.131684296047,4389.131684296047,4389.131684296047,0.030257151491613135,0.03046203177379395,0.03198286015388779,Bachelor's degree,5 years or more,Unreported,BA+,114870.57292114719,2970.0,539.0,352.490689805256,4240.314822912118,4240.314822912118,148.81686138392888,148.81686138392888,0.035095710483526325,0.035095710483526325
9,"9. Dealers, Maintenance, & Repair",2030,sam_mi_moodys_us,moodys_us,Moody's US,13-0000,Business and Financial Operations Occupations,1661.1413839673965,1661.1413839673965,1661.1413839673965,0.011451332545687934,0.011441480833697636,0.006737187715013419,Bachelor's degree,Unreported,Moderate-term on-the-job training,BA+,77935.69347764524,1370.0,362.29999999999995,135.6643728640397,1592.6541320507108,1592.6541320507108,68.48725191668564,68.48725191668564,0.043001961655353915,0.043001961655353915
9,"9. Dealers, Maintenance, & Repair",2030,sam_mi_moodys_us,moodys_us,Moody's US,15-0000,Computer and Mathematical Occupations,156.32615579393527,156.32615579393527,156.32615579393527,0.0010776582973990303,0.0010931351114997036,0.0005530988980135788,"Some college, no degree",Unreported,Moderate-term on-the-job training,SC or associate's,70062.66666666651,90.0,55.099999999999994,8.368999171702827,152.16440752075874,152.16440752075874,4.161748273176528,4.161748273176528,0.027350339944699414,0.027350339944699414
9,"9. Dealers, Maintenance, & Repair",2030,sam_mi_moodys_us,moodys_us,Moody's US,23-0000,Legal Occupations,52.108718597981145,52.108718597981145,52.108718597981145,0.0003592194324663622,0.0003643783704999012,0.0001684565171615,Associate's degree,Unreported,Unreported,SC or associate's,68760.0,0.0,4.7,4.802176027657087,50.72146917358625,50.72146917358625,1.387249424394895,1.387249424394895,0.02735033994475302,0.02735033994475302
9,"9. Dealers, Maintenance, & Repair",2030,sam_mi_moodys_us,moodys_us,Moody's US,27-0000,"Arts, Design, Entertainment, Sports, and Media Occupations",54.67233937866747,54.67233937866747,54.67233937866747,0.0003768921449543026,0.0003643783704999012,0.0005474836807749,High school diploma or equivalent,Unreported,Moderate-term on-the-job training,HS or less,42520.0,0.0,12.7,4.550057078041133,50.72146917358625,50.72146917358625,3.950870205081223,3.950870205081223,0.07789344964673621,0.07789344964673621
9,"9. Dealers, Maintenance, & Repair",2030,sam_mi_moodys_us,moodys_us,Moody's US,37-0000,Building and Grounds Cleaning and Maintenance Occupations,350.9847791666496,350.9847791666496,350.9847791666496,0.0024195673309352897,0.0024048972452995077,0.0050536955148452,No formal educational credential,Unreported,Short-term on-the-job training,HS or less,35930.0,500.0,351.3,49.88709860869235,334.76169654569145,334.76169654569145,16.223082620958166,16.223082620958166,0.04846158562451868,0.04846158562451868
9,"9. Dealers, Maintenance, & Repair",2030,sam_mi_moodys_us,moodys_us,Moody's US,41-0000,Sales and Related Occupations,14552.777837552963,14552.777837552963,14552.777837552963,0.10032180288189554,0.10005830053928007,0.06511006955579417,No formal educational credential,Less than 5 years,Short-term on-the-job training,HS or less,37802.55837140327,13470.0,1575.5,1824.0138961804732,13928.115435067786,13928.115435067786,624.6624024851772,624.6624024851772,0.044849025368674154,0.044849025368674154
9,"9. Dealers, Maintenance, & Repair",2030,sam_mi_moodys_us,moodys_us,Moody's US,43-0000,Office and Administrative Support Occupations,7908.2998429605705,7908.2998429605705,7908.2998429605705,0.0545170761783457,0.05749890686488833,0.0184827117229136,High school diploma or equivalent,Less than 5 years,Short-term on-the-job training,HS or less,45655.36827908913,6780.0,1455.2,867.8982025368192,8003.847835592455,8003.847835592455,-95.54799263188488,-95.54799263188488,-0.011937757263074241,-0.011937757263074241
9,"9. Dealers, Maintenance, & Repair",2030,sam_mi_moodys_us,moodys_us,Moody's US,49-0000,"Installation, Maintenance, and Repair Occupations",27357.809343289882,27357.809343289882,27357.809343289882,0.1885952487459609,0.18641597434776302,0.15250955264686,Postsecondary nondegree award,Less than 5 years,Short-term on-the-job training,SC or associate's,52658.26837833306,23140.0,376.1000000000001,2349.977676665661,25949.103629208614,25949.103629208614,1408.7057140812685,1408.7057140812685,0.0542872591751344,0.0542872591751344
9,"9. Dealers, Maintenance, & Repair",2030,sam_mi_moodys_us,moodys_us,Moody's US,51-0000,Production Occupations,1069.9468531545626,1069.9468531545626,1069.9468531545626,0.0073758425019924195,0.007360443084098374,0.010734933253274887,High school diploma or equivalent,Less than 5 years,Moderate-term on-the-job training,HS or less,48879.92530490349,960.0,314.90000000000003,102.8951003522998,1024.5736773064937,1024.5736773064937,45.37317584806897,45.37317584806897,0.044284932214294935,0.044284932214294935
9,"9. Dealers, Maintenance, & Repair",2030,sam_mi_moodys_us,moodys_us,Moody's US,53-0000,Transportation and Material Moving Occupations,14977.28506184138,14977.28506184138,14977.28506184138,0.10324820844874945,0.10253607345867963,0.054008482390262735,No formal educational credential,Less than 5 years,Short-term on-the-job training,HS or less,38074.17237866983,15180.0,1463.5,1981.9547320191418,14273.021425448203,14273.021425448203,704.2636363931761,704.2636363931761,0.04934229518758399,0.04934229518758399
10,10. Logistics,2030,sam_mi_bls_us,bls_us,BLS US,00-0000,All Occupations,47264.11200000001,47264.11200000001,47264.11200000001,0.5,0.5,0.3397033900435831,Postsecondary nondegree award,5 years or more,Short-term on-the-job training,SC or associate's,58908.877146879866,45070.0,5282.5,4835.7309770479405,46889.0,46889.0,375.11200000000827,375.11200000000827,0.008000000000000177,0.008000000000000177
10,10. Logistics,2030,sam_mi_bls_us,bls_us,BLS US,11-0000,Management Occupations,2545.341098301089,2545.341098301089,2545.341098301089,0.02692678430413639,0.02629897785349225,0.014273019477853225,Bachelor's degree,5 years or more,Unreported,BA+,112702.06049847849,1820.0,654.2,207.68357036676957,2466.2655451447963,2466.2655451447963,79.0755531562927,79.0755531562927,0.03206287064747122,0.03206287064747122
10,10. Logistics,2030,sam_mi_bls_us,bls_us,BLS US,13-0000,Business and Financial Operations Occupations,2437.748297123235,2437.748297123235,2437.748297123235,0.025788576088377948,0.024808347529812494,0.004012323445669633,Bachelor's degree,Less than 5 years,Moderate-term on-the-job training,BA+,80051.75317497582,440.0,583.2,225.17575373800625,2326.477214650756,2326.477214650756,111.27108247247861,111.27108247247861,0.04782814195288918,0.04782814195288918
10,10. Logistics,2030,sam_mi_bls_us,bls_us,BLS US,15-0000,Computer and Mathematical Occupations,183.23903704791005,183.23903704791005,183.23903704791005,0.0019384584761468703,0.0019165247018739038,0.0005112364000316332,Bachelor's degree,Unreported,Moderate-term on-the-job training,BA+,102939.08272817542,0.0,170.3,10.455253144206264,179.72785349233095,179.72785349233095,3.5111835555790947,3.5111835555790947,0.01953611244641565,0.01953611244641565
10,10. Logistics,2030,sam_mi_bls_us,bls_us,BLS US,19-0000,"Life, Physical, and Social Science Occupations",160.5252811275277,160.5252811275277,160.5252811275277,0.0016981730358916684,0.001597103918228253,0.002851403019895,Bachelor's degree,Unreported,Unreported,BA+,83910.0,160.0,14.9,17.066191143775686,149.77321124360913,149.77321124360913,10.75206988391858,10.75206988391858,0.07178900548797157,0.07178900548797157
10,10. Logistics,2030,sam_mi_bls_us,bls_us,BLS US,37-0000,Building and Grounds Cleaning and Maintenance Occupations,80.2934015227299,80.2934015227299,80.2934015227299,0.0008494119335483324,0.0008517887563884016,0.0017035775127767997,No formal educational credential,Unreported,Short-term on-the-job training,HS or less,35930.0,180.0,351.3,11.412474492205458,79.87904599659153,79.87904599659153,0.41435552613836535,0.41435552613836535,0.005187286865644916,0.005187286865644916
10,10. Logistics,2030,sam_mi_bls_us,bls_us,BLS US,41-0000,Sales and Related Occupations,503.8514185328397,503.8514185328397,503.8514185328397,0.0053301690988380316,0.005430153321976111,0.007475402836917245,High school diploma or equivalent,Unreported,Moderate-term on-the-job training,HS or less,66381.0272222127,420.0,237.8,48.42658715785906,509.22891822827575,509.22891822827575,-5.377499695436029,-5.377499695436029,-0.010560083103971362,-0.010560083103971362
10,10. Logistics,2030,sam_mi_bls_us,bls_us,BLS US,43-0000,Office and Administrative Support Occupations,4638.665969445161,4638.665969445161,4638.665969445161,0.049071756277206266,0.051639693356047546,0.016980813157608143,High school diploma or equivalent,Less than 5 years,Moderate-term on-the-job training,HS or less,48259.79072551434,4940.0,1302.1999999999998,452.1792970486382,4842.667163543427,4842.667163543427,-204.00119409826584,-204.00119409826584,-0.04212579291718165,-0.04212579291718165
10,10. Logistics,2030,sam_mi_bls_us,bls_us,BLS US,47-0000,Construction and Extraction Occupations,282.1612405106903,282.1612405106903,282.1612405106903,0.002984941730320568,0.0029812606473594056,0.0006341594378662001,High school diploma or equivalent,Less than 5 years,Moderate-term on-the-job training,HS or less,55835.84373712838,50.0,248.8,23.99244226500224,279.57666098807033,279.57666098807033,2.584579522619947,2.584579522619947,0.009244618322164711,0.009244618322164711
10,10. Logistics,2030,sam_mi_bls_us,bls_us,BLS US,49-0000,"Installation, Maintenance, and Repair Occupations",2511.3073362227683,2511.3073362227683,2511.3073362227683,0.026566746205056894,0.026511925042589403,0.031957523568449234,High school diploma or equivalent,Less than 5 years,Long-term on-the-job training,HS or less,60242.97525198594,1970.0,260.20000000000005,209.72111219659257,2486.235306643949,2486.235306643949,25.072029578819183,25.072029578819183,0.010084334942802628,0.010084334942802628
10,10. Logistics,2030,sam_mi_bls_us,bls_us,BLS US,53-0000,Transportation and Material Moving Occupations,33920.97892016606,33920.97892016606,33920.97892016606,0.35884498285047706,0.3579642248722322,0.4682121031502871,Postsecondary nondegree award,Less than 5 years,Short-term on-the-job training,SC or associate's,54323.22349000492,35090.0,1459.6,3629.6182954948854,33569.16908006819,33569.16908006819,351.8098400978706,351.8098400978706,0.010480147401287896,0.010480147401287896
10,10. Logistics,2030,sam_mi_dtmb_mi,dtmb_mi,DTMB MI,00-0000,All Occupations,47498.556999999964,47498.556999999964,47498.556999999964,0.5000000000000001,0.5,0.3397033900435831,Postsecondary nondegree award,5 years or more,Short-term on-the-job training,SC or associate's,58908.87714687986,45070.0,5282.5,4859.717737846785,46889.0,46889.0,609.5569999999643,609.5569999999643,0.01299999999999924,0.01299999999999924
10,10. Logistics,2030,sam_mi_dtmb_mi,dtmb_mi,DTMB MI,11-0000,Management Occupations,2557.9667981934526,2557.9667981934526,2557.9667981934526,0.026926784304136385,0.02629897785349225,0.014273019477853225,Bachelor's degree,5 years or more,Unreported,BA+,112702.06049847849,1820.0,654.2,208.71374680708067,2466.2655451447963,2466.2655451447963,91.70125304865633,91.70125304865633,0.03718223012488806,0.03718223012488806
10,10. Logistics,2030,sam_mi_dtmb_mi,dtmb_mi,DTMB MI,13-0000,Business and Financial Operations Occupations,2449.8403025653115,2449.8403025653115,2449.8403025653115,0.025788576088377944,0.024808347529812494,0.004012323445669633,Bachelor's degree,Less than 5 years,Moderate-term on-the-job training,BA+,80051.75317497583,440.0,583.2,226.29269696091276,2326.477214650756,2326.477214650756,123.36308791455531,123.36308791455531,0.05302570218082888,0.05302570218082888
10,10. Logistics,2030,sam_mi_dtmb_mi,dtmb_mi,DTMB MI,15-0000,Computer and Mathematical Occupations,184.14796084279038,184.14796084279038,184.14796084279038,0.0019384584761468705,0.0019165247018739038,0.0005112364000316332,Bachelor's degree,Unreported,Moderate-term on-the-job training,BA+,102939.08272817542,0.0,170.3,10.507114518929498,179.72785349233095,179.72785349233095,4.420107350459432,4.420107350459432,0.02459333522640685,0.02459333522640685
10,10. Logistics,2030,sam_mi_dtmb_mi,dtmb_mi,DTMB MI,19-0000,"Life, Physical, and Social Science Occupations",161.32153748232676,161.32153748232676,161.32153748232676,0.0016981730358916684,0.001597103918228253,0.002851403019895,Bachelor's degree,Unreported,Unreported,BA+,83910.0,160.0,14.9,17.150844869687255,149.77321124360913,149.77321124360913,11.548326238717635,11.548326238717635,0.07710541920566857,0.07710541920566857
10,10. Logistics,2030,sam_mi_dtmb_mi,dtmb_mi,DTMB MI,37-0000,Building and Grounds Cleaning and Maintenance Occupations,80.69168228425129,80.69168228425129,80.69168228425129,0.0008494119335483324,0.0008517887563884016,0.0017035775127767997,No formal educational credential,Unreported,Short-term on-the-job training,HS or less,35930.0,180.0,351.3,11.46908398869456,79.87904599659153,79.87904599659153,0.8126362876597568,0.8126362876597568,0.01017333491557263,0.01017333491557263
10,10. Logistics,2030,sam_mi_dtmb_mi,dtmb_mi,DTMB MI,41-0000,Sales and Related Occupations,506.3506815215934,506.3506815215934,506.3506815215934,0.005330169098838032,0.005430153321976111,0.007475402836917245,High school diploma or equivalent,Unreported,Moderate-term on-the-job training,HS or less,66381.02722221268,420.0,237.8,48.666798403681724,509.22891822827575,509.22891822827575,-2.878236706682344,-2.878236706682344,-0.005652147008257878,-0.005652147008257878
10,10. Logistics,2030,sam_mi_dtmb_mi,dtmb_mi,DTMB MI,43-0000,Office and Administrative Support Occupations,4661.675225245975,4661.675225245975,4661.675225245975,0.04907175627720626,0.051639693356047546,0.016980813157608143,High school diploma or equivalent,Less than 5 years,Moderate-term on-the-job training,HS or less,48259.790725514344,4940.0,1302.1999999999998,454.4222499109821,4842.667163543427,4842.667163543427,-180.99193829745218,-180.99193829745218,-0.03737443276300216,-0.03737443276300216
10,10. Logistics,2030,sam_mi_dtmb_mi,dtmb_mi,DTMB MI,47-0000,Construction and Extraction Occupations,283.56084983862,283.56084983862,283.56084983862,0.002984941730320568,0.0029812606473594056,0.0006341594378662001,High school diploma or equivalent,Less than 5 years,Moderate-term on-the-job training,HS or less,55835.843737128365,50.0,248.8,24.11145239528496,279.57666098807033,279.57666098807033,3.9841888505496854,3.9841888505496854,0.0142507920241586,0.0142507920241586
10,10. Logistics,2030,sam_mi_dtmb_mi,dtmb_mi,DTMB MI,49-0000,"Installation, Maintenance, and Repair Occupations",2523.7642178508545,2523.7642178508545,2523.7642178508545,0.02656674620505689,0.026511925042589403,0.031957523568449234,High school diploma or equivalent,Less than 5 years,Long-term on-the-job training,HS or less,60242.97525198595,1970.0,260.20000000000005,210.76139549121834,2486.235306643949,2486.235306643949,37.52891120690538,37.52891120690538,0.015094673905811382,0.015094673905811382
10,10. Logistics,2030,sam_mi_dtmb_mi,dtmb_mi,DTMB MI,53-0000,Transportation and Material Moving Occupations,34089.23774417478,34089.23774417478,34089.23774417478,0.35884498285047706,0.3579642248722322,0.4682121031502871,Postsecondary nondegree award,Less than 5 years,Short-term on-the-job training,SC or associate's,54323.22349000493,35090.0,1459.6,3647.622354500312,33569.16908006819,33569.16908006819,520.0686641065913,520.0686641065913,0.015492449719745487,0.015492449719745487
10,10. Logistics,2030,sam_mi_moodys_mi,moodys_mi,Moody's MI,00-0000,All Occupations,41723.84700000001,41723.84700000001,41723.84700000001,0.5,0.5,0.3397033900435831,Postsecondary nondegree award,5 years or more,Short-term on-the-job training,SC or associate's,58908.87714687986,45070.0,5282.5,4268.890091905435,46889.0,46889.0,-5165.152999999991,-5165.152999999991,-0.11015703043357698,-0.11015703043357698
10,10. Logistics,2030,sam_mi_moodys_mi,moodys_mi,Moody's MI,11-0000,Management Occupations,2246.9780570155767,2246.9780570155767,2246.9780570155767,0.02692678430413639,0.02629897785349225,0.014273019477853225,Bachelor's degree,5 years or more,Unreported,BA+,112702.06049847847,1820.0,654.2,183.33905256480492,2466.2655451447963,2466.2655451447963,-219.28748812921958,-219.28748812921958,-0.08891479206726907,-0.08891479206726907
10,10. Logistics,2030,sam_mi_moodys_mi,moodys_mi,Moody's MI,13-0000,Business and Financial Operations Occupations,2151.997206118681,2151.997206118681,2151.997206118681,0.025788576088377955,0.024808347529812494,0.004012323445669633,Bachelor's degree,Less than 5 years,Moderate-term on-the-job training,BA+,80051.7531749758,440.0,583.2,198.78081486169145,2326.477214650756,2326.477214650756,-174.48000853207532,-174.48000853207532,-0.07499751445374363,-0.07499751445374363
10,10. Logistics,2030,sam_mi_moodys_mi,moodys_mi,Moody's MI,15-0000,Computer and Mathematical Occupations,161.75988974921034,161.75988974921034,161.75988974921034,0.00193845847614687,0.0019165247018739038,0.0005112364000316332,Bachelor's degree,Unreported,Moderate-term on-the-job training,BA+,102939.08272817545,0.0,170.3,9.229695937905934,179.72785349233095,179.72785349233095,-17.967963743120606,-17.967963743120606,-0.09997317273856668,-0.09997317273856668
10,10. Logistics,2030,sam_mi_moodys_mi,moodys_mi,Moody's MI,19-0000,"Life, Physical, and Social Science Occupations",141.708623858139,141.708623858139,141.708623858139,0.0016981730358916684,0.001597103918228253,0.002851403019895,Bachelor's degree,Unreported,Unreported,BA+,83910.0,160.0,14.9,15.0657045700055,149.77321124360913,149.77321124360913,-8.064587385470134,-8.064587385470134,-0.05384532599994081,-0.05384532599994081
10,10. Logistics,2030,sam_mi_moodys_mi,moodys_mi,Moody's MI,37-0000,Building and Grounds Cleaning and Maintenance Occupations,70.8814671106896,70.8814671106896,70.8814671106896,0.0008494119335483325,0.0008517887563884016,0.0017035775127767997,No formal educational credential,Unreported,Short-term on-the-job training,HS or less,35930.0,180.0,351.3,10.074712492306707,79.87904599659153,79.87904599659153,-8.99757888590193,-8.99757888590193,-0.1126400393700979,-0.1126400393700979
10,10. Logistics,2030,sam_mi_moodys_mi,moodys_mi,Moody's MI,41-0000,Sales and Related Occupations,444.790319928092,444.790319928092,444.790319928092,0.005330169098838032,0.005430153321976111,0.007475402836917245,High school diploma or equivalent,Unreported,Moderate-term on-the-job training,HS or less,66381.02722221268,420.0,237.8,42.75005766122669,509.22891822827575,509.22891822827575,-64.43859830018374,-64.43859830018374,-0.12654151402944752,-0.12654151402944752
10,10. Logistics,2030,sam_mi_moodys_mi,moodys_mi,Moody's MI,43-0000,Office and Administrative Support Occupations,4094.924901862889,4094.924901862889,4094.924901862889,0.04907175627720627,0.051639693356047546,0.016980813157608143,High school diploma or equivalent,Less than 5 years,Moderate-term on-the-job training,HS or less,48259.79072551434,4940.0,1302.1999999999998,399.17516712521603,4842.667163543427,4842.667163543427,-747.7422616805379,-747.7422616805379,-0.15440711418486328,-0.15440711418486328
10,10. Logistics,2030,sam_mi_moodys_mi,moodys_mi,Moody's MI,47-0000,Construction and Extraction Occupations,249.08650411962134,249.08650411962134,249.08650411962134,0.002984941730320568,0.0029812606473594056,0.0006341594378662001,High school diploma or equivalent,Less than 5 years,Moderate-term on-the-job training,HS or less,55835.843737128365,50.0,248.8,21.18006554785768,279.57666098807033,279.57666098807033,-30.49015686844899,-30.49015686844899,-0.10905830537031137,-0.10905830537031137
10,10. Logistics,2030,sam_mi_moodys_mi,moodys_mi,Moody's MI,49-0000,"Installation, Maintenance, and Repair Occupations",2216.933707895249,2216.933707895249,2216.933707895249,0.02656674620505689,0.026511925042589403,0.031957523568449234,High school diploma or equivalent,Less than 5 years,Long-term on-the-job training,HS or less,60242.97525198595,1970.0,260.20000000000005,185.13775521606038,2486.235306643949,2486.235306643949,-269.30159874870014,-269.30159874870014,-0.10831701972417791,-0.10831701972417791
10,10. Logistics,2030,sam_mi_moodys_mi,moodys_mi,Moody's MI,53-0000,Transportation and Material Moving Occupations,29944.786322341864,29944.786322341864,29944.786322341864,0.35884498285047706,0.3579642248722322,0.4682121031502871,Postsecondary nondegree award,Less than 5 years,Short-term on-the-job training,SC or associate's,54323.22349000492,35090.0,1459.6,3204.1570659283598,33569.16908006819,33569.16908006819,-3624.3827577263255,-3624.3827577263255,-0.10796760411559651,-0.10796760411559651
10,10. Logistics,2030,sam_mi_moodys_mi_detail,moodys_mi_detail,Moody's MI (detail),00-0000,All Occupations,42092.6682197545,42092.6682197545,42092.6682197545,0.5,0.5,0.3397033900435831,Postsecondary nondegree award,5 years or more,Short-term on-the-job training,SC or associate's,58908.87714687985,45070.0,5282.5,4306.6252808657055,46889.0,46889.0,-4796.3317802454985,-4796.3317802454985,-0.10229119367539292,-0.10229119367539292
10,10. Logistics,2030,sam_mi_moodys_mi_detail,moodys_mi_detail,Moody's MI (detail),11-0000,Management Occupations,2266.8403958778117,2266.8403958778117,2266.8403958778117,0.02692678430413638,0.02629897785349225,0.014273019477853225,Bachelor's degree,5 years or more,Unreported,BA+,112702.06049847849,1820.0,654.2,184.95969250712815,2466.2655451447963,2466.2655451447963,-199.4251492669846,-199.4251492669846,-0.08086118287610274,-0.08086118287610274
10,10. Logistics,2030,sam_mi_moodys_mi_detail,moodys_mi_detail,Moody's MI (detail),13-0000,Business and Financial Operations Occupations,2171.0199542959745,2171.0199542959745,2171.0199542959745,0.025788576088377948,0.024808347529812494,0.004012323445669633,Bachelor's degree,Less than 5 years,Moderate-term on-the-job training,BA+,80051.7531749758,440.0,583.2,200.53795347360037,2326.477214650756,2326.477214650756,-155.45726035478174,-155.45726035478174,-0.06682088239498125,-0.06682088239498125
10,10. Logistics,2030,sam_mi_moodys_mi_detail,moodys_mi_detail,Moody's MI (detail),15-0000,Computer and Mathematical Occupations,163.18977898844219,163.18977898844219,163.18977898844219,0.0019384584761468699,0.0019165247018739038,0.0005112364000316332,Bachelor's degree,Unreported,Moderate-term on-the-job training,BA+,102939.08272817542,0.0,170.3,9.311282559431545,179.72785349233095,179.72785349233095,-16.538074503888765,-16.538074503888765,-0.09201731497112911,-0.09201731497112911
10,10. Logistics,2030,sam_mi_moodys_mi_detail,moodys_mi_detail,Moody's MI (detail),19-0000,"Life, Physical, and Social Science Occupations",142.9612683590425,142.9612683590425,142.9612683590425,0.0016981730358916682,0.001597103918228253,0.002851403019895,Bachelor's degree,Unreported,Unreported,BA+,83910.0,160.0,14.9,15.198879047804017,149.77321124360913,149.77321124360913,-6.811942884566633,-6.811942884566633,-0.04548171751146386,-0.04548171751146386
10,10. Logistics,2030,sam_mi_moodys_mi_detail,moodys_mi_detail,Moody's MI (detail),37-0000,Building and Grounds Cleaning and Maintenance Occupations,71.50802940150022,71.50802940150022,71.50802940150022,0.0008494119335483324,0.0008517887563884016,0.0017035775127767997,No formal educational credential,Unreported,Short-term on-the-job training,HS or less,35930.0,180.0,351.3,10.163768703975979,79.87904599659153,79.87904599659153,-8.371016595091305,-8.371016595091305,-0.10479615136425766,-0.10479615136425766
10,10. Logistics,2030,sam_mi_moodys_mi_detail,moodys_mi_detail,Moody's MI (detail),41-0000,Sales and Related Occupations,448.72207886515423,448.72207886515423,448.72207886515423,0.0053301690988380316,0.005430153321976111,0.007475402836917245,High school diploma or equivalent,Unreported,Moderate-term on-the-job training,HS or less,66381.02722221268,420.0,237.8,43.12795015065099,509.22891822827575,509.22891822827575,-60.506839363121514,-60.506839363121514,-0.11882050919974987,-0.11882050919974987
10,10. Logistics,2030,sam_mi_moodys_mi_detail,moodys_mi_detail,Moody's MI (detail),43-0000,Office and Administrative Support Occupations,4131.122311874196,4131.122311874196,4131.122311874196,0.04907175627720625,0.051639693356047546,0.016980813157608143,High school diploma or equivalent,Less than 5 years,Moderate-term on-the-job training,HS or less,48259.79072551434,4940.0,1302.1999999999998,402.70370733951654,4842.667163543427,4842.667163543427,-711.5448516692304,-711.5448516692304,-0.1469324295144385,-0.1469324295144385
10,10. Logistics,2030,sam_mi_moodys_mi_detail,moodys_mi_detail,Moody's MI (detail),47-0000,Construction and Extraction Occupations,251.28832381936712,251.28832381936712,251.28832381936712,0.0029849417303205675,0.0029812606473594056,0.0006341594378662001,High school diploma or equivalent,Less than 5 years,Moderate-term on-the-job training,HS or less,55835.843737128365,50.0,248.8,21.367288399332544,279.57666098807033,279.57666098807033,-28.288337168703208,-28.288337168703208,-0.10118275634571043,-0.10118275634571043
10,10. Logistics,2030,sam_mi_moodys_mi_detail,moodys_mi_detail,Moody's MI (detail),49-0000,"Installation, Maintenance, and Repair Occupations",2236.5304673757632,2236.5304673757632,2236.5304673757632,0.02656674620505689,0.026511925042589403,0.031957523568449234,High school diploma or equivalent,Less than 5 years,Long-term on-the-job training,HS or less,60242.97525198595,1970.0,260.20000000000005,186.7742949316191,2486.235306643949,2486.235306643949,-249.70483926818588,-249.70483926818588,-0.10043491804693683,-0.10043491804693683
10,10. Logistics,2030,sam_mi_moodys_mi_detail,moodys_mi_detail,Moody's MI (detail),53-0000,Transportation and Material Moving Occupations,30209.485610897245,30209.485610897245,30209.485610897245,0.358844982850477,0.3579642248722322,0.4682121031502871,Postsecondary nondegree award,Less than 5 years,Short-term on-the-job training,SC or associate's,54323.22349000493,35090.0,1459.6,3232.480463752646,33569.16908006819,33569.16908006819,-3359.6834691709446,-3359.6834691709446,-0.10008241375166382,-0.10008241375166382
10,10. Logistics,2030,sam_mi_moodys_us,moodys_us,Moody's US,00-0000,All Occupations,41179.524000000005,41179.524000000005,41179.524000000005,0.5,0.5,0.3397033900435831,Postsecondary nondegree award,5 years or more,Short-term on-the-job training,SC or associate's,58908.87714687986,45070.0,5282.5,4213.19879715267,46889.0,46889.0,-5709.475999999995,-5709.475999999995,-0.12176578728486415,-0.12176578728486415
10,10. Logistics,2030,sam_mi_moodys_us,moodys_us,Moody's US,11-0000,Management Occupations,2217.6643209900153,2217.6643209900153,2217.6643209900153,0.026926784304136385,0.02629897785349225,0.014273019477853225,Bachelor's degree,5 years or more,Unreported,BA+,112702.06049847849,1820.0,654.2,180.94723900290506,2466.2655451447963,2466.2655451447963,-248.601224154781,-248.601224154781,-0.10080067194880486,-0.10080067194880486
10,10. Logistics,2030,sam_mi_moodys_us,moodys_us,Moody's US,13-0000,Business and Financial Operations Occupations,2123.9225759143715,2123.9225759143715,2123.9225759143715,0.02578857608837794,0.024808347529812494,0.004012323445669633,Bachelor's degree,Less than 5 years,Moderate-term on-the-job training,BA+,80051.75317497582,440.0,583.2,196.1875504034079,2326.477214650756,2326.477214650756,-202.55463873638473,-202.55463873638473,-0.0870649570349614,-0.0870649570349614
10,10. Logistics,2030,sam_mi_moodys_us,moodys_us,Moody's US,15-0000,Computer and Mathematical Occupations,159.64959468298693,159.64959468298693,159.64959468298693,0.0019384584761468699,0.0019165247018739038,0.0005112364000316332,Bachelor's degree,Unreported,Moderate-term on-the-job training,BA+,102939.08272817543,0.0,170.3,9.109286720078803,179.72785349233095,179.72785349233095,-20.07825880934402,-20.07825880934402,-0.1117147866577106,-0.1117147866577106
10,10. Logistics,2030,sam_mi_moodys_us,moodys_us,Moody's US,19-0000,"Life, Physical, and Social Science Occupations",139.85991457530764,139.85991457530764,139.85991457530764,0.0016981730358916682,0.001597103918228253,0.002851403019895,Bachelor's degree,Unreported,Unreported,BA+,83910.0,160.0,14.9,14.869159665872877,149.77321124360913,149.77321124360913,-9.913296668301484,-9.913296668301484,-0.0661887168338623,-0.0661887168338623
10,10. Logistics,2030,sam_mi_moodys_us,moodys_us,Moody's US,37-0000,Building and Grounds Cleaning and Maintenance Occupations,69.95675820687991,69.95675820687991,69.95675820687991,0.0008494119335483322,0.0008517887563884016,0.0017035775127767997,No formal educational credential,Unreported,Short-term on-the-job training,HS or less,35930.0,180.0,351.3,9.943279316263519,79.87904599659153,79.87904599659153,-9.922287789711618,-9.922287789711618,-0.12421640326218976,-0.12421640326218976
10,10. Logistics,2030,sam_mi_moodys_us,moodys_us,Moody's US,41-0000,Sales and Related Occupations,438.98765265931826,438.98765265931826,438.98765265931826,0.0053301690988380316,0.005430153321976111,0.007475402836917245,High school diploma or equivalent,Unreported,Moderate-term on-the-job training,HS or less,66381.02722221268,420.0,237.8,42.19234687208656,509.22891822827575,509.22891822827575,-70.24126556895749,-70.24126556895749,-0.13793652138480855,-0.13793652138480855
10,10. Logistics,2030,sam_mi_moodys_us,moodys_us,Moody's US,43-0000,Office and Administrative Support Occupations,4041.503130678732,4041.503130678732,4041.503130678732,0.04907175627720626,0.051639693356047546,0.016980813157608143,High school diploma or equivalent,Less than 5 years,Moderate-term on-the-job training,HS or less,48259.79072551435,4940.0,1302.1999999999998,393.967588243645,4842.667163543427,4842.667163543427,-801.164032864695,-801.164032864695,-0.16543859113341902,-0.16543859113341902
10,10. Logistics,2030,sam_mi_moodys_us,moodys_us,Moody's US,47-0000,Construction and Extraction Occupations,245.8369592446747,245.8369592446747,245.8369592446747,0.002984941730320567,0.0029812606473594056,0.0006341594378662001,High school diploma or equivalent,Less than 5 years,Moderate-term on-the-job training,HS or less,55835.843737128365,50.0,248.8,20.90375361479919,279.57666098807033,279.57666098807033,-33.73970174339564,-33.73970174339564,-0.1206813960226649,-0.1206813960226649
10,10. Logistics,2030,sam_mi_moodys_us,moodys_us,Moody's US,49-0000,"Installation, Maintenance, and Repair Occupations",2188.0119259060984,2188.0119259060984,2188.0119259060984,0.02656674620505689,0.026511925042589403,0.031957523568449234,High school diploma or equivalent,Less than 5 years,Long-term on-the-job training,HS or less,60242.97525198595,1970.0,260.20000000000005,182.72247605130664,2486.235306643949,2486.235306643949,-298.2233807378507,-298.2233807378507,-0.11994978107700041,-0.11994978107700041
10,10. Logistics,2030,sam_mi_moodys_us,moodys_us,Moody's US,53-0000,Transportation and Material Moving Occupations,29554.131167141615,29554.131167141615,29554.131167141615,0.358844982850477,0.3579642248722322,0.4682121031502871,Postsecondary nondegree award,Less than 5 years,Short-term on-the-job training,SC or associate's,54323.22349000492,35090.0,1459.6,3162.3561172623045,33569.16908006819,33569.16908006819,-4015.037912926575,-4015.037912926575,-0.11960492389162285,-0.11960492389162285
