stage_clean,methodology,projection_method,projection_label,occcd,soctitle,ep_entry_education,ep_work_experience,ep_on_the_job_training,ep_edu_grouped,ep_avg_annual_salary,employment,employment_auto,employment_raw,employment_auto_2024,employment_raw_2024,employment_auto_change,employment_raw_change,openings,ep_openings_annual_avg,empl_2021,employment_auto_pct_change,employment_raw_pct_change,year
Core Automotive,sam_mi_bls_us,bls_us,BLS US,00-0000,All Occupations,High school diploma or equivalent,Unreported,Moderate-term on-the-job training,HS or less,58266.25532512931,158280.593,158280.593,158280.593,173082.00000000003,173082.00000000003,-14801.407000000036,-14801.407000000036,15315.542953649066,6966.0,168160.0,-0.08551673195364067,-0.08551673195364067,2030
Core Automotive,sam_mi_bls_us,bls_us,BLS US,11-0000,Management Occupations,Bachelor's degree,5 years or more,Unreported,BA+,133494.38562820357,8194.523040539409,8194.523040539409,8194.523040539409,8931.665635738758,8931.665635738758,-737.1425951993497,-737.1425951993497,606.221047628683,761.9,7780.0,-0.0825313693170265,-0.0825313693170265,2030
Core Automotive,sam_mi_bls_us,bls_us,BLS US,13-0000,Business and Financial Operations Occupations,Bachelor's degree,Unreported,Unreported,BA+,82697.59450439614,5608.143406643497,5608.143406643497,5608.143406643497,5967.661168384812,5967.661168384812,-359.51776174131555,-359.51776174131555,482.52641207274525,784.0000000000001,5340.0,-0.06024433217588683,-0.06024433217588683,2030
Core Automotive,sam_mi_bls_us,bls_us,BLS US,15-0000,Computer and Mathematical Occupations,Bachelor's degree,Unreported,Unreported,BA+,118067.84309307828,2316.3617946290797,2316.3617946290797,2316.3617946290797,2438.6123711339515,2438.6123711339515,-122.25057650487179,-122.25057650487179,143.89735889148582,305.8,1450.0,-0.05013120492291501,-0.05013120492291501,2030
Core Automotive,sam_mi_bls_us,bls_us,BLS US,17-0000,Architecture and Engineering Occupations,Bachelor's degree,Unreported,Unreported,BA+,96289.15374747862,12531.377274226092,12531.377274226092,12531.377274226092,13352.889690721599,13352.889690721599,-821.5124164955068,-821.5124164955068,849.8562529994608,98.5,12260.0,-0.06152319352015195,-0.06152319352015195,2030
Core Automotive,sam_mi_bls_us,bls_us,BLS US,19-0000,"Life, Physical, and Social Science Occupations",Bachelor's degree,Unreported,Unreported,BA+,80202.06517098683,287.25643762638106,287.25643762638106,287.25643762638106,317.21786941579364,317.21786941579364,-29.961431789412586,-29.961431789412586,31.3831150494295,25.5,230.0,-0.09445064316392784,-0.09445064316392784,2030
Core Automotive,sam_mi_bls_us,bls_us,BLS US,23-0000,Legal Occupations,Doctoral or professional degree,Unreported,Unreported,BA+,151160.0,38.79448233351958,38.79448233351958,38.79448233351958,39.65223367695906,39.65223367695906,-0.8577513434394746,-0.8577513434394746,1.3843400662768244,31.5,70.0,-0.02163185434715858,-0.02163185434715858,2030
Core Automotive,sam_mi_bls_us,bls_us,BLS US,27-0000,"Arts, Design, Entertainment, Sports, and Media Occupations",Bachelor's degree,Unreported,Unreported,BA+,77301.11111111188,174.57517050090144,174.57517050090144,174.57517050090144,178.43505154636767,178.43505154636767,-3.8598810454662384,-3.8598810454662384,14.225180872531226,30.1,50.0,-0.021631854347088413,-0.021631854347088413,2030
Core Automotive,sam_mi_bls_us,bls_us,BLS US,29-0000,Healthcare Practitioners and Technical Occupations,Bachelor's degree,Unreported,Unreported,BA+,93600.0,87.28758525044448,87.28758525044448,87.28758525044448,89.21752577318385,89.21752577318385,-1.929940522739372,-1.929940522739372,4.751250664457636,189.1,110.0,-0.021631854347158492,-0.021631854347158492,2030
Core Automotive,sam_mi_bls_us,bls_us,BLS US,33-0000,Protective Service Occupations,High school diploma or equivalent,Unreported,Short-term on-the-job training,HS or less,38370.0,106.09381835576966,106.09381835576966,106.09381835576966,128.86975945016022,128.86975945016022,-22.77594109439056,-22.77594109439056,13.50712063520395,161.0,60.0,-0.17673611863300676,-0.17673611863300676,2030
Core Automotive,sam_mi_bls_us,bls_us,BLS US,37-0000,Building and Grounds Cleaning and Maintenance Occupations,No formal educational credential,Unreported,Short-term on-the-job training,HS or less,35930.0,408.5698861002492,408.5698861002492,408.5698861002492,456.00068728521956,456.00068728521956,-47.430801184970335,-47.430801184970335,58.07193760601131,351.3,280.0,-0.10401475810781682,-0.10401475810781682,2030
Core Automotive,sam_mi_bls_us,bls_us,BLS US,41-0000,Sales and Related Occupations,High school diploma or equivalent,Unreported,Moderate-term on-the-job training,HS or less,76838.40269455184,1001.1689172768748,1001.1689172768748,1001.1689172768748,1120.1756013745521,1120.1756013745521,-119.0066840976773,-119.0066840976773,86.8798877604525,171.8,1280.0,-0.10623931100770792,-0.10623931100770792,2030
Core Automotive,sam_mi_bls_us,bls_us,BLS US,43-0000,Office and Administrative Support Occupations,High school diploma or equivalent,Unreported,Short-term on-the-job training,HS or less,49466.27454472247,4846.404200640162,4846.404200640162,4846.404200640162,5640.530240549771,5640.530240549771,-794.1260399096091,-794.1260399096091,463.7502068343938,1316.8000000000002,6000.0,-0.1407892531451453,-0.1407892531451453,2030
Core Automotive,sam_mi_bls_us,bls_us,BLS US,47-0000,Construction and Extraction Occupations,High school diploma or equivalent,Unreported,Apprenticeship,HS or less,62404.02647337872,4229.510124206684,4229.510124206684,4229.510124206684,4411.310996563572,4411.310996563572,-181.80087235688825,-181.80087235688825,389.45212213283094,209.7,4520.0,-0.04121243605325306,-0.04121243605325306,2030
Core Automotive,sam_mi_bls_us,bls_us,BLS US,49-0000,"Installation, Maintenance, and Repair Occupations",High school diploma or equivalent,Unreported,Long-term on-the-job training,HS or less,62612.83123963231,8281.292638696938,8281.292638696938,8281.292638696938,8554.969415807507,8554.969415807507,-273.6767771105697,-273.6767771105697,763.6208592458753,450.50000000000006,8690.0,-0.0319903863834839,-0.0319903863834839,2030
Core Automotive,sam_mi_bls_us,bls_us,BLS US,51-0000,Production Occupations,High school diploma or equivalent,Unreported,Moderate-term on-the-job training,HS or less,45767.79451060899,102586.72943842123,102586.72943842123,102586.72943842123,112929.56151202798,112929.56151202798,-10342.832073606754,-10342.832073606754,10507.454154726183,647.7000000000002,112020.0,-0.09158657782006134,-0.09158657782006134,2030
Core Automotive,sam_mi_bls_us,bls_us,BLS US,53-0000,Transportation and Material Moving Occupations,No formal educational credential,Unreported,Short-term on-the-job training,HS or less,42332.830113728756,7582.504784552757,7582.504784552757,7582.504784552757,8525.230240549816,8525.230240549816,-942.7254559970588,-942.7254559970588,898.561706463043,1430.8,8020.0,-0.1105806446743261,-0.1105806446743261,2030
Core Automotive,sam_mi_dtmb_mi,dtmb_mi,DTMB MI,00-0000,All Occupations,High school diploma or equivalent,Unreported,Moderate-term on-the-job training,HS or less,58266.25532512933,167716.4579999999,167716.4579999999,167716.4579999999,173082.00000000003,173082.00000000003,-5365.542000000132,-5365.542000000132,16228.575897064517,6966.0,168160.0,-0.03100000000000076,-0.03100000000000076,2030
Core Automotive,sam_mi_dtmb_mi,dtmb_mi,DTMB MI,11-0000,Management Occupations,Bachelor's degree,5 years or more,Unreported,BA+,133494.38562820357,8683.03784633066,8683.03784633066,8683.03784633066,8931.665635738758,8931.665635738758,-248.62778940809767,-248.62778940809767,642.3607907087636,761.9,7780.0,-0.027836665583768586,-0.027836665583768586,2030
Core Automotive,sam_mi_dtmb_mi,dtmb_mi,DTMB MI,13-0000,Business and Financial Operations Occupations,Bachelor's degree,Unreported,Unreported,BA+,82697.59450439615,5942.471722470111,5942.471722470111,5942.471722470111,5967.661168384812,5967.661168384812,-25.189445914701537,-25.189445914701537,511.29212489296935,784.0000000000001,5340.0,-0.0042209913069711415,-0.0042209913069711415,2030
Core Automotive,sam_mi_dtmb_mi,dtmb_mi,DTMB MI,15-0000,Computer and Mathematical Occupations,Bachelor's degree,Unreported,Unreported,BA+,118067.84309307834,2454.451226637194,2454.451226637194,2454.451226637194,2438.6123711339515,2438.6123711339515,15.838855503242485,15.838855503242485,152.47577034813617,305.8,1450.0,0.006495027947339346,0.006495027947339346,2030
Core Automotive,sam_mi_dtmb_mi,dtmb_mi,DTMB MI,17-0000,Architecture and Engineering Occupations,Bachelor's degree,Unreported,Unreported,BA+,96289.15374747863,13278.432753249126,13278.432753249126,13278.432753249126,13352.889690721599,13352.889690721599,-74.45693747247242,-74.45693747247242,900.5202587421531,98.5,12260.0,-0.005576091707266154,-0.005576091707266154,2030
Core Automotive,sam_mi_dtmb_mi,dtmb_mi,DTMB MI,19-0000,"Life, Physical, and Social Science Occupations",Bachelor's degree,Unreported,Unreported,BA+,80202.06517098683,304.3811710788482,304.3811710788482,304.3811710788482,317.21786941579364,317.21786941579364,-12.83669833694546,-12.83669833694546,33.25401299890764,25.5,230.0,-0.040466504489757305,-0.040466504489757305,2030
Core Automotive,sam_mi_dtmb_mi,dtmb_mi,DTMB MI,23-0000,Legal Occupations,Doctoral or professional degree,Unreported,Unreported,BA+,151160.0,41.107207419430615,41.107207419430615,41.107207419430615,39.65223367695906,39.65223367695906,1.4549737424715588,1.4549737424715588,1.4668672146270907,31.5,70.0,0.036693361446545905,0.036693361446545905,2030
Core Automotive,sam_mi_dtmb_mi,dtmb_mi,DTMB MI,27-0000,"Arts, Design, Entertainment, Sports, and Media Occupations",Bachelor's degree,Unreported,Unreported,BA+,77301.11111111188,184.98243338750484,184.98243338750484,184.98243338750484,178.43505154636767,178.43505154636767,6.547381841137167,6.547381841137167,15.073212104722696,30.1,50.0,0.03669336144662015,0.03669336144662015,2030
Core Automotive,sam_mi_dtmb_mi,dtmb_mi,DTMB MI,29-0000,Healthcare Practitioners and Technical Occupations,Bachelor's degree,Unreported,Unreported,BA+,93600.0,92.49121669374581,92.49121669374581,92.49121669374581,89.21752577318385,89.21752577318385,3.273690920561961,3.273690920561961,5.034495495685823,189.1,110.0,0.03669336144654592,0.03669336144654592,2030
Core Automotive,sam_mi_dtmb_mi,dtmb_mi,DTMB MI,33-0000,Protective Service Occupations,High school diploma or equivalent,Unreported,Short-term on-the-job training,HS or less,38370.0,112.41857951798971,112.41857951798971,112.41857951798971,128.86975945016022,128.86975945016022,-16.451179932170504,-16.451179932170504,14.312344854022097,161.0,60.0,-0.12765741165624603,-0.12765741165624603,2030
Core Automotive,sam_mi_dtmb_mi,dtmb_mi,DTMB MI,37-0000,Building and Grounds Cleaning and Maintenance Occupations,No formal educational credential,Unreported,Short-term on-the-job training,HS or less,35930.0,432.9266958343858,432.9266958343858,432.9266958343858,456.00068728521956,456.00068728521956,-23.073991450833773,-23.073991450833773,61.53388422342601,351.3,280.0,-0.0506007821790879,-0.0506007821790879,2030
Core Automotive,sam_mi_dtmb_mi,dtmb_mi,DTMB MI,41-0000,Sales and Related Occupations,High school diploma or equivalent,Unreported,Moderate-term on-the-job training,HS or less,76838.40269455184,1060.8533963817813,1060.8533963817813,1060.8533963817813,1120.1756013745521,1120.1756013745521,-59.32220499277082,-59.32220499277082,92.0592144017343,171.8,1280.0,-0.05295795134260857,-0.05295795134260857,2030
Core Automotive,sam_mi_dtmb_mi,dtmb_mi,DTMB MI,43-0000,Office and Administrative Support Occupations,High school diploma or equivalent,Unreported,Short-term on-the-job training,HS or less,49466.274544722466,5135.321590358771,5135.321590358771,5135.321590358771,5640.530240549771,5640.530240549771,-505.20865019100074,-505.20865019100074,491.3965800408133,1316.8000000000002,6000.0,-0.08956758117509163,-0.08956758117509163,2030
Core Automotive,sam_mi_dtmb_mi,dtmb_mi,DTMB MI,47-0000,Construction and Extraction Occupations,High school diploma or equivalent,Unreported,Apprenticeship,HS or less,62404.02647337874,4481.651500428007,4481.651500428007,4481.651500428007,4411.310996563572,4411.310996563572,70.34050386443505,70.34050386443505,412.66923029977403,209.7,4520.0,0.015945487388948673,0.015945487388948673,2030
Core Automotive,sam_mi_dtmb_mi,dtmb_mi,DTMB MI,49-0000,"Installation, Maintenance, and Repair Occupations",High school diploma or equivalent,Unreported,Long-term on-the-job training,HS or less,62612.831239632316,8774.980196237473,8774.980196237473,8774.980196237473,8554.969415807507,8554.969415807507,220.01078042996596,220.01078042996596,809.1439597249595,450.50000000000006,8690.0,0.02571730765319154,0.02571730765319154,2030
Core Automotive,sam_mi_dtmb_mi,dtmb_mi,DTMB MI,51-0000,Production Occupations,High school diploma or equivalent,Unreported,Moderate-term on-the-job training,HS or less,45767.794510609,108702.41621609499,108702.41621609499,108702.41621609499,112929.56151202798,112929.56151202798,-4227.145295932991,-4227.145295932991,11133.853873216527,647.7000000000002,112020.0,-0.037431698479434575,-0.037431698479434575,2030
Core Automotive,sam_mi_dtmb_mi,dtmb_mi,DTMB MI,53-0000,Transportation and Material Moving Occupations,No formal educational credential,Unreported,Short-term on-the-job training,HS or less,42332.83011372876,8034.53424787991,8034.53424787991,8034.53424787991,8525.230240549816,8525.230240549816,-490.69599266990554,-490.69599266990554,952.129277797293,1430.8,8020.0,-0.057558092722931456,-0.057558092722931456,2030
Core Automotive,sam_mi_moodys_mi,moodys_mi,Moody's MI,00-0000,All Occupations,High school diploma or equivalent,Unreported,Moderate-term on-the-job training,HS or less,58266.25532512931,174973.01200000002,174973.01200000002,174973.01200000002,173082.00000000003,173082.00000000003,1891.011999999988,1891.011999999988,16930.73440162909,6966.0,168160.0,0.010925526628996589,0.010925526628996589,2030
Core Automotive,sam_mi_moodys_mi,moodys_mi,Moody's MI,11-0000,Management Occupations,Bachelor's degree,5 years or more,Unreported,BA+,133494.3856282036,9058.725085181974,9058.725085181974,9058.725085181974,8931.665635738758,8931.665635738758,127.05944944321527,127.05944944321527,670.1536848638551,761.9,7780.0,0.01422572839435518,0.01422572839435518,2030
Core Automotive,sam_mi_moodys_mi,moodys_mi,Moody's MI,13-0000,Business and Financial Operations Occupations,Bachelor's degree,Unreported,Unreported,BA+,82697.59450439614,6199.5834422249945,6199.5834422249945,6199.5834422249945,5967.661168384812,5967.661168384812,231.92227384018224,231.92227384018224,533.4140976457005,784.0000000000001,5340.0,0.038863177264293905,0.038863177264293905,2030
Core Automotive,sam_mi_moodys_mi,moodys_mi,Moody's MI,15-0000,Computer and Mathematical Occupations,Bachelor's degree,Unreported,Unreported,BA+,118067.84309307828,2560.6474704575785,2560.6474704575785,2560.6474704575785,2438.6123711339515,2438.6123711339515,122.03509932362704,122.03509932362704,159.0729086040779,305.8,1450.0,0.050042844352044716,0.050042844352044716,2030
Core Automotive,sam_mi_moodys_mi,moodys_mi,Moody's MI,17-0000,Architecture and Engineering Occupations,Bachelor's degree,Unreported,Unreported,BA+,96289.15374747857,13852.948012266354,13852.948012266354,13852.948012266354,13352.889690721599,13352.889690721599,500.058321544755,500.058321544755,939.4828862837892,98.5,12260.0,0.03744944600959491,0.03744944600959491,2030
Core Automotive,sam_mi_moodys_mi,moodys_mi,Moody's MI,19-0000,"Life, Physical, and Social Science Occupations",Bachelor's degree,Unreported,Unreported,BA+,80202.06517098683,317.55076952408194,317.55076952408194,317.55076952408194,317.21786941579364,317.21786941579364,0.33290010828829963,0.33290010828829963,34.69280764029743,25.5,230.0,0.0010494368078992123,0.0010494368078992123,2030
Core Automotive,sam_mi_moodys_mi,moodys_mi,Moody's MI,23-0000,Legal Occupations,Doctoral or professional degree,Unreported,Unreported,BA+,151160.0,42.885784632337774,42.885784632337774,42.885784632337774,39.65223367695906,39.65223367695906,3.2335509553787176,3.2335509553787176,1.5303338611369468,31.5,70.0,0.08154776302697053,0.08154776302697053,2030
Core Automotive,sam_mi_moodys_mi,moodys_mi,Moody's MI,27-0000,"Arts, Design, Entertainment, Sports, and Media Occupations",Bachelor's degree,Unreported,Unreported,BA+,77301.1111111119,192.98603084558994,192.98603084558994,192.98603084558994,178.43505154636767,178.43505154636767,14.550979299222263,14.550979299222263,15.725381718222252,30.1,50.0,0.08154776302704787,0.08154776302704787,2030
Core Automotive,sam_mi_moodys_mi,moodys_mi,Moody's MI,29-0000,Healthcare Practitioners and Technical Occupations,Bachelor's degree,Unreported,Unreported,BA+,93600.0,96.49301542278808,96.49301542278808,96.49301542278808,89.21752577318385,89.21752577318385,7.275489649604225,7.275489649604225,5.252321992040766,189.1,110.0,0.08154776302697045,0.08154776302697045,2030
Core Automotive,sam_mi_moodys_mi,moodys_mi,Moody's MI,33-0000,Protective Service Occupations,High school diploma or equivalent,Unreported,Short-term on-the-job training,HS or less,38370.0,117.28257141600362,117.28257141600362,117.28257141600362,128.86975945016022,128.86975945016022,-11.587188034156597,-11.587188034156597,14.931594178377814,161.0,60.0,-0.08991394166944099,-0.08991394166944099,2030
Core Automotive,sam_mi_moodys_mi,moodys_mi,Moody's MI,37-0000,Building and Grounds Cleaning and Maintenance Occupations,No formal educational credential,Unreported,Short-term on-the-job training,HS or less,35930.0,451.6580474490485,451.6580474490485,451.6580474490485,456.00068728521956,456.00068728521956,-4.342639836171031,-4.342639836171031,64.19625832207912,351.3,280.0,-0.009523318620471276,-0.009523318620471276,2030
Core Automotive,sam_mi_moodys_mi,moodys_mi,Moody's MI,41-0000,Sales and Related Occupations,High school diploma or equivalent,Unreported,Moderate-term on-the-job training,HS or less,76838.40269455184,1106.7531252976391,1106.7531252976391,1106.7531252976391,1120.1756013745521,1120.1756013745521,-13.422476076912972,-13.422476076912972,96.04232177515478,171.8,1280.0,-0.011982474944501947,-0.011982474944501947,2030
Core Automotive,sam_mi_moodys_mi,moodys_mi,Moody's MI,43-0000,Office and Administrative Support Occupations,High school diploma or equivalent,Unreported,Short-term on-the-job training,HS or less,49466.27454472247,5357.510508919192,5357.510508919192,5357.510508919192,5640.530240549771,5640.530240549771,-283.0197316305794,-283.0197316305794,512.6577362863234,1316.8000000000002,6000.0,-0.050176086211886704,-0.050176086211886704,2030
Core Automotive,sam_mi_moodys_mi,moodys_mi,Moody's MI,47-0000,Construction and Extraction Occupations,High school diploma or equivalent,Unreported,Apprenticeship,HS or less,62404.02647337873,4675.558207675766,4675.558207675766,4675.558207675766,4411.310996563572,4411.310996563572,264.24721111219424,264.24721111219424,430.524106258392,209.7,4520.0,0.059902194907147516,0.059902194907147516,2030
Core Automotive,sam_mi_moodys_mi,moodys_mi,Moody's MI,49-0000,"Installation, Maintenance, and Repair Occupations",High school diploma or equivalent,Unreported,Long-term on-the-job training,HS or less,62612.83123963231,9154.64548610979,9154.64548610979,9154.64548610979,8554.969415807507,8554.969415807507,599.6760703022828,599.6760703022828,844.1530274547229,450.50000000000006,8690.0,0.07009681053847218,0.07009681053847218,2030
Core Automotive,sam_mi_moodys_mi,moodys_mi,Moody's MI,51-0000,Production Occupations,High school diploma or equivalent,Unreported,Moderate-term on-the-job training,HS or less,45767.79451060898,113405.62162961843,113405.62162961843,113405.62162961843,112929.56151202798,112929.56151202798,476.06011759044486,476.06011759044486,11615.580072437271,647.7000000000002,112020.0,0.004215549154857387,0.004215549154857387,2030
Core Automotive,sam_mi_moodys_mi,moodys_mi,Moody's MI,53-0000,Transportation and Material Moving Occupations,No formal educational credential,Unreported,Short-term on-the-job training,HS or less,42332.83011372876,8382.16281295842,8382.16281295842,8382.16281295842,8525.230240549816,8525.230240549816,-143.06742759139524,-143.06742759139524,993.324862307652,1430.8,8020.0,-0.016781649709693754,-0.016781649709693754,2030
Core Automotive,sam_mi_moodys_mi_detail,moodys_mi_detail,Moody's MI (detail),00-0000,All Occupations,High school diploma or equivalent,Unreported,Moderate-term on-the-job training,HS or less,58266.255325129314,175004.88429219948,175004.88429219948,175004.88429219948,173082.00000000003,173082.00000000003,1922.884292199451,1922.884292199451,16933.818427604485,6966.0,168160.0,0.011109672248988633,0.011109672248988633,2030
Core Automotive,sam_mi_moodys_mi_detail,moodys_mi_detail,Moody's MI (detail),11-0000,Management Occupations,Bachelor's degree,5 years or more,Unreported,BA+,133494.3856282036,9060.375181557236,9060.375181557236,9060.375181557236,8931.665635738758,8931.665635738758,128.70954581847764,128.70954581847764,670.2757570269757,761.9,7780.0,0.014410475164169285,0.014410475164169285,2030
Core Automotive,sam_mi_moodys_mi_detail,moodys_mi_detail,Moody's MI (detail),13-0000,Business and Financial Operations Occupations,Bachelor's degree,Unreported,Unreported,BA+,82697.59450439618,6200.712730294777,6200.712730294777,6200.712730294777,5967.661168384812,5967.661168384812,233.05156190996513,233.05156190996513,533.5112619442924,784.0000000000001,5340.0,0.03905241188032164,0.03905241188032164,2030
Core Automotive,sam_mi_moodys_mi_detail,moodys_mi_detail,Moody's MI (detail),15-0000,Computer and Mathematical Occupations,Bachelor's degree,Unreported,Unreported,BA+,118067.84309307828,2561.1139064151325,2561.1139064151325,2561.1139064151325,2438.6123711339515,2438.6123711339515,122.50153528118108,122.50153528118108,159.10188460538296,305.8,1450.0,0.05023411540564687,0.05023411540564687,2030
Core Automotive,sam_mi_moodys_mi_detail,moodys_mi_detail,Moody's MI (detail),17-0000,Architecture and Engineering Occupations,Bachelor's degree,Unreported,Unreported,BA+,96289.15374747862,13855.471402598521,13855.471402598521,13855.471402598521,13352.889690721599,13352.889690721599,502.5817118769228,502.5817118769228,939.6540182356586,98.5,12260.0,0.03763842310673376,0.03763842310673376,2030
Core Automotive,sam_mi_moodys_mi_detail,moodys_mi_detail,Moody's MI (detail),19-0000,"Life, Physical, and Social Science Occupations",Bachelor's degree,Unreported,Unreported,BA+,80202.06517098681,317.6086131354982,317.6086131354982,317.6086131354982,317.21786941579364,317.21786941579364,0.3907437197045738,0.3907437197045738,34.69912712516938,25.5,230.0,0.001231783444054364,0.001231783444054364,2030
Core Automotive,sam_mi_moodys_mi_detail,moodys_mi_detail,Moody's MI (detail),23-0000,Legal Occupations,Doctoral or professional degree,Unreported,Unreported,BA+,151160.0,42.893596512829426,42.893596512829426,42.893596512829426,39.65223367695906,39.65223367695906,3.241362835870369,3.241362835870369,1.5306126198290873,31.5,70.0,0.08174477287401455,0.08174477287401455,2030
Core Automotive,sam_mi_moodys_mi_detail,moodys_mi_detail,Moody's MI (detail),27-0000,"Arts, Design, Entertainment, Sports, and Media Occupations",Bachelor's degree,Unreported,Unreported,BA+,77301.1111111119,193.0211843078024,193.0211843078024,193.0211843078024,178.43505154636767,178.43505154636767,14.586132761434726,14.586132761434726,15.728246182606465,30.1,50.0,0.08174477287409201,0.08174477287409201,2030
Core Automotive,sam_mi_moodys_mi_detail,moodys_mi_detail,Moody's MI (detail),29-0000,Healthcare Practitioners and Technical Occupations,Bachelor's degree,Unreported,Unreported,BA+,93600.0,96.5105921538943,96.5105921538943,96.5105921538943,89.21752577318385,89.21752577318385,7.293066380710442,7.293066380710442,5.253278731250676,189.1,110.0,0.08174477287401442,0.08174477287401442,2030
Core Automotive,sam_mi_moodys_mi_detail,moodys_mi_detail,Moody's MI (detail),33-0000,Protective Service Occupations,High school diploma or equivalent,Unreported,Short-term on-the-job training,HS or less,38370.0,117.3039350785671,117.3039350785671,117.3039350785671,128.86975945016022,128.86975945016022,-11.565824371593123,-11.565824371593123,14.934314050015264,161.0,60.0,-0.08974816451074508,-0.08974816451074508,2030
Core Automotive,sam_mi_moodys_mi_detail,moodys_mi_detail,Moody's MI (detail),37-0000,Building and Grounds Cleaning and Maintenance Occupations,No formal educational credential,Unreported,Short-term on-the-job training,HS or less,35930.0,451.74031943544236,451.74031943544236,451.74031943544236,456.00068728521956,456.00068728521956,-4.260367849777197,-4.260367849777197,64.20795202203873,351.3,280.0,-0.009342897869608735,-0.009342897869608735,2030
Core Automotive,sam_mi_moodys_mi_detail,moodys_mi_detail,Moody's MI (detail),41-0000,Sales and Related Occupations,High school diploma or equivalent,Unreported,Moderate-term on-the-job training,HS or less,76838.40269455186,1106.9547264394323,1106.9547264394323,1106.9547264394323,1120.1756013745521,1120.1756013745521,-13.22087493511981,-13.22087493511981,96.05981640994528,171.8,1280.0,-0.011802502142428969,-0.011802502142428969,2030
Core Automotive,sam_mi_moodys_mi_detail,moodys_mi_detail,Moody's MI (detail),43-0000,Office and Administrative Support Occupations,High school diploma or equivalent,Unreported,Short-term on-the-job training,HS or less,49466.274544722466,5358.48640879341,5358.48640879341,5358.48640879341,5640.530240549771,5640.530240549771,-282.0438317563612,-282.0438317563612,512.7511197000424,1316.8000000000002,6000.0,-0.050003070585234725,-0.050003070585234725,2030
Core Automotive,sam_mi_moodys_mi_detail,moodys_mi_detail,Moody's MI (detail),47-0000,Construction and Extraction Occupations,High school diploma or equivalent,Unreported,Apprenticeship,HS or less,62404.02647337872,4676.4098862042865,4676.4098862042865,4676.4098862042865,4411.310996563572,4411.310996563572,265.09888964071433,265.09888964071433,430.60252858167917,209.7,4520.0,0.06009526189543819,0.06009526189543819,2030
Core Automotive,sam_mi_moodys_mi_detail,moodys_mi_detail,Moody's MI (detail),49-0000,"Installation, Maintenance, and Repair Occupations",High school diploma or equivalent,Unreported,Long-term on-the-job training,HS or less,62612.8312396323,9156.313054911294,9156.313054911294,9156.313054911294,8554.969415807507,8554.969415807507,601.3436391037867,601.3436391037867,844.3067945508287,450.50000000000006,8690.0,0.07029173453182072,0.07029173453182072,2030
Core Automotive,sam_mi_moodys_mi_detail,moodys_mi_detail,Moody's MI (detail),51-0000,Production Occupations,High school diploma or equivalent,Unreported,Moderate-term on-the-job training,HS or less,45767.79451060899,113426.27908455007,113426.27908455007,113426.27908455007,112929.56151202798,112929.56151202798,496.7175725220877,496.7175725220877,11617.695913948506,647.7000000000002,112020.0,0.004398472515712221,0.004398472515712221,2030
Core Automotive,sam_mi_moodys_mi_detail,moodys_mi_detail,Moody's MI (detail),53-0000,Transportation and Material Moving Occupations,No formal educational credential,Unreported,Short-term on-the-job training,HS or less,42332.83011372876,8383.689669811285,8383.689669811285,8383.689669811285,8525.230240549816,8525.230240549816,-141.54057073853073,-141.54057073853073,993.5058018702659,1430.8,8020.0,-0.01660255110358197,-0.01660255110358197,2030
Core Automotive,sam_mi_moodys_us,moodys_us,Moody's US,00-0000,All Occupations,High school diploma or equivalent,Unreported,Moderate-term on-the-job training,HS or less,58266.25532512932,182431.99199999997,182431.99199999997,182431.99199999997,173082.00000000003,173082.00000000003,9349.99199999994,9349.99199999994,17652.480045963446,6966.0,168160.0,0.05402059139598536,0.05402059139598536,2030
Core Automotive,sam_mi_moodys_us,moodys_us,Moody's US,11-0000,Management Occupations,Bachelor's degree,5 years or more,Unreported,BA+,133494.38562820363,9444.89234871328,9444.89234871328,9444.89234871328,8931.665635738758,8931.665635738758,513.2267129745214,513.2267129745214,698.7218787538121,761.9,7780.0,0.05746147850865795,0.05746147850865795,2030
Core Automotive,sam_mi_moodys_us,moodys_us,Moody's US,13-0000,Business and Financial Operations Occupations,Bachelor's degree,Unreported,Unreported,BA+,82697.59450439613,6463.867450228969,6463.867450228969,6463.867450228969,5967.661168384812,5967.661168384812,496.20628184415636,496.20628184415636,556.1531763217727,784.0000000000001,5340.0,0.08314920499724986,0.08314920499724986,2030
Core Automotive,sam_mi_moodys_us,moodys_us,Moody's US,15-0000,Computer and Mathematical Occupations,Bachelor's degree,Unreported,Unreported,BA+,118067.84309307829,2669.8061232742402,2669.8061232742402,2669.8061232742402,2438.6123711339515,2438.6123711339515,231.19375214028878,231.19375214028878,165.85407805562537,305.8,1450.0,0.09480545365755853,0.09480545365755853,2030
Core Automotive,sam_mi_moodys_us,moodys_us,Moody's US,17-0000,Architecture and Engineering Occupations,Bachelor's degree,Unreported,Unreported,BA+,96289.1537474786,14443.489724862202,14443.489724862202,14443.489724862202,13352.889690721599,13352.889690721599,1090.6000341406034,1090.6000341406034,979.5324000861407,98.5,12260.0,0.08167520734470073,0.08167520734470073,2030
Core Automotive,sam_mi_moodys_us,moodys_us,Moody's US,19-0000,"Life, Physical, and Social Science Occupations",Bachelor's degree,Unreported,Unreported,BA+,80202.06517098683,331.08774195080525,331.08774195080525,331.08774195080525,317.21786941579364,317.21786941579364,13.86987253501161,13.86987253501161,36.17173833580849,25.5,230.0,0.04372349061090143,0.04372349061090143,2030
Core Automotive,sam_mi_moodys_us,moodys_us,Moody's US,23-0000,Legal Occupations,Doctoral or professional degree,Unreported,Unreported,BA+,151160.0,44.71397634145069,44.71397634145069,44.71397634145069,39.65223367695906,39.65223367695906,5.061742664491632,5.061742664491632,1.5955709484629812,31.5,70.0,0.1276534054986387,0.1276534054986387,2030
Core Automotive,sam_mi_moodys_us,moodys_us,Moody's US,27-0000,"Arts, Design, Entertainment, Sports, and Media Occupations",Bachelor's degree,Unreported,Unreported,BA+,77301.1111111119,201.21289353660106,201.21289353660106,201.21289353660106,178.43505154636767,178.43505154636767,22.777841990233384,22.777841990233384,16.395744000884363,30.1,50.0,0.12765340549871948,0.12765340549871948,2030
Core Automotive,sam_mi_moodys_us,moodys_us,Moody's US,29-0000,Healthcare Practitioners and Technical Occupations,Bachelor's degree,Unreported,Unreported,BA+,93600.0,100.60644676829332,100.60644676829332,100.60644676829332,89.21752577318385,89.21752577318385,11.388920995109473,11.388920995109473,5.476224891375848,189.1,110.0,0.12765340549863854,0.12765340549863854,2030
Core Automotive,sam_mi_moodys_us,moodys_us,Moody's US,33-0000,Protective Service Occupations,High school diploma or equivalent,Unreported,Short-term on-the-job training,HS or less,38369.99999999999,122.28224733482784,122.28224733482784,122.28224733482784,128.86975945016022,128.86975945016022,-6.587512115332373,-6.587512115332373,15.568117840350531,161.0,60.0,-0.05111759456554323,-0.05111759456554323,2030
Core Automotive,sam_mi_moodys_us,moodys_us,Moody's US,37-0000,Building and Grounds Cleaning and Maintenance Occupations,No formal educational credential,Unreported,Short-term on-the-job training,HS or less,35930.0,470.9119215422801,470.9119215422801,470.9119215422801,456.00068728521956,456.00068728521956,14.911234257060528,14.911234257060528,66.93290097014201,351.3,280.0,0.03270002583950897,0.03270002583950897,2030
Core Automotive,sam_mi_moodys_us,moodys_us,Moody's US,41-0000,Sales and Related Occupations,High school diploma or equivalent,Unreported,Moderate-term on-the-job training,HS or less,76838.40269455186,1153.9332551483647,1153.9332551483647,1153.9332551483647,1120.1756013745521,1120.1756013745521,33.757653773812535,33.757653773812535,100.13654035827228,171.8,1280.0,0.030136037360918216,0.030136037360918216,2030
Core Automotive,sam_mi_moodys_us,moodys_us,Moody's US,43-0000,Office and Administrative Support Occupations,High school diploma or equivalent,Unreported,Short-term on-the-job training,HS or less,49466.274544722466,5585.897522888055,5585.897522888055,5585.897522888055,5640.530240549771,5640.530240549771,-54.632717661716015,-54.632717661716015,534.511985453646,1316.8000000000002,6000.0,-0.009685741469651454,-0.009685741469651454,2030
Core Automotive,sam_mi_moodys_us,moodys_us,Moody's US,47-0000,Construction and Extraction Occupations,High school diploma or equivalent,Unreported,Apprenticeship,HS or less,62404.02647337871,4874.874060796529,4874.874060796529,4874.874060796529,4411.310996563572,4411.310996563572,463.563064232957,463.563064232957,448.87705487254283,209.7,4520.0,0.10508510159317136,0.10508510159317136,2030
Core Automotive,sam_mi_moodys_us,moodys_us,Moody's US,49-0000,"Installation, Maintenance, and Repair Occupations",High school diploma or equivalent,Unreported,Long-term on-the-job training,HS or less,62612.83123963229,9544.901770821762,9544.901770821762,9544.901770821762,8554.969415807507,8554.969415807507,989.9323550142544,989.9323550142544,880.1386944827569,450.50000000000006,8690.0,0.11571430672622858,0.11571430672622858,2030
Core Automotive,sam_mi_moodys_us,moodys_us,Moody's US,51-0000,Production Occupations,High school diploma or equivalent,Unreported,Moderate-term on-the-job training,HS or less,45767.79451060899,118240.02582689482,118240.02582689482,118240.02582689482,112929.56151202798,112929.56151202798,5310.46431486684,5310.46431486684,12110.744317816485,647.7000000000002,112020.0,0.047024572164846574,0.047024572164846574,2030
Core Automotive,sam_mi_moodys_us,moodys_us,Moody's US,53-0000,Transportation and Material Moving Occupations,No formal educational credential,Unreported,Short-term on-the-job training,HS or less,42332.830113728756,8739.488688897509,8739.488688897509,8739.488688897509,8525.230240549816,8525.230240549816,214.25844834769305,214.25844834769305,1035.6696227753723,1430.8,8020.0,0.02513227705318548,0.02513227705318548,2030
Downstream,sam_mi_bls_us,bls_us,BLS US,00-0000,All Occupations,High school diploma or equivalent,Unreported,Short-term on-the-job training,HS or less,55200.76110207128,232620.856,232620.856,232620.856,231829.0,231829.0,791.8559999999998,791.8559999999998,25338.88486916186,21598.100000000002,210150.0,0.0034156900128974365,0.0034156900128974365,2030
Downstream,sam_mi_bls_us,bls_us,BLS US,11-0000,Management Occupations,Bachelor's degree,5 years or more,Unreported,BA+,119058.65616568983,15723.645856734094,15723.645856734094,15723.645856734094,15457.086148403687,15457.086148403687,266.5597083304074,266.5597083304074,1249.390069123994,2001.8999999999996,12340.0,0.017245146062534952,0.017245146062534952,2030
Downstream,sam_mi_bls_us,bls_us,BLS US,13-0000,Business and Financial Operations Occupations,Bachelor's degree,Unreported,Unreported,BA+,80451.04175171442,9271.421482686092,9271.421482686092,9271.421482686092,8961.089439186986,8961.089439186986,310.33204349910557,310.33204349910557,808.4589114915727,1687.6999999999998,5430.0,0.034631061949010195,0.034631061949010195,2030
Downstream,sam_mi_bls_us,bls_us,BLS US,15-0000,Computer and Mathematical Occupations,Bachelor's degree,Unreported,Unreported,BA+,101504.89715844775,1771.5659775968943,1771.5659775968943,1771.5659775968943,1738.2235471402075,1738.2235471402075,33.34243045668677,33.34243045668677,105.70821482305567,485.90000000000003,1060.0,0.019181900113793202,0.019181900113793202,2030
Downstream,sam_mi_bls_us,bls_us,BLS US,17-0000,Architecture and Engineering Occupations,Bachelor's degree,Unreported,Unreported,BA+,98940.99766867327,5821.2672514682135,5821.2672514682135,5821.2672514682135,5458.648843930622,5458.648843930622,362.61840753759134,362.61840753759134,370.4991771365915,91.2,2900.0,0.06643006683618795,0.06643006683618795,2030
Downstream,sam_mi_bls_us,bls_us,BLS US,19-0000,"Life, Physical, and Social Science Occupations",Bachelor's degree,Unreported,Unreported,BA+,83910.0,230.39899517022633,230.39899517022633,230.39899517022633,212.2768239603648,212.2768239603648,18.122171209861534,18.122171209861534,24.49479149508649,29.8,190.0,0.08537046518674696,0.08537046518674696,2030
Downstream,sam_mi_bls_us,bls_us,BLS US,23-0000,Legal Occupations,Associate's degree,Unreported,Unreported,SC or associate's,90223.60957123876,124.6526964356636,124.6526964356636,124.6526964356636,123.64235067646402,123.64235067646402,1.0103457591995806,1.0103457591995806,9.653947084236625,40.9,30.0,0.008171518526393605,0.008171518526393605,2030
Downstream,sam_mi_bls_us,bls_us,BLS US,27-0000,"Arts, Design, Entertainment, Sports, and Media Occupations",Bachelor's degree,Unreported,Unreported,BA+,61175.43903445226,181.9575793191625,181.9575793191625,181.9575793191625,175.72869460710913,175.72869460710913,6.228884712053372,6.228884712053372,14.33061022597039,35.2,80.0,0.0354460307463149,0.0354460307463149,2030
Downstream,sam_mi_bls_us,bls_us,BLS US,35-0000,Food Preparation and Serving Related Occupations,No formal educational credential,Unreported,Short-term on-the-job training,HS or less,31887.8532618462,1692.8829493353846,1692.8829493353846,1692.8829493353846,1854.2738439306336,1854.2738439306336,-161.39089459524894,-161.39089459524894,365.4039019696293,1236.1999999999998,2090.0,-0.08703724917627992,-0.08703724917627992,2030
Downstream,sam_mi_bls_us,bls_us,BLS US,37-0000,Building and Grounds Cleaning and Maintenance Occupations,No formal educational credential,Unreported,Short-term on-the-job training,HS or less,36131.790147723426,666.9343408076965,666.9343408076965,666.9343408076965,664.6551934093287,664.6551934093287,2.2791473983677406,2.2791473983677406,94.05959341499509,1212.1000000000001,920.0,0.0034290673133492316,0.0034290673133492316,2030
Downstream,sam_mi_bls_us,bls_us,BLS US,41-0000,Sales and Related Occupations,No formal educational credential,Unreported,Short-term on-the-job training,HS or less,41736.532733820466,55074.82693137804,55074.82693137804,55074.82693137804,56658.5347434697,56658.5347434697,-1583.707812091663,-1583.707812091663,7299.367648861294,3407.7,53300.0,-0.027951796128547018,-0.027951796128547018,2030
Downstream,sam_mi_bls_us,bls_us,BLS US,43-0000,Office and Administrative Support Occupations,High school diploma or equivalent,Unreported,Short-term on-the-job training,HS or less,46729.316817234474,21454.030711408494,21454.030711408494,21454.030711408494,22357.48140086994,22357.48140086994,-903.450689461446,-903.450689461446,2247.039505495532,4295.5,22660.0,-0.04040932309246122,-0.04040932309246122,2030
Downstream,sam_mi_bls_us,bls_us,BLS US,47-0000,Construction and Extraction Occupations,High school diploma or equivalent,Unreported,Moderate-term on-the-job training,HS or less,59177.12735902662,678.8905470555025,678.8905470555025,678.8905470555025,665.0156060747611,665.0156060747611,13.874940980741371,13.874940980741371,58.06180490509942,619.5000000000001,100.0,0.02086408326962112,0.02086408326962112,2030
Downstream,sam_mi_bls_us,bls_us,BLS US,49-0000,"Installation, Maintenance, and Repair Occupations",High school diploma or equivalent,Unreported,Short-term on-the-job training,HS or less,53759.72495279782,42086.50347369361,42086.50347369361,42086.50347369361,40831.88879134391,40831.88879134391,1254.6146823496965,1254.6146823496965,3787.785659562562,1057.8000000000002,36080.0,0.030726344518641677,0.030726344518641677,2030
Downstream,sam_mi_bls_us,bls_us,BLS US,51-0000,Production Occupations,High school diploma or equivalent,Unreported,Moderate-term on-the-job training,HS or less,48369.73817307368,8680.108008735437,8680.108008735437,8680.108008735437,8577.093547248614,8577.093547248614,103.01446148682226,103.01446148682226,874.2892850253359,922.0000000000001,8040.0,0.012010415989909255,0.012010415989909255,2030
Downstream,sam_mi_bls_us,bls_us,BLS US,53-0000,Transportation and Material Moving Occupations,Postsecondary nondegree award,Unreported,Short-term on-the-job training,HS or less,48055.28672689192,69161.7691981755,69161.7691981755,69161.7691981755,68093.36102574767,68093.36102574767,1068.4081724278367,1068.4081724278367,8030.341748546902,4474.700000000001,64930.0,0.01569034273435037,0.01569034273435037,2030
Downstream,sam_mi_dtmb_mi,dtmb_mi,DTMB MI,00-0000,All Occupations,High school diploma or equivalent,Unreported,Short-term on-the-job training,HS or less,55222.39656543689,230328.18299999996,230328.18299999996,230328.18299999996,231829.0,231829.0,-1500.8170000000391,-1500.8170000000391,25085.30756229844,21598.100000000002,210150.0,-0.00647381043786601,-0.00647381043786601,2030
Downstream,sam_mi_dtmb_mi,dtmb_mi,DTMB MI,11-0000,Management Occupations,Bachelor's degree,5 years or more,Unreported,BA+,119048.52240839083,15561.047362876327,15561.047362876327,15561.047362876327,15457.086148403687,15457.086148403687,103.96121447263977,103.96121447263977,1236.5371780855176,2001.8999999999996,12340.0,0.006725796406548219,0.006725796406548219,2030
Downstream,sam_mi_dtmb_mi,dtmb_mi,DTMB MI,13-0000,Business and Financial Operations Occupations,Bachelor's degree,Unreported,Unreported,BA+,80451.94552190947,9196.21184844585,9196.21184844585,9196.21184844585,8961.089439186986,8961.089439186986,235.12240925886363,235.12240925886363,802.1597450736202,1687.6999999999998,5430.0,0.026238150043528145,0.026238150043528145,2030
Downstream,sam_mi_dtmb_mi,dtmb_mi,DTMB MI,15-0000,Computer and Mathematical Occupations,Bachelor's degree,Unreported,Unreported,BA+,101523.58148346424,1753.5146508954954,1753.5146508954954,1753.5146508954954,1738.2235471402075,1738.2235471402075,15.29110375528785,15.29110375528785,104.62884540310787,485.90000000000003,1060.0,0.008796971931743397,0.008796971931743397,2030
Downstream,sam_mi_dtmb_mi,dtmb_mi,DTMB MI,17-0000,Architecture and Engineering Occupations,Bachelor's degree,Unreported,Unreported,BA+,98940.99766867327,5755.0962047578205,5755.0962047578205,5755.0962047578205,5458.648843930622,5458.648843930622,296.4473608271983,296.4473608271983,366.28766831945484,91.2,2900.0,0.05430782768831393,0.05430782768831393,2030
Downstream,sam_mi_dtmb_mi,dtmb_mi,DTMB MI,19-0000,"Life, Physical, and Social Science Occupations",Bachelor's degree,Unreported,Unreported,BA+,83910.0,230.4009885929152,230.4009885929152,230.4009885929152,212.2768239603648,212.2768239603648,18.124164632550418,18.124164632550418,24.4950034251476,29.8,190.0,0.08537985586186492,0.08537985586186492,2030
Downstream,sam_mi_dtmb_mi,dtmb_mi,DTMB MI,23-0000,Legal Occupations,Associate's degree,Unreported,Unreported,SC or associate's,90276.31079015274,122.93390531924061,122.93390531924061,122.93390531924061,123.64235067646402,123.64235067646402,-0.7084453572234111,-0.7084453572234111,9.51639205733345,40.9,30.0,-0.005729795279266455,-0.005729795279266455,2030
Downstream,sam_mi_dtmb_mi,dtmb_mi,DTMB MI,27-0000,"Arts, Design, Entertainment, Sports, and Media Occupations",Bachelor's degree,Unreported,Unreported,BA+,61208.34028270664,179.57254646706517,179.57254646706517,179.57254646706517,175.72869460710913,175.72869460710913,3.8438518599560325,3.8438518599560325,14.141355448486223,35.2,80.0,0.021873786000345837,0.021873786000345837,2030
Downstream,sam_mi_dtmb_mi,dtmb_mi,DTMB MI,35-0000,Food Preparation and Serving Related Occupations,No formal educational credential,Unreported,Short-term on-the-job training,HS or less,31887.853261846198,1673.639744741497,1673.639744741497,1673.639744741497,1854.2738439306336,1854.2738439306336,-180.63409918913658,-180.63409918913658,361.2503117596464,1236.1999999999998,2090.0,-0.09741500683967687,-0.09741500683967687,2030
Downstream,sam_mi_dtmb_mi,dtmb_mi,DTMB MI,37-0000,Building and Grounds Cleaning and Maintenance Occupations,No formal educational credential,Unreported,Short-term on-the-job training,HS or less,36132.011400314266,658.631062422991,658.631062422991,658.631062422991,664.6551934093287,664.6551934093287,-6.0241309863376955,-6.0241309863376955,92.88776338243464,1212.1000000000001,920.0,-0.009063543091323935,-0.009063543091323935,2030
Downstream,sam_mi_dtmb_mi,dtmb_mi,DTMB MI,41-0000,Sales and Related Occupations,No formal educational credential,Unreported,Short-term on-the-job training,HS or less,41746.360689553934,54372.71181952073,54372.71181952073,54372.71181952073,56658.5347434697,56658.5347434697,-2285.8229239489738,-2285.8229239489738,7206.619618589691,3407.7,53300.0,-0.04034384112293746,-0.04034384112293746,2030
Downstream,sam_mi_dtmb_mi,dtmb_mi,DTMB MI,43-0000,Office and Administrative Support Occupations,High school diploma or equivalent,Unreported,Short-term on-the-job training,HS or less,46737.09042583691,21240.087475662895,21240.087475662895,21240.087475662895,22357.48140086994,22357.48140086994,-1117.393925207045,-1117.393925207045,2223.8526134889603,4295.5,22660.0,-0.049978524198327934,-0.049978524198327934,2030
Downstream,sam_mi_dtmb_mi,dtmb_mi,DTMB MI,47-0000,Construction and Extraction Occupations,High school diploma or equivalent,Unreported,Moderate-term on-the-job training,HS or less,59154.34896533509,675.7804865227781,675.7804865227781,675.7804865227781,665.0156060747611,665.0156060747611,10.764880448017038,10.764880448017038,57.79354448255147,619.5000000000001,100.0,0.01618741026478535,0.01618741026478535,2030
Downstream,sam_mi_dtmb_mi,dtmb_mi,DTMB MI,49-0000,"Installation, Maintenance, and Repair Occupations",High school diploma or equivalent,Unreported,Short-term on-the-job training,HS or less,53770.339092395756,41490.62942301736,41490.62942301736,41490.62942301736,40831.88879134391,40831.88879134391,658.7406316734487,658.7406316734487,3734.5409941156986,1057.8000000000002,36080.0,0.016132994362315595,0.016132994362315595,2030
Downstream,sam_mi_dtmb_mi,dtmb_mi,DTMB MI,51-0000,Production Occupations,High school diploma or equivalent,Unreported,Moderate-term on-the-job training,HS or less,48369.36942947484,8575.242319748282,8575.242319748282,8575.242319748282,8577.093547248614,8577.093547248614,-1.851227500332243,-1.851227500332243,863.7550954048089,922.0000000000001,8040.0,-0.00021583389409645477,-0.00021583389409645477,2030
Downstream,sam_mi_dtmb_mi,dtmb_mi,DTMB MI,53-0000,Transportation and Material Moving Occupations,Postsecondary nondegree award,Unreported,Short-term on-the-job training,HS or less,48118.291213397504,68842.68316100872,68842.68316100872,68842.68316100872,68093.36102574767,68093.36102574767,749.3221352610562,749.3221352610562,7986.8414332619805,4474.700000000001,64930.0,0.011004334695385653,0.011004334695385653,2030
Downstream,sam_mi_moodys_mi,moodys_mi,Moody's MI,00-0000,All Occupations,High school diploma or equivalent,Unreported,Short-term on-the-job training,HS or less,55099.54146332208,230375.99699999994,230375.99699999994,230375.99699999994,231829.0,231829.0,-1453.0030000000552,-1453.0030000000552,25136.95412733393,21598.100000000002,210150.0,-0.006267563592130644,-0.006267563592130644,2030
Downstream,sam_mi_moodys_mi,moodys_mi,Moody's MI,11-0000,Management Occupations,Bachelor's degree,5 years or more,Unreported,BA+,119199.93938291419,15660.456192152013,15660.456192152013,15660.456192152013,15457.086148403687,15457.086148403687,203.37004374832577,203.37004374832577,1243.6289655733972,2001.8999999999996,12340.0,0.013157075130187367,0.013157075130187367,2030
Downstream,sam_mi_moodys_mi,moodys_mi,Moody's MI,13-0000,Business and Financial Operations Occupations,Bachelor's degree,Unreported,Unreported,BA+,80466.0422223304,9108.325573452572,9108.325573452572,9108.325573452572,8961.089439186986,8961.089439186986,147.23613426558586,147.23613426558586,792.5401330550897,1687.6999999999998,5430.0,0.016430606486497044,0.016430606486497044,2030
Downstream,sam_mi_moodys_mi,moodys_mi,Moody's MI,15-0000,Computer and Mathematical Occupations,Bachelor's degree,Unreported,Unreported,BA+,101488.0547745796,1778.8585604907835,1778.8585604907835,1778.8585604907835,1738.2235471402075,1738.2235471402075,40.635013350575946,40.635013350575946,106.20926958512854,485.90000000000003,1060.0,0.023377323024665175,0.023377323024665175,2030
Downstream,sam_mi_moodys_mi,moodys_mi,Moody's MI,17-0000,Architecture and Engineering Occupations,Bachelor's degree,Unreported,Unreported,BA+,98940.99766867328,5927.373366364141,5927.373366364141,5927.373366364141,5458.648843930622,5458.648843930622,468.72452243351836,468.72452243351836,377.25238508253955,91.2,2900.0,0.08586823146806469,0.08586823146806469,2030
Downstream,sam_mi_moodys_mi,moodys_mi,Moody's MI,19-0000,"Life, Physical, and Social Science Occupations",Bachelor's degree,Unreported,Unreported,BA+,83910.0,212.8559486131013,212.8559486131013,212.8559486131013,212.2768239603648,212.2768239603648,0.5791246527365104,0.5791246527365104,22.62970841480706,29.8,190.0,0.0027281577043221706,0.0027281577043221706,2030
Downstream,sam_mi_moodys_mi,moodys_mi,Moody's MI,23-0000,Legal Occupations,Associate's degree,Unreported,Unreported,SC or associate's,90233.71648971163,126.86504231691103,126.86504231691103,126.86504231691103,123.64235067646402,123.64235067646402,3.2226916404470103,3.2226916404470103,9.824407330938563,40.9,30.0,0.02606462609951387,0.02606462609951387,2030
Downstream,sam_mi_moodys_mi,moodys_mi,Moody's MI,27-0000,"Arts, Design, Entertainment, Sports, and Media Occupations",Bachelor's degree,Unreported,Unreported,BA+,61181.752281123285,185.21150076308967,185.21150076308967,185.21150076308967,175.72869460710913,175.72869460710913,9.48280615598054,9.48280615598054,14.586602556205186,35.2,80.0,0.05396276446019256,0.05396276446019256,2030
Downstream,sam_mi_moodys_mi,moodys_mi,Moody's MI,35-0000,Food Preparation and Serving Related Occupations,No formal educational credential,Unreported,Short-term on-the-job training,HS or less,31887.8532618462,1723.739672617112,1723.739672617112,1723.739672617112,1854.2738439306336,1854.2738439306336,-130.53417131352148,-130.53417131352148,372.0642366924564,1236.1999999999998,2090.0,-0.07039638278929669,-0.07039638278929669,2030
Downstream,sam_mi_moodys_mi,moodys_mi,Moody's MI,37-0000,Building and Grounds Cleaning and Maintenance Occupations,No formal educational credential,Unreported,Short-term on-the-job training,HS or less,36135.19792626713,667.8129204083792,667.8129204083792,667.8129204083792,664.6551934093287,664.6551934093287,3.15772699905051,3.15772699905051,94.17107502495887,1212.1000000000001,920.0,0.004750925036563763,0.004750925036563763,2030
Downstream,sam_mi_moodys_mi,moodys_mi,Moody's MI,41-0000,Sales and Related Occupations,No formal educational credential,Unreported,Short-term on-the-job training,HS or less,41707.66828524253,55993.76485398183,55993.76485398183,55993.76485398183,56658.5347434697,56658.5347434697,-664.7698894878704,-664.7698894878704,7423.765255286586,3407.7,53300.0,-0.011732917070618206,-0.011732917070618206,2030
Downstream,sam_mi_moodys_mi,moodys_mi,Moody's MI,43-0000,Office and Administrative Support Occupations,High school diploma or equivalent,Unreported,Short-term on-the-job training,HS or less,46684.43472107304,21207.722405109773,21207.722405109773,21207.722405109773,22357.48140086994,22357.48140086994,-1149.7589957601667,-1149.7589957601667,2225.755886614134,4295.5,22660.0,-0.051426141216220765,-0.051426141216220765,2030
Downstream,sam_mi_moodys_mi,moodys_mi,Moody's MI,47-0000,Construction and Extraction Occupations,High school diploma or equivalent,Unreported,Moderate-term on-the-job training,HS or less,59372.66675996253,653.0471236353693,653.0471236353693,653.0471236353693,665.0156060747611,665.0156060747611,-11.968482439391778,-11.968482439391778,55.87042144433035,619.5000000000001,100.0,-0.01799729559737021,-0.01799729559737021,2030
Downstream,sam_mi_moodys_mi,moodys_mi,Moody's MI,49-0000,"Installation, Maintenance, and Repair Occupations",High school diploma or equivalent,Unreported,Short-term on-the-job training,HS or less,53708.62771024164,42482.11588797899,42482.11588797899,42482.11588797899,40831.88879134391,40831.88879134391,1650.227096635077,1650.227096635077,3825.7267534817047,1057.8000000000002,36080.0,0.04041515456382498,0.04041515456382498,2030
Downstream,sam_mi_moodys_mi,moodys_mi,Moody's MI,51-0000,Production Occupations,High school diploma or equivalent,Unreported,Moderate-term on-the-job training,HS or less,48369.66735735197,8837.09651649722,8837.09651649722,8837.09651649722,8577.093547248614,8577.093547248614,260.00296924860595,260.00296924860595,890.1072756438272,922.0000000000001,8040.0,0.030313645037952336,0.030313645037952336,2030
Downstream,sam_mi_moodys_mi,moodys_mi,Moody's MI,53-0000,Transportation and Material Moving Occupations,Postsecondary nondegree award,Unreported,Short-term on-the-job training,HS or less,47620.304033793655,65810.7514356187,65810.7514356187,65810.7514356187,68093.36102574767,68093.36102574767,-2282.6095901289664,-2282.6095901289664,7682.821751547827,4474.700000000001,64930.0,-0.03352176417412939,-0.03352176417412939,2030
Downstream,sam_mi_moodys_mi_detail,moodys_mi_detail,Moody's MI (detail),00-0000,All Occupations,High school diploma or equivalent,Unreported,Short-term on-the-job training,HS or less,55099.51345744417,230376.8167858846,230376.8167858846,230376.8167858846,231829.0,231829.0,-1452.1832141153864,-1452.1832141153864,25136.889296744775,21598.100000000002,210150.0,-0.006264027425884537,-0.006264027425884537,2030
Downstream,sam_mi_moodys_mi_detail,moodys_mi_detail,Moody's MI (detail),11-0000,Management Occupations,Bachelor's degree,5 years or more,Unreported,BA+,119199.34634143944,15660.179959340656,15660.179959340656,15660.179959340656,15457.086148403687,15457.086148403687,203.09381093696902,203.09381093696902,1243.6096837475743,2001.8999999999996,12340.0,0.01313920418033921,0.01313920418033921,2030
Downstream,sam_mi_moodys_mi_detail,moodys_mi_detail,Moody's MI (detail),13-0000,Business and Financial Operations Occupations,Bachelor's degree,Unreported,Unreported,BA+,80465.91645484793,9108.32390791627,9108.32390791627,9108.32390791627,8961.089439186986,8961.089439186986,147.23446872928434,147.23446872928434,792.5427822829969,1687.6999999999998,5430.0,0.01643042062334806,0.01643042062334806,2030
Downstream,sam_mi_moodys_mi_detail,moodys_mi_detail,Moody's MI (detail),15-0000,Computer and Mathematical Occupations,Bachelor's degree,Unreported,Unreported,BA+,101487.58105967277,1778.7257972325024,1778.7257972325024,1778.7257972325024,1738.2235471402075,1738.2235471402075,40.502250092294844,40.502250092294844,106.20099287640275,485.90000000000003,1060.0,0.023300944322685486,0.023300944322685486,2030
Downstream,sam_mi_moodys_mi_detail,moodys_mi_detail,Moody's MI (detail),17-0000,Architecture and Engineering Occupations,Bachelor's degree,Unreported,Unreported,BA+,98940.9976686733,5926.622463550969,5926.622463550969,5926.622463550969,5458.648843930622,5458.648843930622,467.97361962034665,467.97361962034665,377.20459327667123,91.2,2900.0,0.085730669438588,0.085730669438588,2030
Downstream,sam_mi_moodys_mi_detail,moodys_mi_detail,Moody's MI (detail),19-0000,"Life, Physical, and Social Science Occupations",Bachelor's degree,Unreported,Unreported,BA+,83910.0,212.88406298786225,212.88406298786225,212.88406298786225,212.2768239603648,212.2768239603648,0.6072390274974566,0.6072390274974566,22.632697385081322,29.8,190.0,0.002860599740322274,0.002860599740322274,2030
Downstream,sam_mi_moodys_mi_detail,moodys_mi_detail,Moody's MI (detail),23-0000,Legal Occupations,Associate's degree,Unreported,Unreported,SC or associate's,90232.0397837329,126.85887592443123,126.85887592443123,126.85887592443123,123.64235067646402,123.64235067646402,3.216525247967212,3.216525247967212,9.824075584156276,40.9,30.0,0.02601475328129211,0.02601475328129211,2030
Downstream,sam_mi_moodys_mi_detail,moodys_mi_detail,Moody's MI (detail),27-0000,"Arts, Design, Entertainment, Sports, and Media Occupations",Bachelor's degree,Unreported,Unreported,BA+,61180.70504903774,185.19843013300084,185.19843013300084,185.19843013300084,175.72869460710913,175.72869460710913,9.469735525891707,9.469735525891707,14.585619590538752,35.2,80.0,0.05388838485976329,0.05388838485976329,2030
Downstream,sam_mi_moodys_mi_detail,moodys_mi_detail,Moody's MI (detail),35-0000,Food Preparation and Serving Related Occupations,No formal educational credential,Unreported,Short-term on-the-job training,HS or less,31887.8532618462,1723.5213025416433,1723.5213025416433,1723.5213025416433,1854.2738439306336,1854.2738439306336,-130.75254138899027,-130.75254138899027,372.01710214149347,1236.1999999999998,2090.0,-0.07051414860699592,-0.07051414860699592,2030
Downstream,sam_mi_moodys_mi_detail,moodys_mi_detail,Moody's MI (detail),37-0000,Building and Grounds Cleaning and Maintenance Occupations,No formal educational credential,Unreported,Short-term on-the-job training,HS or less,36135.16896069658,667.8225885463145,667.8225885463145,667.8225885463145,664.6551934093287,664.6551934093287,3.1673951369857605,3.1673951369857605,94.17254399744459,1212.1000000000001,920.0,0.004765471132089863,0.004765471132089863,2030
Downstream,sam_mi_moodys_mi_detail,moodys_mi_detail,Moody's MI (detail),41-0000,Sales and Related Occupations,No formal educational credential,Unreported,Short-term on-the-job training,HS or less,41707.551526456904,55989.610570975856,55989.610570975856,55989.610570975856,56658.5347434697,56658.5347434697,-668.9241724938474,-668.9241724938474,7423.188127457637,3407.7,53300.0,-0.011806238469146886,-0.011806238469146886,2030
Downstream,sam_mi_moodys_mi_detail,moodys_mi_detail,Moody's MI (detail),43-0000,Office and Administrative Support Occupations,High school diploma or equivalent,Unreported,Short-term on-the-job training,HS or less,46684.48000540583,21208.130649362956,21208.130649362956,21208.130649362956,22357.48140086994,22357.48140086994,-1149.3507515069832,-1149.3507515069832,2225.7940510559647,4295.5,22660.0,-0.05140788136638063,-0.05140788136638063,2030
Downstream,sam_mi_moodys_mi_detail,moodys_mi_detail,Moody's MI (detail),47-0000,Construction and Extraction Occupations,High school diploma or equivalent,Unreported,Moderate-term on-the-job training,HS or less,59372.142428769024,653.0612088782188,653.0612088782188,653.0612088782188,665.0156060747611,665.0156060747611,-11.954397196542232,-11.954397196542232,55.87157590218801,619.5000000000001,100.0,-0.017976115278110206,-0.017976115278110206,2030
Downstream,sam_mi_moodys_mi_detail,moodys_mi_detail,Moody's MI (detail),49-0000,"Installation, Maintenance, and Repair Occupations",High school diploma or equivalent,Unreported,Short-term on-the-job training,HS or less,53708.631669587085,42482.79622970722,42482.79622970722,42482.79622970722,40831.88879134391,40831.88879134391,1650.9074383633124,1650.9074383633124,3825.760763628877,1057.8000000000002,36080.0,0.040431816583348795,0.040431816583348795,2030
Downstream,sam_mi_moodys_mi_detail,moodys_mi_detail,Moody's MI (detail),51-0000,Production Occupations,High school diploma or equivalent,Unreported,Moderate-term on-the-job training,HS or less,48369.679102204645,8836.180385203952,8836.180385203952,8836.180385203952,8577.093547248614,8577.093547248614,259.0868379553376,259.0868379553376,890.0140727467934,922.0000000000001,8040.0,0.030206833646864942,0.030206833646864942,2030
Downstream,sam_mi_moodys_mi_detail,moodys_mi_detail,Moody's MI (detail),53-0000,Transportation and Material Moving Occupations,Postsecondary nondegree award,Unreported,Short-term on-the-job training,HS or less,47621.076439797755,65816.90035358275,65816.90035358275,65816.90035358275,68093.36102574767,68093.36102574767,-2276.460672164918,-2276.460672164918,7683.470615070957,4474.700000000001,64930.0,-0.03343146288966608,-0.03343146288966608,2030
Downstream,sam_mi_moodys_us,moodys_us,Moody's US,00-0000,All Occupations,High school diploma or equivalent,Unreported,Short-term on-the-job training,HS or less,55093.82836834974,233573.41900000005,233573.41900000005,233573.41900000005,231829.0,231829.0,1744.4190000000526,1744.4190000000526,25499.61215203013,21598.100000000002,210150.0,0.007524593558183198,0.007524593558183198,2030
Downstream,sam_mi_moodys_us,moodys_us,Moody's US,11-0000,Management Occupations,Bachelor's degree,5 years or more,Unreported,BA+,119250.33829877221,15907.220518606664,15907.220518606664,15907.220518606664,15457.086148403687,15457.086148403687,450.13437020297715,450.13437020297715,1262.9877354044868,2001.8999999999996,12340.0,0.02912155408084235,0.02912155408084235,2030
Downstream,sam_mi_moodys_us,moodys_us,Moody's US,13-0000,Business and Financial Operations Occupations,Bachelor's degree,Unreported,Unreported,BA+,80475.65228304217,9231.464195754212,9231.464195754212,9231.464195754212,8961.089439186986,8961.089439186986,270.37475656722563,270.37475656722563,802.9337210034663,1687.6999999999998,5430.0,0.030172085481579118,0.030172085481579118,2030
Downstream,sam_mi_moodys_us,moodys_us,Moody's US,15-0000,Computer and Mathematical Occupations,Bachelor's degree,Unreported,Unreported,BA+,101518.52142365028,1814.9030398818782,1814.9030398818782,1814.9030398818782,1738.2235471402075,1738.2235471402075,76.67949274167063,76.67949274167063,108.39019938919336,485.90000000000003,1060.0,0.04411371188005518,0.04411371188005518,2030
Downstream,sam_mi_moodys_us,moodys_us,Moody's US,17-0000,Architecture and Engineering Occupations,Bachelor's degree,Unreported,Unreported,BA+,98940.99766867328,6074.714448635806,6074.714448635806,6074.714448635806,5458.648843930622,5458.648843930622,616.0656047051834,616.0656047051834,386.6300252735647,91.2,2900.0,0.11286045728883554,0.11286045728883554,2030
Downstream,sam_mi_moodys_us,moodys_us,Moody's US,19-0000,"Life, Physical, and Social Science Occupations",Bachelor's degree,Unreported,Unreported,BA+,83909.99999999999,212.77580074562078,212.77580074562078,212.77580074562078,212.2768239603648,212.2768239603648,0.49897678525599076,0.49897678525599076,22.62118752129682,29.8,190.0,0.002350594737318837,0.002350594737318837,2030
Downstream,sam_mi_moodys_us,moodys_us,Moody's US,23-0000,Legal Occupations,Associate's degree,Unreported,Unreported,SC or associate's,90346.76164717662,129.3377409207906,129.3377409207906,129.3377409207906,123.64235067646402,123.64235067646402,5.695390244326575,5.695390244326575,10.005872170611264,40.9,30.0,0.04606342578547176,0.04606342578547176,2030
Downstream,sam_mi_moodys_us,moodys_us,Moody's US,27-0000,"Arts, Design, Entertainment, Sports, and Media Occupations",Bachelor's degree,Unreported,Unreported,BA+,61252.25173193561,189.10106264899133,189.10106264899133,189.10106264899133,175.72869460710913,175.72869460710913,13.372368041882197,13.372368041882197,14.889739102465251,35.2,80.0,0.07609666748950639,0.07609666748950639,2030
Downstream,sam_mi_moodys_us,moodys_us,Moody's US,35-0000,Food Preparation and Serving Related Occupations,No formal educational credential,Unreported,Short-term on-the-job training,HS or less,31887.853261846205,1766.5879383192946,1766.5879383192946,1766.5879383192946,1854.2738439306336,1854.2738439306336,-87.68590561133897,-87.68590561133897,381.3129112605095,1236.1999999999998,2090.0,-0.047288541494747635,-0.047288541494747635,2030
Downstream,sam_mi_moodys_us,moodys_us,Moody's US,37-0000,Building and Grounds Cleaning and Maintenance Occupations,No formal educational credential,Unreported,Short-term on-the-job training,HS or less,36137.40184891488,677.1404296333942,677.1404296333942,677.1404296333942,664.6551934093287,664.6551934093287,12.485236224065488,12.485236224065488,95.4782367231335,1212.1000000000001,920.0,0.018784531209367142,0.018784531209367142,2030
Downstream,sam_mi_moodys_us,moodys_us,Moody's US,41-0000,Sales and Related Occupations,No formal educational credential,Unreported,Short-term on-the-job training,HS or less,41713.38021944955,57178.62990424327,57178.62990424327,57178.62990424327,56658.5347434697,56658.5347434697,520.0951607735697,520.0951607735697,7582.849374700501,3407.7,53300.0,0.00917946719110159,0.00917946719110159,2030
Downstream,sam_mi_moodys_us,moodys_us,Moody's US,43-0000,Office and Administrative Support Occupations,High school diploma or equivalent,Unreported,Short-term on-the-job training,HS or less,46678.00079560649,21476.352152506635,21476.352152506635,21476.352152506635,22357.48140086994,22357.48140086994,-881.1292483633042,-881.1292483633042,2254.612567950062,4295.5,22660.0,-0.039410935094371546,-0.039410935094371546,2030
Downstream,sam_mi_moodys_us,moodys_us,Moody's US,47-0000,Construction and Extraction Occupations,High school diploma or equivalent,Unreported,Moderate-term on-the-job training,HS or less,59423.27319552645,659.8391251918216,659.8391251918216,659.8391251918216,665.0156060747611,665.0156060747611,-5.176480882939472,-5.176480882939472,56.45643321964166,619.5000000000001,100.0,-0.007783999105665397,-0.007783999105665397,2030
Downstream,sam_mi_moodys_us,moodys_us,Moody's US,49-0000,"Installation, Maintenance, and Repair Occupations",High school diploma or equivalent,Unreported,Short-term on-the-job training,HS or less,53704.59940450401,43096.624268108964,43096.624268108964,43096.624268108964,40831.88879134391,40831.88879134391,2264.735476765054,2264.735476765054,3883.1022662345445,1057.8000000000002,36080.0,0.055464871790235744,0.055464871790235744,2030
Downstream,sam_mi_moodys_us,moodys_us,Moody's US,51-0000,Production Occupations,High school diploma or equivalent,Unreported,Moderate-term on-the-job training,HS or less,48368.87848026221,9042.786256731666,9042.786256731666,9042.786256731666,8577.093547248614,8577.093547248614,465.69270948305166,465.69270948305166,910.8888473859403,922.0000000000001,8040.0,0.05429493183415703,0.05429493183415703,2030
Downstream,sam_mi_moodys_us,moodys_us,Moody's US,53-0000,Transportation and Material Moving Occupations,No formal educational credential,Unreported,Short-term on-the-job training,HS or less,47533.49098789973,66115.94211807103,66115.94211807103,66115.94211807103,68093.36102574767,68093.36102574767,-1977.4189076766343,-1977.4189076766343,7726.453034690715,4474.700000000001,64930.0,-0.02903981941688745,-0.02903981941688745,2030
Upstream,sam_mi_bls_us,bls_us,BLS US,00-0000,All Occupations,High school diploma or equivalent,Unreported,Moderate-term on-the-job training,HS or less,62513.78165722,57879.35968255287,57879.35968255287,327108.08800000005,58470.89010365603,325424.0,-591.5304211031544,1684.088000000047,5480.953975383193,38318.600000000006,306340.0,-0.01011666523383689,0.005175057770785335,2030
Upstream,sam_mi_bls_us,bls_us,BLS US,11-0000,Management Occupations,Bachelor's degree,5 years or more,Unreported,BA+,130513.86085179009,4230.2558552384,4230.2558552384,29839.048891173123,4182.146853000267,29237.61085699241,48.109002238133144,601.4380341807118,318.6138634449895,4359.3,27960.0,0.011503422507418603,0.020570697008126883,2030
Upstream,sam_mi_bls_us,bls_us,BLS US,13-0000,Business and Financial Operations Occupations,Bachelor's degree,Unreported,Unreported,BA+,81173.56565076263,2945.419589355027,2945.419589355027,22972.149528953312,2869.5399121104765,22365.20584079573,75.8796772445503,606.9436881575821,252.79539165238427,4104.6,20810.0,0.026443151016757472,0.027137853882412005,2030
Upstream,sam_mi_bls_us,bls_us,BLS US,15-0000,Computer and Mathematical Occupations,Bachelor's degree,Unreported,Unreported,BA+,107217.11182283424,819.5508567892892,819.5508567892892,14811.191786359188,806.8163455040419,13901.54134540419,12.734511285247322,909.650440954998,49.38618699834563,1258.3,10000.0,0.015783655544672558,0.06543522177529802,2030
Upstream,sam_mi_bls_us,bls_us,BLS US,17-0000,Architecture and Engineering Occupations,Bachelor's degree,Unreported,Unreported,BA+,96946.68527719559,4872.606592682744,4872.606592682744,66898.82477502426,4665.901520981559,64801.23784525751,206.70507170118526,2097.5869297667523,329.5901396041302,616.0,65070.0,0.04430120755264055,0.03236955032827764,2030
Upstream,sam_mi_bls_us,bls_us,BLS US,19-0000,"Life, Physical, and Social Science Occupations",Bachelor's degree,Unreported,Unreported,BA+,77557.03028109152,457.65714101619943,457.65714101619943,7112.723098224728,445.50772920463874,6856.80965435168,12.149411811560697,255.91344387304798,41.97233949762007,198.79999999999998,6240.0,0.027270933847210556,0.037322524143663854,2030
Upstream,sam_mi_bls_us,bls_us,BLS US,23-0000,Legal Occupations,Doctoral or professional degree,Unreported,Unreported,BA+,130979.32038601431,2.225854072541419,2.225854072541419,260.20988227208284,2.179745177990873,253.88968318438637,0.0461088945505459,6.320199087696466,0.11365782167425209,70.8,170.0,0.021153341691548387,0.02489348526661655,2030
Upstream,sam_mi_bls_us,bls_us,BLS US,27-0000,"Arts, Design, Entertainment, Sports, and Media Occupations",Bachelor's degree,Unreported,Unreported,BA+,78161.47121018058,97.8276453023204,97.8276453023204,3556.9407765813785,97.05742513885698,3482.2835673046293,0.7702201634634207,74.6572092767492,7.811601740029096,123.5,4330.0,0.007935716019268913,0.02143915273807976,2030
Upstream,sam_mi_bls_us,bls_us,BLS US,29-0000,Healthcare Practitioners and Technical Occupations,Bachelor's degree,Unreported,Unreported,BA+,65544.23699572352,7.6948062027798905,7.6948062027798905,899.5489151028294,7.461435416969231,869.0839155158392,0.23337078581065906,30.46499958699019,0.483859134946517,225.89999999999998,320.0,0.03127692900482843,0.035054151898448016,2030
Upstream,sam_mi_bls_us,bls_us,BLS US,33-0000,Protective Service Occupations,High school diploma or equivalent,Unreported,Short-term on-the-job training,HS or less,38370.0,24.161933995834477,24.161933995834477,137.99641223337574,24.187196783919404,139.5195632270038,-0.02526278808492677,-1.5231509936280645,3.076127924505259,322.0,80.0,-0.0010444694484696324,-0.010917114119328471,2030
Upstream,sam_mi_bls_us,bls_us,BLS US,37-0000,Building and Grounds Cleaning and Maintenance Occupations,No formal educational credential,Unreported,Short-term on-the-job training,HS or less,35937.78044666341,281.0053369594334,281.0053369594334,1376.6888129282156,280.4748755265339,1363.1543883383213,0.5304614328995285,13.534424589894343,39.92865644680804,2266.0,1290.0,0.001891297507142828,0.009928754002980354,2030
Upstream,sam_mi_bls_us,bls_us,BLS US,41-0000,Sales and Related Occupations,High school diploma or equivalent,Unreported,Moderate-term on-the-job training,HS or less,75165.41794128691,1431.3580530751344,1431.3580530751344,9073.297784964125,1447.3458810271532,9128.578200839711,-15.987827952018733,-55.280415875586186,126.45969564002002,2510.5,7940.0,-0.01104630770128871,-0.006055753115036151,2030
Upstream,sam_mi_bls_us,bls_us,BLS US,43-0000,Office and Administrative Support Occupations,High school diploma or equivalent,Unreported,Short-term on-the-job training,HS or less,47145.73000194618,4204.8351246159,4204.8351246159,21935.215252205155,4440.089230238623,23012.13285187444,-235.25410562272282,-1076.9175996692866,415.9887059606574,8357.599999999999,22430.0,-0.052984094107964494,-0.04679781776861969,2030
Upstream,sam_mi_bls_us,bls_us,BLS US,47-0000,Construction and Extraction Occupations,High school diploma or equivalent,Unreported,Apprenticeship,HS or less,62625.28759495082,291.7360905575767,291.7360905575767,2517.2920918461314,291.2870287608135,2512.5580615288436,0.44906179676320335,4.734030317287761,27.58173137674087,750.3,1820.0,0.0015416470780507858,0.0018841476301674773,2030
Upstream,sam_mi_bls_us,bls_us,BLS US,49-0000,"Installation, Maintenance, and Repair Occupations",High school diploma or equivalent,Unreported,Long-term on-the-job training,HS or less,61016.801213804465,2754.126916140588,2754.126916140588,10984.711997335258,2615.18687147057,10424.327299302511,138.94004467001787,560.3846980327471,260.7659813721377,1780.6,10860.0,0.053128151638314546,0.05375739670705104,2030
Upstream,sam_mi_bls_us,bls_us,BLS US,51-0000,Production Occupations,High school diploma or equivalent,Unreported,Moderate-term on-the-job training,HS or less,49075.90323275952,32049.87775714852,32049.87775714852,122209.60249079515,32879.351102655826,124593.53999662315,-829.4733455073074,-2383.9375058279984,3197.351607783644,3514.1000000000004,115470.0,-0.025227789408541788,-0.019133716771291755,2030
Upstream,sam_mi_bls_us,bls_us,BLS US,53-0000,Transportation and Material Moving Occupations,No formal educational credential,Unreported,Short-term on-the-job training,HS or less,43068.532191990096,3409.0201294005947,3409.0201294005947,12522.645504001754,3416.3569506577987,12482.526929459653,-7.336821257204065,40.11857454210076,409.0344289845612,7860.299999999999,11550.0,-0.002147556992190586,0.0032139786093645884,2030
Upstream,sam_mi_dtmb_mi,dtmb_mi,DTMB MI,00-0000,All Occupations,High school diploma or equivalent,Unreported,Moderate-term on-the-job training,HS or less,62498.76167118751,57386.88678202918,57386.88678202918,325839.66300000006,58470.89010365603,325424.0,-1084.0033216268494,415.6630000000587,5433.324287822719,38318.600000000006,306340.0,-0.018539196507957205,0.0012772966960029337,2030
Upstream,sam_mi_dtmb_mi,dtmb_mi,DTMB MI,11-0000,Management Occupations,Bachelor's degree,5 years or more,Unreported,BA+,130520.05131359925,4189.961665847621,4189.961665847621,29762.83370061227,4182.146853000267,29237.61085699241,7.8148128473540055,525.2228436198602,315.57101498977494,4359.3,27960.0,0.0018686127297867765,0.01796394535069369,2030
Upstream,sam_mi_dtmb_mi,dtmb_mi,DTMB MI,13-0000,Business and Financial Operations Occupations,Bachelor's degree,Unreported,Unreported,BA+,81176.29034125504,2910.676278163381,2910.676278163381,22914.829238675942,2869.5399121104765,22365.20584079573,41.13636605290458,549.623397880212,249.77271445451277,4104.6,20810.0,0.014335526709105706,0.024574931337213973,2030
Upstream,sam_mi_dtmb_mi,dtmb_mi,DTMB MI,15-0000,Computer and Mathematical Occupations,Bachelor's degree,Unreported,Unreported,BA+,107111.13976906854,809.2076352512709,809.2076352512709,14819.87094322799,806.8163455040419,13901.54134540419,2.3912897472289387,918.3295978238002,48.74291846193809,1258.3,10000.0,0.0029638588268003294,0.06605955231916764,2030
Upstream,sam_mi_dtmb_mi,dtmb_mi,DTMB MI,17-0000,Architecture and Engineering Occupations,Bachelor's degree,Unreported,Unreported,BA+,96940.20652629556,4823.239531246953,4823.239531246953,66918.22853463406,4665.901520981559,64801.23784525751,157.3380102653946,2116.9906893765583,326.2542488343856,616.0,65070.0,0.033720816772038434,0.03266898534302444,2030
Upstream,sam_mi_dtmb_mi,dtmb_mi,DTMB MI,19-0000,"Life, Physical, and Social Science Occupations",Bachelor's degree,Unreported,Unreported,BA+,77629.03074600863,450.635776365891,450.635776365891,7104.433806034309,445.50772920463874,6856.80965435168,5.128047161252255,247.6241516826285,41.35126858951236,198.79999999999998,6240.0,0.011510568336058534,0.03611361028892987,2030
Upstream,sam_mi_dtmb_mi,dtmb_mi,DTMB MI,23-0000,Legal Occupations,Doctoral or professional degree,Unreported,Unreported,BA+,130979.32038601433,2.28150245891211,2.28150245891211,261.0596164239336,2.179745177990873,253.88968318438637,0.10175728092123659,7.169933239547248,0.11649937110581851,70.8,170.0,0.04668310862604081,0.02824034891697475,2030
Upstream,sam_mi_dtmb_mi,dtmb_mi,DTMB MI,27-0000,"Arts, Design, Entertainment, Sports, and Media Occupations",Bachelor's degree,Unreported,Unreported,BA+,78108.57646969258,97.0515213493114,97.0515213493114,3564.450539525833,97.05742513885698,3482.2835673046293,-0.005903789545584459,82.16697222120365,7.752663838157511,123.5,4330.0,-6.08277989771323e-05,0.023595715464609004,2030
Upstream,sam_mi_dtmb_mi,dtmb_mi,DTMB MI,29-0000,Healthcare Practitioners and Technical Occupations,Bachelor's degree,Unreported,Unreported,BA+,65544.23699572352,7.887183391339683,7.887183391339683,902.4864570122636,7.461435416969231,869.0839155158392,0.4257479743704513,33.40254149642442,0.49595605559493516,225.89999999999998,320.0,0.05705979487568712,0.03843419593906367,2030
Upstream,sam_mi_dtmb_mi,dtmb_mi,DTMB MI,33-0000,Protective Service Occupations,High school diploma or equivalent,Unreported,Short-term on-the-job training,HS or less,38370.0,23.530804963880982,23.530804963880982,136.1320830904052,24.187196783919404,139.5195632270038,-0.6563918200384222,-3.3874801365986116,2.99577700394183,322.0,80.0,-0.02713798651007037,-0.024279606803864835,2030
Upstream,sam_mi_dtmb_mi,dtmb_mi,DTMB MI,37-0000,Building and Grounds Cleaning and Maintenance Occupations,No formal educational credential,Unreported,Short-term on-the-job training,HS or less,35938.04690808448,278.49301709096756,278.49301709096756,1369.5453730641398,280.4748755265339,1363.1543883383213,-1.9818584355663234,6.390984725818498,39.57127026507894,2266.0,1290.0,-0.007066081879333369,0.0046883792331175915,2030
Upstream,sam_mi_dtmb_mi,dtmb_mi,DTMB MI,41-0000,Sales and Related Occupations,High school diploma or equivalent,Unreported,Moderate-term on-the-job training,HS or less,75118.83055190371,1412.5760867776594,1412.5760867776594,9037.88510327722,1447.3458810271532,9128.578200839711,-34.76979424949377,-90.69309756249095,124.79774775525874,2510.5,7940.0,-0.024023141050996275,-0.009935073739539018,2030
Upstream,sam_mi_dtmb_mi,dtmb_mi,DTMB MI,43-0000,Office and Administrative Support Occupations,High school diploma or equivalent,Unreported,Short-term on-the-job training,HS or less,47148.47805464287,4161.83679146996,4161.83679146996,21824.528685542835,4440.089230238623,23012.13285187444,-278.2524387686626,-1187.6041663316064,411.72269024107686,8357.599999999999,22430.0,-0.06266820875437869,-0.05160773988121969,2030
Upstream,sam_mi_dtmb_mi,dtmb_mi,DTMB MI,47-0000,Construction and Extraction Occupations,High school diploma or equivalent,Unreported,Apprenticeship,HS or less,62634.6522636501,289.19209091030336,289.19209091030336,2514.7678992115752,291.2870287608135,2512.5580615288436,-2.094937850510121,2.2098376827316315,27.34191900639145,750.3,1820.0,-0.007192005285722323,0.0008795170613438431,2030
Upstream,sam_mi_dtmb_mi,dtmb_mi,DTMB MI,49-0000,"Installation, Maintenance, and Repair Occupations",High school diploma or equivalent,Unreported,Long-term on-the-job training,HS or less,61025.10219492318,2735.719294068249,2735.719294068249,10913.726564278626,2615.18687147057,10424.327299302511,120.53242259767876,489.39926497611486,259.03288524306015,1780.6,10860.0,0.046089411014020976,0.04694780304997335,2030
Upstream,sam_mi_dtmb_mi,dtmb_mi,DTMB MI,51-0000,Production Occupations,High school diploma or equivalent,Unreported,Moderate-term on-the-job training,HS or less,49094.591406611624,31821.120765720872,31821.120765720872,121402.1043723259,32879.351102655826,124593.53999662315,-1058.2303369349538,-3191.4356242972426,3172.9546826955784,3514.1000000000004,115470.0,-0.03218525613936083,-0.025614776050056368,2030
Upstream,sam_mi_dtmb_mi,dtmb_mi,DTMB MI,53-0000,Transportation and Material Moving Occupations,No formal educational credential,Unreported,Short-term on-the-job training,HS or less,43066.86440546299,3373.476836952607,3373.476836952607,12392.780083062724,3416.3569506577987,12482.526929459653,-42.88011370519189,-89.74684639692896,404.8500310173514,7860.299999999999,11550.0,-0.01255141495004952,-0.007189797939479706,2030
Upstream,sam_mi_moodys_mi,moodys_mi,Moody's MI,00-0000,All Occupations,High school diploma or equivalent,Unreported,Moderate-term on-the-job training,HS or less,62618.93555343556,54355.18805692924,54355.18805692924,317947.53800000006,58470.89010365603,325424.0,-4115.702046726787,-7476.461999999941,5144.525228187886,38318.600000000006,306340.0,-0.07038890701733037,-0.022974525542061867,2030
Upstream,sam_mi_moodys_mi,moodys_mi,Moody's MI,11-0000,Management Occupations,Bachelor's degree,5 years or more,Unreported,BA+,130473.8445541487,3984.024525709189,3984.024525709189,29232.542214068762,4182.146853000267,29237.61085699241,-198.12232729107745,-5.06864292364844,300.07000196036904,4359.3,27960.0,-0.04737335494303476,-0.00017336036615441281,2030
Upstream,sam_mi_moodys_mi,moodys_mi,Moody's MI,13-0000,Business and Financial Operations Occupations,Bachelor's degree,Unreported,Unreported,BA+,81207.90505444209,2781.4686894069523,2781.4686894069523,22564.167105025244,2869.5399121104765,22365.20584079573,-88.0712227035242,198.9612642295142,238.70136894942914,4104.6,20810.0,-0.03069175735518868,0.008896017575058248,2030
Upstream,sam_mi_moodys_mi,moodys_mi,Moody's MI,15-0000,Computer and Mathematical Occupations,Bachelor's degree,Unreported,Unreported,BA+,107328.53586982362,777.0085165071317,777.0085165071317,14782.109891563321,806.8163455040419,13901.54134540419,-29.80782899691019,880.5685461591311,46.83163132996474,1258.3,10000.0,-0.03694499889970419,0.06334323110510652,2030
Upstream,sam_mi_moodys_mi,moodys_mi,Moody's MI,17-0000,Architecture and Engineering Occupations,Bachelor's degree,Unreported,Unreported,BA+,96979.88271660569,4624.254734961313,4624.254734961313,66514.6585945527,4665.901520981559,64801.23784525751,-41.6467860202456,1713.4207492951973,312.6110519930093,616.0,65070.0,-0.008925774758204589,0.026441173136025124,2030
Upstream,sam_mi_moodys_mi,moodys_mi,Moody's MI,19-0000,"Life, Physical, and Social Science Occupations",Bachelor's degree,Unreported,Unreported,BA+,77620.80560138256,426.322013519689,426.322013519689,7069.248539790511,445.50772920463874,6856.80965435168,-19.18571568494974,212.43888543883077,39.08576331910044,198.79999999999998,6240.0,-0.04306483238618967,0.03098217628135648,2030
Upstream,sam_mi_moodys_mi,moodys_mi,Moody's MI,23-0000,Legal Occupations,Doctoral or professional degree,Unreported,Unreported,BA+,130979.32038601433,2.2054508260855834,2.2054508260855834,262.31712598152166,2.179745177990873,253.88968318438637,0.02570564809471021,8.427442797135285,0.11261597954459018,70.8,170.0,0.011792960183723751,0.033193325114415494,2030
Upstream,sam_mi_moodys_mi,moodys_mi,Moody's MI,27-0000,"Arts, Design, Entertainment, Sports, and Media Occupations",Bachelor's degree,Unreported,Unreported,BA+,78184.33252423741,93.78651775735784,93.78651775735784,3568.558160898243,97.05742513885698,3482.2835673046293,-3.2709073814991427,86.27459359361364,7.493174130834177,123.5,4330.0,-0.0337007434188529,0.02477529239825585,2030
Upstream,sam_mi_moodys_mi,moodys_mi,Moody's MI,29-0000,Healthcare Practitioners and Technical Occupations,Bachelor's degree,Unreported,Unreported,BA+,65544.23699572352,7.624271916942386,7.624271916942386,906.8336837523955,7.461435416969231,869.0839155158392,0.16283649997315486,37.74976823655629,0.4794238499464769,225.89999999999998,320.0,0.021823749838110588,0.043436275326934524,2030
Upstream,sam_mi_moodys_mi,moodys_mi,Moody's MI,33-0000,Protective Service Occupations,High school diploma or equivalent,Unreported,Short-term on-the-job training,HS or less,38370.0,22.246431878273253,22.246431878273253,132.62390799222564,24.187196783919404,139.5195632270038,-1.9407649056461516,-6.895655234778161,2.8322596334034427,322.0,80.0,-0.08023934823800863,-0.04942428914831578,2030
Upstream,sam_mi_moodys_mi,moodys_mi,Moody's MI,37-0000,Building and Grounds Cleaning and Maintenance Occupations,No formal educational credential,Unreported,Short-term on-the-job training,HS or less,35938.226694338504,263.3264153503272,263.3264153503272,1326.8886244239927,280.4748755265339,1363.1543883383213,-17.148460176206697,-36.265763914328545,37.41597855375917,2266.0,1290.0,-0.06114080679780672,-0.026604296787348013,2030
Upstream,sam_mi_moodys_mi,moodys_mi,Moody's MI,41-0000,Sales and Related Occupations,High school diploma or equivalent,Unreported,Moderate-term on-the-job training,HS or less,75209.13836763098,1353.860459808321,1353.860459808321,8852.3953341511,1447.3458810271532,9128.578200839711,-93.48542121883224,-276.1828666886104,119.61064607036954,2510.5,7940.0,-0.06459093326916954,-0.03025475168336786,2030
Upstream,sam_mi_moodys_mi,moodys_mi,Moody's MI,43-0000,Office and Administrative Support Occupations,High school diploma or equivalent,Unreported,Short-term on-the-job training,HS or less,47153.39206002058,3954.812779133027,3954.812779133027,21242.745837956827,4440.089230238623,23012.13285187444,-485.2764511055957,-1769.3870139176142,391.414714275289,8357.599999999999,22430.0,-0.109294301520043,-0.07688930988304675,2030
Upstream,sam_mi_moodys_mi,moodys_mi,Moody's MI,47-0000,Construction and Extraction Occupations,High school diploma or equivalent,Unreported,Apprenticeship,HS or less,62639.65576085169,274.7231898290438,274.7231898290438,2477.2908170549476,291.2870287608135,2512.5580615288436,-16.56383893176968,-35.26724447389597,25.974302491537564,750.3,1820.0,-0.056864320399830984,-0.014036389850603702,2030
Upstream,sam_mi_moodys_mi,moodys_mi,Moody's MI,49-0000,"Installation, Maintenance, and Repair Occupations",High school diploma or equivalent,Unreported,Long-term on-the-job training,HS or less,61009.68125004033,2566.8161777852993,2566.8161777852993,10487.857607591857,2615.18687147057,10424.327299302511,-48.37069368527091,63.53030828934607,243.0101779161448,1780.6,10860.0,-0.01849607544797406,0.0060944276273440555,2030
Upstream,sam_mi_moodys_mi,moodys_mi,Moody's MI,51-0000,Production Occupations,High school diploma or equivalent,Unreported,Moderate-term on-the-job training,HS or less,49114.62906279628,30050.11060264802,30050.11060264802,116650.72547756917,32879.351102655826,124593.53999662315,-2829.240500007807,-7942.81451905398,2997.930389455557,3514.1000000000004,115470.0,-0.0860491586702657,-0.06374981013677959,2030
Upstream,sam_mi_moodys_mi,moodys_mi,Moody's MI,53-0000,Transportation and Material Moving Occupations,No formal educational credential,Unreported,Short-term on-the-job training,HS or less,43048.76136443045,3172.597279892264,3172.597279892264,11876.575077627203,3416.3569506577987,12482.526929459653,-243.7596707655348,-605.9518518324494,380.9517282796275,7860.299999999999,11550.0,-0.07135076172839619,-0.04854400517273148,2030
Upstream,sam_mi_moodys_mi_detail,moodys_mi_detail,Moody's MI (detail),00-0000,All Occupations,High school diploma or equivalent,Unreported,Moderate-term on-the-job training,HS or less,62619.43140183349,54351.36185808093,54351.36185808093,317946.13903297624,58470.89010365603,325424.0,-4119.5282455751,-7477.860967023764,5144.148848668439,38318.600000000006,306340.0,-0.07045434468796495,-0.02297882444756307,2030
Upstream,sam_mi_moodys_mi_detail,moodys_mi_detail,Moody's MI (detail),11-0000,Management Occupations,Bachelor's degree,5 years or more,Unreported,BA+,130474.68474628015,3983.8226354951858,3983.8226354951858,29233.81973044593,4182.146853000267,29237.61085699241,-198.32421750508092,-3.791126546479063,300.05465700553657,4359.3,27960.0,-0.04742162924355547,-0.0001296660854069882,2030
Upstream,sam_mi_moodys_mi_detail,moodys_mi_detail,Moody's MI (detail),13-0000,Business and Financial Operations Occupations,Bachelor's degree,Unreported,Unreported,BA+,81207.9052606093,2781.329137739221,2781.329137739221,22565.4060660388,2869.5399121104765,22365.20584079573,-88.21077437125541,200.20022524306842,238.6895516668179,4104.6,20810.0,-0.030740389425836054,0.008951414383045335,2030
Upstream,sam_mi_moodys_mi_detail,moodys_mi_detail,Moody's MI (detail),15-0000,Computer and Mathematical Occupations,Bachelor's degree,Unreported,Unreported,BA+,107330.58418503345,777.0528692803287,777.0528692803287,14784.631177371146,806.8163455040419,13901.54134540419,-29.76347622371327,883.0898319669559,46.8346421123892,1258.3,10000.0,-0.036890026323300566,0.06352459846180315,2030
Upstream,sam_mi_moodys_mi_detail,moodys_mi_detail,Moody's MI (detail),17-0000,Architecture and Engineering Occupations,Bachelor's degree,Unreported,Unreported,BA+,96980.017163004,4624.1054288207315,4624.1054288207315,66523.424726447,4665.901520981559,64801.23784525751,-41.79609216082736,1722.1868811894965,312.60111320944225,616.0,65070.0,-0.008957774177804502,0.026576450365068685,2030
Upstream,sam_mi_moodys_mi_detail,moodys_mi_detail,Moody's MI (detail),19-0000,"Life, Physical, and Social Science Occupations",Bachelor's degree,Unreported,Unreported,BA+,77621.3809483866,426.29399752260935,426.29399752260935,7070.348778670797,445.50772920463874,6856.80965435168,-19.21373168202939,213.53912431911704,39.08288881142127,198.79999999999998,6240.0,-0.043127717932821295,0.03114263558178172,2030
Upstream,sam_mi_moodys_mi_detail,moodys_mi_detail,Moody's MI (detail),23-0000,Legal Occupations,Doctoral or professional degree,Unreported,Unreported,BA+,130979.3203860143,2.2057679872795237,2.2057679872795237,262.37652643565656,2.179745177990873,253.88968318438637,0.026022809288650528,8.486843251270187,0.11263217460915778,70.8,170.0,0.01193846397799417,0.03342728678386924,2030
Upstream,sam_mi_moodys_mi_detail,moodys_mi_detail,Moody's MI (detail),27-0000,"Arts, Design, Entertainment, Sports, and Media Occupations",Bachelor's degree,Unreported,Unreported,BA+,78184.59304002927,93.78282755549117,93.78282755549117,3569.2331164347024,97.05742513885698,3482.2835673046293,-3.274597583365818,86.94954913007314,7.492890671053118,123.5,4330.0,-0.03373876422830046,0.024969117950774517,2030
Upstream,sam_mi_moodys_mi_detail,moodys_mi_detail,Moody's MI (detail),29-0000,Healthcare Practitioners and Technical Occupations,Bachelor's degree,Unreported,Unreported,BA+,65544.23699572354,7.625368347275585,7.625368347275585,907.0390318875511,7.461435416969231,869.0839155158392,0.1639329303063537,37.95511637171194,0.4794927948709585,225.89999999999998,320.0,0.02197069613891288,0.0436725564633007,2030
Upstream,sam_mi_moodys_mi_detail,moodys_mi_detail,Moody's MI (detail),33-0000,Protective Service Occupations,High school diploma or equivalent,Unreported,Short-term on-the-job training,HS or less,38370.0,22.243466150630024,22.243466150630024,132.62199059958152,24.187196783919404,139.5195632270038,-1.9437306332893804,-6.897572627422278,2.831882057766435,322.0,80.0,-0.08036196383789496,-0.049438031971184265,2030
Upstream,sam_mi_moodys_mi_detail,moodys_mi_detail,Moody's MI (detail),37-0000,Building and Grounds Cleaning and Maintenance Occupations,No formal educational credential,Unreported,Short-term on-the-job training,HS or less,35938.228717304315,263.29953771219766,263.29953771219766,1326.7919496215075,280.4748755265339,1363.1543883383213,-17.175337814336217,-36.36243871681381,37.41215660894494,2266.0,1290.0,-0.061236635838033814,-0.0266752167090475,2030
Upstream,sam_mi_moodys_mi_detail,moodys_mi_detail,Moody's MI (detail),41-0000,Sales and Related Occupations,High school diploma or equivalent,Unreported,Moderate-term on-the-job training,HS or less,75209.91078497007,1353.7840318166748,1353.7840318166748,8852.385848213915,1447.3458810271532,9128.578200839711,-93.56184921047839,-276.19235262579605,119.6038326845852,2510.5,7940.0,-0.06464373888574539,-0.03025579083064545,2030
Upstream,sam_mi_moodys_mi_detail,moodys_mi_detail,Moody's MI (detail),43-0000,Office and Administrative Support Occupations,High school diploma or equivalent,Unreported,Short-term on-the-job training,HS or less,47153.34967849112,3954.4921492262188,3954.4921492262188,21241.954868274726,4440.089230238623,23012.13285187444,-485.59708101240403,-1770.177983599715,391.38367477681237,8357.599999999999,22430.0,-0.1093665140117706,-0.07692368173754593,2030
Upstream,sam_mi_moodys_mi_detail,moodys_mi_detail,Moody's MI (detail),47-0000,Construction and Extraction Occupations,High school diploma or equivalent,Unreported,Apprenticeship,HS or less,62639.70829439373,274.71287376795163,274.71287376795163,2477.454469133289,291.2870287608135,2512.5580615288436,-16.57415499286185,-35.10359239555464,25.973330899736084,750.3,1820.0,-0.05689973584945143,-0.013971256200222803,2030
Upstream,sam_mi_moodys_mi_detail,moodys_mi_detail,Moody's MI (detail),49-0000,"Installation, Maintenance, and Repair Occupations",High school diploma or equivalent,Unreported,Long-term on-the-job training,HS or less,61009.78446041878,2566.6494566943898,2566.6494566943898,10486.908504100793,2615.18687147057,10424.327299302511,-48.53741477618041,62.58120479828176,242.9944865146302,1780.6,10860.0,-0.018559826567532012,0.006003380650036675,2030
Upstream,sam_mi_moodys_mi_detail,moodys_mi_detail,Moody's MI (detail),51-0000,Production Occupations,High school diploma or equivalent,Unreported,Moderate-term on-the-job training,HS or less,49114.50771451725,30047.626043737087,30047.626043737087,116636.55826871993,32879.351102655826,124593.53999662315,-2831.725058918739,-7956.981727903214,2997.6810639316336,3514.1000000000004,115470.0,-0.0861247246053468,-0.06386351754769044,2030
Upstream,sam_mi_moodys_mi_detail,moodys_mi_detail,Moody's MI (detail),53-0000,Transportation and Material Moving Occupations,No formal educational credential,Unreported,Short-term on-the-job training,HS or less,43048.69425708616,3172.336266227654,3172.336266227654,11875.183980580918,3416.3569506577987,12482.526929459653,-244.02068443014468,-607.3429488787351,380.92055274819074,7860.299999999999,11550.0,-0.07142716289735473,-0.04865544871730759,2030
Upstream,sam_mi_moodys_us,moodys_us,Moody's US,00-0000,All Occupations,High school diploma or equivalent,Unreported,Moderate-term on-the-job training,HS or less,62546.58765209247,55263.02034572746,55263.02034572746,325058.32700000005,58470.89010365603,325424.0,-3207.8697579285654,-365.67299999995157,5231.98896178502,38318.600000000006,306340.0,-0.05486268042510928,-0.001123681719848418,2030
Upstream,sam_mi_moodys_us,moodys_us,Moody's US,11-0000,Management Occupations,Bachelor's degree,5 years or more,Unreported,BA+,130491.1031496221,4039.5746513260233,4039.5746513260233,29961.368042658818,4182.146853000267,29237.61085699241,-142.5722016742434,723.7571856664072,304.2515355744229,4359.3,27960.0,-0.0340906732081783,0.024754320358337856,2030
Upstream,sam_mi_moodys_us,moodys_us,Moody's US,13-0000,Business and Financial Operations Occupations,Bachelor's degree,Unreported,Unreported,BA+,81194.53677254065,2813.739518114273,2813.739518114273,23134.25062906139,2869.5399121104765,22365.20584079573,-55.80039399620364,769.044788265659,241.44549739354912,4104.6,20810.0,-0.019445763329761046,0.03438576840025619,2030
Upstream,sam_mi_moodys_us,moodys_us,Moody's US,15-0000,Computer and Mathematical Occupations,Bachelor's degree,Unreported,Unreported,BA+,107226.6759453846,783.9672103071738,783.9672103071738,15299.170784562777,806.8163455040419,13901.54134540419,-22.849135196868133,1397.629439158587,47.24523582184803,1258.3,10000.0,-0.028320119348342658,0.10053773207102962,2030
Upstream,sam_mi_moodys_us,moodys_us,Moody's US,17-0000,Architecture and Engineering Occupations,Bachelor's degree,Unreported,Unreported,BA+,96950.12884656333,4673.573370842966,4673.573370842966,68621.271754102,4665.901520981559,64801.23784525751,7.671849861407281,3820.033908844489,316.05807017989616,616.0,65070.0,0.0016442374162653492,0.05895001447297289,2030
Upstream,sam_mi_moodys_us,moodys_us,Moody's US,19-0000,"Life, Physical, and Social Science Occupations",Bachelor's degree,Unreported,Unreported,BA+,77626.14976433392,438.0563702968517,438.0563702968517,7338.460309949735,445.50772920463874,6856.80965435168,-7.451358907787039,481.650655598055,40.15701260532359,198.79999999999998,6240.0,-0.01672554350760623,0.07024413391618287,2030
Upstream,sam_mi_moodys_us,moodys_us,Moody's US,23-0000,Legal Occupations,Doctoral or professional degree,Unreported,Unreported,BA+,130979.32038601431,2.2878967649362214,2.2878967649362214,273.05648293848833,2.179745177990873,253.88968318438637,0.10815158694534821,19.16679975410196,0.11682588078261384,70.8,170.0,0.04961661942752147,0.07549262937234888,2030
Upstream,sam_mi_moodys_us,moodys_us,Moody's US,27-0000,"Arts, Design, Entertainment, Sports, and Media Occupations",Bachelor's degree,Unreported,Unreported,BA+,78046.95007820822,95.35419171887736,95.35419171887736,3702.4513148465594,97.05742513885698,3482.2835673046293,-1.7032334199796253,220.1677475419301,7.6188026743608015,123.5,4330.0,-0.01754871837515639,0.06322510596468892,2030
Upstream,sam_mi_moodys_us,moodys_us,Moody's US,29-0000,Healthcare Practitioners and Technical Occupations,Bachelor's degree,Unreported,Unreported,BA+,65544.23699572352,7.909288589638074,7.909288589638074,943.9597790996891,7.461435416969231,869.0839155158392,0.44785317266884217,74.87586358384988,0.4973460583896276,225.89999999999998,320.0,0.060022388138656055,0.08615492963002058,2030
Upstream,sam_mi_moodys_us,moodys_us,Moody's US,33-0000,Protective Service Occupations,High school diploma or equivalent,Unreported,Short-term on-the-job training,HS or less,38370.0,22.946584919036578,22.946584919036578,137.26197171892755,24.187196783919404,139.5195632270038,-1.2406118648828262,-2.2575915080762456,2.921398206519761,322.0,80.0,-0.05129208961112987,-0.01618118245111659,2030
Upstream,sam_mi_moodys_us,moodys_us,Moody's US,37-0000,Building and Grounds Cleaning and Maintenance Occupations,No formal educational credential,Unreported,Short-term on-the-job training,HS or less,35938.37340050525,268.384215202373,268.384215202373,1351.2321639215604,280.4748755265339,1363.1543883383213,-12.090660324160865,-11.922224416760855,38.134424953861384,2266.0,1290.0,-0.043107819555898326,-0.008746055853067376,2030
Upstream,sam_mi_moodys_us,moodys_us,Moody's US,41-0000,Sales and Related Occupations,High school diploma or equivalent,Unreported,Moderate-term on-the-job training,HS or less,75124.80835174509,1366.427741833479,1366.427741833479,9022.607850651015,1447.3458810271532,9128.578200839711,-80.91813919367405,-105.9703501886961,120.73624158578855,2510.5,7940.0,-0.05590794864890763,-0.011608636948407606,2030
Upstream,sam_mi_moodys_us,moodys_us,Moody's US,43-0000,Office and Administrative Support Occupations,High school diploma or equivalent,Unreported,Short-term on-the-job training,HS or less,47150.290660087885,4015.400591916045,4015.400591916045,21652.816132323496,4440.089230238623,23012.13285187444,-424.68863832257784,-1359.316719550945,397.28023286845513,8357.599999999999,22430.0,-0.09564867197494449,-0.059069566836792466,2030
Upstream,sam_mi_moodys_us,moodys_us,Moody's US,47-0000,Construction and Extraction Occupations,High school diploma or equivalent,Unreported,Apprenticeship,HS or less,62646.341286674964,278.56360485790213,278.56360485790213,2542.2436352489417,291.2870287608135,2512.5580615288436,-12.72342390291135,29.68557372009809,26.337888454173235,750.3,1820.0,-0.043680022268890735,0.011814880688581973,2030
Upstream,sam_mi_moodys_us,moodys_us,Moody's US,49-0000,"Installation, Maintenance, and Repair Occupations",High school diploma or equivalent,Unreported,Long-term on-the-job training,HS or less,61009.74889477072,2622.891427082449,2622.891427082449,10687.456626609162,2615.18687147057,10424.327299302511,7.704555611878732,263.12932730665125,248.33058792908784,1780.6,10860.0,0.0029460822459491435,0.02524185204010787,2030
Upstream,sam_mi_moodys_us,moodys_us,Moody's US,51-0000,Production Occupations,High school diploma or equivalent,Unreported,Moderate-term on-the-job training,HS or less,49095.11410225026,30588.39600116497,30588.39600116497,118270.86780831081,32879.351102655826,124593.53999662315,-2290.9551014908575,-6322.672188312339,3051.3522654867083,3514.1000000000004,115470.0,-0.06967762515561951,-0.05074638852450698,2030
Upstream,sam_mi_moodys_us,moodys_us,Moody's US,53-0000,Transportation and Material Moving Occupations,No formal educational credential,Unreported,Short-term on-the-job training,HS or less,43066.55563550846,3245.5476807904656,3245.5476807904656,12119.851713996672,3416.3569506577987,12482.526929459653,-170.80926986733311,-362.6752154629812,389.5055961118533,7860.299999999999,11550.0,-0.04999748923614227,-0.02905463112657437,2030
Upstream + Core Automotive,sam_mi_bls_us,bls_us,BLS US,00-0000,All Occupations,High school diploma or equivalent,Unreported,Moderate-term on-the-job training,HS or less,59403.580261063355,216159.95268255286,216159.95268255286,485388.68100000004,231552.89010365604,498506.0,-15392.937421103183,-13117.31899999996,20796.49692903226,45284.6,474500.0,-0.06647698249074949,-0.026313262026936405,2030
Upstream + Core Automotive,sam_mi_bls_us,bls_us,BLS US,11-0000,Management Occupations,Bachelor's degree,5 years or more,Unreported,BA+,132479.60842428968,12424.778895777807,12424.778895777807,38033.57193171253,13113.812488739022,38169.27649273117,-689.0335929612156,-135.70456101863965,924.8349110736724,5121.200000000001,35740.0,-0.052542583901736925,-0.003555334905142432,2030
Upstream + Core Automotive,sam_mi_bls_us,bls_us,BLS US,13-0000,Business and Financial Operations Occupations,Bachelor's degree,Unreported,Unreported,BA+,82172.79513805789,8553.562995998524,8553.562995998524,28580.292935596808,8837.20108049529,28332.867009180543,-283.63808449676617,247.4259264162647,735.3218037251296,4888.6,26150.0,-0.0320959183697639,0.008732823485039218,2030
Upstream + Core Automotive,sam_mi_bls_us,bls_us,BLS US,15-0000,Computer and Mathematical Occupations,Bachelor's degree,Unreported,Unreported,BA+,115232.07338332671,3135.912651418369,3135.912651418369,17127.553580988268,3245.428716637993,16340.153716538141,-109.51606521962412,787.3998644501262,193.28354588983143,1564.0999999999997,11450.0,-0.033744714421912826,0.048188032873472036,2030
Upstream + Core Automotive,sam_mi_bls_us,bls_us,BLS US,17-0000,Architecture and Engineering Occupations,Bachelor's degree,Unreported,Unreported,BA+,96473.24334966949,17403.983866908835,17403.983866908835,79430.20204925035,18018.791211703156,78154.1275359791,-614.8073447943207,1276.0745132712473,1179.446392603591,714.5000000000001,77330.0,-0.034120343455392554,0.01632766628587585,2030
Upstream + Core Automotive,sam_mi_bls_us,bls_us,BLS US,19-0000,"Life, Physical, and Social Science Occupations",Bachelor's degree,Unreported,Unreported,BA+,78577.01880278469,744.9135786425804,744.9135786425804,7399.979535851108,762.7255986204323,7174.027523767474,-17.812019977851833,225.95201208363414,73.35545454704958,224.29999999999998,6470.0,-0.02335311678284961,0.031495838472191194,2030
Upstream + Core Automotive,sam_mi_bls_us,bls_us,BLS US,23-0000,Legal Occupations,Doctoral or professional degree,Unreported,Unreported,BA+,150064.95174245312,41.020336406061,41.020336406061,299.0043646056024,41.83197885494993,293.54191686134544,-0.8116424488889322,5.462447744256963,1.4979978879510765,102.3,240.0,-0.01940243973882415,0.018608748633460584,2030
Upstream + Core Automotive,sam_mi_bls_us,bls_us,BLS US,27-0000,"Arts, Design, Entertainment, Sports, and Media Occupations",Bachelor's degree,Unreported,Unreported,BA+,77610.09103980969,272.40281580322187,272.40281580322187,3731.5159470822796,275.4924766852247,3660.718618850997,-3.0896608820028177,70.79732823128279,22.03678261256032,153.6,4380.0,-0.011215046302455067,0.019339735063686542,2030
Upstream + Core Automotive,sam_mi_bls_us,bls_us,BLS US,29-0000,Healthcare Practitioners and Technical Occupations,Bachelor's degree,Unreported,Unreported,BA+,91327.11914402216,94.98239145322437,94.98239145322437,986.8365003532739,96.67896119015307,958.301441289023,-1.6965697369287085,28.535059064250845,5.235109799404153,415.0,430.0,-0.017548489516677878,0.029776704734856694,2030
Upstream + Core Automotive,sam_mi_bls_us,bls_us,BLS US,33-0000,Protective Service Occupations,High school diploma or equivalent,Unreported,Short-term on-the-job training,HS or less,38370.0,130.25575235160414,130.25575235160414,244.0902305891454,153.05695623407962,268.38932267716405,-22.801203882475477,-24.299092088018654,16.583248559709208,483.0,140.0,-0.1489720195899111,-0.09053673166144231,2030
Upstream + Core Automotive,sam_mi_bls_us,bls_us,BLS US,37-0000,Building and Grounds Cleaning and Maintenance Occupations,No formal educational credential,Unreported,Short-term on-the-job training,HS or less,35933.170570756076,689.5752230596826,689.5752230596826,1785.258699028465,736.4755628117533,1819.1550756235408,-46.90033975207075,-33.896376595075935,98.00059405281935,2617.2999999999997,1570.0,-0.06368213980245628,-0.018633033021364317,2030
Upstream + Core Automotive,sam_mi_bls_us,bls_us,BLS US,41-0000,Sales and Related Occupations,High school diploma or equivalent,Unreported,Moderate-term on-the-job training,HS or less,75853.9777617787,2432.526970352009,2432.526970352009,10074.466702241,2567.5214824017053,10248.753802214262,-134.99451204969637,-174.28709997326223,213.33958340047255,2682.3,9220.0,-0.052577753672160166,-0.017005687065641793,2030
Upstream + Core Automotive,sam_mi_bls_us,bls_us,BLS US,43-0000,Office and Administrative Support Occupations,High school diploma or equivalent,Unreported,Short-term on-the-job training,HS or less,48388.244580972125,9051.239325256061,9051.239325256061,26781.619452845312,10080.619470788393,28652.663092424213,-1029.3801455323319,-1871.0436395789002,879.7389127950512,9674.400000000001,28430.0,-0.10211477067607486,-0.06530086343260727,2030
Upstream + Core Automotive,sam_mi_bls_us,bls_us,BLS US,47-0000,Construction and Extraction Occupations,High school diploma or equivalent,Unreported,Apprenticeship,HS or less,62418.30347833126,4521.24621476426,4521.24621476426,6746.802216052814,4702.598025324386,6923.869058092416,-181.35181056012607,-177.0668420396014,417.0338535095718,960.0,6340.0,-0.038564174437940905,-0.025573395532755033,2030
Upstream + Core Automotive,sam_mi_bls_us,bls_us,BLS US,49-0000,"Installation, Maintenance, and Repair Occupations",High school diploma or equivalent,Unreported,Long-term on-the-job training,HS or less,62214.50753012058,11035.419554837526,11035.419554837526,19266.004636032194,11170.156287278078,18979.296715110017,-134.73673244055135,286.70792092217744,1024.386840618013,2231.1000000000004,19550.0,-0.012062206559634784,0.015106351158624345,2030
Upstream + Core Automotive,sam_mi_bls_us,bls_us,BLS US,51-0000,Production Occupations,High school diploma or equivalent,Unreported,Moderate-term on-the-job training,HS or less,46555.28078466723,134636.60719556973,134636.60719556973,224796.3319292164,145808.91261468382,237523.10150865113,-11172.305419114098,-12726.769579434738,13704.805762509826,4161.800000000001,227490.0,-0.07662292529838798,-0.05358118641344535,2030
Upstream + Core Automotive,sam_mi_bls_us,bls_us,BLS US,53-0000,Transportation and Material Moving Occupations,No formal educational credential,Unreported,Short-term on-the-job training,HS or less,42561.00802477102,10991.52491395335,10991.52491395335,20105.15028855451,11941.587191207613,21007.75717000947,-950.0622772542629,-902.6068814549617,1307.5961354476044,9291.099999999999,19570.0,-0.07955912912094111,-0.04296540911770996,2030
Upstream + Core Automotive,sam_mi_dtmb_mi,dtmb_mi,DTMB MI,00-0000,All Occupations,High school diploma or equivalent,Unreported,Moderate-term on-the-job training,HS or less,59345.27244378056,225103.34478202913,225103.34478202913,493556.1209999999,231552.89010365604,498506.0,-6449.545321626909,-4949.879000000074,21661.900184887236,45284.6,474500.0,-0.027853443413035056,-0.009929427128259387,2030
Upstream + Core Automotive,sam_mi_dtmb_mi,dtmb_mi,DTMB MI,11-0000,Management Occupations,Bachelor's degree,5 years or more,Unreported,BA+,132526.28594422416,12872.999512178278,12872.999512178278,38445.87154694294,13113.812488739022,38169.27649273117,-240.81297656074457,276.59505421176436,957.9318056985385,5121.200000000001,35740.0,-0.01836330790664678,0.007246536471930197,2030
Upstream + Core Automotive,sam_mi_dtmb_mi,dtmb_mi,DTMB MI,13-0000,Business and Financial Operations Occupations,Bachelor's degree,Unreported,Unreported,BA+,82197.43072771365,8853.148000633493,8853.148000633493,28857.300961146047,8837.20108049529,28332.867009180543,15.946920138203495,524.4339519655041,761.0648393474821,4888.6,26150.0,0.0018045215892393991,0.018509738241300276,2030
Upstream + Core Automotive,sam_mi_dtmb_mi,dtmb_mi,DTMB MI,15-0000,Computer and Mathematical Occupations,Bachelor's degree,Unreported,Unreported,BA+,115351.18416450344,3263.6588618884657,3263.6588618884657,17274.322169865183,3245.428716637993,16340.153716538141,18.23014525047256,934.1684533270418,201.2186888100742,1564.0999999999997,11450.0,0.005617176293848026,0.05717011415758925,2030
Upstream + Core Automotive,sam_mi_dtmb_mi,dtmb_mi,DTMB MI,17-0000,Architecture and Engineering Occupations,Bachelor's degree,Unreported,Unreported,BA+,96462.62852098932,18101.67228449608,18101.67228449608,80196.66128788318,18018.791211703156,78154.1275359791,82.88107279292308,2042.5337519040768,1226.7745075765388,714.5000000000001,77330.0,0.004599702156440552,0.026134688164278646,2030
Upstream + Core Automotive,sam_mi_dtmb_mi,dtmb_mi,DTMB MI,19-0000,"Life, Physical, and Social Science Occupations",Bachelor's degree,Unreported,Unreported,BA+,78666.33624511251,755.0169474447391,755.0169474447391,7408.814977113157,762.7255986204323,7174.027523767474,-7.708651175693149,234.78745334568248,74.60528158842,224.29999999999998,6470.0,-0.010106716215682349,0.03272742578249585,2030
Upstream + Core Automotive,sam_mi_dtmb_mi,dtmb_mi,DTMB MI,23-0000,Legal Occupations,Doctoral or professional degree,Unreported,Unreported,BA+,150098.84214831638,43.38870987834272,43.38870987834272,302.1668238433642,41.83197885494993,293.54191686134544,1.5567310233927927,8.624906982018786,1.5833665857329091,102.3,240.0,0.03721389869675234,0.02938219888402773,2030
Upstream + Core Automotive,sam_mi_dtmb_mi,dtmb_mi,DTMB MI,27-0000,"Arts, Design, Entertainment, Sports, and Media Occupations",Bachelor's degree,Unreported,Unreported,BA+,77578.97035525946,282.03395473681627,282.03395473681627,3749.432972913338,275.4924766852247,3660.718618850997,6.541478051591582,88.71435406234104,22.82587594288021,153.6,4380.0,0.023744670381927773,0.024234136326540756,2030
Upstream + Core Automotive,sam_mi_dtmb_mi,dtmb_mi,DTMB MI,29-0000,Healthcare Practitioners and Technical Occupations,Bachelor's degree,Unreported,Unreported,BA+,91395.53222793827,100.3784000850855,100.3784000850855,994.9776737060095,96.67896119015307,958.301441289023,3.6994388949324275,36.67623241698641,5.530451551280758,415.0,430.0,0.03826519078598894,0.038272124862561784,2030
Upstream + Core Automotive,sam_mi_dtmb_mi,dtmb_mi,DTMB MI,33-0000,Protective Service Occupations,High school diploma or equivalent,Unreported,Short-term on-the-job training,HS or less,38370.0,135.9493844818707,135.9493844818707,248.5506626083949,153.05695623407962,268.38932267716405,-17.107571752208912,-19.838660068769144,17.308121857963926,483.0,140.0,-0.11177258566441911,-0.07391747134677322,2030
Upstream + Core Automotive,sam_mi_dtmb_mi,dtmb_mi,DTMB MI,37-0000,Building and Grounds Cleaning and Maintenance Occupations,No formal educational credential,Unreported,Short-term on-the-job training,HS or less,35933.15005006185,711.4197129253533,711.4197129253533,1802.4720688985258,736.4755628117533,1819.1550756235408,-25.055849886399983,-16.683006725015048,101.10515448850495,2617.2999999999997,1570.0,-0.034021291610464986,-0.009170744676232022,2030
Upstream + Core Automotive,sam_mi_dtmb_mi,dtmb_mi,DTMB MI,41-0000,Sales and Related Occupations,High school diploma or equivalent,Unreported,Moderate-term on-the-job training,HS or less,75856.35469005768,2473.429483159441,2473.429483159441,10098.738499659003,2567.5214824017053,10248.753802214262,-94.09199924226414,-150.01530255525904,216.85696215699303,2682.3,9220.0,-0.03664701537540742,-0.014637418895051218,2030
Upstream + Core Automotive,sam_mi_dtmb_mi,dtmb_mi,DTMB MI,43-0000,Office and Administrative Support Occupations,High school diploma or equivalent,Unreported,Short-term on-the-job training,HS or less,48428.721960224524,9297.158381828729,9297.158381828729,26959.85027590161,10080.619470788393,28652.663092424213,-783.4610889596643,-1692.8128165226044,903.1192702818903,9674.400000000001,28430.0,-0.07771953809286987,-0.05908047049805243,2030
Upstream + Core Automotive,sam_mi_dtmb_mi,dtmb_mi,DTMB MI,47-0000,Construction and Extraction Occupations,High school diploma or equivalent,Unreported,Apprenticeship,HS or less,62418.00621369709,4770.843591338311,4770.843591338311,6996.419399639584,4702.598025324386,6923.869058092416,68.24556601392487,72.5503415471685,440.0111493061654,960.0,6340.0,0.01451231120465953,0.010478294857753525,2030
Upstream + Core Automotive,sam_mi_dtmb_mi,dtmb_mi,DTMB MI,49-0000,"Installation, Maintenance, and Repair Occupations",High school diploma or equivalent,Unreported,Long-term on-the-job training,HS or less,62235.47962993896,11510.699490305724,11510.699490305724,19688.7067605161,11170.156287278078,18979.296715110017,340.5432030276461,709.4100454060826,1068.1768449680196,2231.1000000000004,19550.0,0.030486878989821994,0.03737809972912742,2030
Upstream + Core Automotive,sam_mi_dtmb_mi,dtmb_mi,DTMB MI,51-0000,Production Occupations,High school diploma or equivalent,Unreported,Moderate-term on-the-job training,HS or less,46521.13738870935,140523.53698181588,140523.53698181588,230104.52058842088,145808.91261468382,237523.10150865113,-5285.375632867945,-7418.580920230248,14306.808555912106,4161.800000000001,227490.0,-0.036248645834395146,-0.031233092162869246,2030
Upstream + Core Automotive,sam_mi_dtmb_mi,dtmb_mi,DTMB MI,53-0000,Transportation and Material Moving Occupations,No formal educational credential,Unreported,Short-term on-the-job training,HS or less,42549.89228716814,11408.011084832517,11408.011084832517,20427.314330942634,11941.587191207613,21007.75717000947,-533.5761063750961,-580.4428390668363,1356.9793088146441,9291.099999999999,19570.0,-0.04468217648387302,-0.02762992900048714,2030
Upstream + Core Automotive,sam_mi_moodys_mi,moodys_mi,Moody's MI,00-0000,All Occupations,High school diploma or equivalent,Unreported,Moderate-term on-the-job training,HS or less,59297.92413996556,229328.2000569293,229328.2000569293,492920.54999999993,231552.89010365604,498506.0,-2224.690046726755,-5585.45000000007,22075.25962981698,45284.6,474500.0,-0.009607697169017666,-0.011204378683506457,2030
Upstream + Core Automotive,sam_mi_moodys_mi,moodys_mi,Moody's MI,11-0000,Management Occupations,Bachelor's degree,5 years or more,Unreported,BA+,132571.73434078658,13042.749610891162,13042.749610891162,38291.267299250736,13113.812488739022,38169.27649273117,-71.06287784786036,121.9908065195632,970.223686824224,5121.200000000001,35740.0,-0.005418933503043669,0.003196047128186847,2030
Upstream + Core Automotive,sam_mi_moodys_mi,moodys_mi,Moody's MI,13-0000,Business and Financial Operations Occupations,Bachelor's degree,Unreported,Unreported,BA+,82236.23157038161,8981.052131631948,8981.052131631948,28763.750547250238,8837.20108049529,28332.867009180543,143.8510511366585,430.8835380696946,772.1154665951296,4888.6,26150.0,0.016277897246692073,0.015207904584102901,2030
Upstream + Core Automotive,sam_mi_moodys_mi,moodys_mi,Moody's MI,15-0000,Computer and Mathematical Occupations,Bachelor's degree,Unreported,Unreported,BA+,115567.72528391964,3337.6559869647103,3337.6559869647103,17342.757362020897,3245.428716637993,16340.153716538141,92.22727032671719,1002.6036454827554,205.90453993404267,1564.0999999999997,11450.0,0.02841759236735211,0.06135827501230931,2030
Upstream + Core Automotive,sam_mi_moodys_mi,moodys_mi,Moody's MI,17-0000,Architecture and Engineering Occupations,Bachelor's degree,Unreported,Unreported,BA+,96462.02118578933,18477.202747227664,18477.202747227664,80367.60660681906,18018.791211703156,78154.1275359791,458.4115355245085,2213.4790708399523,1252.0939382767983,714.5000000000001,77330.0,0.025440748501862405,0.028321972755961648,2030
Upstream + Core Automotive,sam_mi_moodys_mi,moodys_mi,Moody's MI,19-0000,"Life, Physical, and Social Science Occupations",Bachelor's degree,Unreported,Unreported,BA+,78722.71574160206,743.8727830437708,743.8727830437708,7386.799309314594,762.7255986204323,7174.027523767474,-18.852815576661442,212.7717855471201,73.77857095939787,224.29999999999998,6470.0,-0.024717690884849243,0.029658624091169084,2030
Upstream + Core Automotive,sam_mi_moodys_mi,moodys_mi,Moody's MI,23-0000,Legal Occupations,Doctoral or professional degree,Unreported,Unreported,BA+,150172.94572940518,45.091235458423355,45.091235458423355,305.20291061385944,41.83197885494993,293.54191686134544,3.2592566034734247,11.660993752514003,1.642949840681537,102.3,240.0,0.07791303908368084,0.03972514003177977,2030
Upstream + Core Automotive,sam_mi_moodys_mi,moodys_mi,Moody's MI,27-0000,"Arts, Design, Entertainment, Sports, and Media Occupations",Bachelor's degree,Unreported,Unreported,BA+,77589.96114626805,286.7725486029478,286.7725486029478,3761.544191743833,275.4924766852247,3660.718618850997,11.280071917723092,100.82557289283613,23.21855584905643,153.6,4380.0,0.04094511782480218,0.027542562920195877,2030
Upstream + Core Automotive,sam_mi_moodys_mi,moodys_mi,Moody's MI,29-0000,Healthcare Practitioners and Technical Occupations,Bachelor's degree,Unreported,Unreported,BA+,91545.54034735908,104.11728733973047,104.11728733973047,1003.3266991751835,96.67896119015307,958.301441289023,7.438326149577392,45.02525788616049,5.731745841987243,415.0,430.0,0.07693841615599609,0.04698444137326608,2030
Upstream + Core Automotive,sam_mi_moodys_mi,moodys_mi,Moody's MI,33-0000,Protective Service Occupations,High school diploma or equivalent,Unreported,Short-term on-the-job training,HS or less,38370.0,139.52900329427686,139.52900329427686,249.90647940822925,153.05695623407962,268.38932267716405,-13.52795293980276,-18.4828432689348,17.763853811781257,483.0,140.0,-0.08838509057447615,-0.0688657919941441,2030
Upstream + Core Automotive,sam_mi_moodys_mi,moodys_mi,Moody's MI,37-0000,Building and Grounds Cleaning and Maintenance Occupations,No formal educational credential,Unreported,Short-term on-the-job training,HS or less,35933.02986434398,714.9844627993758,714.9844627993758,1778.5466718730413,736.4755628117533,1819.1550756235408,-21.4911000123775,-40.60840375049952,101.61223687583829,2617.2999999999997,1570.0,-0.029181008980566445,-0.022322672923626604,2030
Upstream + Core Automotive,sam_mi_moodys_mi,moodys_mi,Moody's MI,41-0000,Sales and Related Occupations,High school diploma or equivalent,Unreported,Moderate-term on-the-job training,HS or less,75941.96102482117,2460.61358510596,2460.61358510596,9959.148459448743,2567.5214824017053,10248.753802214262,-106.90789729574544,-289.6053427655188,215.6529678455243,2682.3,9220.0,-0.04163855999979478,-0.02825761535055599,2030
Upstream + Core Automotive,sam_mi_moodys_mi,moodys_mi,Moody's MI,43-0000,Office and Administrative Support Occupations,High school diploma or equivalent,Unreported,Short-term on-the-job training,HS or less,48484.02587012291,9312.32328805222,9312.32328805222,26600.25634687602,10080.619470788393,28652.663092424213,-768.2961827361742,-2052.4067455481927,904.0724505616122,9674.400000000001,28430.0,-0.07621517556163507,-0.0716305754521942,2030
Upstream + Core Automotive,sam_mi_moodys_mi,moodys_mi,Moody's MI,47-0000,Construction and Extraction Occupations,High school diploma or equivalent,Unreported,Apprenticeship,HS or less,62417.10306928788,4950.28139750481,4950.28139750481,7152.8490247307145,4702.598025324386,6923.869058092416,247.68337218042416,228.97996663829872,456.4984087499296,960.0,6340.0,0.05266947564869504,0.033071100091165595,2030
Upstream + Core Automotive,sam_mi_moodys_mi,moodys_mi,Moody's MI,49-0000,"Installation, Maintenance, and Repair Occupations",High school diploma or equivalent,Unreported,Long-term on-the-job training,HS or less,62261.76654764292,11721.461663895088,11721.461663895088,19642.50309370165,11170.156287278078,18979.296715110017,551.3053766170106,663.2063785916325,1087.1632053708677,2231.1000000000004,19550.0,0.04935520707484672,0.03494367512910176,2030
Upstream + Core Automotive,sam_mi_moodys_mi,moodys_mi,Moody's MI,51-0000,Production Occupations,High school diploma or equivalent,Unreported,Moderate-term on-the-job training,HS or less,46468.86617151101,143455.73223226645,143455.73223226645,230056.34710718758,145808.91261468382,237523.10150865113,-2353.1803824173694,-7466.75440146355,14613.510461892827,4161.800000000001,227490.0,-0.016138796594937298,-0.03143590814551398,2030
Upstream + Core Automotive,sam_mi_moodys_mi,moodys_mi,Moody's MI,53-0000,Transportation and Material Moving Occupations,No formal educational credential,Unreported,Short-term on-the-job training,HS or less,42529.40377863519,11554.760092850682,11554.760092850682,20258.737890585624,11941.587191207613,21007.75717000947,-386.82709835693095,-749.0192794238465,1374.2765905872793,9291.099999999999,19570.0,-0.032393273370037876,-0.03565441438427998,2030
Upstream + Core Automotive,sam_mi_moodys_mi_detail,moodys_mi_detail,Moody's MI (detail),00-0000,All Occupations,High school diploma or equivalent,Unreported,Moderate-term on-the-job training,HS or less,59297.842875711474,229356.2461502805,229356.2461502805,492951.0233251758,231552.89010365604,498506.0,-2196.6439533755474,-5554.976674824196,22077.967276272924,45284.6,474500.0,-0.009486575410016289,-0.011143249378792224,2030
Upstream + Core Automotive,sam_mi_moodys_mi_detail,moodys_mi_detail,Moody's MI (detail),11-0000,Management Occupations,Bachelor's degree,5 years or more,Unreported,BA+,132572.1401291278,13044.19781705242,13044.19781705242,38294.194912003164,13113.812488739022,38169.27649273117,-69.61467168660238,124.9184192719913,970.3304140325123,5121.200000000001,35740.0,-0.005308499854362054,0.0032727478943904093,2030
Upstream + Core Automotive,sam_mi_moodys_mi_detail,moodys_mi_detail,Moody's MI (detail),13-0000,Business and Financial Operations Occupations,Bachelor's degree,Unreported,Unreported,BA+,82236.30561699222,8982.041868033997,8982.041868033997,28766.118796333583,8837.20108049529,28332.867009180543,144.84078753870745,433.2517871530399,772.2008136111103,4888.6,26150.0,0.01638989383849006,0.01529149122157866,2030
Upstream + Core Automotive,sam_mi_moodys_mi_detail,moodys_mi_detail,Moody's MI (detail),15-0000,Computer and Mathematical Occupations,Bachelor's degree,Unreported,Unreported,BA+,115568.44195367182,3338.166775695461,3338.166775695461,17345.745083786278,3245.428716637993,16340.153716538141,92.73805905746804,1005.5913672481365,205.93652671777215,1564.0999999999997,11450.0,0.02857497950333579,0.06154112040147828,2030
Upstream + Core Automotive,sam_mi_moodys_mi_detail,moodys_mi_detail,Moody's MI (detail),17-0000,Architecture and Engineering Occupations,Bachelor's degree,Unreported,Unreported,BA+,96462.02703886655,18479.576831419254,18479.576831419254,80378.89612904553,18018.791211703156,78154.1275359791,460.78561971609815,2224.76859306643,1252.2551314451011,714.5000000000001,77330.0,0.02557250452054848,0.0284664247840555,2030
Upstream + Core Automotive,sam_mi_moodys_mi_detail,moodys_mi_detail,Moody's MI (detail),19-0000,"Life, Physical, and Social Science Occupations",Bachelor's degree,Unreported,Unreported,BA+,78723.2019732592,743.9026106581075,743.9026106581075,7387.957391806296,762.7255986204323,7174.027523767474,-18.82298796232476,213.92986803882195,73.78201593659065,224.29999999999998,6470.0,-0.024678584272470386,0.02982005119579966,2030
Upstream + Core Automotive,sam_mi_moodys_mi_detail,moodys_mi_detail,Moody's MI (detail),23-0000,Legal Occupations,Doctoral or professional degree,Unreported,Unreported,BA+,150172.98172274765,45.09936450010895,45.09936450010895,305.27012294848595,41.83197885494993,293.54191686134544,3.267385645159017,11.728206087140506,1.643244794438245,102.3,240.0,0.07810736509713048,0.03995411017459672,2030
Upstream + Core Automotive,sam_mi_moodys_mi_detail,moodys_mi_detail,Moody's MI (detail),27-0000,"Arts, Design, Entertainment, Sports, and Media Occupations",Bachelor's degree,Unreported,Unreported,BA+,77590.00328123796,286.80401186329357,286.80401186329357,3762.2543007425047,275.4924766852247,3660.718618850997,11.31153517806888,101.53568189150792,23.221136853659583,153.6,4380.0,0.04105932515534114,0.02773654368534266,2030
Upstream + Core Automotive,sam_mi_moodys_mi_detail,moodys_mi_detail,Moody's MI (detail),29-0000,Healthcare Practitioners and Technical Occupations,Bachelor's degree,Unreported,Unreported,BA+,91545.61334872335,104.13596050116989,104.13596050116989,1003.5496240414454,96.67896119015307,958.301441289023,7.456999311016816,45.248182752422395,5.732771526121634,415.0,430.0,0.07713156222634635,0.047217066366464513,2030
Upstream + Core Automotive,sam_mi_moodys_mi_detail,moodys_mi_detail,Moody's MI (detail),33-0000,Protective Service Occupations,High school diploma or equivalent,Unreported,Short-term on-the-job training,HS or less,38370.0,139.5474012291971,139.5474012291971,249.92592567814862,153.05695623407962,268.38932267716405,-13.509555004882515,-18.46339699901543,17.7661961077817,483.0,140.0,-0.0882648873810185,-0.06879333654127662,2030
Upstream + Core Automotive,sam_mi_moodys_mi_detail,moodys_mi_detail,Moody's MI (detail),37-0000,Building and Grounds Cleaning and Maintenance Occupations,No formal educational credential,Unreported,Short-term on-the-job training,HS or less,35933.0300653041,715.03985714764,715.03985714764,1778.5322690569496,736.4755628117533,1819.1550756235408,-21.435705664113357,-40.62280656659118,101.62010863098367,2617.2999999999997,1570.0,-0.029105793520527747,-0.022330590234407116,2030
Upstream + Core Automotive,sam_mi_moodys_mi_detail,moodys_mi_detail,Moody's MI (detail),41-0000,Sales and Related Occupations,High school diploma or equivalent,Unreported,Moderate-term on-the-job training,HS or less,75942.48217648074,2460.7387582561073,2460.7387582561073,9959.340574653348,2567.5214824017053,10248.753802214262,-106.78272414559797,-289.4132275609136,215.66364909453048,2682.3,9220.0,-0.041589807476785555,-0.028238870124715584,2030
Upstream + Core Automotive,sam_mi_moodys_mi_detail,moodys_mi_detail,Moody's MI (detail),43-0000,Office and Administrative Support Occupations,High school diploma or equivalent,Unreported,Short-term on-the-job training,HS or less,48484.1566145372,9312.97855801963,9312.97855801963,26600.441277068134,10080.619470788393,28652.663092424213,-767.6409127687639,-2052.221815356079,904.1347944768546,9674.400000000001,28430.0,-0.0761501726152081,-0.07162412124612208,2030
Upstream + Core Automotive,sam_mi_moodys_mi_detail,moodys_mi_detail,Moody's MI (detail),47-0000,Construction and Extraction Occupations,High school diploma or equivalent,Unreported,Apprenticeship,HS or less,62417.10327100316,4951.122759972239,4951.122759972239,7153.864355337577,4702.598025324386,6923.869058092416,248.5247346478527,229.99529724516105,456.57585948141525,960.0,6340.0,0.05284839004088797,0.03321774217788669,2030
Upstream + Core Automotive,sam_mi_moodys_mi_detail,moodys_mi_detail,Moody's MI (detail),49-0000,"Installation, Maintenance, and Repair Occupations",High school diploma or equivalent,Unreported,Long-term on-the-job training,HS or less,62261.85688985931,11722.962511605683,11722.962511605683,19643.221559012083,11170.156287278078,18979.296715110017,552.8062243276054,663.9248439020666,1087.3012810654589,2231.1000000000004,19550.0,0.04948956935877503,0.0349815303416114,2030
Upstream + Core Automotive,sam_mi_moodys_mi_detail,moodys_mi_detail,Moody's MI (detail),51-0000,Production Occupations,High school diploma or equivalent,Unreported,Moderate-term on-the-job training,HS or less,46468.69399986981,143473.90512828718,143473.90512828718,230062.83735327,145808.91261468382,237523.10150865113,-2335.007486396644,-7460.264155381126,14615.376977880143,4161.800000000001,227490.0,-0.01601416157986967,-0.03140858345144759,2030
Upstream + Core Automotive,sam_mi_moodys_mi_detail,moodys_mi_detail,Moody's MI (detail),53-0000,Transportation and Material Moving Occupations,No formal educational credential,Unreported,Short-term on-the-job training,HS or less,42529.34765325612,11556.02593603894,11556.02593603894,20258.87365039221,11941.587191207613,21007.75717000947,-385.5612551686736,-748.8835196172622,1374.4263546184568,9291.099999999999,19570.0,-0.03228727044362711,-0.035647952018712556,2030
Upstream + Core Automotive,sam_mi_moodys_us,moodys_us,Moody's US,00-0000,All Occupations,High school diploma or equivalent,Unreported,Moderate-term on-the-job training,HS or less,59261.41332250197,237695.01234572742,237695.01234572742,507490.31900000013,231552.89010365604,498506.0,6142.122242071375,8984.319000000134,22884.469007748474,45284.6,474500.0,0.026525785272305678,0.018022489197723066,2030
Upstream + Core Automotive,sam_mi_moodys_us,moodys_us,Moody's US,11-0000,Management Occupations,Bachelor's degree,5 years or more,Unreported,BA+,132594.68497476185,13484.467000039303,13484.467000039303,39406.260391372096,13113.812488739022,38169.27649273117,370.65451130028123,1236.9838986409231,1002.9734143282351,5121.200000000001,35740.0,0.028264435809080418,0.03240784244041121,2030
Upstream + Core Automotive,sam_mi_moodys_us,moodys_us,Moody's US,13-0000,Business and Financial Operations Occupations,Bachelor's degree,Unreported,Unreported,BA+,82241.74280119728,9277.60696834324,9277.60696834324,29598.118079290354,8837.20108049529,28332.867009180543,440.40588784795,1265.2510701098108,797.5986737153218,4888.6,26150.0,0.04983544946374209,0.04465665510305888,2030
Upstream + Core Automotive,sam_mi_moodys_us,moodys_us,Moody's US,15-0000,Computer and Mathematical Occupations,Bachelor's degree,Unreported,Unreported,BA+,115607.02162497166,3453.7733335814137,3453.7733335814137,17968.976907837015,3245.428716637993,16340.153716538141,208.34461694342053,1628.823191298874,213.09931387747343,1564.0999999999997,11450.0,0.06419633125057482,0.0996822440935984,2030
Upstream + Core Automotive,sam_mi_moodys_us,moodys_us,Moody's US,17-0000,Architecture and Engineering Occupations,Bachelor's degree,Unreported,Unreported,BA+,96450.74319280333,19117.063095705165,19117.063095705165,83064.7614789642,18018.791211703156,78154.1275359791,1098.2718840020098,4910.633942985092,1295.590470266037,714.5000000000001,77330.0,0.06095147399725045,0.0628326884043895,2030
Upstream + Core Automotive,sam_mi_moodys_us,moodys_us,Moody's US,19-0000,"Life, Physical, and Social Science Occupations",Bachelor's degree,Unreported,Unreported,BA+,78734.98489921226,769.144112247657,769.144112247657,7669.5480519005405,762.7255986204323,7174.027523767474,6.418513627224684,495.52052813306636,76.32875094113209,224.29999999999998,6470.0,0.00841523299969749,0.06907145623450876,2030
Upstream + Core Automotive,sam_mi_moodys_us,moodys_us,Moody's US,23-0000,Legal Occupations,Doctoral or professional degree,Unreported,Unreported,BA+,150177.6708171067,47.00187310638691,47.00187310638691,317.770459279939,41.83197885494993,293.54191686134544,5.169894251436979,24.228542418593577,1.7123968292455949,102.3,240.0,0.12358713101675875,0.08253861212617866,2030
Upstream + Core Automotive,sam_mi_moodys_us,moodys_us,Moody's US,27-0000,"Arts, Design, Entertainment, Sports, and Media Occupations",Bachelor's degree,Unreported,Unreported,BA+,77540.91814094005,296.56708525547845,296.56708525547845,3903.664208383161,275.4924766852247,3660.718618850997,21.07460857025376,242.94558953216438,24.014546675245168,153.6,4380.0,0.07649794587433842,0.06636554590159092,2030
Upstream + Core Automotive,sam_mi_moodys_us,moodys_us,Moody's US,29-0000,Healthcare Practitioners and Technical Occupations,Bachelor's degree,Unreported,Unreported,BA+,91555.124890677,108.5157353579314,108.5157353579314,1044.5662258679824,96.67896119015307,958.301441289023,11.83677416777833,86.2647845789594,5.973570949765476,415.0,430.0,0.12243381623119805,0.09001842307877944,2030
Upstream + Core Automotive,sam_mi_moodys_us,moodys_us,Moody's US,33-0000,Protective Service Occupations,High school diploma or equivalent,Unreported,Short-term on-the-job training,HS or less,38370.0,145.22883225386443,145.22883225386443,259.5442190537554,153.05695623407962,268.38932267716405,-7.828123980215196,-8.845103623408647,18.489516046870293,483.0,140.0,-0.0511451695684001,-0.03295624257768297,2030
Upstream + Core Automotive,sam_mi_moodys_us,moodys_us,Moody's US,37-0000,Building and Grounds Cleaning and Maintenance Occupations,No formal educational credential,Unreported,Short-term on-the-job training,HS or less,35933.03976770807,739.296136744653,739.296136744653,1822.1440854638406,736.4755628117533,1819.1550756235408,2.8205739328997197,2.9890098402997864,105.06732592400341,2617.2999999999997,1570.0,0.0038298269152763076,0.001643075887455753,2030
Upstream + Core Automotive,sam_mi_moodys_us,moodys_us,Moody's US,41-0000,Sales and Related Occupations,High school diploma or equivalent,Unreported,Moderate-term on-the-job training,HS or less,75909.36798441943,2520.360996981844,2520.360996981844,10176.541105799379,2567.5214824017053,10248.753802214262,-47.16048541986129,-72.21269641488288,220.87278194406085,2682.3,9220.0,-0.01836809769386877,-0.0070459977679706975,2030
Upstream + Core Automotive,sam_mi_moodys_us,moodys_us,Moody's US,43-0000,Office and Administrative Support Occupations,High school diploma or equivalent,Unreported,Short-term on-the-job training,HS or less,48497.69686386797,9601.2981148041,9601.2981148041,27238.713655211555,10080.619470788393,28652.663092424213,-479.3213559842934,-1413.9494372126574,931.7922183221011,9674.400000000001,28430.0,-0.047548799691652904,-0.0493479238788979,2030
Upstream + Core Automotive,sam_mi_moodys_us,moodys_us,Moody's US,47-0000,Construction and Extraction Occupations,High school diploma or equivalent,Unreported,Apprenticeship,HS or less,62417.12454349843,5153.43766565443,5153.43766565443,7417.1176960454695,4702.598025324386,6923.869058092416,450.83964033004395,493.24863795305373,475.214943326716,960.0,6340.0,0.09587033335662258,0.07123887436556287,2030
Upstream + Core Automotive,sam_mi_moodys_us,moodys_us,Moody's US,49-0000,"Installation, Maintenance, and Repair Occupations",High school diploma or equivalent,Unreported,Long-term on-the-job training,HS or less,62267.27055571396,12167.79319790421,12167.79319790421,20232.358397430926,11170.156287278078,18979.296715110017,997.6369106261318,1253.0616823209093,1128.4692824118451,2231.1000000000004,19550.0,0.08931270834252884,0.06602255611101265,2030
Upstream + Core Automotive,sam_mi_moodys_us,moodys_us,Moody's US,51-0000,Production Occupations,High school diploma or equivalent,Unreported,Moderate-term on-the-job training,HS or less,46451.651586034684,148828.42182805974,148828.42182805974,236510.8936352056,145808.91261468382,237523.10150865113,3019.509213375917,-1012.2078734455281,15162.096583303193,4161.800000000001,227490.0,0.02070867383364489,-0.00426151337287359,2030
Upstream + Core Automotive,sam_mi_moodys_us,moodys_us,Moody's US,53-0000,Transportation and Material Moving Occupations,No formal educational credential,Unreported,Short-term on-the-job training,HS or less,42531.52297473432,11985.036369687972,11985.036369687972,20859.34040289418,11941.587191207613,21007.75717000947,43.44917848035948,-148.41676711528999,1425.1752188872254,9291.099999999999,19570.0,0.003638476006970863,-0.00706485542050956,2030
